{
	"Args": "000a0e0040503038",
	"Strings": [
		{
			"Offset": 12,
			"Text": "おたけ"
		},
		{
			"Offset": 32,
			"Text": "おら"
		},
		{
			"Offset": 44,
			"Text": "よいしょ　こらしょ"
		},
		{
			"Offset": 80,
			"Text": "っス"
		},
		{
			"Offset": 92,
			"Text": "っスかね"
		},
		{
			"Offset": 104,
			"Text": "っスよ"
		},
		{
			"Offset": 116,
			"Text": "っスかね"
		},
		{
			"Offset": 128,
			"Text": "っス"
		},
		{
			"Offset": 140,
			"Text": "っス"
		}
	],
	"Arg2": "330b010771abffef020a1e28334d630000000723d8260a20"
}