{
	"Args": "0009080060203850",
	"Strings": [
		{
			"Offset": 12,
			"Text": "ルージュ"
		},
		{
			"Offset": 32,
			"Text": "わたくし"
		},
		{
			"Offset": 44,
			"Text": "ちょっと　きいてるの？"
		},
		{
			"Offset": 80,
			"Text": "ですの"
		},
		{
			"Offset": 92,
			"Text": "ですの"
		},
		{
			"Offset": 104,
			"Text": "んですの"
		},
		{
			"Offset": 116,
			"Text": "んですの"
		},
		{
			"Offset": 128,
			"Text": "ください"
		},
		{
			"Offset": 140,
			"Text": "ですわ"
		}
	],
	"Arg2": "330f01086fa7ffef010e212b344763e000000123ec260a20"
}