{
	"Args": "0007010050204010",
	"Strings": [
		{
			"Offset": 12,
			"Text": "ソルベ"
		},
		{
			"Offset": 32,
			"Text": "ボク"
		},
		{
			"Offset": 44,
			"Text": "ごまかされちゃ　いけない"
		},
		{
			"Offset": 80,
			"Text": "だな"
		},
		{
			"Offset": 92,
			"Text": "だよな"
		},
		{
			"Offset": 104,
			"Text": "ぜ"
		},
		{
			"Offset": 116,
			"Text": "のか"
		},
		{
			"Offset": 128,
			"Text": "くれるか"
		},
		{
			"Offset": 140,
			"Text": "ぜ"
		}
	],
	"Arg2": "a10d00006e97ffef020b1f2d365063e020000a15ec260a20"
}