{
	"Args": "000a160038483058",
	"Strings": [
		{
			"Offset": 12,
			"Text": "ふごっぺ"
		},
		{
			"Offset": 32,
			"Text": "オイラ"
		},
		{
			"Offset": 44,
			"Text": "わかるかな～"
		},
		{
			"Offset": 80,
			"Text": "かも"
		},
		{
			"Offset": 92,
			"Text": "かもな"
		},
		{
			"Offset": 104,
			"Text": "かも"
		},
		{
			"Offset": 116,
			"Text": "のかもな"
		},
		{
			"Offset": 128,
			"Text": "おくれよ"
		},
		{
			"Offset": 140,
			"Text": "な"
		}
	],
	"Arg2": "660a00026bacffef010e212d324c63a044000616ec260a20"
}