{
	"Args": "00010d0038185820",
	"Strings": [
		{
			"Offset": 12,
			"Text": "ビター"
		},
		{
			"Offset": 32,
			"Text": "オレさま"
		},
		{
			"Offset": 44,
			"Text": "あまくないぜ…"
		},
		{
			"Offset": 80,
			"Text": "ときた"
		},
		{
			"Offset": 92,
			"Text": "なのか"
		},
		{
			"Offset": 104,
			"Text": "ぜ"
		},
		{
			"Offset": 116,
			"Text": "のか"
		},
		{
			"Offset": 128,
			"Text": "くれ"
		},
		{
			"Offset": 140,
			"Text": "ってか"
		}
	],
	"Arg2": "cc0c000167a1ffef010b1f2d364e63002000081b00260a20"
}