{
	"Args": "0000160048285838",
	"Strings": [
		{
			"Offset": 12,
			"Text": "フローラ"
		},
		{
			"Offset": 32,
			"Text": "わたくし"
		},
		{
			"Offset": 44,
			"Text": "まあそうですわね"
		},
		{
			"Offset": 80,
			"Text": "ね"
		},
		{
			"Offset": 92,
			"Text": "かしら…"
		},
		{
			"Offset": 104,
			"Text": "わ"
		},
		{
			"Offset": 116,
			"Text": "の"
		},
		{
			"Offset": 128,
			"Text": "ほしいの"
		},
		{
			"Offset": 140,
			"Text": "ね"
		}
	],
	"Arg2": "cc0c010a72a6ffef010c1e293546630020000923d8260a20"
}