{
	"Args": "0008130038185820",
	"Strings": [
		{
			"Offset": 12,
			"Text": "ヒョウガ"
		},
		{
			"Offset": 32,
			"Text": "オレ"
		},
		{
			"Offset": 44,
			"Text": "もうわかってるんだろ？"
		},
		{
			"Offset": 80,
			"Text": "だぜ"
		},
		{
			"Offset": 92,
			"Text": "だよな"
		},
		{
			"Offset": 104,
			"Text": "つもりだ"
		},
		{
			"Offset": 116,
			"Text": "だろ"
		},
		{
			"Offset": 128,
			"Text": "くれよな"
		},
		{
			"Offset": 140,
			"Text": "な"
		}
	],
	"Arg2": "330f00016ea1ffef010e1f2d325363e000000d15ec260a20"
}