{
	"Args": "00050f0038183858",
	"Strings": [
		{
			"Offset": 12,
			"Text": "ステラ"
		},
		{
			"Offset": 32,
			"Text": "あたし"
		},
		{
			"Offset": 44,
			"Text": "だよねだよねっ"
		},
		{
			"Offset": 80,
			"Text": "よっ"
		},
		{
			"Offset": 92,
			"Text": "よねっ"
		},
		{
			"Offset": 104,
			"Text": "わよっ"
		},
		{
			"Offset": 116,
			"Text": "のっ"
		},
		{
			"Offset": 128,
			"Text": "よねっ"
		},
		{
			"Offset": 140,
			"Text": "わよっ"
		}
	],
	"Arg2": "660e0108af77ffef050c222c3654630040000e23d8260a20"
}