{
	"Args": "0007000038185820",
	"Strings": [
		{
			"Offset": 12,
			"Text": "ハバナ"
		},
		{
			"Offset": 32,
			"Text": "わたし"
		},
		{
			"Offset": 44,
			"Text": "あえていおう"
		},
		{
			"Offset": 80,
			"Text": "である"
		},
		{
			"Offset": 92,
			"Text": "であるか"
		},
		{
			"Offset": 104,
			"Text": "のだ"
		},
		{
			"Offset": 116,
			"Text": "のか"
		},
		{
			"Offset": 128,
			"Text": "くれ"
		},
		{
			"Offset": 140,
			"Text": "か"
		}
	],
	"Arg2": "660e0001659effef020e212d3253632078000d4200260020"
}