{
	"Args": "000a000038503020",
	"Strings": [
		{
			"Offset": 12,
			"Text": "クルタン"
		},
		{
			"Offset": 32,
			"Text": "ボクタン"
		},
		{
			"Offset": 44,
			"Text": "いいにくいんだけど…"
		},
		{
			"Offset": 80,
			"Text": "なの"
		},
		{
			"Offset": 92,
			"Text": "なのネ"
		},
		{
			"Offset": 104,
			"Text": "の"
		},
		{
			"Offset": 116,
			"Text": "の"
		},
		{
			"Offset": 128,
			"Text": "よ"
		},
		{
			"Offset": 140,
			"Text": "よ"
		}
	],
	"Arg2": "660e000466abffef030a1e2d344c63020001061b00261920"
}