{
	"Args": "0006170048285838",
	"Strings": [
		{
			"Offset": 12,
			"Text": "じんべい"
		},
		{
			"Offset": 32,
			"Text": "ぼかぁ"
		},
		{
			"Offset": 44,
			"Text": "まぁそういうことでだな"
		},
		{
			"Offset": 80,
			"Text": "だのう"
		},
		{
			"Offset": 92,
			"Text": "かのう"
		},
		{
			"Offset": 104,
			"Text": "んだのう"
		},
		{
			"Offset": 116,
			"Text": "のかのう"
		},
		{
			"Offset": 128,
			"Text": "くれんか"
		},
		{
			"Offset": 140,
			"Text": "かのう"
		}
	],
	"Arg2": "660e000566acffef040d202d335363e040000d1900261e20"
}