{
	"Args": "0008150038284818",
	"Strings": [
		{
			"Offset": 12,
			"Text": "ウルル"
		},
		{
			"Offset": 32,
			"Text": "わたし"
		},
		{
			"Offset": 44,
			"Text": "ルルル"
		},
		{
			"Offset": 80,
			"Text": "なのルル"
		},
		{
			"Offset": 92,
			"Text": "なのルル"
		},
		{
			"Offset": 104,
			"Text": "ルル…"
		},
		{
			"Offset": 116,
			"Text": "のルル…"
		},
		{
			"Offset": 128,
			"Text": "ルル…"
		},
		{
			"Offset": 140,
			"Text": "ルル…"
		}
	],
	"Arg2": "000c010b73abffef040a1e28354c630020000021ec261e20"
}