{
	"Args": "00010f0038185028",
	"Strings": [
		{
			"Offset": 12,
			"Text": "ムーニ"
		},
		{
			"Offset": 32,
			"Text": "あたい"
		},
		{
			"Offset": 44,
			"Text": "バブゥでし"
		},
		{
			"Offset": 80,
			"Text": "でし"
		},
		{
			"Offset": 92,
			"Text": "でしか"
		},
		{
			"Offset": 104,
			"Text": "でし"
		},
		{
			"Offset": 116,
			"Text": "のでしか"
		},
		{
			"Offset": 128,
			"Text": "くれでし"
		},
		{
			"Offset": 140,
			"Text": "でし"
		}
	],
	"Arg2": "e10a01096ea3ffef020c1e293553634048000d25d8260520"
}