{
	"Args": "00091c0038285848",
	"Strings": [
		{
			"Offset": 12,
			"Text": "ハラショー"
		},
		{
			"Offset": 32,
			"Text": "オレサマ"
		},
		{
			"Offset": 44,
			"Text": "きけよオイ！"
		},
		{
			"Offset": 80,
			"Text": "さね"
		},
		{
			"Offset": 92,
			"Text": "かの"
		},
		{
			"Offset": 104,
			"Text": "さね"
		},
		{
			"Offset": 116,
			"Text": "のかね"
		},
		{
			"Offset": 128,
			"Text": "みなさい"
		},
		{
			"Offset": 140,
			"Text": "かね"
		}
	],
	"Arg2": "660e00036e99ffef020f222d3453638078000d1900260520"
}