{
	"Args": "0005160040503038",
	"Strings": [
		{
			"Offset": 12,
			"Text": "キッキ"
		},
		{
			"Offset": 32,
			"Text": "アタシ"
		},
		{
			"Offset": 44,
			"Text": "これないしょね"
		},
		{
			"Offset": 80,
			"Text": "なのさ"
		},
		{
			"Offset": 92,
			"Text": "なのかな"
		},
		{
			"Offset": 104,
			"Text": "のね"
		},
		{
			"Offset": 116,
			"Text": "の"
		},
		{
			"Offset": 128,
			"Text": "よ"
		},
		{
			"Offset": 140,
			"Text": "よ"
		}
	],
	"Arg2": "140a010771a3ffef050f222c344963e020010320ce260020"
}