{
	"Args": "0005070038483058",
	"Strings": [
		{
			"Offset": 12,
			"Text": "グッチー"
		},
		{
			"Offset": 32,
			"Text": "ジブン"
		},
		{
			"Offset": 44,
			"Text": "あのころは…"
		},
		{
			"Offset": 80,
			"Text": "かもな"
		},
		{
			"Offset": 92,
			"Text": "かも"
		},
		{
			"Offset": 104,
			"Text": "かもな"
		},
		{
			"Offset": 116,
			"Text": "のかもな"
		},
		{
			"Offset": 128,
			"Text": "みてくれ"
		},
		{
			"Offset": 140,
			"Text": "かい"
		}
	],
	"Arg2": "620a0002769bffef050d202d334763e02000011b00260f20"
}