{
	"Args": "0004010038584820",
	"Strings": [
		{
			"Offset": 12,
			"Text": "ゆうこ"
		},
		{
			"Offset": 32,
			"Text": "わたし"
		},
		{
			"Offset": 44,
			"Text": "はっきりいってね"
		},
		{
			"Offset": 80,
			"Text": "です"
		},
		{
			"Offset": 92,
			"Text": "ですか"
		},
		{
			"Offset": 104,
			"Text": "のです"
		},
		{
			"Offset": 116,
			"Text": "のですか"
		},
		{
			"Offset": 128,
			"Text": "ください"
		},
		{
			"Offset": 140,
			"Text": "のですが"
		}
	],
	"Arg2": "990d010668a8ffef030a1e28365163e000000b1fd8260a20"
}