{
	"Args": "0009090040503038",
	"Strings": [
		{
			"Offset": 12,
			"Text": "テンテン"
		},
		{
			"Offset": 32,
			"Text": "ワタシ"
		},
		{
			"Offset": 44,
			"Text": "アイヤー！"
		},
		{
			"Offset": 80,
			"Text": "よ"
		},
		{
			"Offset": 92,
			"Text": "なのか"
		},
		{
			"Offset": 104,
			"Text": "よ"
		},
		{
			"Offset": 116,
			"Text": "のか"
		},
		{
			"Offset": 128,
			"Text": "よ"
		},
		{
			"Offset": 140,
			"Text": "よね"
		}
	],
	"Arg2": "990d01076aacffef040d202a3454630020000e20ce260020"
}