{
	"Args": "0009000050204010",
	"Strings": [
		{
			"Offset": 12,
			"Text": "せいべい"
		},
		{
			"Offset": 32,
			"Text": "よ"
		},
		{
			"Offset": 44,
			"Text": "ちこう　よれ"
		},
		{
			"Offset": 80,
			"Text": "よのう"
		},
		{
			"Offset": 92,
			"Text": "であるか"
		},
		{
			"Offset": 104,
			"Text": "のだ"
		},
		{
			"Offset": 116,
			"Text": "のか"
		},
		{
			"Offset": 128,
			"Text": "くれ"
		},
		{
			"Offset": 140,
			"Text": "ぜ"
		}
	],
	"Arg2": "000c00006499ffef050d202d334d63c02800071ae2260a20"
}