{
	"Args": "0000080038503020",
	"Strings": [
		{
			"Offset": 12,
			"Text": "プリンス"
		},
		{
			"Offset": 32,
			"Text": "ワタクシ"
		},
		{
			"Offset": 44,
			"Text": "ケツロンをいうとだな"
		},
		{
			"Offset": 80,
			"Text": "である"
		},
		{
			"Offset": 92,
			"Text": "であるか"
		},
		{
			"Offset": 104,
			"Text": "のである"
		},
		{
			"Offset": 116,
			"Text": "のか"
		},
		{
			"Offset": 128,
			"Text": "みるか"
		},
		{
			"Offset": 140,
			"Text": "ぜよ"
		}
	],
	"Arg2": "51080004699cffef030e212d364e630040000818ec261920"
}