{
	"Args": "0000000040404040",
	"Strings": [
		{
			"Offset": 12,
			"Text": "Harpy"
		},
		{
			"Offset": 32,
			"Text": "ボク"
		},
		{
			"Offset": 44,
			"Text": "キュルルル…"
		},
		{
			"Offset": 80,
			"Text": "なんだ"
		},
		{
			"Offset": 92,
			"Text": "だよ"
		},
		{
			"Offset": 104,
			"Text": "なの"
		},
		{
			"Offset": 116,
			"Text": "なんだ"
		},
		{
			"Offset": 128,
			"Text": "だよ"
		},
		{
			"Offset": 140,
			"Text": "なの"
		}
	],
	"Arg2": "660e000000000000000000000000000000000f24e226001d"
}