{
	"Args": "0000010040404040",
	"Strings": [
		{
			"Offset": 12,
			"Text": "こうちょう"
		},
		{
			"Offset": 32,
			"Text": "わし"
		},
		{
			"Offset": 44,
			"Text": "イカン　イカンぞ！"
		},
		{
			"Offset": 80,
			"Text": "じゃ"
		},
		{
			"Offset": 92,
			"Text": "じゃよ"
		},
		{
			"Offset": 104,
			"Text": "じゃろう"
		},
		{
			"Offset": 116,
			"Text": "じゃ"
		},
		{
			"Offset": 128,
			"Text": "じゃよ"
		},
		{
			"Offset": 140,
			"Text": "じゃろう"
		}
	],
	"Arg2": "001000000101010100000000000000020001ff1100260020"
}