{
	"Args": "0000010040404040",
	"Strings": [
		{
			"Offset": 12,
			"Text": "リカルド"
		},
		{
			"Offset": 32,
			"Text": "●×△"
		},
		{
			"Offset": 44,
			"Text": "いけません"
		},
		{
			"Offset": 80,
			"Text": "ピポ"
		},
		{
			"Offset": 92,
			"Text": "ビープ"
		},
		{
			"Offset": 104,
			"Text": "ピッ"
		},
		{
			"Offset": 116,
			"Text": "ピポ"
		},
		{
			"Offset": 128,
			"Text": "ビープ"
		},
		{
			"Offset": 140,
			"Text": "ピッ"
		}
	],
	"Arg2": "5c0f00000101010100000000000000020001ff4700260020"
}