{
	"Args": "0000010040404040",
	"Strings": [
		{
			"Offset": 12,
			"Text": "ミスキーキー"
		},
		{
			"Offset": 32,
			"Text": "ワシ"
		},
		{
			"Offset": 44,
			"Text": "いけません"
		},
		{
			"Offset": 80,
			"Text": "だ"
		},
		{
			"Offset": 92,
			"Text": "な"
		},
		{
			"Offset": 104,
			"Text": "だろう"
		},
		{
			"Offset": 116,
			"Text": "だ"
		},
		{
			"Offset": 128,
			"Text": "な"
		},
		{
			"Offset": 140,
			"Text": "だろう"
		}
	],
	"Arg2": "a31001000101010100000000000000020001ff48e2260020"
}