[
	{
		"Index": 1,
		"JPN": [
			"<CMD>18802700729b27000180</CMD><CMD>17802700729b270001802700048027000280</CMD><CMD>16802700729b27005581</CMD>これはこれは　<CMD>008027000280</CMD><CMD>f481</CMD>{様|さま}<CMD>008027000180</CMD><BREAK>ほんじつも　{当|とう}モールをご{利用|りよう}<BREAK>いただき　ありがとうございます",
			"\f"
		]
	},
	{
		"Index": 3,
		"JPN": [
			"<CMD>18802700729b27000180</CMD><CMD>17802700729b2700ad802700068027000280</CMD><CMD>16802700729b27005581</CMD>やあ　いらっしゃい<BREAK>じーっくり　{見|み}ていきたまえ",
			"\f"
		]
	},
	{
		"Index": 4,
		"JPN": [
			"いらっしゃいませ<BREAK><CMD>0982</CMD> にようこそ",
			"\f"
		]
	},
	{
		"Index": 5,
		"JPN": [
			"いらっしゃいませ<BREAK><CMD>0982</CMD> にようこそ",
			"\f"
		]
	},
	{
		"Index": 6,
		"JPN": [
			"いらっしゃいませ<BREAK><CMD>0982</CMD> にようこそ",
			"\f"
		]
	},
	{
		"Index": 7,
		"JPN": [
			"いらっしゃいませ<BREAK><CMD>0982</CMD> にようこそ",
			"\f"
		]
	},
	{
		"Index": 8,
		"JPN": [
			"いらっしゃいませ<BREAK><CMD>0982</CMD> にようこそ",
			"\f"
		]
	},
	{
		"Index": 9,
		"JPN": [
			"いらっしゃいませ<BREAK><CMD>0982</CMD> にようこそ",
			"\f"
		]
	},
	{
		"Index": 10,
		"JPN": [
			"いらっしゃいませ<BREAK><CMD>0982</CMD> にようこそ",
			"\f"
		]
	},
	{
		"Index": 11,
		"JPN": [
			"いらっしゃいませ<BREAK><CMD>0982</CMD> にようこそ",
			"\f"
		]
	},
	{
		"Index": 12,
		"JPN": [
			"いらっしゃいませ<BREAK><CMD>0982</CMD> にようこそ",
			"\f"
		]
	},
	{
		"Index": 13,
		"JPN": [
			"いらっしゃいませ<BREAK><CMD>0982</CMD> にようこそ",
			"\f"
		]
	},
	{
		"Index": 14,
		"JPN": [
			"いらっしゃいませ<BREAK><CMD>0982</CMD> にようこそ",
			"\f"
		]
	},
	{
		"Index": 15,
		"JPN": [
			"いらっしゃいませ<BREAK><CMD>0982</CMD> にようこそ",
			"\f"
		]
	},
	{
		"Index": 16,
		"JPN": [
			"いらっしゃいませ<BREAK><CMD>0982</CMD> にようこそ",
			"\f"
		]
	},
	{
		"Index": 20,
		"JPN": [
			"いらっしゃいませ<BREAK>ようこそイオンへ",
			"\f"
		]
	}
]