[
	{
		"Index": 0,
		"JPN": [
			"いらっしゃいませニャ！",
			"\f"
		]
	},
	{
		"Index": 1,
		"JPN": [
			"いらっしゃいませニャ！",
			"\f"
		]
	},
	{
		"Index": 2,
		"JPN": [
			"はじめましてミャオ！<BREAK>バイトねこミャオ！！",
			"\f"
		]
	},
	{
		"Index": 3,
		"JPN": [
			"<CMD>f481</CMD>てんちょう<BREAK>おつかれさまミャオ！",
			"\f"
		]
	},
	{
		"Index": 4,
		"JPN": [
			"いらっしゃいませミャオ！",
			"\f"
		]
	},
	{
		"Index": 5,
		"JPN": [
			"いらっしゃいませミャオ！",
			"\f"
		]
	},
	{
		"Index": 14,
		"JPN": [
			"はじめてお{目|め}にかかりますかな？<BREAK>この{国|くに}の　お{店|みせ}や<BREAK>{流行|りゅうこう}について{管理|かんり}している",
			"{流行|りゅうこう}だいじんとは<BREAK>わたしめのことですぞ！",
			"\f"
		]
	},
	{
		"Index": 15,
		"JPN": [
			"{王国|おうこく}は{今日|きょう}も<BREAK>{平和|へいわ}でなによりですぞ！",
			"\f"
		]
	},
	{
		"Index": 16,
		"JPN": [
			"{王国|おうこく}は{今日|きょう}も<BREAK>{平和|へいわ}でなによりですぞ！",
			"\f"
		]
	},
	{
		"Index": 17,
		"JPN": [
			"{王国|おうこく}は{今日|きょう}も<BREAK>{平和|へいわ}でなによりですぞ！",
			"\f"
		]
	},
	{
		"Index": 18,
		"JPN": [
			"あーら　はじめまして<BREAK><CMD>f481</CMD>くん",
			"<CMD>18802700729b27000180</CMD><CMD>17802700729b270001802700048027000280</CMD><CMD>16802700729b27005581</CMD>{先生|せんせい}は　お{店|みせ}たんとうの<BREAK><CMD>008027000380</CMD>メリッサ<CMD>008027000180</CMD>よ",
			"じゅぎょうをしっかり{聞|き}いて<BREAK>ロイヤルマイスターになれるように<BREAK>がんばっていきましょうね！",
			"そういえば<BREAK><CMD>008027000580</CMD>ショッピングモール<CMD>008027000180</CMD>が<BREAK>この{町|まち}にできたらしいの",
			"モールの{中|なか}のお{店|みせ}は<BREAK>どこも<BREAK>こせいてきみたいね",
			"{先生|せんせい}と{勉強|べんきょう}すれば<BREAK><CMD>f481</CMD>くんも　すてきな<BREAK>お{店|みせ}が{開|ひら}けるはずだわ",
			"\f"
		]
	},
	{
		"Index": 19,
		"JPN": [
			"<CMD>18802700729b27000180</CMD><CMD>17802700729b270001802700048027000280</CMD><CMD>16802700729b27005581</CMD>あーら　<CMD>f481</CMD>くん<BREAK>お{店|みせ}の{方|ほう}は<BREAK>じゅんちょうかしら？",
			"\f"
		]
	},
	{
		"Index": 20,
		"JPN": [
			"<CMD>18802700729b27000180</CMD><CMD>17802700729b270001802700048027000280</CMD><CMD>16802700729b27005581</CMD>あーら　<CMD>f481</CMD>くん<BREAK>お{店|みせ}の{方|ほう}は<BREAK>じゅんちょうかしら？",
			"\f"
		]
	},
	{
		"Index": 21,
		"JPN": [
			"<CMD>18802700729b27000180</CMD><CMD>17802700729b270001802700048027000280</CMD><CMD>16802700729b27005581</CMD>あーら　<CMD>f481</CMD>くん<BREAK>お{店|みせ}の{方|ほう}は<BREAK>じゅんちょうかしら？",
			"\f"
		]
	},
	{
		"Index": 22,
		"JPN": [
			"はじめまして<BREAK>わたしは　アルファデバッグようの<BREAK>リテイクです",
			"とりあえず　{用事|ようじ}があったら<BREAK>{話|はな}しかけてください",
			"\f"
		]
	},
	{
		"Index": 23,
		"JPN": [
			"サポートを{受|う}けに{来|き}たのかな？",
			"\f"
		]
	},
	{
		"Index": 24,
		"JPN": [
			"サポートを{受|う}けに{来|き}たのかな？",
			"\f"
		]
	},
	{
		"Index": 25,
		"JPN": [
			"サポートを{受|う}けに{来|き}たのかな？",
			"\f"
		]
	},
	{
		"Index": 30,
		"JPN": [
			"<CMD>18802700729b27000180</CMD><CMD>17802700729b270001802700048027000280</CMD><CMD>16802700729b27005581</CMD>ハジーメマシテ！<BREAK>ワタシ　ココで{商売|しょうばい}シテル<BREAK><CMD>008027000380</CMD>ハッサン<CMD>008027000180</CMD>デース",
			"ココでは　イロイロなソザイを<BREAK>あつかってるのデース",
			"<CMD>18802700729b27000180</CMD><CMD>17802700729b270001802700048027000280</CMD><CMD>16802700729b27005581</CMD>アナタ　ほしいモノあったら<BREAK>カクヤスデ<BREAK>{売|う}ってあげますデース！",
			"<CMD>008027000580</CMD>ショッピングモール<CMD>008027000180</CMD>　できて<BREAK>さいきん　{買|か}い{物|もの}する{人|ひと}<BREAK>ふえたようデース",
			"コレ　{商売|しょうばい}のチャンス<BREAK>{感|かん}じるデース",
			"<CMD>18802700729b27000180</CMD><CMD>17802700729b270001802700048027000280</CMD><CMD>16802700729b27005581</CMD>アナタも　ワタシも<BREAK>がんばるデース！",
			"\f"
		]
	},
	{
		"Index": 31,
		"JPN": [
			"<CMD>18802700729b27000180</CMD><CMD>17802700729b270001802700048027000280</CMD><CMD>16802700729b27005581</CMD>イラシャーイ　<CMD>f481</CMD>サン<BREAK><CMD>008027000580</CMD>ハッサンのみせ<CMD>008027000180</CMD>に<BREAK>ようこそデース！",
			"\f"
		]
	},
	{
		"Index": 32,
		"JPN": [
			"<CMD>18802700729b27000180</CMD><CMD>17802700729b270001802700048027000280</CMD><CMD>16802700729b27005581</CMD>イラシャーイ　<CMD>f481</CMD>サン<BREAK><CMD>008027000580</CMD>ハッサンのみせ<CMD>008027000180</CMD>に<BREAK>ようこそデース！",
			"\f"
		]
	},
	{
		"Index": 33,
		"JPN": [
			"<CMD>18802700729b27000180</CMD><CMD>17802700729b270001802700048027000280</CMD><CMD>16802700729b27005581</CMD>イラシャーイ　<CMD>f481</CMD>サン<BREAK><CMD>008027000580</CMD>ハッサンのみせ<CMD>008027000180</CMD>に<BREAK>ようこそデース！",
			"\f"
		]
	},
	{
		"Index": 35,
		"JPN": [
			"いらっしゃいませ<BREAK>ようこそ　<CMD>008027000580</CMD>ハロゲンデパート<CMD>008027000180</CMD>へ",
			"<CMD>18802700729b27000180</CMD><CMD>17802700729b270001802700048027000280</CMD><CMD>16802700729b27005581</CMD>…おや<BREAK><CMD>f481</CMD>さんではありませんか<BREAK>ごあいこ　ありがとうございます",
			"いぜんにくらべ　この{町|まち}は<BREAK>{大|おお}きくなりましたね<BREAK>よろこばしいことです",
			"<CMD>008027000580</CMD>ハロゲンデパート<CMD>008027000180</CMD>も<BREAK><CMD>008027000580</CMD>ショッピングモール<CMD>008027000180</CMD>の<BREAK>いちいんとなりまして…",
			"おとずれるみなさまを<BREAK>せいしんせいい<BREAK>おむかえしおります",
			"これはわたくしたち<BREAK>だけでなく　お{店|みせ}を{開|ひら}いている<BREAK>みなさまにとっても",
			"<CMD>18802700729b27000180</CMD><CMD>17802700729b270001802700048027000280</CMD><CMD>16802700729b27005581</CMD>{大|おお}きな<BREAK>チャンスだと{思|おも}うのです",
			"わたくしも　より<BREAK>ごまんぞくいただけるデパートを<BREAK>{目指|めざ}して",
			"さらなる{商品|しょうひん}　サービスの<BREAK>カイゼンにつとめてまいります",
			"\f"
		]
	},
	{
		"Index": 36,
		"JPN": [
			"<CMD>18802700729b27000180</CMD><CMD>17802700729b270001802700048027000280</CMD><CMD>16802700729b27005581</CMD>いらっしゃーい<BREAK><CMD>008027000380</CMD>フラワーデイジー<CMD>008027000180</CMD>へようこそ",
			"<CMD>008027000580</CMD>ショッピングモール<CMD>008027000180</CMD>のおかげで<BREAK>この{町|まち}もさらに　にぎやかに<BREAK>なりそうね",
			"いろんなお{客|きゃく}さんが<BREAK>{来|き}てくれるようになって<BREAK>とっても{楽|たの}しいのよ",
			"<CMD>18802700729b27000180</CMD><CMD>17802700729b270001802700048027000280</CMD><CMD>16802700729b27005581</CMD>わたしは　きれいなお{花|はな}で<BREAK>モールも{町|まち}も　はなやかに<BREAK>できたらいいと{思|おも}っているの",
			"\f"
		]
	},
	{
		"Index": 37,
		"JPN": [
			"<CMD>18802700729b27000180</CMD><CMD>17802700729b270001802700048027000280</CMD><CMD>16802700729b27005581</CMD>いらっしゃいませぇ～<BREAK>どうぞ～ごらんくださいませぇ～",
			"<CMD>18802700729b27000080</CMD><CMD>17802700729b2700088027000a8027000180</CMD><CMD>16802700729b27006981</CMD>ねぇ<CMD>f481</CMD><BREAK>ここの<CMD>008027000580</CMD>ショッピングモール<CMD>008027000180</CMD><BREAK>すっごくイケてるでしょ～！",
			"やっぱり{洋服|ようふく}って　こういう<BREAK>さいせんたんのショップが<BREAK>{集|あつ}まるところから",
			"<CMD>18802700729b27000180</CMD><CMD>17802700729b270001802700048027000280</CMD><CMD>16802700729b27005581</CMD>よのなかに<BREAK>はばたいていくものよね～<BREAK>ってカンジ？",
			"みんながウチの{店|みせ}に<BREAK>{注目|ちゅうもく}してるのも<BREAK>ビンビンつたわってくるし",
			"<CMD>18802700729b27000180</CMD><CMD>17802700729b270001802700048027000280</CMD><CMD>16802700729b27005581</CMD>もう　あたし<BREAK>はりきっちゃお～ってカンジ！",
			"\f"
		]
	},
	{
		"Index": 38,
		"JPN": [
			"<CMD>18802700729b27000180</CMD><CMD>17802700729b270001802700048027000280</CMD><CMD>16802700729b27005581</CMD>あら　<CMD>f481</CMD>ちゃん<BREAK>いらっしゃ～い",
			"<CMD>008027000580</CMD>ショッピングモール<CMD>008027000180</CMD>って<BREAK>いろんなお{店|みせ}が<BREAK>あちこちにあるから",
			"{一気|いっき}に{用事|ようじ}が<BREAK>すませちゃえて<BREAK>べんりよね～",
			"たとえば～　{買|か}い{物|もの}の<BREAK>ついでに　みんなが<BREAK>ウチの{店|みせ}によって…",
			"かみを<BREAK>サッパリして<BREAK>{帰|かえ}ったりとか～",
			"<CMD>18802700729b27000180</CMD><CMD>17802700729b270001802700048027000280</CMD><CMD>16802700729b27005581</CMD>てことは　すっごい<BREAK>ぎょうれつがモールの{中|なか}に<BREAK>できたりしちゃうワケ～？",
			"…ねぇ　ちょっとこれって<BREAK>シャレになんなくない～♪",
			"<CMD>18802700729b27000180</CMD><CMD>17802700729b270001802700048027000280</CMD><CMD>16802700729b27005581</CMD>アタシ　マジでちょっと<BREAK>がんばっちゃお～！",
			"\f"
		]
	},
	{
		"Index": 39,
		"JPN": [
			"<CMD>18802700729b27000180</CMD><CMD>17802700729b270001802700048027000280</CMD><CMD>16802700729b27005581</CMD>いらっしゃい<BREAK>ここは　まほう{使|つか}いのお{店|みせ}<BREAK><CMD>008027000580</CMD>かめや<CMD>008027000180</CMD>だよぉ",
			"おやおや　<CMD>f481</CMD>かい<BREAK>よく{来|き}たねぇ",
			"なんとかモールができて<BREAK>あたしもここの<BREAK>なかま{入|い}りさせてもらったよぉ",
			"こんな{大|おお}きなところで<BREAK>{商売|しょうばい}するなんて<BREAK>{考|かんが}えてもいなかったけど",
			"やることは　けっきょく<BREAK>どこでだって<BREAK>いっしょだからねぇ",
			"<CMD>18802700729b27000180</CMD><CMD>17802700729b270001802700048027000280</CMD><CMD>16802700729b27005581</CMD>あたしも　わかいもんの<BREAK>{手本|てほん}になるように<BREAK>",
			"{商売|しょうばい}を<BREAK>がんばってみようかね<BREAK>ひょっひょっひょっ",
			"\f"
		]
	},
	{
		"Index": 40,
		"JPN": [
			"<CMD>18802700729b27000180</CMD><CMD>17802700729b270001802700048027000280</CMD><CMD>16802700729b27005581</CMD>フフフ…<BREAK>いらっしゃい",
			"<CMD>008027000580</CMD>ショッピングモール<CMD>008027000180</CMD>ができて<BREAK>この{町|まち}も　どんどん<BREAK>にぎやかになるわね",
			"<CMD>18802700729b27000080</CMD><CMD>17802700729b2700088027000a8027000180</CMD><CMD>16802700729b27006981</CMD><CMD>f481</CMD>はこういうところ<BREAK>ごちゃごちゃして<BREAK>スキじゃないかしら？",
			"それとも　{楽|たの}しくて<BREAK>しかたがない<BREAK>おとしごろかしら？",
			"わたしはこのモール<BREAK>けっこう{気|き}に{入|い}ってるわ",
			"だって<BREAK>{新|あたら}しい{出会|であ}いに<BREAK>ピッタリの{場所|ばしょ}だもの",
			"{新|あたら}しい{出会|であ}いは<BREAK>{人|ひと}を{通|とお}して<BREAK>{町|まち}まで{元気|げんき}にするのよ",
			"<CMD>18802700729b27000180</CMD><CMD>17802700729b270001802700048027000280</CMD><CMD>16802700729b27005581</CMD>フフフ…<BREAK>{町|まち}がもっとステキになる<BREAK>{予感|よかん}がするわ",
			"\f"
		]
	},
	{
		"Index": 41,
		"JPN": [
			"<CMD>18802700729b27000180</CMD><CMD>17802700729b270001802700048027000280</CMD><CMD>16802700729b27005581</CMD>いらっしゃいませ<BREAK>こちらは<CMD>008027000580</CMD>ぎんこう<CMD>008027000180</CMD>です",
			"<CMD>18802700729b27000180</CMD><CMD>17802700729b270001802700048027000280</CMD><CMD>16802700729b27005581</CMD>いやー　<CMD>008027000580</CMD>ショッピングモール<CMD>008027000180</CMD>が<BREAK>できて　また{町|まち}が<BREAK>{大|おお}きくなりましたね<BREAK>",
			"{町|まち}が{大|おお}きくなって<BREAK>{人|ひと}がふえると　わたしも<BREAK>いそがしくなりそうです",
			"<CMD>18802700729b27000180</CMD><CMD>17802700729b270001802700048027000280</CMD><CMD>16802700729b27005581</CMD>リッチをあずけるときや<BREAK>ひきだしたいときは<BREAK>わたしに　{声|こえ}をかけてください",
			"{大切|たいせつ}なものをカクジツに<BREAK>お{守|まも}りいたします",
			"<CMD>18802700729b27000180</CMD><CMD>17802700729b270001802700048027000280</CMD><CMD>16802700729b27005581</CMD>そのことだけは<BREAK>おわすれなく！",
			"\f"
		]
	},
	{
		"Index": 42,
		"JPN": [
			"<CMD>18802700729b27000680</CMD><CMD>17802700729b270001802700048027000080</CMD><CMD>16802700729b27007e81</CMD>なんか　ようか？<BREAK>ここは<CMD>008027000580</CMD>ゆうびんきょく<CMD>008027000180</CMD>だ",
			"<CMD>18802700729b27000680</CMD><CMD>17802700729b270001802700048027000080</CMD><CMD>16802700729b27007e81</CMD>{気|き}が{向|む}きゃ<BREAK>{相手|あいて}にとどけるからよ",
			"<CMD>18802700729b27000080</CMD><CMD>17802700729b270001802700048027000080</CMD>そういえば<BREAK>さいきん　また<BREAK>{仕事|しごと}が{多|おお}くなってるんだ",
			"<CMD>008027000580</CMD>ショッピングモール<CMD>008027000180</CMD>って<BREAK>やつができたから<BREAK>{人|ひと}がふえたんだろうよ",
			"<CMD>18802700729b27000180</CMD><CMD>17802700729b270001802700048027000280</CMD><CMD>16802700729b27005581</CMD>だから　ムリして<BREAK>おれのところに　{仕事|しごと}とか<BREAK>{持|も}ってこなくていいからな",
			"\f"
		]
	},
	{
		"Index": 43,
		"JPN": [
			"…さいきん<BREAK><CMD>008027000380</CMD>ひめさま<CMD>008027000180</CMD>をのせる<BREAK>{仕事|しごと}がふえた",
			"…<CMD>008027000580</CMD>おしろ<CMD>008027000180</CMD>から　こっそり<BREAK>ぬけだしているらしい",
			"でも　いつもすぐに<BREAK><CMD>008027000380</CMD>だいじん<CMD>008027000180</CMD>につれもどされている…",
			"{若|わか}いうちは<BREAK>アレぐらい<BREAK>{元気|げんき}の{方|ほう}がいい…",
			"\f"
		]
	},
	{
		"Index": 44,
		"JPN": [
			"<CMD>18802700729b27000180</CMD><CMD>17802700729b270001802700048027000280</CMD><CMD>16802700729b27005581</CMD>やあ　いらっしゃい！",
			"<CMD>18802700729b27000080</CMD><CMD>17802700729b2700088027000a8027000180</CMD><CMD>16802700729b27006981</CMD>そういえばよ　さいきん<BREAK><CMD>008027000580</CMD>ショッピングモール<CMD>008027000180</CMD>ってのが<BREAK>できただろ？",
			"<CMD>18802700729b27000180</CMD><CMD>17802700729b270001802700048027000280</CMD><CMD>16802700729b27005581</CMD>しかも　{中|なか}には<BREAK>その{場|ば}で{食|た}べられる{店|みせ}も<BREAK>あるっていうじゃねぇか",
			"こりゃ　ヒゲマルラーメンも<BREAK>まけちゃいらんねぇな！",
			"そうだろう？<BREAK>そうなんだよ～",
			"<CMD>18802700729b27000180</CMD><CMD>17802700729b270001802700048027000280</CMD><CMD>16802700729b27005581</CMD>おもしろい{話|はなし}もあるからよ<BREAK>こまめに{来|こ}いよな？　な？",
			"\f"
		]
	},
	{
		"Index": 45,
		"JPN": [
			"<CMD>18802700729b27000680</CMD><CMD>17802700729b270001802700048027000080</CMD><CMD>16802700729b27007e81</CMD>む　<CMD>f481</CMD>くん<BREAK>ひびの　よしゅうふくしゅうは<BREAK>おこたらぬようにな",
			"<CMD>008027000580</CMD>ショッピングモール<CMD>008027000180</CMD>ができて<BREAK>おそくまで　{出歩|である}く{人|ひと}が<BREAK>ふえたように　{見|み}うけられるが",
			"<CMD>18802700729b27000080</CMD><CMD>17802700729b2700088027000a8027000180</CMD><CMD>16802700729b27006981</CMD>そんな{生活|せいかつ}たいどで<BREAK>きちんと{学校|がっこう}に<BREAK>{通|かよ}えるものなのか？",
			"フードコートでおしゃべりばかり<BREAK>して　まほう{語|ご}の{勉強|べんきょう}が<BREAK>おろそかになりはしないか？",
			"なんといっても<BREAK>{学生|がくせい}の{本分|ほんぶん}は<BREAK>{学業|がくぎょう}！",
			"<CMD>18802700729b27000680</CMD><CMD>17802700729b270001802700048027000080</CMD><CMD>16802700729b27007e81</CMD>それをわすれては　ならない",
			"\f"
		]
	},
	{
		"Index": 46,
		"JPN": [
			"<CMD>18802700729b27000180</CMD><CMD>17802700729b270001802700048027000280</CMD><CMD>16802700729b27005581</CMD>…おお！<BREAK><CMD>f481</CMD>ではないか<BREAK>ろうじんを　おどかしよって！",
			"<CMD>18802700729b27000080</CMD><CMD>17802700729b2700088027000a8027000180</CMD><CMD>16802700729b27006981</CMD>そういえば{知|し}っておるか？<BREAK>この{町|まち}に　とても{大|おお}きな<BREAK>たてものができたんじゃ",
			"{中|なか}にお{店|みせ}が<BREAK>たくさんならんだ<BREAK>なんとかモールというそうじゃ",
			"<CMD>18802700729b27000180</CMD><CMD>17802700729b270001802700048027000280</CMD><CMD>16802700729b27005581</CMD>わしも{買|か}い{物|もの}ざんまいと<BREAK>シャレこんでみようかのう<BREAK>ヒョッヒョッヒョッヒョッ！",
			"\f"
		]
	},
	{
		"Index": 47,
		"JPN": [
			"<CMD>18802700729b27000180</CMD><CMD>17802700729b270001802700048027000280</CMD><CMD>16802700729b27005581</CMD><CMD>f481</CMD>さんは<BREAK>いつも　ねっしんねぇ<BREAK>{感心|かんしん}　{感心|かんしん}！",
			"またいっしょに<BREAK>がんばりましょうねぇ",
			"んふふ…<BREAK><CMD>008027000580</CMD>ショッピングモール<CMD>008027000180</CMD>が<BREAK>できたおかげで…",
			"このあたりにも<BREAK>お{買|か}い{物|もの}に{出|で}かける{人|ひと}が<BREAK>ふえたみたいなのぉ",
			"<CMD>18802700729b27000180</CMD><CMD>17802700729b270001802700048027000080</CMD><CMD>16802700729b27004181</CMD>ワタシもあの{人|ひと}と<BREAK>モールのフードコートで<BREAK>いっしょにお{茶|ちゃ}なんて…",
			"…………",
			"<CMD>18802700729b27000580</CMD><CMD>17802700729b27000a8027000a8027000180</CMD><CMD>16802700729b27002d81</CMD>…って<BREAK>そういえば　<CMD>f481</CMD>さん<BREAK>いたんだっけっ！？",
			"<CMD>18802700729b27000280</CMD><CMD>17802700729b2700508027000a8027000280</CMD><CMD>16802700729b27007d81</CMD>キーッ！<BREAK>{人|ひと}の{話|はなし}を　ぬすみ{聞|き}きする<BREAK>なんて　{先生|せんせい}かなしいわッ！",
			"\f"
		]
	},
	{
		"Index": 48,
		"JPN": [
			"<CMD>18802700729b27000180</CMD><CMD>17802700729b270001802700048027000280</CMD><CMD>16802700729b27005581</CMD>やあ　<CMD>f481</CMD>くん！<BREAK>かがいじゅぎょうは<BREAK>しぜんとのふれあいでもあります",
			"ふだん　みすごしているものにも<BREAK>{思|おも}わぬ{発見|はっけん}は<BREAK>あるものですよ",
			"この{町|まち}は　あいかわらず<BREAK>いい{町|まち}でしょう？<BREAK>それに…",
			"<CMD>008027000580</CMD>ショッピングモール<CMD>008027000180</CMD>ができて<BREAK>{買|か}い{物|もの}をする{人|ひと}が<BREAK>ふえたように{思|おも}います",
			"モールには　いろんなお{店|みせ}が<BREAK>{入|はい}ったりして<BREAK>とてもにぎやかなんです",
			"<CMD>18802700729b27000180</CMD><CMD>17802700729b270001802700048027000280</CMD><CMD>16802700729b27005581</CMD>うんうん…<BREAK>ぼくは　これはいいことだと<BREAK>{思|おも}っています",
			"\f"
		]
	},
	{
		"Index": 50,
		"JPN": [
			"<CMD>4980270048882700058027000180</CMD>",
			"\f"
		]
	},
	{
		"Index": 51,
		"JPN": [
			"<CMD>4980270048882700168027000180</CMD>",
			"\f"
		]
	},
	{
		"Index": 53,
		"JPN": [
			"<CMD>18802700729b27000180</CMD><CMD>17802700729b270001802700048027000280</CMD><CMD>16802700729b27005581</CMD>イラシャーイ　<CMD>f481</CMD>サン<BREAK><CMD>008027000580</CMD>ハッサンのみせ<CMD>008027000180</CMD>に<BREAK>ようこそデース！",
			"さいきん<BREAK>おしゃれにきょうみ{持|も}つ{人|ひと}<BREAK>ふえたようデース",
			"コレ　{商売|しょうばい}のチャンス<BREAK>{感|かん}じるデース　",
			"<CMD>18802700729b27000180</CMD><CMD>17802700729b270001802700048027000280</CMD><CMD>16802700729b27005581</CMD>アナタも　ワタシも<BREAK>がんばるデース！",
			"\f"
		]
	},
	{
		"Index": 54,
		"JPN": [
			"あーら　<CMD>f481</CMD>くん<BREAK>お{店|みせ}の{調子|ちょうし}は<BREAK>よろしくて？",
			"じゅぎょうをしっかり{聞|き}いて<BREAK>ロイヤルマイスターになれるように<BREAK>がんばっていきましょうね！",
			"そういえば<BREAK><CMD>008027000580</CMD>ショッピングモール<CMD>008027000180</CMD>が<BREAK>この{町|まち}にできたらしいの",
			"モールの{中|なか}のお{店|みせ}は<BREAK>どこも<BREAK>こせいてきみたいね",
			"{先生|せんせい}と{勉強|べんきょう}すれば<BREAK><CMD>f481</CMD>くんも　すてきな<BREAK>お{店|みせ}が{開|ひら}けるはずだわ",
			"\f"
		]
	},
	{
		"Index": 55,
		"JPN": [
			"<CMD>18802700729b27000180</CMD><CMD>17802700729b270001802700048027000280</CMD><CMD>16802700729b27005581</CMD>ああ<BREAK><CMD>f481</CMD>くんではないですか",
			"\f"
		]
	},
	{
		"Index": 56,
		"JPN": [
			"<CMD>18802700729b27000180</CMD><CMD>17802700729b270001802700048027000280</CMD><CMD>16802700729b27005581</CMD>あっ　<CMD>f481</CMD><BREAK>{今日|きょう}もお{買|か}い{物|もの}<BREAK>{楽|たの}しんでるかな？",
			"\f"
		]
	},
	{
		"Index": 58,
		"JPN": [
			"<CMD>18802700729b27000180</CMD><CMD>17802700729b270001802700048027000280</CMD><CMD>16802700729b27005581</CMD>まあ　<CMD>f481</CMD>ではないですの<BREAK>{待|ま}ってましたのよ",
			"\f"
		]
	},
	{
		"Index": 80,
		"JPN": [
			"<CMD>18802700729b27000180</CMD><CMD>17802700729b270001802700048027000280</CMD><CMD>16802700729b27005581</CMD>とても{高|たか}い{身分|みぶん}の{方|かた}と<BREAK>お{見受|みう}けいたします…<BREAK>どうぞ　ごゆっくりごらんください",
			"\f"
		]
	},
	{
		"Index": 81,
		"JPN": [
			"<CMD>18802700729b27000180</CMD><CMD>17802700729b270001802700048027000280</CMD><CMD>16802700729b27005581</CMD>あら　どこかの{国|くに}の{身分|みぶん}の<BREAK>{高|たか}い{方|かた}でしょうか？<BREAK>ゆっくり{見|み}て{行|い}ってくださいね",
			"\f"
		]
	},
	{
		"Index": 82,
		"JPN": [
			"<CMD>18802700729b27000580</CMD><CMD>17802700729b270001802700048027000080</CMD><CMD>16802700729b27005681</CMD>キャー！　すごいまぶしさ！<BREAK><CMD>008027000580</CMD>スマイル・ビビ<CMD>008027000180</CMD>をゆっくり<BREAK>ごらんください～　みたいな",
			"\f"
		]
	},
	{
		"Index": 83,
		"JPN": [
			"<CMD>18802700729b27000780</CMD><CMD>17802700729b270001802700048027000180</CMD><CMD>16802700729b27009081</CMD>あら！　なーにこのかがやき！<BREAK>ステキ～！<BREAK>ゆっくりしていって～",
			"\f"
		]
	},
	{
		"Index": 84,
		"JPN": [
			"…おや　なんだか<BREAK>まぶしい{人|ひと}が{来|き}たねえ<BREAK>ゆっくりしていくといいよ",
			"\f"
		]
	},
	{
		"Index": 85,
		"JPN": [
			"<CMD>18802700729b27000580</CMD><CMD>17802700729b270001802700048027000080</CMD><CMD>16802700729b27005681</CMD>あら　スゴイかがやき…<BREAK>どこから　いらっしゃったの？",
			"\f"
		]
	},
	{
		"Index": 86,
		"JPN": [
			"<CMD>18802700729b27000580</CMD><CMD>17802700729b270001802700048027000080</CMD><CMD>16802700729b27005681</CMD>な　なんてまぶしさ…<BREAK>{当|とう}ぎんこうにご{用|よう}は…<BREAK>ありませんよね…？",
			"\f"
		]
	},
	{
		"Index": 87,
		"JPN": [
			"<CMD>18802700729b27000580</CMD><CMD>17802700729b270001802700048027000080</CMD><CMD>16802700729b27005681</CMD>うわっ！　まぶしい！<BREAK>なんだあんた？　この{町|まち}の<BREAK>{住人|じゅうにん}じゃねえよな…",
			"\f"
		]
	},
	{
		"Index": 88,
		"JPN": [
			"<CMD>18802700729b27000580</CMD><CMD>17802700729b270001802700048027000080</CMD><CMD>16802700729b27005681</CMD>うわっ！　なんだ！？<BREAK>こうまぶしくちゃあ<BREAK>ラーメンがのびちまう！",
			"\f"
		]
	},
	{
		"Index": 89,
		"JPN": [
			"<CMD>18802700729b27000580</CMD><CMD>17802700729b270001802700048027000080</CMD><CMD>16802700729b27005681</CMD>オーウ！　まぶしいデース！<BREAK>まぶしすぎて　あなたの{顔|かお}が<BREAK>{良|よ}く{見|み}えまセーン！",
			"\f"
		]
	},
	{
		"Index": 90,
		"JPN": [
			"<CMD>18802700729b27000080</CMD><CMD>17802700729b2700088027000a8027000180</CMD><CMD>16802700729b27006981</CMD>…アンタ　どっかの{国|くに}の<BREAK>おエライさんなんだろ？<BREAK>そんな　ふんいきがするからな",
			"{悪|わる}いが　ここはアンタみたいな<BREAK>{人|ひと}が{来|く}るような{場所|ばしょ}じゃない<BREAK>{用|よう}がすんだら{帰|かえ}ってくれ",
			"\f"
		]
	},
	{
		"Index": 91,
		"JPN": [
			"<CMD>18802700729b27000080</CMD><CMD>17802700729b2700088027000a8027000180</CMD><CMD>16802700729b27006981</CMD>…ん？　キミは<BREAK><CMD>f481</CMD>くんではないか？",
			"<CMD>f481</CMD>くん<BREAK>じゅぎょうをうけたいのなら<BREAK>まほうのコーデをはずしたまえ",
			"そのままのかっこうでは<BREAK>{他|ほか}のせいとがおどろいて<BREAK>{悪|わる}いえいきょうをあたえる",
			"\f"
		]
	},
	{
		"Index": 92,
		"JPN": [
			"<CMD>18802700729b27000180</CMD><CMD>17802700729b270001802700048027000280</CMD><CMD>16802700729b27005581</CMD>おや　<CMD>f481</CMD><BREAK>まほうのコーデを<BREAK>{着|き}ているのかのう？",
			"ヒョッヒョッヒョッ！<BREAK>ワシにはわかるのじゃよ！<BREAK>まほうの{先生|せんせい}じゃからな！",
			"ただ　じゅぎょうの{時|とき}は<BREAK>はずしてくれんかのう？<BREAK>{他|ほか}のせいとがおどろくからの",
			"\f"
		]
	},
	{
		"Index": 93,
		"JPN": [
			"<CMD>18802700729b27000180</CMD><CMD>17802700729b270001802700048027000280</CMD><CMD>16802700729b27005581</CMD>あらぁ？　<CMD>f481</CMD>くん<BREAK>ステキなコーデを{着|き}ているのねぇ",
			"ウフフ　わかるわよぉ<BREAK>だって　まほう{学校|がっこう}の<BREAK>{先生|せんせい}なんですからぁ",
			"<CMD>18802700729b27000280</CMD><CMD>17802700729b2700508027000a8027000280</CMD><CMD>16802700729b27007d81</CMD>でも　じゅぎょうの{時|とき}は<BREAK>はずしなさいネッ！",
			"\f"
		]
	},
	{
		"Index": 94,
		"JPN": [
			"<CMD>18802700729b27000080</CMD><CMD>17802700729b2700088027000a8027000180</CMD><CMD>16802700729b27006981</CMD>おや　<CMD>f481</CMD>くん<BREAK>そのかっこうはもしや<BREAK>まほうのコーデなんですか？",
			"<CMD>18802700729b27000180</CMD><CMD>17802700729b270001802700048027000280</CMD><CMD>16802700729b27005581</CMD>いやビックリしました～<BREAK>いつもよりずっと<BREAK>かがやいて{見|み}えますよ",
			"あ　でも　じゅぎょうの{時|とき}は<BREAK>コーデをはずしくださいね？<BREAK>みんなビックリしますから",
			"\f"
		]
	},
	{
		"Index": 95,
		"JPN": [
			"<CMD>18802700729b27000580</CMD><CMD>17802700729b270001802700048027000080</CMD><CMD>16802700729b27005681</CMD>あなた…　<CMD>f481</CMD>くんなの？<BREAK>ふんいきがちがうから<BREAK>わからなかったわ",
			"まほうのコーデを{着|き}てるんでしょ？<BREAK><CMD>008027000380</CMD>ヴィッキー<CMD>008027000180</CMD>{先生|せんせい}から　{聞|き}いた<BREAK>ことがあるわ",
			"でも　じゅぎょうをうけるなら<BREAK>コーデははずさなきゃダメよ？<BREAK>{他|ほか}の{人|ひと}がビックリしちゃうワケ",
			"\f"
		]
	},
	{
		"Index": 96,
		"JPN": [
			"<CMD>18802700729b27000580</CMD><CMD>17802700729b270001802700048027000080</CMD><CMD>16802700729b27005681</CMD>…まぶしい",
			"\f"
		]
	},
	{
		"Index": 97,
		"JPN": [
			"<CMD>18802700729b27000180</CMD><CMD>17802700729b270001802700048027000280</CMD><CMD>16802700729b27005581</CMD>あら　きっと{高|たか}い{身分|みぶん}の<BREAK>{方|かた}なんでしょうね<BREAK>かがやきを{感|かん}じますわ",
			"ここは　ファッション{関係|かんけい}の<BREAK>イベントを{行|おこ}なっている<BREAK>イベントホールなんです",
			"どうぞ　ご{自由|じゆう}に<BREAK>{見学|けんがく}なさってください",
			"\f"
		]
	},
	{
		"Index": 98,
		"JPN": [
			"<CMD>18802700729b27000180</CMD><CMD>17802700729b270001802700048027000280</CMD><CMD>16802700729b27005581</CMD>あ！　<CMD>f481</CMD>じゃん！<BREAK>まほうコーデ{作|つく}ったんだ～！<BREAK>うんうん！　にあってる！",
			"そうそう！　じゅぎょうの{時|とき}は<BREAK>フツウの{服|ふく}に{着|き}がえてきてね！",
			"あたしは　わかるからいいけど<BREAK>みんなはえらい{人|ひと}が{来|き}たって<BREAK>{思|おも}ってビビッちまうからさ！",
			"\f"
		]
	},
	{
		"Index": 99,
		"JPN": [
			"そうそう　ひょうかの{時|とき}は<BREAK>{今着|いまき}ているコーデを<BREAK>はずしてくださいね",
			"その{服|ふく}そうでは　みんな<BREAK><CMD>f481</CMD>くんだと<BREAK>{気付|きづ}きませんからね",
			"\f"
		]
	}
]