[
	{
		"Index": 0,
		"JPN": [
			"ふぅー　しずか<CMD>ff8127000080</CMD>",
			"{波|なみ}の{音|おと}しか{聞|き}こえない<CMD>ff8127000280</CMD>",
			"<CMD>028227000080</CMD>ってさ<BREAK>いっつもイタズラして<BREAK>ギャーギャーさわいでるから",
			"こういうの　けっこう<BREAK>キンチョウする<CMD>ff8127000280</CMD>",
			"…………<BREAK>…………………<BREAK>…………",
			"\f"
		]
	},
	{
		"Index": 1,
		"JPN": [
			"<CMD>18802700729b27000080</CMD><CMD>17802700729b2700b28027000a8027000180</CMD><CMD>16802700729b27006981</CMD>ふぅー<BREAK>{夕|ゆう}やけって　こんなに<BREAK>{赤|あか}かった<CMD>ff8127000380</CMD>？",
			"<CMD>028227000080</CMD>ってさ<BREAK>いっつも　{走|はし}り{回|まわ}ってるから<BREAK>けしきなんて{見|み}てない<CMD>ff8127000280</CMD>",
			"たまにはさ<BREAK>おちついて　{夕|ゆう}やけを{見|み}るのも<BREAK>いい<CMD>ff8127000580</CMD>",
			"{明日|あした}はきっと<BREAK>{晴|は}れ<CMD>ff8127000080</CMD>",
			"\f"
		]
	},
	{
		"Index": 2,
		"JPN": [
			"<CMD>18802700729b27000180</CMD><CMD>17802700729b2700ad802700068027000280</CMD><CMD>16802700729b27005581</CMD>ふぅー<BREAK>いい{天気|てんき}だし　{空気|くうき}はうまいし<BREAK>{来|き}てよかった<CMD>ff8127000580</CMD>",
			"\f"
		]
	},
	{
		"Index": 3,
		"JPN": [
			"<CMD>1880270078a027000080</CMD><CMD>1680270078a027006981</CMD>ここって<BREAK><CMD>f481</CMD>の{店|みせ}<CMD>ff8127000180</CMD>？<BREAK>すごい<CMD>ff8127000280</CMD>",
			"<CMD>028227000080</CMD>　{前|まえ}から{一度|いちど}<BREAK><CMD>f481</CMD>みたいな<BREAK>{仲|なか}のいいヤツと　",
			"<CMD>1880270078a027000180</CMD><CMD>1680270078a027004181</CMD>ここで　{食事|しょくじ}したいと<BREAK>{思|おも}ってた<CMD>ff8127000280</CMD>",
			"\f"
		]
	},
	{
		"Index": 6,
		"JPN": [
			"<CMD>18802700729b27000080</CMD><CMD>17802700729b270001802700048027000080</CMD>じつは{今日|きょう}　おべんとうを<BREAK>{用意|ようい}してきた<CMD>ff8127000280</CMD>",
			"<CMD>18802700729b27000180</CMD><CMD>17802700729b270001802700048027000180</CMD><CMD>16802700729b27004181</CMD>これで　ちょっとした<BREAK>ピクニック<CMD>ff8127000080</CMD>",
			"\f"
		]
	},
	{
		"Index": 7,
		"JPN": [
			"チクショー　{一度|いちど}でいいから<BREAK>あのデカイ{星|ほし}まで<BREAK>{行|い}ってみたい<CMD>ff8127000280</CMD>",
			"\f"
		]
	},
	{
		"Index": 10,
		"JPN": [
			"なぁ　<CMD>f481</CMD><BREAK>もしも　もしもだ",
			"<CMD>028227000080</CMD>がホウキで<BREAK>あのデカイ{星|ほし}まで{行|い}くって<BREAK>{言|い}ったら　",
			"<CMD>18802700729b27000080</CMD><CMD>17802700729b2700b28027000a8027000180</CMD><CMD>16802700729b27006981</CMD><CMD>f481</CMD>もついて{来|く}るか？",
			"<CMD>128027000180</CMD>",
			"\f"
		]
	},
	{
		"Index": 11,
		"JPN": [
			"<CMD>378027000180</CMD>",
			"もちろん！<CMD>128027000180</CMD>",
			"がんばるよ<CMD>128027000280</CMD>",
			"ちょっとこわい<CMD>12802700ffff</CMD>",
			"\f"
		]
	},
	{
		"Index": 12,
		"JPN": [
			"<CMD>18802700729b27000180</CMD><CMD>17802700729b270001802700048027000180</CMD><CMD>16802700729b27004181</CMD>ほんと？<BREAK>それはうれしい<CMD>ff8127000280</CMD>",
			"じゃあ　<CMD>008027000380</CMD>マッハさん<CMD>008027000180</CMD>に{負|ま}けない<BREAK>くらいの　ホウキのりに<BREAK>なってみせる<CMD>ff8127000280</CMD>",
			"\f"
		]
	},
	{
		"Index": 13,
		"JPN": [
			"<CMD>18802700729b27000180</CMD><CMD>17802700729b2700ad802700068027000280</CMD><CMD>16802700729b27005581</CMD>ほんと？<BREAK>それはうれしい<CMD>ff8127000280</CMD>",
			"じゃあ　ときどき<BREAK>ホウキの{練習|れんしゅう}を<BREAK>しておいて<CMD>ff8127000480</CMD>",
			"\f"
		]
	},
	{
		"Index": 14,
		"JPN": [
			"そうか<BREAK>それはざんねん<CMD>ff8127000080</CMD>",
			"でも<CMD>028227000080</CMD>は<BREAK>ひとりでも{行|い}ってみせる<CMD>ff8127000280</CMD>　",
			"\f"
		]
	},
	{
		"Index": 15,
		"JPN": [
			"<CMD>18802700729b27000180</CMD><CMD>17802700729b270001802700048027000180</CMD><CMD>16802700729b27004181</CMD>だいじょうぶ<CMD>ff8127000080</CMD>",
			"<CMD>008027000380</CMD>マッハさん<CMD>008027000180</CMD>に{負|ま}けないくらいの<BREAK>ホウキのりになって",
			"<CMD>18802700729b27000180</CMD><CMD>17802700729b270001802700048027000180</CMD><CMD>16802700729b27004181</CMD>{後|うし}ろに{乗|の}せてってやるから<BREAK>{安心|あんしん}していい<CMD>ff8127000280</CMD>",
			"\f"
		]
	},
	{
		"Index": 20,
		"JPN": [
			"<CMD>18802700729b27000080</CMD><CMD>17802700729b2700b28027000a8027000180</CMD><CMD>16802700729b27006981</CMD>なぁ　<CMD>f481</CMD><BREAK>{明日|あした}は　みんなをあつめて<BREAK>いっしょに{遊|あそ}ぼうか？",
			"<CMD>128027000180</CMD>",
			"\f"
		]
	},
	{
		"Index": 21,
		"JPN": [
			"<CMD>378027000180</CMD>",
			"ぜひ！<CMD>128027000180</CMD>",
			"うん！<CMD>128027000280</CMD>",
			"みんなで？<CMD>12802700ffff</CMD>",
			"\f"
		]
	},
	{
		"Index": 22,
		"JPN": [
			"<CMD>18802700729b27000180</CMD><CMD>17802700729b270001802700048027000180</CMD><CMD>16802700729b27004181</CMD>ほんと？<BREAK>それはうれしい<CMD>ff8127000280</CMD>",
			"じゃあ　{何|なに}して{遊|あそ}ぶか<BREAK>{２人|ふたり}で　{考|かんが}えよう<CMD>ff8127000580</CMD>",
			"\f"
		]
	},
	{
		"Index": 23,
		"JPN": [
			"<CMD>18802700729b27000180</CMD><CMD>17802700729b2700ad802700068027000280</CMD><CMD>16802700729b27005581</CMD>ほんと？<BREAK>それはうれしい<CMD>ff8127000280</CMD>",
			"じゃあ　{何|なに}して{遊|あそ}ぶか<BREAK>{１人|ひとり}で　{考|かんが}えておく<CMD>ff8127000280</CMD>",
			"\f"
		]
	},
	{
		"Index": 24,
		"JPN": [
			"そう　みんなで<CMD>ff8127000080</CMD>",
			"<CMD>18802700729b27000080</CMD><CMD>17802700729b2700b28027000a8027000180</CMD><CMD>16802700729b27006981</CMD><CMD>18802700729b27000080</CMD><CMD>17802700729b2700b28027000a8027000180</CMD><CMD>16802700729b27006981</CMD><CMD>f481</CMD>は　みんなで<BREAK>{遊|あそ}ぶのきらい<CMD>ff8127000180</CMD>？",
			"\f"
		]
	},
	{
		"Index": 25,
		"JPN": [
			"<CMD>18802700729b27000180</CMD><CMD>17802700729b270001802700048027000180</CMD><CMD>16802700729b27004181</CMD>あっ！？　そうか…",
			"{２人|ふたり}だけで　ってのも<BREAK>{悪|わる}くない",
			"<CMD>18802700729b27000780</CMD><CMD>17802700729b2700b18027000a8027000180</CMD>なんかちょっと<BREAK>はずかしいけどな",
			"\f"
		]
	},
	{
		"Index": 30,
		"JPN": [
			"<CMD>18802700729b27000080</CMD><CMD>17802700729b270001802700048027000080</CMD>なぁ　<CMD>f481</CMD><BREAK>{今度|こんど}ピクニックに{来|く}るときは…",
			"<CMD>18802700729b27000080</CMD><CMD>17802700729b2700b28027000a8027000180</CMD><CMD>16802700729b27006981</CMD>みんなもよんで<BREAK>ワイワイするのも<BREAK>わるくないよな？",
			"<CMD>128027000180</CMD>",
			"\f"
		]
	},
	{
		"Index": 31,
		"JPN": [
			"<CMD>378027000180</CMD>",
			"だいさんせい<CMD>128027000180</CMD>",
			"いいね<CMD>128027000280</CMD>",
			"ふたりがいい<CMD>12802700ffff</CMD>",
			"\f"
		]
	},
	{
		"Index": 32,
		"JPN": [
			"<CMD>18802700729b27000180</CMD><CMD>17802700729b270001802700048027000180</CMD><CMD>16802700729b27004181</CMD>ほんと？　それはうれしい<CMD>ff8127000280</CMD><BREAK>じゃあ　{帰|かえ}ったら{２人|ふたり}で<BREAK>{計画|けいかく}をたてよう<CMD>ff8127000580</CMD>",
			"\f"
		]
	},
	{
		"Index": 33,
		"JPN": [
			"<CMD>18802700729b27000180</CMD><CMD>17802700729b2700ad802700068027000280</CMD><CMD>16802700729b27005581</CMD>ほんと？　それはうれしい<CMD>ff8127000280</CMD><BREAK>じゃあ　いつか{２人|ふたり}で<BREAK>{計画|けいかく}をたてよう<CMD>ff8127000580</CMD>",
			"\f"
		]
	},
	{
		"Index": 34,
		"JPN": [
			"<CMD>18802700729b27000080</CMD><CMD>17802700729b270001802700048027000080</CMD>いや　あの　まぁ…<BREAK>{今度|こんど}の{今度|こんど}は<BREAK>{２人|ふたり}で{来|こ}よう<CMD>ff8127000580</CMD>",
			"なら　こんどは<BREAK>{１人|ひとり}でこよう…",
			"\f"
		]
	},
	{
		"Index": 35,
		"JPN": [
			"えっ！？　ゴメン…",
			"<CMD>18802700729b27000180</CMD><CMD>17802700729b270001802700048027000180</CMD><CMD>16802700729b27004181</CMD><CMD>028227000080</CMD>もそう{思|おも}ってたけど<BREAK>はずかしくて<BREAK>{言|い}えなかった<CMD>ff8127000280</CMD>",
			"\f"
		]
	},
	{
		"Index": 40,
		"JPN": [
			"<CMD>1880270078a027000180</CMD><CMD>1680270078a027005581</CMD>ふぅ<BREAK>サイコーだった<CMD>ff8127000280</CMD>！<BREAK>ありえないウマサ<CMD>ff8127000080</CMD>",
			"<CMD>1880270078a027000080</CMD><CMD>1680270078a027006981</CMD>どうして<BREAK>こんなにウマイ<CMD>ff8127000380</CMD>？",
			"<CMD>128027000180</CMD>",
			"\f"
		]
	},
	{
		"Index": 41,
		"JPN": [
			"<CMD>378027000180</CMD>",
			"ふたりだから<CMD>128027000180</CMD>",
			"おいしいみせだから<CMD>128027000280</CMD>",
			"きのせい<CMD>128027000380</CMD>",
			"\f"
		]
	},
	{
		"Index": 42,
		"JPN": [
			"<CMD>1880270078a027000180</CMD><CMD>1680270078a027004181</CMD>やっぱ　そう{思|おも}う<CMD>ff8127000380</CMD>？<BREAK>{気持|きも}ちが{通|つう}じ{合|あ}ってるって<BREAK>なんだか　いい<CMD>ff8127000280</CMD>",
			"\f"
		]
	},
	{
		"Index": 43,
		"JPN": [
			"そう…<CMD>ff8127000180</CMD>？<BREAK>やっぱ　シェフのうで<CMD>ff8127000080</CMD>",
			"\f"
		]
	},
	{
		"Index": 44,
		"JPN": [
			"だよな？<BREAK>ハラがへってただけ<CMD>ff8127000080</CMD>",
			"\f"
		]
	},
	{
		"Index": 50,
		"JPN": [
			"<CMD>18802700729b27000180</CMD><CMD>17802700729b2700ad802700068027000280</CMD><CMD>16802700729b27005581</CMD>なぁ　<CMD>f481</CMD><BREAK>そろそろ　{時間|じかん}が<BREAK>おそくなってきたけど…",
			"<CMD>18802700729b27000080</CMD><CMD>17802700729b2700b28027000a8027000180</CMD><CMD>16802700729b27006981</CMD>もうちょっとだけ<BREAK>{話|はな}していかないか？",
			"<CMD>128027000180</CMD>",
			"\f"
		]
	},
	{
		"Index": 51,
		"JPN": [
			"<CMD>3780</CMD>",
			"そうだね<CMD>128027000180</CMD>",
			"そろそろ<CMD>128027000280</CMD>",
			"\f"
		]
	},
	{
		"Index": 52,
		"JPN": [
			"<CMD>18802700729b27000180</CMD><CMD>17802700729b2700ad802700068027000280</CMD><CMD>16802700729b27005581</CMD>そうこなくっちゃ！<BREAK>まだまだ{話|はな}し{足|た}りない<CMD>ff8127000280</CMD>",
			"\f"
		]
	},
	{
		"Index": 53,
		"JPN": [
			"<CMD>18802700729b27000180</CMD><CMD>17802700729b2700ad802700068027000280</CMD><CMD>16802700729b27005581</CMD>そう<CMD>ff8127000180</CMD><BREAK>んじゃ<BREAK>{場所|ばしょ}を{変|か}えよう<CMD>ff8127000580</CMD>",
			"\f"
		]
	},
	{
		"Index": 54,
		"JPN": [
			"<CMD>18802700729b27000080</CMD><CMD>17802700729b2700b28027000a8027000180</CMD><CMD>16802700729b27006981</CMD>なぁ　<CMD>f481</CMD><BREAK>{２人が付き合い|ふたりがつきあい}はじめた<BREAK>{時|とき}のこと　おぼえてる？",
			"<CMD>18802700729b27000580</CMD><CMD>17802700729b2700638027000a8027000280</CMD><CMD>16802700729b27002f81</CMD>じつは　あの{時|とき}<BREAK>もう　イタズラしないから<BREAK>お{願|ねが}いしますって…",
			"{前|まえ}の{日|ひ}の{夜|よる}<BREAK>ここにきて　あのデカイ{星|ほし}に<BREAK>たのんだ<CMD>ff8127000280</CMD>",
			"だから　{今度|こんど}<BREAK>あやまりに{行|い}かないと<BREAK>いけないって{思|おも}ってる<CMD>ff8127000280</CMD>",
			"<CMD>18802700729b27000180</CMD><CMD>17802700729b2700ad802700068027000280</CMD><CMD>16802700729b27005581</CMD>ありがとな　でも<BREAK>イタズラはやめませんって…",
			"\f"
		]
	},
	{
		"Index": 60,
		"JPN": [
			"なぁ<CMD>f481</CMD>　そろそろ<BREAK>{暗|くら}くなりそうだけど…",
			"<CMD>18802700729b27000080</CMD><CMD>17802700729b2700b28027000a8027000180</CMD><CMD>16802700729b27006981</CMD>もうちょっとだけ<BREAK>{話|はな}していかないか？",
			"<CMD>128027000180</CMD>",
			"\f"
		]
	},
	{
		"Index": 61,
		"JPN": [
			"<CMD>3780</CMD>",
			"そうだね<CMD>128027000180</CMD>",
			"そろそろ<CMD>128027000280</CMD>",
			"\f"
		]
	},
	{
		"Index": 62,
		"JPN": [
			"<CMD>18802700729b27000180</CMD><CMD>17802700729b2700ad802700068027000280</CMD><CMD>16802700729b27005581</CMD>そうこなくっちゃ！<BREAK>まだまだ{話|はな}し{足|た}りない<CMD>ff8127000280</CMD>",
			"\f"
		]
	},
	{
		"Index": 63,
		"JPN": [
			"<CMD>18802700729b27000180</CMD><CMD>17802700729b2700ad802700068027000280</CMD><CMD>16802700729b27005581</CMD>そう<CMD>ff8127000180</CMD><BREAK>んじゃ<BREAK>{場所|ばしょ}を{変|か}えよう<CMD>ff8127000580</CMD>",
			"\f"
		]
	},
	{
		"Index": 64,
		"JPN": [
			"<CMD>18802700729b27000080</CMD><CMD>17802700729b2700b28027000a8027000180</CMD><CMD>16802700729b27006981</CMD>なぁ<CMD>f481</CMD><BREAK><CMD>008027000580</CMD>{恋人|こいびと}みさき<CMD>008027000180</CMD>のでんせつって<BREAK>{知|し}ってる<CMD>ff8127000380</CMD>？",
			"<CMD>18802700729b27000180</CMD><CMD>17802700729b270001802700048027000180</CMD><CMD>16802700729b27004181</CMD>ここでデートしたカップルって<BREAK>いつまでも　{仲良|なかよ}し<BREAK>なんだってさ",
			"<CMD>18802700729b27000080</CMD><CMD>17802700729b2700b28027000a8027000180</CMD><CMD>16802700729b27006981</CMD>デートってのは<BREAK>いっしょに{遊|あそ}ぶことだろ？",
			"<CMD>18802700729b27000180</CMD><CMD>17802700729b270001802700048027000180</CMD><CMD>16802700729b27004181</CMD>ってことは　<CMD>028227000080</CMD>たち<BREAK>ずっと{仲良|なかよ}しってことで<BREAK>{決|き}まり<CMD>ff8127000080</CMD>",
			"\f"
		]
	},
	{
		"Index": 70,
		"JPN": [
			"なぁ<CMD>f481</CMD>　おべんとうも<BREAK>{食|た}べおわったけど…",
			"<CMD>18802700729b27000080</CMD><CMD>17802700729b2700b28027000a8027000180</CMD><CMD>16802700729b27006981</CMD>もうちょっとだけ<BREAK>{話|はな}していかないか？",
			"<CMD>128027000180</CMD>",
			"\f"
		]
	},
	{
		"Index": 71,
		"JPN": [
			"<CMD>3780</CMD>",
			"そうだね<CMD>128027000180</CMD>",
			"そろそろ<CMD>128027000280</CMD>",
			"\f"
		]
	},
	{
		"Index": 72,
		"JPN": [
			"<CMD>18802700729b27000180</CMD><CMD>17802700729b2700ad802700068027000280</CMD><CMD>16802700729b27005581</CMD>そうこなくっちゃ！<BREAK>まだまだ{話|はな}し{足|た}りない<CMD>ff8127000280</CMD>",
			"\f"
		]
	},
	{
		"Index": 73,
		"JPN": [
			"<CMD>18802700729b27000180</CMD><CMD>17802700729b2700ad802700068027000280</CMD><CMD>16802700729b27005581</CMD>そう<CMD>ff8127000180</CMD><BREAK>んじゃ<BREAK>{場所|ばしょ}を{変|か}えよう<CMD>ff8127000580</CMD>",
			"\f"
		]
	},
	{
		"Index": 74,
		"JPN": [
			"なぁ<CMD>f481</CMD><BREAK>ありえない{話|はなし}だけど…",
			"もし　<CMD>008027000380</CMD>マッハさん<CMD>008027000180</CMD>が<BREAK><CMD>028227000080</CMD>たちを　ここに<BREAK>つれてきたことを",
			"<CMD>18802700729b27000080</CMD><CMD>17802700729b2700b28027000a8027000180</CMD><CMD>16802700729b27006981</CMD>{忘|わす}れちゃってたら<BREAK>どうする<CMD>ff8127000380</CMD>？",
			"\f"
		]
	},
	{
		"Index": 77,
		"JPN": [
			"<CMD>18802700729b27000180</CMD><CMD>17802700729b270001802700048027000180</CMD><CMD>16802700729b27004181</CMD><CMD>028227000080</CMD>は　ちょっとだけ<BREAK>うれしい<CMD>ff8127000280</CMD>",
			"<CMD>18802700729b27000580</CMD><CMD>17802700729b2700aa8027000a8027000180</CMD><CMD>16802700729b27002d81</CMD>あーいや<BREAK>ウソウソ…<BREAK>{気|き}にしないで<CMD>ff8127000480</CMD>",
			"\f"
		]
	},
	{
		"Index": 80,
		"JPN": [
			"<CMD>18802700729b27000180</CMD><CMD>17802700729b2700ad802700068027000280</CMD><CMD>16802700729b27005581</CMD><CMD>f481</CMD><BREAK>ちょっと{寄|よ}っていこうよ",
			"\f"
		]
	},
	{
		"Index": 81,
		"JPN": [
			"<CMD>18802700729b27000180</CMD><CMD>17802700729b2700ad802700068027000280</CMD><CMD>16802700729b27005581</CMD><CMD>f481</CMD>！<BREAK>こっちおいでよ！",
			"\f"
		]
	},
	{
		"Index": 82,
		"JPN": [
			"<CMD>18802700729b27000180</CMD><CMD>17802700729b2700ad802700068027000280</CMD><CMD>16802700729b27005581</CMD><CMD>f481</CMD>！<BREAK>こっちおいでよ！",
			"\f"
		]
	},
	{
		"Index": 83,
		"JPN": [
			"<CMD>18802700729b27000180</CMD><CMD>17802700729b2700ad802700068027000280</CMD><CMD>16802700729b27005581</CMD><CMD>f481</CMD>！<BREAK>こっちおいでよ！",
			"\f"
		]
	}
]