[
	{
		"Index": 0,
		"JPN": [
			"ねえ　どうしたの？",
			"<CMD>138027003d8f</CMD>",
			"\f"
		]
	},
	{
		"Index": 1,
		"JPN": [
			"<CMD>3780</CMD>",
			"またね<CMD>138027003e8f</CMD>",
			"なんでもない<CMD>138027003f8f</CMD>",
			"\f"
		]
	},
	{
		"Index": 2,
		"JPN": [
			"それじゃあ<BREAK><CMD>008027000880</CMD>しばらく　ここで{遊|あそ}んでるから<CMD>008027000180</CMD><BREAK>{気|き}がむいたらさそって<CMD>ff8127000480</CMD>！<CMD>4f80</CMD>",
			"\f"
		]
	},
	{
		"Index": 3,
		"JPN": [
			"そうか？<BREAK>じゃあ　どうする<CMD>ff8127000380</CMD>？<CMD>4f80</CMD>",
			"\f"
		]
	},
	{
		"Index": 10,
		"JPN": [
			"どうしたの？",
			"<CMD>13802700478f</CMD>",
			"\f"
		]
	},
	{
		"Index": 11,
		"JPN": [
			"<CMD>3780</CMD>",
			"またね<CMD>13802700488f</CMD>",
			"なんでもない<CMD>13802700498f</CMD>",
			"\f"
		]
	},
	{
		"Index": 12,
		"JPN": [
			"それじゃあ　<CMD>008027000880</CMD>しばらく　ここで<BREAK>{遊|あそ}んでる<CMD>008027000180</CMD><CMD>ff8127000580</CMD><CMD>4f80</CMD>",
			"\f"
		]
	},
	{
		"Index": 13,
		"JPN": [
			"そうか…<CMD>4f80</CMD>",
			"\f"
		]
	},
	{
		"Index": 70,
		"JPN": [
			"<CMD>18802700729b27000780</CMD><CMD>17802700729b2700b18027000a8027000180</CMD>あっ　ゴメン<BREAK><CMD>028227000080</CMD>　じっくり{見|み}たいものが<BREAK>あるからさ",
			"１かいに　いるよ<BREAK>あとで　また{会|あ}おう",
			"\f"
		]
	},
	{
		"Index": 71,
		"JPN": [
			"<CMD>18802700729b27000780</CMD><CMD>17802700729b2700b18027000a8027000180</CMD>あっ　ゴメン<BREAK>{用事|ようじ}を{思|おも}い{出|だ}した<CMD>ff8127000280</CMD><BREAK>べ　べつに…",
			"コワイからじゃない<CMD>ff8127000280</CMD>",
			"\f"
		]
	},
	{
		"Index": 72,
		"JPN": [
			"<CMD>18802700729b27000780</CMD><CMD>17802700729b2700b18027000a8027000180</CMD>あっ　ゴメン<BREAK>{用事|ようじ}を{思|おも}い{出|だ}した<CMD>ff8127000280</CMD><BREAK>わるいけど　またあとでな",
			"\f"
		]
	},
	{
		"Index": 87,
		"JPN": [
			"<CMD>028227000080</CMD>も　いっしょに<BREAK>{行|い}きたい<CMD>ff8127000280</CMD>",
			"{付|つ}いていってもいいかい？",
			"<CMD>13802700948f</CMD>",
			"\f"
		]
	},
	{
		"Index": 88,
		"JPN": [
			"<CMD>3780</CMD>",
			"いいよ<CMD>13802700958f</CMD>",
			"またね<CMD>13802700968f</CMD>",
			"\f"
		]
	},
	{
		"Index": 89,
		"JPN": [
			"<CMD>18802700729b27000180</CMD><CMD>17802700729b2700ad802700068027000280</CMD><CMD>16802700729b27005581</CMD>そうだよね！<BREAK>いっしょにいるべき<CMD>ff8127000080</CMD>！",
			"それじゃあ<BREAK>{早|はや}く{行|い}こうか！<CMD>4a80</CMD>",
			"\f"
		]
	},
	{
		"Index": 90,
		"JPN": [
			"<CMD>18802700729b27000480</CMD><CMD>17802700729b2700ab8027000a8027000180</CMD><CMD>16802700729b27007f81</CMD>そう…<BREAK>なんだか　つまらないな",
			"こんどは<BREAK>かならず{遊|あそ}ぼうね！",
			"\f"
		]
	},
	{
		"Index": 96,
		"JPN": [
			"だったら　<CMD>028227000080</CMD>は<BREAK>お{店|みせ}で{待|ま}ってる<CMD>ff8127000280</CMD>",
			"\f"
		]
	},
	{
		"Index": 97,
		"JPN": [
			"{何|なに}か　{用事|ようじ}がある<CMD>ff8127000380</CMD>？<BREAK>なら　{行|い}って<CMD>ff8127000480</CMD><BREAK>{海岸|かいがん}で{待|ま}ってる<CMD>ff8127000280</CMD>",
			"\f"
		]
	},
	{
		"Index": 98,
		"JPN": [
			"<CMD>18802700729b27000180</CMD><CMD>17802700729b2700ad802700068027000280</CMD><CMD>16802700729b27005581</CMD>{用事|ようじ}は{済|す}んだのかい？<BREAK>だったら　いっしょに<BREAK>{遊|あそ}びに{行|い}こうよ！<CMD>4a80</CMD>",
			"\f"
		]
	},
	{
		"Index": 99,
		"JPN": [
			"なにか　{用事|ようじ}があるの？<BREAK>だったら　この{辺|へん}で{待|ま}ってるから<BREAK>{行|い}ってきなよ！",
			"\f"
		]
	}
]