[
	{
		"Index": 0,
		"JPN": [
			"<CMD>028227000080</CMD>は<BREAK>{夜|よる}の{海|うみ}って{好|す}き<CMD>ff8127000080</CMD><BREAK>とくに{波|なみ}の{音|おと}がいい",
			"こうして　{星明|ほしあ}かりの{下|した}で<BREAK>しずかに{耳|みみ}をかたむけると<BREAK>{心|こころ}が{落|お}ちつく<CMD>ff8127000280</CMD>",
			"\f"
		]
	},
	{
		"Index": 1,
		"JPN": [
			"{本当|ほんとう}にキレイな{夕日|ゆうひ}<CMD>ff8127000080</CMD><BREAK>もえるようなオレンジ{色|いろ}で<BREAK>{海|うみ}もキラキラしてて…",
			"まるで{宝石|ほうせき}みたい<CMD>ff8127000080</CMD><BREAK>{大|おお}きくてまっ{赤|か}なルビーと<BREAK>たくさんの{小|ちい}さなダイヤ！",
			"あれを{売|う}ったら<BREAK>{大|おお}もうけできそう<CMD>ff8127000080</CMD>",
			"\f"
		]
	},
	{
		"Index": 2,
		"JPN": [
			"<CMD>18802700729b27000180</CMD><CMD>17802700729b2700ad802700068027000280</CMD><CMD>16802700729b27005581</CMD><CMD>18802700729b27000180</CMD><CMD>17802700729b2700ad802700068027000280</CMD><CMD>16802700729b27005581</CMD>{天気|てんき}がよくて　ぜっこうの<BREAK>お{出|で}かけ{日和|びより}<CMD>ff8127000080</CMD>！<BREAK>{来|き}てよかった<CMD>ff8127000580</CMD>",
			"{海|うみ}もキレイだし<BREAK>{波打|なみう}ちぎわをサンポするのも<BREAK>いいかもしれない<CMD>ff8127000280</CMD>",
			"\f"
		]
	},
	{
		"Index": 3,
		"JPN": [
			"ふうん　ここが<BREAK><CMD>f481</CMD>の{店|みせ}？<BREAK>ふうーん　そう…",
			"なんというか　いかにも<BREAK>ふつうの{店|みせ}っぽいけれど<BREAK>センスのよさはある<CMD>ff8127000280</CMD>",
			"じゃあ　<CMD>f481</CMD>の<BREAK>オススメを{出|だ}して<CMD>ff8127000480</CMD><BREAK><CMD>028227000080</CMD>が{味見|あじみ}してあげる",
			"\f"
		]
	},
	{
		"Index": 6,
		"JPN": [
			"きれいな{貝|かい}がらなんか<BREAK>ひろえたら<BREAK>きねんになる<CMD>ff8127000280</CMD>",
			"\f"
		]
	},
	{
		"Index": 7,
		"JPN": [
			"<CMD>18802700729b27000080</CMD><CMD>17802700729b2700b28027000a8027000180</CMD><CMD>16802700729b27006981</CMD>…<CMD>f481</CMD>　もしかして<BREAK><CMD>028227000080</CMD>らしくないって<BREAK>{思|おも}ったりしてる<CMD>ff8127000380</CMD>？",
			"<CMD>028227000080</CMD>だって<BREAK>いつもいつもしゃべってばかり<BREAK>とは　かぎらない<CMD>ff8127000280</CMD>",
			"\f"
		]
	},
	{
		"Index": 10,
		"JPN": [
			"{多分|たぶん}　こういうすばらしい<BREAK>ひとときをすごせるのは<BREAK>えらばれた{者|もの}だけ<CMD>ff8127000080</CMD>",
			"<CMD>18802700729b27000080</CMD><CMD>17802700729b2700b28027000a8027000180</CMD><CMD>16802700729b27006981</CMD><CMD>028227000080</CMD>と　それと<BREAK><CMD>f481</CMD>の{２人|ふたり}ぐらい<BREAK>そうは{思|おも}わない<CMD>ff8127000380</CMD>？",
			"<CMD>128027000180</CMD>",
			"\f"
		]
	},
	{
		"Index": 11,
		"JPN": [
			"<CMD>378027000180</CMD>",
			"そうだよね！<CMD>128027000180</CMD>",
			"そうかなあ<CMD>128027000280</CMD>",
			"{思|おも}わない<CMD>12802700ffff</CMD>",
			"\f"
		]
	},
	{
		"Index": 12,
		"JPN": [
			"<CMD>18802700729b27000180</CMD><CMD>17802700729b270001802700048027000180</CMD><CMD>16802700729b27004181</CMD>やっぱりそう{思|おも}う<CMD>ff8127000180</CMD>！？<BREAK>さすが　<CMD>f481</CMD><BREAK>ちゃんとリカイしてるね！",
			"<CMD>18802700729b27000180</CMD><CMD>17802700729b270001802700048027000180</CMD><CMD>16802700729b27004181</CMD>よかった<BREAK><CMD>f481</CMD>とわかりあえて<BREAK><CMD>028227000080</CMD>うれしい<CMD>ff8127000280</CMD>",
			"\f"
		]
	},
	{
		"Index": 13,
		"JPN": [
			"そう<CMD>ff8127000180</CMD><BREAK><CMD>f481</CMD>はまだちょっと<BREAK>わかってないみたい<CMD>ff8127000080</CMD>",
			"<CMD>028227000080</CMD>のよさってものが…<BREAK>でも　だいじょうぶ<CMD>ff8127000080</CMD>",
			"これから<CMD>028227000080</CMD>が<BREAK>{教|おし}えてあげる<CMD>ff8127000280</CMD>",
			"\f"
		]
	},
	{
		"Index": 14,
		"JPN": [
			"その{答|こたえ}は<BREAK>ちょっとザンネン<CMD>ff8127000080</CMD>",
			"<CMD>f481</CMD>はもう{少|すこ}し<BREAK><CMD>028227000080</CMD>とつき{合|あ}える{幸|しあわ}せを<BREAK>リカイするべき<CMD>ff8127000080</CMD>",
			"\f"
		]
	},
	{
		"Index": 15,
		"JPN": [
			"<CMD>18802700729b27000180</CMD><CMD>17802700729b270001802700048027000180</CMD><CMD>16802700729b27004181</CMD>…そっか　よく{考|かんが}えたら<BREAK><CMD>028227000080</CMD>たちの{幸|しあわ}せは<BREAK>まだこんなもんじゃない<CMD>ff8127000280</CMD>",
			"このぐらいの{幸|しあわ}せじゃ<BREAK>マンゾクできない…<BREAK>そういうコト<CMD>ff8127000180</CMD>？",
			"さすが　<CMD>f481</CMD><BREAK>いいコトを{言|い}う<CMD>ff8127000280</CMD>",
			"\f"
		]
	},
	{
		"Index": 20,
		"JPN": [
			"<CMD>f481</CMD>　もし<CMD>028227000080</CMD>が<BREAK>あの{夕日|ゆうひ}みたいに{大|おお}きくて<BREAK>キレイなルビーをみつけたら",
			"<CMD>f481</CMD>に<BREAK>ゆずってあげてもいい<CMD>ff8127000280</CMD>",
			"<CMD>128027000180</CMD>",
			"\f"
		]
	},
	{
		"Index": 21,
		"JPN": [
			"<CMD>378027000180</CMD>",
			"うれしい！<CMD>128027000180</CMD>",
			"ありがとう<CMD>128027000280</CMD>",
			"{本当|ほんとう}？<CMD>12802700ffff</CMD>",
			"\f"
		]
	},
	{
		"Index": 22,
		"JPN": [
			"<CMD>18802700729b27000180</CMD><CMD>17802700729b270001802700048027000180</CMD><CMD>16802700729b27004181</CMD><CMD>18802700729b27000180</CMD><CMD>17802700729b2700ad802700068027000280</CMD><CMD>16802700729b27005581</CMD>そんなふうに<BREAK>すなおによろこんでもらえると<BREAK><CMD>028227000080</CMD>もうれしい<CMD>ff8127000280</CMD>",
			"じゃあ　もし{見|み}つけたら<BREAK><CMD>f481</CMD>にゆずる<CMD>ff8127000280</CMD>！",
			"\f"
		]
	},
	{
		"Index": 23,
		"JPN": [
			"<CMD>18802700729b27000180</CMD><CMD>17802700729b2700ad802700068027000280</CMD><CMD>16802700729b27005581</CMD>{本気|ほんき}にした<CMD>ff8127000180</CMD>？<BREAK>もし{見|み}つけたら　の{話|はなし}<CMD>ff8127000080</CMD>",
			"あんまり　{期待|きたい}しないで<BREAK>{待|ま}って<CMD>ff8127000480</CMD>",
			"\f"
		]
	},
	{
		"Index": 24,
		"JPN": [
			"…と{思|おも}ったけど<BREAK>やっぱり　ただはダメ<CMD>ff8127000080</CMD><BREAK>カクヤスでゆずる<CMD>ff8127000280</CMD>",
			"\f"
		]
	},
	{
		"Index": 25,
		"JPN": [
			"<CMD>18802700729b27000180</CMD><CMD>17802700729b270001802700048027000180</CMD><CMD>16802700729b27004181</CMD>ウソっぽく<BREAK>{聞|き}こえるかもしれないけど…",
			"{本当|ほんとう}<CMD>ff8127000080</CMD><BREAK><CMD>028227000080</CMD>は{本気|ほんき}<CMD>ff8127000080</CMD>",
			"<CMD>18802700729b27000180</CMD><CMD>17802700729b270001802700048027000180</CMD><CMD>16802700729b27004181</CMD>もし{見|み}つけたら<BREAK>かならず　<CMD>f481</CMD>に<BREAK>プレゼントする<CMD>ff8127000280</CMD>",
			"\f"
		]
	},
	{
		"Index": 30,
		"JPN": [
			"もしかしたら<BREAK>すっごい　{宝物|たからもの}が<BREAK>{流|なが}れ{着|つ}いてるかも…",
			"<CMD>f481</CMD><BREAK>{行|い}ってみよう<CMD>ff8127000580</CMD>！",
			"<CMD>128027000180</CMD>",
			"\f"
		]
	},
	{
		"Index": 31,
		"JPN": [
			"<CMD>378027000180</CMD>",
			"{早|はや}く{行|い}こう！<CMD>128027000180</CMD>",
			"いいよ<CMD>128027000280</CMD>",
			"ここでいい<CMD>12802700ffff</CMD>",
			"\f"
		]
	},
	{
		"Index": 32,
		"JPN": [
			"<CMD>18802700729b27000180</CMD><CMD>17802700729b270001802700048027000180</CMD><CMD>16802700729b27004181</CMD><CMD>f481</CMD>なら　そう{言|い}って<BREAK>くれると{思|おも}ってた<CMD>ff8127000280</CMD>！<BREAK>じゃあ　{行|い}こう<CMD>ff8127000580</CMD>！",
			"\f"
		]
	},
	{
		"Index": 33,
		"JPN": [
			"<CMD>18802700729b27000180</CMD><CMD>17802700729b2700ad802700068027000280</CMD><CMD>16802700729b27005581</CMD>よし　そうと{決|き}まったら<BREAK>ぜんは{急|いそ}げ<CMD>ff8127000080</CMD>！<BREAK>じゃあ　{行|い}こう<CMD>ff8127000580</CMD>",
			"\f"
		]
	},
	{
		"Index": 34,
		"JPN": [
			"{話|はなし}なんて<BREAK>{歩|ある}きながらでもできる<CMD>ff8127000280</CMD><BREAK>ほら　{早|はや}く{行|い}こう<CMD>ff8127000580</CMD>",
			"\f"
		]
	},
	{
		"Index": 35,
		"JPN": [
			"<CMD>18802700729b27000180</CMD><CMD>17802700729b270001802700048027000180</CMD><CMD>16802700729b27004181</CMD>う　うん…<BREAK>まあ　たまには…<BREAK>それもいい<CMD>ff8127000280</CMD>…",
			"<CMD>18802700729b27000180</CMD><CMD>17802700729b270001802700048027000180</CMD><CMD>16802700729b27004181</CMD>ステキなけしきを{見|み}ながら<BREAK><CMD>f481</CMD>と<BREAK>のんびりすごすのも…",
			"\f"
		]
	},
	{
		"Index": 40,
		"JPN": [
			"<CMD>1880270078a027000180</CMD><CMD>1680270078a027005581</CMD>うん　おいしかった！<BREAK>すなおに　おいしい<CMD>ff8127000280</CMD>",
			"<CMD>028227000080</CMD>が<BREAK>こんなすなおにほめたくなる<BREAK>{気持|きもち}ちになるなんて…",
			"<CMD>1880270078a027000080</CMD><CMD>1680270078a027006981</CMD>{自分|じぶん}で{言|い}うのもなんだけど<BREAK>めずらしくない<CMD>ff8127000380</CMD>？",
			"<CMD>1680270078a027006981</CMD>どうして？<BREAK>ねぇ　{教|おし}えて<CMD>ff8127000480</CMD>",
			"<CMD>128027000180</CMD>",
			"\f"
		]
	},
	{
		"Index": 41,
		"JPN": [
			"<CMD>378027000180</CMD>",
			"{２人|ふたり}だから<CMD>128027000180</CMD>",
			"そざいがいいから<CMD>128027000280</CMD>",
			"{店|みせ}がいいから<CMD>128027000380</CMD>",
			"\f"
		]
	},
	{
		"Index": 42,
		"JPN": [
			"<CMD>1880270078a027000180</CMD><CMD>1680270078a027004181</CMD>なるほど！！　<BREAK>いつもなら{１人|ひとり}で<BREAK>{食|た}べるところだったけれど",
			"<CMD>1880270078a027000080</CMD><CMD>1680270078a027006981</CMD>{今日|きょう}は<BREAK><CMD>f481</CMD>といっしょだから<BREAK>おいしかった<CMD>ff8127000380</CMD>？",
			"<CMD>1880270078a027000180</CMD><CMD>1680270078a027004181</CMD>こんないいことを<BREAK>タダで{教|おし}えてくれるなんて<BREAK><CMD>f481</CMD>はステキ<CMD>ff8127000080</CMD>",
			"\f"
		]
	},
	{
		"Index": 43,
		"JPN": [
			"<CMD>1880270078a027000180</CMD><CMD>1680270078a027005581</CMD>なるほど<BREAK>ナットクできる<CMD>ff8127000280</CMD>",
			"そざいの{大事|だいじ}さがわかるなんて<BREAK>ここは　いい{店|みせ}<CMD>ff8127000080</CMD>",
			"\f"
		]
	},
	{
		"Index": 44,
		"JPN": [
			"ま　まっ…<BREAK>そう<CMD>ff8127000080</CMD>",
			"{今日|きょう}のところは<BREAK>みとめてやる<CMD>ff8127000280</CMD>",
			"\f"
		]
	},
	{
		"Index": 50,
		"JPN": [
			"だいぶおそい{時間|じかん}に<BREAK>なっちゃった<CMD>ff8127000280</CMD>",
			"そろそろ{帰|かえ}らないと　{明日|あした}<BREAK>{学校|がっこう}でいねむりしちゃう",
			"<CMD>18802700729b27000080</CMD><CMD>17802700729b2700b28027000a8027000180</CMD><CMD>16802700729b27006981</CMD>でも…　<CMD>f481</CMD><BREAK>もう{少|すこ}しだけ　いい<CMD>ff8127000180</CMD>？",
			"<CMD>128027000180</CMD>",
			"\f"
		]
	},
	{
		"Index": 51,
		"JPN": [
			"<CMD>3780</CMD>",
			"いいよ<CMD>128027000180</CMD>",
			"もどろうよ<CMD>128027000280</CMD>",
			"\f"
		]
	},
	{
		"Index": 52,
		"JPN": [
			"<CMD>18802700729b27000180</CMD><CMD>17802700729b2700ad802700068027000280</CMD><CMD>16802700729b27005581</CMD>ありがとう　<CMD>f481</CMD>！<BREAK><CMD>028227000080</CMD>　うれしい<CMD>ff8127000280</CMD>",
			"\f"
		]
	},
	{
		"Index": 53,
		"JPN": [
			"そうだね<BREAK>じゃあ　もどろう",
			"\f"
		]
	},
	{
		"Index": 54,
		"JPN": [
			"<CMD>028227000080</CMD>はトクベツだから<BREAK>{人|ひと}のカチがよく<BREAK>わかってるつもり<CMD>ff8127000080</CMD>",
			"つまり…<BREAK>そん　とくで　{人|ひと}づきあいを<BREAK>してる<CMD>ff8127000280</CMD>",
			"<CMD>18802700729b27000180</CMD><CMD>17802700729b270001802700048027000180</CMD><CMD>16802700729b27004181</CMD>だけど…　さいきん<BREAK>それが{全|すべ}てじゃない　って…<BREAK>{気|き}がしてきちゃった<CMD>ff8127000280</CMD>",
			"\f"
		]
	},
	{
		"Index": 60,
		"JPN": [
			"そろそろ{暗|くら}くなる<CMD>ff8127000280</CMD><BREAK>{帰|かえ}らないとね",
			"<CMD>18802700729b27000080</CMD><CMD>17802700729b2700b28027000a8027000180</CMD><CMD>16802700729b27006981</CMD>でも…　<CMD>f481</CMD><BREAK>もう{少|すこ}しだけ　いい<CMD>ff8127000180</CMD>？",
			"<CMD>128027000180</CMD>",
			"\f"
		]
	},
	{
		"Index": 61,
		"JPN": [
			"<CMD>3780</CMD>",
			"いいよ<CMD>128027000180</CMD>",
			"もどろうよ<CMD>128027000280</CMD>",
			"\f"
		]
	},
	{
		"Index": 62,
		"JPN": [
			"<CMD>18802700729b27000180</CMD><CMD>17802700729b2700ad802700068027000280</CMD><CMD>16802700729b27005581</CMD>ありがとう　<CMD>f481</CMD>！<BREAK><CMD>028227000080</CMD>　うれしい<CMD>ff8127000280</CMD>",
			"\f"
		]
	},
	{
		"Index": 63,
		"JPN": [
			"そうだね<BREAK>じゃあ　もどろう",
			"\f"
		]
	},
	{
		"Index": 64,
		"JPN": [
			"わらわないで{聞|き}いて<CMD>ff8127000480</CMD><BREAK><CMD>028227000080</CMD>には<BREAK>ゆめがある<CMD>ff8127000280</CMD>",
			"<CMD>028227000080</CMD>は　いつか<BREAK>{世界一|せかいいち}になる！",
			"なんの{世界一|せかいいち}かは<BREAK>わからないけど…<BREAK>なんでもいい<CMD>ff8127000280</CMD>",
			"{町|まち}１{番|ばん}なんかでマンゾクしない<BREAK>いつか　かならず<BREAK>{世界|せかい}で{勝負|しょうぶ}する<CMD>ff8127000280</CMD>！",
			"そのときは…<BREAK><CMD>f481</CMD>もいっしょに<BREAK>いてくれたら…",
			"<CMD>18802700729b27000180</CMD><CMD>17802700729b270001802700048027000180</CMD><CMD>16802700729b27004181</CMD>なんていうか<BREAK>その…<BREAK>ほんの{少|すこ}し　うれしい<CMD>ff8127000280</CMD>",
			"\f"
		]
	},
	{
		"Index": 70,
		"JPN": [
			"<CMD>18802700729b27000180</CMD><CMD>17802700729b2700ad802700068027000280</CMD><CMD>16802700729b27005581</CMD>ふう　きれいなけしきに<BREAK>{楽|たの}しいおしゃべり<BREAK>いい{時間|じかん}だった<CMD>ff8127000280</CMD>！",
			"<CMD>18802700729b27000080</CMD><CMD>17802700729b2700b28027000a8027000180</CMD><CMD>16802700729b27006981</CMD>…あのさ　<CMD>f481</CMD><BREAK>そろそろ{帰|かえ}る{時間|じかん}だけど<BREAK>もう{少|すこ}しだけ　いい<CMD>ff8127000180</CMD>？",
			"<CMD>128027000180</CMD>",
			"\f"
		]
	},
	{
		"Index": 71,
		"JPN": [
			"<CMD>3780</CMD>",
			"いいよ<CMD>128027000180</CMD>",
			"もどろうよ<CMD>128027000280</CMD>",
			"\f"
		]
	},
	{
		"Index": 72,
		"JPN": [
			"<CMD>18802700729b27000180</CMD><CMD>17802700729b2700ad802700068027000280</CMD><CMD>16802700729b27005581</CMD>ありがとう　<CMD>f481</CMD>！<BREAK><CMD>028227000080</CMD>　うれしい<CMD>ff8127000280</CMD>",
			"\f"
		]
	},
	{
		"Index": 73,
		"JPN": [
			"そうだね<BREAK>じゃあ　もどろう",
			"\f"
		]
	},
	{
		"Index": 74,
		"JPN": [
			"{実|じつ}はね　<CMD>f481</CMD><BREAK>ここに{来|き}たとき　<CMD>028227000080</CMD><BREAK>こう{思|おも}った<CMD>ff8127000280</CMD>",
			"<CMD>18802700729b27000180</CMD><CMD>17802700729b2700ad802700068027000280</CMD><CMD>16802700729b27005581</CMD>こんなステキなところに<BREAK>いつかベッソウを{建|た}てたい！<BREAK>…って",
			"オシャレなベッソウに<BREAK>きれいなけしき<BREAK>サイコーまちがいなし<CMD>ff8127000080</CMD>",
			"\f"
		]
	},
	{
		"Index": 77,
		"JPN": [
			"<CMD>18802700729b27000180</CMD><CMD>17802700729b270001802700048027000180</CMD><CMD>16802700729b27004181</CMD>もちろん　<CMD>f481</CMD>は<BREAK>そのベッソウの<BREAK>さいしょのお{客|きゃく}<CMD>ff8127000080</CMD>",
			"ぜひ　{来|き}て<CMD>ff8127000480</CMD>？",
			"\f"
		]
	},
	{
		"Index": 80,
		"JPN": [
			"<CMD>18802700729b27000180</CMD><CMD>17802700729b2700ad802700068027000280</CMD><CMD>16802700729b27005581</CMD><CMD>f481</CMD><BREAK>ちょっと{寄|よ}っていこうよ",
			"\f"
		]
	},
	{
		"Index": 81,
		"JPN": [
			"<CMD>18802700729b27000180</CMD><CMD>17802700729b2700ad802700068027000280</CMD><CMD>16802700729b27005581</CMD><CMD>f481</CMD>！<BREAK>こっちおいでよ！",
			"\f"
		]
	},
	{
		"Index": 82,
		"JPN": [
			"<CMD>18802700729b27000180</CMD><CMD>17802700729b2700ad802700068027000280</CMD><CMD>16802700729b27005581</CMD><CMD>f481</CMD>！<BREAK>こっちおいでよ！",
			"\f"
		]
	},
	{
		"Index": 83,
		"JPN": [
			"<CMD>18802700729b27000180</CMD><CMD>17802700729b2700ad802700068027000280</CMD><CMD>16802700729b27005581</CMD><CMD>f481</CMD>！<BREAK>こっちおいでよ！",
			"\f"
		]
	}
]