[
	{
		"Index": 0,
		"JPN": [
			"<CMD>18802700729b27000780</CMD><CMD>17802700729b2700b18027000a8027000180</CMD>あれ？<BREAK>そろそろ{行|い}かないと<BREAK>いけない<CMD>ff8127000280</CMD>",
			"<CMD>028227000080</CMD>も　<BREAK>イロイロある<CMD>ff8127000280</CMD>",
			"そういうわけで　また{後|あと}<CMD>ff8127000080</CMD><BREAK>バイバーイ！",
			"\f"
		]
	},
	{
		"Index": 1,
		"JPN": [
			"<CMD>18802700729b27000580</CMD><CMD>17802700729b2700af802700088027000180</CMD><CMD>16802700729b27005681</CMD>へ？　また　<CMD>f481</CMD>？<BREAK>イロイロあるって{言|い}ったろ？<BREAK>{聞|き}こえなかった<CMD>ff8127000380</CMD>",
			"マジ　ホント<BREAK>{後|あと}にしてくれない？<BREAK>ウソつかないからさ",
			"んじゃ　またな！<CMD>618027000b80</CMD>",
			"\f"
		]
	},
	{
		"Index": 2,
		"JPN": [
			"<CMD>18802700729b27000280</CMD><CMD>17802700729b27001c802700088027000480</CMD><CMD>16802700729b27007d81</CMD>あー　もう！<BREAK>いそがしいって　{言|い}ってんだろ！",
			"しつこくすんなって<BREAK>きらわれちゃう<CMD>ff8127000080</CMD>",
			"きらわれたくなかったら<BREAK>すなおになって<CMD>ff8127000480</CMD><BREAK>んじゃ　またな！<CMD>228027000b80</CMD><CMD>618027000b80</CMD>",
			"\f"
		]
	},
	{
		"Index": 20,
		"JPN": [
			"<CMD>18802700729b27000180</CMD><CMD>17802700729b2700ad802700068027000280</CMD><CMD>16802700729b27005581</CMD><CMD>0382</CMD>は　とっても<BREAK>{話|はな}し{上手|じょうず}な{子|こ}だって<BREAK>{街|まち}のヒョウバン<CMD>ff8127000080</CMD>",
			"たしかに　あんなふうに<BREAK>{誰|だれ}とでも{気軽|きがる}に{話|はな}せるのは<BREAK>{大|たい}したモノだね",
			"<CMD>18802700729b27000680</CMD><CMD>17802700729b2700088027000a8027000180</CMD><CMD>16802700729b27007e81</CMD>まあ　{話題|わだい}の{多|おお}さと<BREAK>チシキのホウフさでは<BREAK><CMD>028227000080</CMD>のほうが　{上|うえ}だけどね",
			"\f"
		]
	},
	{
		"Index": 21,
		"JPN": [
			"<CMD>18802700729b27000180</CMD><CMD>17802700729b2700ad802700068027000280</CMD><CMD>16802700729b27005581</CMD><CMD>0382</CMD>は　カシコイって<BREAK>{有名|ゆうめい}だった<CMD>ff8127000280</CMD><BREAK>{街中|まちじゅう}でウワサしてたよ",
			"どんな{質問|しつもん}をされても<BREAK>ちゃんと{答|こた}えられる　って<BREAK>{先生|せんせい}も　ほめてたしね",
			"<CMD>18802700729b27000680</CMD><CMD>17802700729b2700088027000a8027000180</CMD><CMD>16802700729b27007e81</CMD>もしかすると　{街|まち}で{一番|いちばん}<BREAK>{頭|あたま}のいい{子|こ}だったかも<BREAK>もちろん　<CMD>028227000080</CMD>をのぞいてね",
			"\f"
		]
	},
	{
		"Index": 22,
		"JPN": [
			"<CMD>18802700729b27000180</CMD><CMD>17802700729b2700ad802700068027000280</CMD><CMD>16802700729b27005581</CMD><CMD>0382</CMD>は　すっごく<BREAK>{友|とも}だちが{多|おお}い<CMD>ff8127000280</CMD><BREAK>みんなも　そう{言|い}ってたよ",
			"あっちこっちに　{知|し}り{合|あ}いがいて<BREAK>いつも　{楽|たの}しそうに<BREAK>{誰|だれ}かと{話|はな}してたっけ",
			"あんなに{友|とも}だちが{多|おお}くて<BREAK>つかれないのかな？",
			"\f"
		]
	},
	{
		"Index": 23,
		"JPN": [
			"<CMD>18802700729b27000180</CMD><CMD>17802700729b2700ad802700068027000280</CMD><CMD>16802700729b27005581</CMD><CMD>0382</CMD>は　すごくイジワルで<BREAK>{街|まち}でも<BREAK>かなり{有名|ゆうめい}だった<CMD>ff8127000280</CMD>",
			"{人|ひと}のいやがることばっかり<BREAK>{楽|たの}しそうにするんだよ<BREAK>ホント　メイワク<CMD>ff8127000080</CMD>",
			"<CMD>18802700729b27000680</CMD><CMD>17802700729b2700088027000a8027000180</CMD><CMD>16802700729b27007e81</CMD>あの{調子|ちょうし}じゃ<BREAK>リッパな{大人|おとな}にはなれないって<BREAK><CMD>028227000080</CMD>は{思|おも}う<CMD>ff8127000280</CMD>",
			"\f"
		]
	},
	{
		"Index": 24,
		"JPN": [
			"<CMD>18802700729b27000180</CMD><CMD>17802700729b2700ad802700068027000280</CMD><CMD>16802700729b27005581</CMD><CMD>0382</CMD>と<CMD>028227000080</CMD>とは<BREAK>{友|とも}だち{同士|どうし}なんだよ<BREAK>{言|い}わなかった<CMD>ff8127000180</CMD>？",
			"まあ　<CMD>0382</CMD>のことを<BREAK>そんなに{良|よ}く{知|し}ってるワケじゃ<BREAK>ないんだけどね",
			"{知|し}り{合|あ}い{以上|いじょう}<BREAK>しんゆう{未満|みまん}　って<BREAK>ところかな",
			"\f"
		]
	},
	{
		"Index": 25,
		"JPN": [
			"<CMD>18802700729b27000180</CMD><CMD>17802700729b2700ad802700068027000280</CMD><CMD>16802700729b27005581</CMD><CMD>0382</CMD>のことは{良|よ}く{知|し}ってる<BREAK><CMD>0382</CMD>と<CMD>028227000080</CMD>とは<BREAK>{親友同士|しんゆうどうし}<CMD>ff8127000080</CMD>",
			"<CMD>0382</CMD>とは<BREAK>ミエをはったりしないで<BREAK>{何|なん}でも{話|はな}せる<CMD>ff8127000280</CMD>",
			"もちろん　<CMD>0382</CMD>も<BREAK><CMD>028227000080</CMD>のことを<BREAK>そんけいしてくれてたしね",
			"\f"
		]
	},
	{
		"Index": 26,
		"JPN": [
			"<CMD>18802700729b27000780</CMD><CMD>17802700729b2700b18027000a8027000180</CMD><CMD>0382</CMD>と<BREAK><CMD>028227000080</CMD>は<BREAK>{恋人同士|こいびとどうし}<CMD>ff8127000080</CMD>",
			"<CMD>0382</CMD>はとってもカワイイし<BREAK><CMD>028227000080</CMD>にとっては<BREAK>ジマンの{恋人|こいびと}<CMD>ff8127000080</CMD>",
			"きっと{今|いま}ごろ　<CMD>0382</CMD>も<BREAK><CMD>028227000080</CMD>のことを<BREAK>ジマンしてるんじゃないかな？",
			"\f"
		]
	},
	{
		"Index": 28,
		"JPN": [
			"<CMD>18802700729b27000180</CMD><CMD>17802700729b2700ad802700068027000280</CMD><CMD>16802700729b27005581</CMD><CMD>0382</CMD>と<CMD>028227000080</CMD>とは<BREAK>よくベンチに{座|すわ}って<BREAK>いっしょに{話|はなし}をした<CMD>ff8127000280</CMD>",
			"<CMD>028227000080</CMD>のホウフなチシキを<BREAK>{少|すこ}しだけ　<CMD>0382</CMD>に<BREAK>わけてあげてたんだ",
			"<CMD>0382</CMD>は{楽|たの}しかったはずさ<BREAK>まあ　<CMD>028227000080</CMD>も<BREAK>{少|すこ}しは{楽|たの}しかった<CMD>ff8127000280</CMD>",
			"\f"
		]
	},
	{
		"Index": 29,
		"JPN": [
			"<CMD>18802700729b27000180</CMD><CMD>17802700729b2700ad802700068027000280</CMD><CMD>16802700729b27005581</CMD><CMD>0382</CMD>とは<BREAK>{釣|つ}りをすることが<BREAK>{多|おお}かった<CMD>ff8127000280</CMD>",
			"<CMD>028227000080</CMD>は{釣|つ}りについても<BREAK>よく{知|し}ってるからね<BREAK>いろいろ{教|おし}えてあげた<CMD>ff8127000280</CMD>",
			"…どっちが{良|よ}く{釣|つ}れたかって？<BREAK>そんなこと　{聞|き}かなくても<BREAK>わかるよね？",
			"\f"
		]
	},
	{
		"Index": 30,
		"JPN": [
			"<CMD>18802700729b27000180</CMD><CMD>17802700729b2700ad802700068027000280</CMD><CMD>16802700729b27005581</CMD><CMD>0382</CMD>とは　よくいっしょに<BREAK>{虫|むし}をつかまえに{行|い}った<CMD>ff8127000280</CMD>",
			"<CMD>0382</CMD>がつかまえた{虫|むし}を<BREAK><CMD>028227000080</CMD>が{良|よ}くカンサツして<BREAK>ケンキュウした<CMD>ff8127000280</CMD>",
			"…べつに<BREAK>{虫|むし}にさわるのがイヤだっていう<BREAK>わけじゃないからね？",
			"\f"
		]
	},
	{
		"Index": 31,
		"JPN": [
			"<CMD>18802700729b27000180</CMD><CMD>17802700729b2700ad802700068027000280</CMD><CMD>16802700729b27005581</CMD><CMD>0382</CMD>とは　よくいっしょに<BREAK>ほうきに{乗|の}って{出|で}かけた<CMD>ff8127000280</CMD>",
			"<CMD>028227000080</CMD>だって　たまには<BREAK>ほうきで{遠|とお}くまで{出|で}かけて<BREAK>{楽|たの}しむこともあるんだよ",
			"<CMD>18802700729b27000580</CMD><CMD>17802700729b2700aa8027000a8027000180</CMD><CMD>16802700729b27002d81</CMD>{高|たか}いのがこわくて{泣|な}いたり<BREAK>ほうきから{落|お}ちそうになったことは<BREAK>{一度|いちど}もないからね",
			"\f"
		]
	},
	{
		"Index": 32,
		"JPN": [
			"<CMD>18802700729b27000180</CMD><CMD>17802700729b2700ad802700068027000280</CMD><CMD>16802700729b27005581</CMD>よく　<CMD>0382</CMD>といっしょに<BREAK>{買|か}い{物|もの}に<BREAK>{出|で}かけたりした<CMD>ff8127000280</CMD>",
			"{安|やす}いお{店|みせ}を{教|おし}えてあげたり<BREAK>カシコイ{買|か}い{物|もの}のしかたを<BREAK>{教|おし}えてあげたりしたのさ",
			"<CMD>18802700729b27000680</CMD><CMD>17802700729b2700088027000a8027000180</CMD><CMD>16802700729b27007e81</CMD>ん？{知|し}りたい<CMD>ff8127000380</CMD>？<BREAK>それなら　<CMD>028227000080</CMD>に{何|なに}か<BREAK>おごってくれなくっちゃね",
			"\f"
		]
	},
	{
		"Index": 33,
		"JPN": [
			"<CMD>18802700729b27000180</CMD><CMD>17802700729b2700ad802700068027000280</CMD><CMD>16802700729b27005581</CMD><CMD>0382</CMD>と<BREAK>いっしょにいる{時|とき}は<BREAK>よく{勉強|べんきょう}してた<CMD>ff8127000280</CMD>",
			"もちろん<BREAK><CMD>028227000080</CMD>が<CMD>0382</CMD>に<BREAK>いろいろ{教|おし}えてあげてた<CMD>ff8127000280</CMD>",
			"<CMD>0382</CMD>は　おそらく<BREAK><CMD>028227000080</CMD>に<BREAK>かんしゃしている<CMD>ff8127000280</CMD>",
			"\f"
		]
	},
	{
		"Index": 34,
		"JPN": [
			"<CMD>18802700729b27000180</CMD><CMD>17802700729b2700ad802700068027000280</CMD><CMD>16802700729b27005581</CMD><CMD>0382</CMD>といっしょの{時|とき}は<BREAK>のんびりと　お{茶|ちゃ}を{飲|の}むことが<BREAK>{多|おお}かった<CMD>ff8127000280</CMD>",
			"ザツネンにとらわれずに<BREAK>じっくり{味|あじ}わうお{茶|ちゃ}は<BREAK>カクベツ<CMD>ff8127000080</CMD>",
			"もちろん<BREAK>いっしょにいる{相手|あいて}にも<BREAK>よるけどね",
			"\f"
		]
	}
]