[
	{
		"Index": 0,
		"JPN": [
			"<CMD>18802700729b27000780</CMD><CMD>17802700729b2700b18027000a8027000180</CMD><CMD>16802700729b27009081</CMD><CMD>f481</CMD>！<BREAK>…えっと　その…<BREAK>ちょっといい<CMD>ff8127000180</CMD>？",
			"<CMD>18802700729b27000280</CMD><CMD>17802700729b27001c802700088027000480</CMD><CMD>16802700729b27007d81</CMD><CMD>f481</CMD>に{話|はなし}があるんだ！<BREAK>ちょっと<CMD>028227000080</CMD>につきあえ！<BREAK>いい<CMD>ff8127000180</CMD>？",
			"<CMD>13802700a18f</CMD>",
			"\f"
		]
	},
	{
		"Index": 1,
		"JPN": [
			"<CMD>3780</CMD>",
			"いいよ<CMD>13802700a28f</CMD>",
			"よくない<CMD>13802700a38f</CMD>",
			"\f"
		]
	},
	{
		"Index": 2,
		"JPN": [
			"<CMD>18802700729b27000780</CMD><CMD>17802700729b2700b18027000a8027000180</CMD><CMD>16802700729b27009081</CMD>ほんと<CMD>ff8127000180</CMD><BREAK>よかった<CMD>ff8127000280</CMD>…",
			"じゃ　<CMD>008027000580</CMD>{恋人|こいびと}みさき<CMD>008027000180</CMD>で<BREAK>{待|ま}ってるから<BREAK>ＰＭ６{時|じ}に　{来|き}てくれねえか？",
			"<CMD>138027001891</CMD>",
			"\f"
		]
	},
	{
		"Index": 3,
		"JPN": [
			"<CMD>18802700729b27000380</CMD><CMD>17802700729b2700ab8027000a8027000180</CMD><CMD>16802700729b27003081</CMD>そ　そうか<BREAK>ダメなのか…",
			"<CMD>18802700729b27000280</CMD><CMD>17802700729b27001c802700088027000480</CMD><CMD>16802700729b27007d81</CMD>べ　べつにガッカリなんて<BREAK>してないぞ！<BREAK>してないんだからな！",
			"\f"
		]
	},
	{
		"Index": 4,
		"JPN": [
			"<CMD>18802700729b27000780</CMD><CMD>17802700729b2700b18027000a8027000180</CMD><CMD>16802700729b27009081</CMD>お　おう<BREAK>{来|き}てくれたか…<BREAK>{話|はなし}っていうのはだな…",
			"<CMD>028227000080</CMD>　そろそろ<BREAK>{恋人|こいびと}っていうのが　ほしいと<BREAK>{思|おも}うんだ　だから…",
			"<CMD>18802700729b27000280</CMD><CMD>17802700729b27001c802700088027000480</CMD><CMD>16802700729b27007d81</CMD>…<CMD>f481</CMD>！<BREAK><CMD>028227000080</CMD>の　{恋人|こいびと}になれ！<BREAK>いい<CMD>ff8127000180</CMD>？",
			"<CMD>13802700a58f</CMD>",
			"\f"
		]
	},
	{
		"Index": 5,
		"JPN": [
			"<CMD>3780</CMD>",
			"いいよ<CMD>13802700a68f</CMD>",
			"ダメ<CMD>13802700a78f</CMD>",
			"\f"
		]
	},
	{
		"Index": 6,
		"JPN": [
			"<CMD>18802700729b27000180</CMD><CMD>17802700729b270001802700048027000180</CMD><CMD>16802700729b27004181</CMD>ほんと<CMD>ff8127000180</CMD><BREAK>よかった<CMD>ff8127000280</CMD>…",
			"<CMD>18802700729b27000180</CMD><CMD>17802700729b2700ad802700068027000280</CMD><CMD>16802700729b27005581</CMD><CMD>028227000080</CMD>と<CMD>f481</CMD>は<BREAK>{今|いま}から　{恋人|こいびと}どうしだ！<BREAK>よろしく<CMD>ff8127000080</CMD>！",
			"\f"
		]
	},
	{
		"Index": 7,
		"JPN": [
			"<CMD>18802700729b27000380</CMD><CMD>17802700729b2700ab8027000a8027000180</CMD><CMD>16802700729b27002e81</CMD>ええ～？<BREAK>ダメなのかよ？<BREAK>{何|なん}でだ？　どうしてだよ？",
			"<CMD>f481</CMD>なら　<CMD>028227000080</CMD>の<BREAK>{恋人|こいびと}に　ぴったりだと<BREAK>{思|おも}った<CMD>ff8127000280</CMD>",
			"ガッカリ<CMD>ff8127000080</CMD>…",
			"\f"
		]
	},
	{
		"Index": 12,
		"JPN": [
			"<CMD>18802700729b27000080</CMD><CMD>17802700729b2700b28027000a8027000180</CMD><CMD>16802700729b27006981</CMD>おい　<CMD>f481</CMD><BREAK>ちょっといいか？",
			"<CMD>18802700729b27000280</CMD><CMD>17802700729b27001c802700088027000480</CMD><CMD>16802700729b27007d81</CMD><CMD>f481</CMD>は　いいヤツだから<BREAK><CMD>028227000080</CMD>の{友|とも}だちにしてやる<BREAK>わかったな？",
			"<CMD>13802700ad8f</CMD>",
			"\f"
		]
	},
	{
		"Index": 13,
		"JPN": [
			"<CMD>3780</CMD>",
			"わかった<CMD>13802700ae8f</CMD>",
			"わからない<CMD>13802700af8f</CMD>",
			"\f"
		]
	},
	{
		"Index": 14,
		"JPN": [
			"<CMD>18802700729b27000680</CMD><CMD>17802700729b2700088027000a8027000180</CMD><CMD>16802700729b27007e81</CMD>そうか！<BREAK><CMD>f481</CMD>　ものわかりがいいな<BREAK>{気|き}に{入|い}ったぞ！",
			"{友|とも}だちにしてやったんだから<BREAK>ありがたく{思|おも}えよな！<BREAK>いいな！",
			"\f"
		]
	},
	{
		"Index": 15,
		"JPN": [
			"<CMD>18802700729b27000280</CMD><CMD>17802700729b27001c802700088027000480</CMD><CMD>16802700729b27007d81</CMD>なんだと～？<BREAK><CMD>f481</CMD>…",
			"<CMD>028227000080</CMD>が<BREAK>{友|とも}だちにしてやるって<BREAK>{言|い}ってるのに…",
			"\f"
		]
	},
	{
		"Index": 16,
		"JPN": [
			"<CMD>18802700729b27000680</CMD><CMD>17802700729b2700088027000a8027000180</CMD><CMD>16802700729b27007e81</CMD>よう！<BREAK>{今日|きょう}は　ちょっと<CMD>028227000080</CMD>に<BREAK>つきあってくれねえか？",
			"すっげーこと　{考|かんが}えたんだ！<BREAK><CMD>f481</CMD>だけに{教|おし}えてやるよ<BREAK>へへ　{気|き}になるだろ？",
			"<CMD>13802700b18f</CMD>",
			"\f"
		]
	},
	{
		"Index": 17,
		"JPN": [
			"<CMD>3780</CMD>",
			"{気|き}になる<CMD>13802700b28f</CMD>",
			"べつに<CMD>13802700b38f</CMD>",
			"\f"
		]
	},
	{
		"Index": 18,
		"JPN": [
			"<CMD>18802700729b27000680</CMD><CMD>17802700729b2700088027000a8027000180</CMD><CMD>16802700729b27007e81</CMD>やっぱりなー！<BREAK><CMD>f481</CMD>なら　きっと<BREAK>そう{言|い}うと　{思|おも}ってたんだ！",
			"<CMD>008027000580</CMD>{恋人|こいびと}みさき<CMD>008027000180</CMD>に<BREAK>ＰＭ７{時|じ}までに{来|こ}いよ！",
			"{待|ま}ってるからな<BREAK>じゃーな！",
			"<CMD>138027000991</CMD>",
			"\f"
		]
	},
	{
		"Index": 19,
		"JPN": [
			"<CMD>18802700729b27000580</CMD><CMD>17802700729b2700af802700088027000280</CMD><CMD>16802700729b27005981</CMD>ウソだろ！？<BREAK>{知|し}りたくねーのかよ？",
			"せっかくいいこと<BREAK>{教|おし}えてやろうと<BREAK>{思|おも}ったのにな～",
			"\f"
		]
	},
	{
		"Index": 20,
		"JPN": [
			"<CMD>18802700729b27000680</CMD><CMD>17802700729b2700088027000a8027000180</CMD><CMD>16802700729b27007e81</CMD>よし　{来|き}たな！<BREAK><CMD>f481</CMD>に{言|い}いたいことがある<BREAK><CMD>028227000080</CMD>の{手下|てした}になれ！",
			"{手下|てした}っていうのはだな<BREAK>いっしょに{遊|あそ}びに{行|い}ったり<BREAK>イタズラしたり…",
			"<CMD>18802700729b27000080</CMD><CMD>17802700729b2700b28027000a8027000180</CMD><CMD>16802700729b27006981</CMD>…つまり　{親友|しんゆう}ってヤツだ！<BREAK><CMD>f481</CMD>　<CMD>028227000080</CMD>の<BREAK>{親友|しんゆう}になれ！　いいな？",
			"<CMD>13802700b58f</CMD>",
			"\f"
		]
	},
	{
		"Index": 21,
		"JPN": [
			"<CMD>3780</CMD>",
			"いいよ<CMD>13802700b68f</CMD>",
			"いやだ<CMD>13802700b78f</CMD>",
			"\f"
		]
	},
	{
		"Index": 22,
		"JPN": [
			"<CMD>18802700729b27000180</CMD><CMD>17802700729b2700ad802700068027000280</CMD><CMD>16802700729b27005581</CMD>そうか！　そうだよな！<BREAK><CMD>f481</CMD>なら　そう{言|い}うと<BREAK>{思|おも}ってたぞ！",
			"<CMD>18802700729b27000680</CMD><CMD>17802700729b2700088027000a8027000180</CMD><CMD>16802700729b27007e81</CMD>{今|いま}から<CMD>f481</CMD>は<BREAK><CMD>028227000080</CMD>の{言|い}う{事|こと}を<BREAK>きくん<CMD>ff8127000080</CMD>！",
			"わかった<CMD>ff8127000180</CMD>",
			"\f"
		]
	},
	{
		"Index": 23,
		"JPN": [
			"<CMD>18802700729b27000280</CMD><CMD>17802700729b27001c802700088027000480</CMD><CMD>16802700729b27007d81</CMD>{何|なん}だと～？<BREAK><CMD>028227000080</CMD>の{親友|しんゆう}になるのが<BREAK>イヤだっていうのか？",
			"<CMD>f481</CMD>には　がっかりしたよ<BREAK>ドキョウのないヤツだな～！",
			"\f"
		]
	},
	{
		"Index": 32,
		"JPN": [
			"ちょっといいか？<BREAK>この{前|まえ}は　やくそくやぶったが<BREAK>ゆるして<CMD>ff8127000480</CMD>",
			"なんか　{気|き}がついたら<BREAK>ぜんぜん　{知|し}らないところに<BREAK>ひとりで　いた<CMD>ff8127000280</CMD>",
			"それで　<CMD>f481</CMD>に<BREAK>あらためて　{話|はなし}があるんだ！",
			"ちょっと<CMD>028227000080</CMD>につきあえ！<BREAK>いい<CMD>ff8127000180</CMD>？",
			"<CMD>13802700a18f</CMD>",
			"\f"
		]
	},
	{
		"Index": 36,
		"JPN": [
			"ちょっといいか？<BREAK>この{前|まえ}は　やくそくやぶったが<BREAK>ゆるして<CMD>ff8127000480</CMD>",
			"なんか　{気|き}がついたら<BREAK>ぜんぜん　{知|し}らないところに<BREAK>ひとりで　いた<CMD>ff8127000280</CMD>",
			"それで　<CMD>f481</CMD>だけに<BREAK>あらためて　すっげーこと<BREAK>{教|おし}えてやるからよ！",
			"<CMD>008027000580</CMD>{恋人|こいびと}みさき<CMD>008027000180</CMD>に<BREAK>{来|こ}いよ<BREAK>へへ　{気|き}になるだろ？",
			"<CMD>13802700b18f</CMD>",
			"\f"
		]
	},
	{
		"Index": 40,
		"JPN": [
			"<CMD>18802700729b27000780</CMD><CMD>17802700729b2700b18027000a8027000180</CMD><CMD>16802700729b27009081</CMD>{話|はなし}っていうのはだな…",
			"<CMD>028227000080</CMD>　そろそろ<BREAK>{恋人|こいびと}っていうのが　ほしいと<BREAK>{思|おも}うんだ　だから…",
			"<CMD>18802700729b27000280</CMD><CMD>17802700729b27001c802700088027000480</CMD><CMD>16802700729b27007d81</CMD>…<CMD>f481</CMD>！<BREAK><CMD>028227000080</CMD>の　{恋人|こいびと}になれ！<BREAK>いい<CMD>ff8127000180</CMD>？",
			"<CMD>13802700a58f</CMD>",
			"\f"
		]
	},
	{
		"Index": 44,
		"JPN": [
			"<CMD>18802700729b27000680</CMD><CMD>17802700729b2700088027000a8027000180</CMD><CMD>16802700729b27007e81</CMD><CMD>f481</CMD>に{言|い}いたい<BREAK>ことがあるんだ<BREAK><CMD>028227000080</CMD>の{手下|てした}になれ！",
			"{手下|てした}っていうのはだな<BREAK>いっしょに{遊|あそ}びに{行|い}ったり<BREAK>イタズラしたり…",
			"<CMD>18802700729b27000080</CMD><CMD>17802700729b2700b28027000a8027000180</CMD><CMD>16802700729b27006981</CMD>…つまり　{親友|しんゆう}ってヤツだ！<BREAK><CMD>f481</CMD>　<CMD>028227000080</CMD>の<BREAK>{親友|しんゆう}になれ！　いいな？",
			"<CMD>13802700b58f</CMD>",
			"\f"
		]
	}
]