[
	{
		"Index": 0,
		"JPN": [
			"なあ　{聞|き}いてくれよ…",
			"<CMD>18802700729b27000680</CMD><CMD>17802700729b2700088027000a8027000180</CMD><CMD>16802700729b27007e81</CMD>やっぱり<BREAK>これがロックって{服|ふく}を<BREAK>さがさないといけない<CMD>ff8127000280</CMD>",
			"<CMD>18802700729b27000180</CMD><CMD>17802700729b2700ad802700068027000280</CMD><CMD>16802700729b27005581</CMD>だれが{見|み}てもロックって<BREAK>{感|かん}じの{服|ふく}でかためれば<BREAK>オッケーだと{思|おも}ってる<CMD>ff8127000280</CMD>",
			"<CMD>18802700729b27000280</CMD><CMD>17802700729b27001c802700088027000480</CMD><CMD>16802700729b27007d81</CMD>でも　まず<BREAK>ロックな{感|かん}じの　{服|ふく}ってヤツを<BREAK>{見|み}きわめないといけない<CMD>ff8127000280</CMD>",
			"\f"
		]
	},
	{
		"Index": 1,
		"JPN": [
			"なあ　{聞|き}いてくれよ…",
			"<CMD>18802700729b27000680</CMD><CMD>17802700729b2700088027000a8027000180</CMD><CMD>16802700729b27007e81</CMD>まずは<BREAK>{運動|うんどう}できるようなコーデを<BREAK>{考|かんが}えなきゃいけない<CMD>ff8127000280</CMD>",
			"となると<BREAK>スポーティな{感|かん}じの<BREAK>{服|ふく}をえらんで…",
			"<CMD>18802700729b27000180</CMD><CMD>17802700729b2700ad802700068027000280</CMD><CMD>16802700729b27005581</CMD>あとは　スポーティな<BREAK>{服|ふく}でコーデを{固|かた}めれば<BREAK>いいはず<CMD>ff8127000080</CMD>",
			"\f"
		]
	},
	{
		"Index": 2,
		"JPN": [
			"なあ　{聞|き}いてくれよ…",
			"{気楽|きらく}な{感|かん}じってのは<BREAK>つまり<BREAK>スタンダードってこと<CMD>ff8127000080</CMD>",
			"ふだん{着|ぎ}っぽい<BREAK>スタンダードな{服|ふく}で<BREAK>コーデを{組|く}めばいいはず<CMD>ff8127000080</CMD>",
			"<CMD>18802700729b27000180</CMD><CMD>17802700729b2700ad802700068027000280</CMD><CMD>16802700729b27005581</CMD>あとは　{自分|じぶん}のすきなように<BREAK>してだいじょうぶ<CMD>ff8127000080</CMD>",
			"\f"
		]
	},
	{
		"Index": 3,
		"JPN": [
			"なあ　{聞|き}いてくれよ…",
			"<CMD>18802700729b27000080</CMD><CMD>17802700729b2700b28027000a8027000180</CMD><CMD>16802700729b27006981</CMD>フシギっぽいコーデってのは<BREAK>どんな{感|かん}じにすれば<BREAK>いい<CMD>ff8127000380</CMD>？",
			"<CMD>18802700729b27000680</CMD><CMD>17802700729b2700088027000a8027000180</CMD><CMD>16802700729b27007e81</CMD>やっぱり<BREAK>フシギな{感|かん}じのする{服|ふく}を<BREAK>{使|つか}えばいいはず<CMD>ff8127000080</CMD>",
			"<CMD>18802700729b27000380</CMD><CMD>17802700729b2700ab8027000a8027000180</CMD><CMD>16802700729b27003081</CMD>けど　どんな{服|ふく}が<BREAK>フシギな{感|かん}じなのか<BREAK>よくわかんない<CMD>ff8127000280</CMD>",
			"\f"
		]
	},
	{
		"Index": 4,
		"JPN": [
			"なあ　{聞|き}いてくれよ…",
			"<CMD>18802700729b27000180</CMD><CMD>17802700729b2700ad802700068027000280</CMD><CMD>16802700729b27005581</CMD>やっぱり　エレガントな<BREAK>{服|ふく}でコーデを{組|く}むのがいいと<BREAK><CMD>028227000080</CMD>は{思|おも}う<CMD>ff8127000280</CMD>",
			"そしたら　オトナっぽい<BREAK>{感|かん}じのコーデってヤツに<BREAK>なるはず<CMD>ff8127000080</CMD>",
			"<CMD>18802700729b27000380</CMD><CMD>17802700729b2700ab8027000a8027000180</CMD><CMD>16802700729b27003081</CMD>けど　どんな{服|ふく}が<BREAK>エレガントな{感|かん}じなのか<BREAK>よくわかんない<CMD>ff8127000280</CMD>",
			"\f"
		]
	},
	{
		"Index": 5,
		"JPN": [
			"なあ　{聞|き}いてくれよ…",
			"<CMD>18802700729b27000080</CMD><CMD>17802700729b2700b28027000a8027000180</CMD><CMD>16802700729b27006981</CMD><CMD>008027000480</CMD>ジャケット<CMD>008027000180</CMD>に<BREAK>なにを{組|く}み{合|あ}わせたら<BREAK>クールさが　より{出|で}る<CMD>ff8127000380</CMD>？",
			"とりあえず　クールな{感|かん}じの<BREAK>{服|ふく}がいいとは{思|おも}う<CMD>ff8127000280</CMD>",
			"<CMD>18802700729b27000380</CMD><CMD>17802700729b2700ab8027000a8027000180</CMD><CMD>16802700729b27003081</CMD>けど　どんな{服|ふく}が<BREAK>クールって{言|い}える<CMD>ff8127000180</CMD>？<BREAK>よくわかんない<CMD>ff8127000280</CMD>",
			"\f"
		]
	},
	{
		"Index": 6,
		"JPN": [
			"なあ　{聞|き}いてくれよ…",
			"<CMD>18802700729b27000280</CMD><CMD>17802700729b27001c802700088027000480</CMD><CMD>16802700729b27007d81</CMD><CMD>18802700729b27000680</CMD><CMD>17802700729b2700088027000a8027000180</CMD><CMD>16802700729b27007e81</CMD>まず　さわやかな{色|いろ}ってのを<BREAK>ちゃんと　わかってないと<BREAK>いけない<CMD>ff8127000280</CMD>",
			"<CMD>18802700729b27000080</CMD><CMD>17802700729b270001802700048027000080</CMD>さわやかな{感|かん}じの{色|いろ}とは<BREAK>まず{水色|みずいろ}にみどり　むらさき…<BREAK>あと　もちろん{青色|あおいろ}も<CMD>ff8127000080</CMD>",
			"<CMD>18802700729b27000180</CMD><CMD>17802700729b2700ad802700068027000280</CMD><CMD>16802700729b27005581</CMD>そんな{感|かん}じの{色|いろ}でえらべば<BREAK>スリムに{見|み}えるコーデを<BREAK>{組|く}むことができると{思|おも}う<CMD>ff8127000280</CMD>",
			"\f"
		]
	},
	{
		"Index": 7,
		"JPN": [
			"なあ　{聞|き}いてくれよ…",
			"フォーマルな{服|ふく}ってのは<BREAK>おかたい{場所|ばしょ}にも{出|で}られる<BREAK>{正式|せいしき}な{服|ふく}ってこと<CMD>ff8127000080</CMD>",
			"<CMD>18802700729b27000680</CMD><CMD>17802700729b2700088027000a8027000180</CMD><CMD>16802700729b27007e81</CMD>だから　ちゃんとした{服|ふく}を<BREAK>えらばないと<BREAK>ダメってこと<CMD>ff8127000080</CMD>",
			"<CMD>18802700729b27000580</CMD><CMD>17802700729b2700aa8027000a8027000180</CMD><CMD>16802700729b27002d81</CMD>フォーマルな{感|かん}じの<BREAK>{服|ふく}ってのをえらぶのは<BREAK>かんたんじゃない<CMD>ff8127000280</CMD>",
			"\f"
		]
	},
	{
		"Index": 8,
		"JPN": [
			"なあ　{聞|き}いてくれよ…",
			"<CMD>028227000080</CMD>は　ピンク{色|いろ}の<BREAK>{服|ふく}が{着|き}たくて　コーデを<BREAK>{組|く}もうとしてる<CMD>ff8127000280</CMD>",
			"<CMD>18802700729b27000680</CMD><CMD>17802700729b2700088027000a8027000180</CMD><CMD>16802700729b27007e81</CMD>だから　べつに<BREAK>{全身|ぜんしん}ピンクになってても<BREAK>{問題|もんだい}は　ない<CMD>ff8127000280</CMD>",
			"<CMD>18802700729b27000780</CMD><CMD>17802700729b2700aa8027000a8027000280</CMD><CMD>16802700729b27002d81</CMD>ただ　ちっとも<BREAK>カワイイ{感|かん}じじゃなかったら<BREAK>さすがにダメだと{思|おも}う<CMD>ff8127000080</CMD>",
			"\f"
		]
	},
	{
		"Index": 9,
		"JPN": [
			"なあ　{聞|き}いてくれよ…",
			"<CMD>008027000480</CMD>ジャケット<CMD>008027000180</CMD>は<BREAK>クールさをアピールできる<BREAK>{服|ふく}だとは{思|おも}う<CMD>ff8127000280</CMD>",
			"<CMD>18802700729b27000780</CMD><CMD>17802700729b2700aa8027000a8027000280</CMD><CMD>16802700729b27002d81</CMD>だけど　<CMD>008027000480</CMD>ジャケット<CMD>008027000180</CMD>に{合|あ}わせる<BREAK>{服|ふく}については　{気|き}をつけて<BREAK>えらばなきゃダメ<CMD>ff8127000080</CMD>",
			"<CMD>18802700729b27000380</CMD><CMD>17802700729b2700ab8027000a8027000180</CMD><CMD>16802700729b27003081</CMD>{下手|へた}をするとクールさが<BREAK>うまくでない{組|く}み{合|あ}わせも<BREAK>あるかもしれない<CMD>ff8127000280</CMD>",
			"\f"
		]
	},
	{
		"Index": 10,
		"JPN": [
			"ところで<CMD>f481</CMD><BREAK>いいこと　{思|おも}いついた<CMD>ff8127000280</CMD>",
			"<CMD>18802700729b27000180</CMD><CMD>17802700729b2700ad802700068027000280</CMD><CMD>16802700729b27005581</CMD>コーデに　かわいい{感|かん}じを<BREAK>{取|と}り{入|い}れてみたら<BREAK>きっと　もっとよくなる<CMD>ff8127000280</CMD>",
			"<CMD>18802700729b27000680</CMD><CMD>17802700729b2700088027000a8027000180</CMD><CMD>16802700729b27007e81</CMD>よーし！<BREAK>ひとつ　やってやる<CMD>ff8127000580</CMD>",
			"\f"
		]
	},
	{
		"Index": 11,
		"JPN": [
			"ところで<CMD>f481</CMD><BREAK>いいこと　{思|おも}いついた<CMD>ff8127000280</CMD>",
			"<CMD>18802700729b27000180</CMD><CMD>17802700729b2700ad802700068027000280</CMD><CMD>16802700729b27005581</CMD>コーデに　かっこよさを<BREAK>{取|と}り{入|い}れてみたら<BREAK>きっと　もっとよくなる<CMD>ff8127000280</CMD>",
			"<CMD>18802700729b27000680</CMD><CMD>17802700729b2700088027000a8027000180</CMD><CMD>16802700729b27007e81</CMD>よーし！<BREAK>ひとつ　やってやる<CMD>ff8127000580</CMD>",
			"\f"
		]
	},
	{
		"Index": 12,
		"JPN": [
			"ところで<CMD>f481</CMD><BREAK>いいこと　{思|おも}いついた<CMD>ff8127000280</CMD>",
			"<CMD>18802700729b27000180</CMD><CMD>17802700729b2700ad802700068027000280</CMD><CMD>16802700729b27005581</CMD>コーデに　シンプルな{感|かん}じを<BREAK>{取|と}り{入|い}れてみたら<BREAK>きっと　もっとよくなる<CMD>ff8127000280</CMD>",
			"<CMD>18802700729b27000680</CMD><CMD>17802700729b2700088027000a8027000180</CMD><CMD>16802700729b27007e81</CMD>よーし！<BREAK>ひとつ　やってやる<CMD>ff8127000580</CMD>",
			"\f"
		]
	},
	{
		"Index": 13,
		"JPN": [
			"ところで<CMD>f481</CMD><BREAK>いいこと　{思|おも}いついた<CMD>ff8127000280</CMD>",
			"<CMD>18802700729b27000180</CMD><CMD>17802700729b2700ad802700068027000280</CMD><CMD>16802700729b27005581</CMD>コーデに　ゴージャスな{感|かん}じを<BREAK>{取|と}り{入|い}れてみたら<BREAK>きっと　もっとよくなる<CMD>ff8127000280</CMD>",
			"<CMD>18802700729b27000680</CMD><CMD>17802700729b2700088027000a8027000180</CMD><CMD>16802700729b27007e81</CMD>よーし！<BREAK>ひとつ　やってやる<CMD>ff8127000580</CMD>",
			"\f"
		]
	},
	{
		"Index": 14,
		"JPN": [
			"ところで<CMD>f481</CMD><BREAK>いいこと　{思|おも}いついた<CMD>ff8127000280</CMD>",
			"<CMD>18802700729b27000180</CMD><CMD>17802700729b2700ad802700068027000280</CMD><CMD>16802700729b27005581</CMD>コーデに　{赤|あか}を<BREAK>{取|と}り{入|い}れてみたら<BREAK>きっと　もっとよくなる<CMD>ff8127000280</CMD>",
			"<CMD>18802700729b27000680</CMD><CMD>17802700729b2700088027000a8027000180</CMD><CMD>16802700729b27007e81</CMD>よーし！<BREAK>ひとつ　やってやる<CMD>ff8127000580</CMD>",
			"\f"
		]
	},
	{
		"Index": 15,
		"JPN": [
			"ところで<CMD>f481</CMD><BREAK>いいこと　{思|おも}いついた<CMD>ff8127000280</CMD>",
			"<CMD>18802700729b27000180</CMD><CMD>17802700729b2700ad802700068027000280</CMD><CMD>16802700729b27005581</CMD>コーデに　{青|あお}を<BREAK>{取|と}り{入|い}れてみたら<BREAK>きっと　もっとよくなる<CMD>ff8127000280</CMD>",
			"<CMD>18802700729b27000680</CMD><CMD>17802700729b2700088027000a8027000180</CMD><CMD>16802700729b27007e81</CMD>よーし！<BREAK>ひとつ　やってやる<CMD>ff8127000580</CMD>",
			"\f"
		]
	},
	{
		"Index": 16,
		"JPN": [
			"ところで<CMD>f481</CMD><BREAK>いいこと　{思|おも}いついた<CMD>ff8127000280</CMD>",
			"<CMD>18802700729b27000180</CMD><CMD>17802700729b2700ad802700068027000280</CMD><CMD>16802700729b27005581</CMD>コーデに　{黄色|きいろ}を<BREAK>{取|と}り{入|い}れてみたら<BREAK>きっと　もっとよくなる<CMD>ff8127000280</CMD>",
			"<CMD>18802700729b27000680</CMD><CMD>17802700729b2700088027000a8027000180</CMD><CMD>16802700729b27007e81</CMD>よーし！<BREAK>ひとつ　やってやる<CMD>ff8127000580</CMD>",
			"\f"
		]
	},
	{
		"Index": 17,
		"JPN": [
			"ところで<CMD>f481</CMD><BREAK>いいこと　{思|おも}いついた<CMD>ff8127000280</CMD>",
			"<CMD>18802700729b27000180</CMD><CMD>17802700729b2700ad802700068027000280</CMD><CMD>16802700729b27005581</CMD>コーデに　{緑|みどり}を<BREAK>{取|と}り{入|い}れてみたら<BREAK>きっと　もっとよくなる<CMD>ff8127000280</CMD>",
			"<CMD>18802700729b27000680</CMD><CMD>17802700729b2700088027000a8027000180</CMD><CMD>16802700729b27007e81</CMD>よーし！<BREAK>ひとつ　やってやる<CMD>ff8127000580</CMD>",
			"\f"
		]
	},
	{
		"Index": 18,
		"JPN": [
			"ところで<CMD>f481</CMD><BREAK>いいこと　{思|おも}いついた<CMD>ff8127000280</CMD>",
			"<CMD>18802700729b27000180</CMD><CMD>17802700729b2700ad802700068027000280</CMD><CMD>16802700729b27005581</CMD>コーデに　むらさき{色|いろ}を<BREAK>{取|と}り{入|い}れてみたら<BREAK>きっと　もっとよくなる<CMD>ff8127000280</CMD>",
			"<CMD>18802700729b27000680</CMD><CMD>17802700729b2700088027000a8027000180</CMD><CMD>16802700729b27007e81</CMD>よーし！<BREAK>ひとつ　やってやる<CMD>ff8127000580</CMD>",
			"\f"
		]
	},
	{
		"Index": 19,
		"JPN": [
			"ところで<CMD>f481</CMD><BREAK>いいこと　{思|おも}いついた<CMD>ff8127000280</CMD>",
			"<CMD>18802700729b27000180</CMD><CMD>17802700729b2700ad802700068027000280</CMD><CMD>16802700729b27005581</CMD>コーデに　{茶色|ちゃいろ}を<BREAK>{取|と}り{入|い}れてみたら<BREAK>きっと　もっとよくなる<CMD>ff8127000280</CMD>",
			"<CMD>18802700729b27000680</CMD><CMD>17802700729b2700088027000a8027000180</CMD><CMD>16802700729b27007e81</CMD>よーし！<BREAK>ひとつ　やってやる<CMD>ff8127000580</CMD>",
			"\f"
		]
	},
	{
		"Index": 20,
		"JPN": [
			"ところで<CMD>f481</CMD><BREAK>いいこと　{思|おも}いついた<CMD>ff8127000280</CMD>",
			"<CMD>18802700729b27000180</CMD><CMD>17802700729b2700ad802700068027000280</CMD><CMD>16802700729b27005581</CMD>コーデに　{黒|くろ}を<BREAK>{取|と}り{入|い}れてみたら<BREAK>きっと　もっとよくなる<CMD>ff8127000280</CMD>",
			"<CMD>18802700729b27000680</CMD><CMD>17802700729b2700088027000a8027000180</CMD><CMD>16802700729b27007e81</CMD>よーし！<BREAK>ひとつ　やってやる<CMD>ff8127000580</CMD>",
			"\f"
		]
	},
	{
		"Index": 21,
		"JPN": [
			"ところで<CMD>f481</CMD><BREAK>いいこと　{思|おも}いついた<CMD>ff8127000280</CMD>",
			"<CMD>18802700729b27000180</CMD><CMD>17802700729b2700ad802700068027000280</CMD><CMD>16802700729b27005581</CMD>コーデに　{白|しろ}を<BREAK>{取|と}り{入|い}れてみたら<BREAK>きっと　もっとよくなる<CMD>ff8127000280</CMD>",
			"<CMD>18802700729b27000680</CMD><CMD>17802700729b2700088027000a8027000180</CMD><CMD>16802700729b27007e81</CMD>よーし！<BREAK>ひとつ　やってやる<CMD>ff8127000580</CMD>",
			"\f"
		]
	},
	{
		"Index": 22,
		"JPN": [
			"ところで<CMD>f481</CMD><BREAK>いいこと　{思|おも}いついた<CMD>ff8127000280</CMD>",
			"<CMD>18802700729b27000180</CMD><CMD>17802700729b2700ad802700068027000280</CMD><CMD>16802700729b27005581</CMD>コーデに　グレーを<BREAK>{取|と}り{入|い}れてみたら<BREAK>きっと　もっとよくなる<CMD>ff8127000280</CMD>",
			"<CMD>18802700729b27000680</CMD><CMD>17802700729b2700088027000a8027000180</CMD><CMD>16802700729b27007e81</CMD>よーし！<BREAK>ひとつ　やってやる<CMD>ff8127000580</CMD>",
			"\f"
		]
	},
	{
		"Index": 23,
		"JPN": [
			"ところで<CMD>f481</CMD><BREAK>いいこと　{思|おも}いついた<CMD>ff8127000280</CMD>",
			"<CMD>18802700729b27000180</CMD><CMD>17802700729b2700ad802700068027000280</CMD><CMD>16802700729b27005581</CMD>コーデに　ピンクを<BREAK>{取|と}り{入|い}れてみたら<BREAK>きっと　もっとよくなる<CMD>ff8127000280</CMD>",
			"<CMD>18802700729b27000680</CMD><CMD>17802700729b2700088027000a8027000180</CMD><CMD>16802700729b27007e81</CMD>よーし！<BREAK>ひとつ　やってやる<CMD>ff8127000580</CMD>",
			"\f"
		]
	},
	{
		"Index": 24,
		"JPN": [
			"ところで<CMD>f481</CMD><BREAK>いいこと　{思|おも}いついた<CMD>ff8127000280</CMD>",
			"<CMD>18802700729b27000180</CMD><CMD>17802700729b2700ad802700068027000280</CMD><CMD>16802700729b27005581</CMD>コーデに　オレンジ{色|いろ}を<BREAK>{取|と}り{入|い}れてみたら<BREAK>きっと　もっとよくなる<CMD>ff8127000280</CMD>",
			"<CMD>18802700729b27000680</CMD><CMD>17802700729b2700088027000a8027000180</CMD><CMD>16802700729b27007e81</CMD>よーし！<BREAK>ひとつ　やってやる<CMD>ff8127000580</CMD>",
			"\f"
		]
	},
	{
		"Index": 25,
		"JPN": [
			"ところで<CMD>f481</CMD><BREAK>いいこと　{思|おも}いついた<CMD>ff8127000280</CMD>",
			"<CMD>18802700729b27000180</CMD><CMD>17802700729b2700ad802700068027000280</CMD><CMD>16802700729b27005581</CMD>コーデに　{水色|みずいろ}を<BREAK>{取|と}り{入|い}れてみたら<BREAK>きっと　もっとよくなる<CMD>ff8127000280</CMD>",
			"<CMD>18802700729b27000680</CMD><CMD>17802700729b2700088027000a8027000180</CMD><CMD>16802700729b27007e81</CMD>よーし！<BREAK>ひとつ　やってやる<CMD>ff8127000580</CMD>",
			"\f"
		]
	},
	{
		"Index": 26,
		"JPN": [
			"<CMD>18802700729b27000280</CMD><CMD>17802700729b27001c802700088027000480</CMD><CMD>16802700729b27007d81</CMD>おいおい<BREAK>なんでもない<CMD>ff8127000380</CMD>？",
			"<CMD>18802700729b27000080</CMD><CMD>17802700729b270001802700048027000080</CMD>{今回|こんかい}はゆるしてやるから<BREAK>{早|はや}く{見|み}てまわろう<CMD>ff8127000580</CMD>",
			"\f"
		]
	}
]