[
	{
		"Index": 0,
		"JPN": [
			"<CMD>18802700729b27000080</CMD><CMD>17802700729b2700b28027000a8027000180</CMD><CMD>16802700729b27006981</CMD><CMD>f481</CMD>は<BREAK>{今日|きょう}　ヒマ<CMD>ff8127000180</CMD>？<BREAK>いっしょに{遊|あそ}ぼう<CMD>ff8127000580</CMD>",
			"<CMD>13802700fd88</CMD>",
			"\f"
		]
	},
	{
		"Index": 1,
		"JPN": [
			"<CMD>3780</CMD>",
			"ＯＫ<CMD>13802700fe88</CMD>",
			"ゴメン<CMD>13802700ff88</CMD>",
			"\f"
		]
	},
	{
		"Index": 2,
		"JPN": [
			"<CMD>228027000280</CMD><CMD>18802700729b27000180</CMD><CMD>17802700729b2700ad802700068027000280</CMD><CMD>16802700729b27005581</CMD>そうくると<BREAK>{思|おも}った<CMD>ff8127000280</CMD>",
			"それじゃ<BREAK>さっそく<BREAK>{遊|あそ}びに{行|い}こう<CMD>ff8127000580</CMD>",
			"\f"
		]
	},
	{
		"Index": 3,
		"JPN": [
			"<CMD>18802700729b27000380</CMD><CMD>17802700729b2700ab8027000a8027000180</CMD><CMD>16802700729b27003081</CMD>そうか<BREAK>ざんねん<CMD>ff8127000080</CMD><BREAK>じゃあ　また{今度|こんど}<CMD>ff8127000080</CMD>",
			"\f"
		]
	},
	{
		"Index": 4,
		"JPN": [
			"<CMD>f481</CMD>は{今日|きょう}<BREAK>{忙|いそが}しい？　{用|よう}がなかったら<BREAK>{遊|あそ}ぼう<CMD>ff8127000580</CMD>",
			"<CMD>138027000189</CMD>",
			"\f"
		]
	},
	{
		"Index": 5,
		"JPN": [
			"<CMD>3780</CMD>",
			"いいよ<CMD>138027000289</CMD>",
			"ゴメン<CMD>138027000389</CMD>",
			"\f"
		]
	},
	{
		"Index": 6,
		"JPN": [
			"<CMD>228027000280</CMD><CMD>18802700729b27000180</CMD><CMD>17802700729b2700ad802700068027000280</CMD><CMD>16802700729b27005581</CMD>そうか<BREAK>それはよかった<CMD>ff8127000080</CMD>",
			"じゃあ<BREAK>{遊|あそ}びに{行|い}こう<CMD>ff8127000580</CMD>",
			"\f"
		]
	},
	{
		"Index": 7,
		"JPN": [
			"<CMD>18802700729b27000380</CMD><CMD>17802700729b2700ab8027000a8027000180</CMD><CMD>16802700729b27003081</CMD>うーん<BREAK>ざんねん<CMD>ff8127000080</CMD><BREAK>でも　また{今度|こんど}<CMD>ff8127000080</CMD>",
			"\f"
		]
	},
	{
		"Index": 8,
		"JPN": [
			"<CMD>18802700729b27000080</CMD><CMD>17802700729b2700b28027000a8027000180</CMD><CMD>16802700729b27006981</CMD>お{茶|ちゃ}でも{飲|の}んで<BREAK>{休|やす}みたい{気分|きぶん}<CMD>ff8127000080</CMD><BREAK>どう　いっしょに？",
			"<CMD>138027000589</CMD>",
			"\f"
		]
	},
	{
		"Index": 9,
		"JPN": [
			"<CMD>3780</CMD>",
			"うん<CMD>138027000689</CMD>",
			"ゴメン<CMD>138027000789</CMD>",
			"\f"
		]
	},
	{
		"Index": 10,
		"JPN": [
			"<CMD>228027000280</CMD>お{茶|ちゃ}には<BREAK>{気持|きも}ちを{落|お}ち{着|つ}かせる{効果|こうか}が<BREAK>ある<CMD>ff8127000280</CMD>",
			"<CMD>18802700729b27000180</CMD><CMD>17802700729b2700ad802700068027000280</CMD><CMD>16802700729b27005581</CMD>ゆったりとした{気分|きぶん}で<BREAK>{会話|かいわ}を{楽|たの}しむ<CMD>ff8127000280</CMD><BREAK>さっ　{行|い}こう！",
			"\f"
		]
	},
	{
		"Index": 11,
		"JPN": [
			"<CMD>18802700729b27000380</CMD><CMD>17802700729b2700ab8027000a8027000180</CMD><CMD>16802700729b27003081</CMD>うっ<BREAK>ざんねん",
			"{１人|ひとり}でお{茶|ちゃ}して<BREAK>{気持|きも}ちを<BREAK>{落ち着|おちつ}かせる<CMD>ff8127000280</CMD>",
			"\f"
		]
	},
	{
		"Index": 12,
		"JPN": [
			"<CMD>18802700729b27000080</CMD><CMD>17802700729b2700b28027000a8027000180</CMD><CMD>16802700729b27006981</CMD><CMD>f481</CMD>は　{今日|きょう}<BREAK>{予定|よてい}ある<CMD>ff8127000380</CMD>？",
			"よかったら<BREAK>いっしょに<BREAK>{勉強|べんきょう}しない？",
			"<CMD>138027000989</CMD>",
			"\f"
		]
	},
	{
		"Index": 13,
		"JPN": [
			"<CMD>3780</CMD>",
			"わかった<CMD>138027000a89</CMD>",
			"ゴメン<CMD>138027000b89</CMD>",
			"\f"
		]
	},
	{
		"Index": 14,
		"JPN": [
			"<CMD>228027000280</CMD><CMD>18802700729b27000180</CMD><CMD>17802700729b2700ad802700068027000280</CMD><CMD>16802700729b27005581</CMD><CMD>f481</CMD>といっしょなら<BREAK>{勉強|べんきょう}が　はかどるような<BREAK>{気|き}がする<CMD>ff8127000280</CMD>",
			"それじゃ　{今日|きょう}は<BREAK><CMD>008027000580</CMD>おんしつ<CMD>008027000180</CMD>に<BREAK>{行|い}こう<CMD>ff8127000580</CMD>",
			"\f"
		]
	},
	{
		"Index": 15,
		"JPN": [
			"<CMD>18802700729b27000380</CMD><CMD>17802700729b2700ab8027000a8027000180</CMD><CMD>16802700729b27003081</CMD>そうか…<CMD>f481</CMD>といっしょに<BREAK>{勉強|べんきょう}したかった<CMD>ff8127000280</CMD>",
			"ざんねんだけど<BREAK>ひとりで{集中|しゅうちゅう}して<BREAK>がんばる<CMD>ff8127000280</CMD>",
			"\f"
		]
	}
]