[
	{
		"Index": 0,
		"JPN": [
			"<CMD>18802700729b27000180</CMD><CMD>17802700729b2700ad802700068027000280</CMD><CMD>16802700729b27005581</CMD><CMD>f481</CMD><BREAK>{見|み}て<CMD>ff8127000480</CMD><BREAK>{星|ほし}がとてもきれい<CMD>ff8127000080</CMD>",
			"ほら　あそこの{明|あか}るい{星|ほし}<BREAK>{何|なん}ていう{星|ほし}か　{知|し}ってる？<BREAK>あの{星座|せいざ}は……",
			"\f"
		]
	},
	{
		"Index": 1,
		"JPN": [
			"{夕日|ゆうひ}の{色|いろ}がなぜこんなに<BREAK>{赤|あか}いのかというと<BREAK>{赤|あか}い{波長|はちょう}の{光|ひかり}は……",
			"ああ　ごめん…<BREAK>{今|いま}はそんな{話|はなし}を<BREAK>するのはヤボだった<CMD>ff8127000280</CMD>",
			"そういうことは{考|かんが}えずに<BREAK>きれいな{夕日|ゆうひ}を<BREAK>かんしょうするべき<CMD>ff8127000080</CMD>",
			"\f"
		]
	},
	{
		"Index": 2,
		"JPN": [
			"どちらかというとインドアはの<BREAK><CMD>028227000080</CMD>だけど　たまには<BREAK>こんな{場所|ばしょ}もよい<CMD>ff8127000280</CMD>",
			"けしきも　すばらしい<CMD>ff8127000280</CMD><BREAK>ピクニックに{来|き}て<BREAK>よかった<CMD>ff8127000280</CMD>",
			"\f"
		]
	},
	{
		"Index": 3,
		"JPN": [
			"{実|じつ}を{言|い}うと　<CMD>f481</CMD>の<BREAK>お{店|みせ}は　{前|まえ}からとても<BREAK>{注目|ちゅうもく}していた<CMD>ff8127000280</CMD>",
			"それじゃ　さっそく<BREAK>{２人|ふたり}の{食事|しょくじ}を<BREAK>{楽|たの}しもう<CMD>ff8127000580</CMD>",
			"\f"
		]
	},
	{
		"Index": 6,
		"JPN": [
			"いつも{使|つか}いすぎている{頭|あたま}も<BREAK>リフレッシュする<CMD>ff8127000280</CMD>",
			"\f"
		]
	},
	{
		"Index": 7,
		"JPN": [
			"ははは…　クセ<CMD>ff8127000080</CMD>",
			"キンチョウしてるのもあって<BREAK>ついついおしゃべりに<BREAK>なってしまう<CMD>ff8127000280</CMD>",
			"\f"
		]
	},
	{
		"Index": 10,
		"JPN": [
			"そうだ　{今度|こんど}　みんなも{集|あつ}めて<BREAK>{天体|てんたい}かんそく{会|かい}を<BREAK>{開|ひら}くのはどう<CMD>ff8127000180</CMD>？",
			"<CMD>128027000180</CMD>",
			"\f"
		]
	},
	{
		"Index": 11,
		"JPN": [
			"<CMD>378027000180</CMD>",
			"だいさんせい<CMD>128027000180</CMD>",
			"いいかも<CMD>128027000280</CMD>",
			"{２人|ふたり}がいい<CMD>12802700ffff</CMD>",
			"\f"
		]
	},
	{
		"Index": 12,
		"JPN": [
			"<CMD>18802700729b27000180</CMD><CMD>17802700729b270001802700048027000180</CMD><CMD>16802700729b27004181</CMD><CMD>f481</CMD>も<BREAK>さんせいしてくれて<BREAK>とてもうれしい<CMD>ff8127000280</CMD>",
			"ぼうえんきょうも<BREAK>{用意|ようい}して　ほんかくてきに<BREAK>やりたい<CMD>ff8127000280</CMD>",
			"\f"
		]
	},
	{
		"Index": 13,
		"JPN": [
			"<CMD>18802700729b27000180</CMD><CMD>17802700729b2700ad802700068027000280</CMD><CMD>16802700729b27005581</CMD>じゃあ　いつかそのうち<BREAK>やろう<CMD>ff8127000580</CMD>",
			"そんなに　ほんかくてきで<BREAK>なくていいから<BREAK>{気軽|きがる}に<CMD>ff8127000080</CMD>",
			"\f"
		]
	},
	{
		"Index": 14,
		"JPN": [
			"{２人|ふたり}きりで<BREAK>{天体|てんたい}かんそく<CMD>ff8127000180</CMD>？",
			"そんなところを<BREAK>もし{人|ひと}に{見|み}られたら<BREAK>なんだか{気|き}まずい<CMD>ff8127000280</CMD>",
			"\f"
		]
	},
	{
		"Index": 15,
		"JPN": [
			"<CMD>18802700729b27000180</CMD><CMD>17802700729b270001802700048027000180</CMD><CMD>16802700729b27004181</CMD>{２人|ふたり}きりで<BREAK>{天体|てんたい}かんそく<CMD>ff8127000180</CMD>？",
			"それはすばらしい<BREAK>アイデア<CMD>ff8127000080</CMD><BREAK>でも　そうなると…",
			"<CMD>18802700729b27000180</CMD><CMD>17802700729b270001802700048027000180</CMD><CMD>16802700729b27004181</CMD><CMD>028227000080</CMD>は<CMD>f481</CMD>を<BREAK>かんそくしたくなる<BREAK>かもしれない<CMD>ff8127000280</CMD>",
			"\f"
		]
	},
	{
		"Index": 20,
		"JPN": [
			"そうだ{今度|こんど}　{夕日|ゆうひ}のきれいな<BREAK>{日|ひ}のよくじつは　なぜいい{天気|てんき}に<BREAK>なるのか　{教|おし}えてあげる<CMD>ff8127000280</CMD>",
			"<CMD>128027000180</CMD>",
			"\f"
		]
	},
	{
		"Index": 21,
		"JPN": [
			"<CMD>378027000180</CMD>",
			"{楽|たの}しみ<CMD>128027000180</CMD>",
			"うん！<CMD>128027000280</CMD>",
			"ヤボだよ<CMD>12802700ffff</CMD>",
			"\f"
		]
	},
	{
		"Index": 22,
		"JPN": [
			"<CMD>18802700729b27000180</CMD><CMD>17802700729b270001802700048027000180</CMD><CMD>16802700729b27004181</CMD>よかった<CMD>ff8127000280</CMD><BREAK>よろこんでくれて",
			"それじゃ　その{時|とき}には<BREAK>はりきって　わかりやすく<BREAK>せつめいしてあげる<CMD>ff8127000280</CMD>",
			"\f"
		]
	},
	{
		"Index": 23,
		"JPN": [
			"<CMD>18802700729b27000180</CMD><CMD>17802700729b2700ad802700068027000280</CMD><CMD>16802700729b27005581</CMD>うれしい<CMD>ff8127000280</CMD><BREAK>じゃあ　いずれ<BREAK>{教|おし}えてあげる<CMD>ff8127000280</CMD>",
			"\f"
		]
	},
	{
		"Index": 24,
		"JPN": [
			"こういう{話|はなし}って<BREAK><CMD>028227000080</CMD>は{好|す}きなんだけど…",
			"<CMD>f481</CMD>には<BREAK>つまらなかった<CMD>ff8127000380</CMD>？",
			"\f"
		]
	},
	{
		"Index": 25,
		"JPN": [
			"<CMD>18802700729b27000180</CMD><CMD>17802700729b270001802700048027000180</CMD><CMD>16802700729b27004181</CMD>またやっちゃった<CMD>ff8127000280</CMD><BREAK>{言|い}われてみれば<BREAK>その{通|とお}り<CMD>ff8127000080</CMD>",
			"そういう{話|はなし}はまたべつの<BREAK>{時|とき}にして　{２人|ふたり}きりで<BREAK>きれいな{夕日|ゆうひ}を{見|み}よう<CMD>ff8127000580</CMD>",
			"\f"
		]
	},
	{
		"Index": 30,
		"JPN": [
			"<CMD>f481</CMD><BREAK>{次|つぎ}に　この{島|しま}にピクニックに<BREAK>{来|く}る{時|とき}は…",
			"{島|しま}のこん{虫|ちゅう}を<BREAK>さいしゅうして　いっしょに<BREAK>{研究|けんきゅう}をしよう<CMD>ff8127000580</CMD>",
			"<CMD>128027000180</CMD>",
			"\f"
		]
	},
	{
		"Index": 31,
		"JPN": [
			"<CMD>378027000180</CMD>",
			"だいさんせい<CMD>128027000180</CMD>",
			"いいね<CMD>128027000280</CMD>",
			"ヤダ<CMD>12802700ffff</CMD>",
			"\f"
		]
	},
	{
		"Index": 32,
		"JPN": [
			"<CMD>18802700729b27000180</CMD><CMD>17802700729b270001802700048027000180</CMD><CMD>16802700729b27004181</CMD>そう<CMD>ff8127000180</CMD>　<CMD>f481</CMD>が<BREAK>よろこんでくれて<BREAK><CMD>028227000080</CMD>もうれしい<CMD>ff8127000280</CMD>",
			"それじゃ　しっかりと<BREAK>じゅんびしないと…<BREAK>{今|いま}から　{楽|たの}しみ<CMD>ff8127000080</CMD>",
			"\f"
		]
	},
	{
		"Index": 33,
		"JPN": [
			"<CMD>18802700729b27000180</CMD><CMD>17802700729b2700ad802700068027000280</CMD><CMD>16802700729b27005581</CMD>ホント<CMD>ff8127000180</CMD>？<BREAK>じゃあ　そのうち{２人|ふたり}で<BREAK>{来|こ}よう<CMD>ff8127000580</CMD>",
			"あ　こん{虫|ちゅう}じゃなくても<BREAK>{植物|しょくぶつ}さいしゅうも<BREAK>いい<CMD>ff8127000580</CMD>",
			"\f"
		]
	},
	{
		"Index": 34,
		"JPN": [
			"それもそう<CMD>ff8127000180</CMD>",
			"じゃあ　やっぱり<BREAK>ふつうのピクニックに<BREAK>しよう<CMD>ff8127000580</CMD>",
			"\f"
		]
	},
	{
		"Index": 35,
		"JPN": [
			"<CMD>18802700729b27000180</CMD><CMD>17802700729b270001802700048027000180</CMD><CMD>16802700729b27004181</CMD>…あ…そう<CMD>ff8127000080</CMD>…<BREAK>そうだよね…",
			"うん　よく{考|かんが}えたら<BREAK><CMD>028227000080</CMD>も<BREAK>その{方|ほう}がいい<CMD>ff8127000280</CMD>",
			"\f"
		]
	},
	{
		"Index": 40,
		"JPN": [
			"<CMD>1880270078a027000180</CMD><CMD>1680270078a027005581</CMD>す　すばらしい…<BREAK>このおいしさは<BREAK>{重大|じゅうだい}な{発見|はっけん}<CMD>ff8127000080</CMD>！",
			"<CMD>1880270078a027000080</CMD><CMD>1680270078a027006981</CMD>いったい{何|なに}が<BREAK>{入|はい}ってる<CMD>ff8127000380</CMD>？",
			"<CMD>128027000180</CMD>",
			"\f"
		]
	},
	{
		"Index": 41,
		"JPN": [
			"<CMD>378027000180</CMD>",
			"アイ<CMD>128027000180</CMD>",
			"コイ<CMD>128027000280</CMD>",
			"ヒミツ<CMD>128027000380</CMD>",
			"\f"
		]
	},
	{
		"Index": 42,
		"JPN": [
			"<CMD>1880270078a027000180</CMD><CMD>1680270078a027004181</CMD>エッ？？<BREAK>なんとすばらしいエッセンス！",
			"<CMD>028227000080</CMD>の{料理|りょうり}だけに<BREAK>{入|い}れてほしい<CMD>ff8127000280</CMD>",
			"\f"
		]
	},
	{
		"Index": 43,
		"JPN": [
			"<CMD>1880270078a027000180</CMD><CMD>1680270078a027005581</CMD>なるほど<BREAK>{魚|さかな}のエッセンス<CMD>ff8127000180</CMD>？",
			"これからも　ときどき<BREAK><CMD>028227000080</CMD>の{料理|りょうり}に<BREAK>{入|い}れてほしい<CMD>ff8127000280</CMD>",
			"\f"
		]
	},
	{
		"Index": 44,
		"JPN": [
			"<CMD>1880270078a027000480</CMD><CMD>1680270078a027007f81</CMD>あ……そう<CMD>ff8127000180</CMD>…<BREAK>ちょっと　ざんねん<CMD>ff8127000080</CMD>",
			"\f"
		]
	},
	{
		"Index": 50,
		"JPN": [
			"<CMD>f481</CMD><BREAK>{本当|ほんとう}ならもう　{帰|かえ}るべき<BREAK>{時間|じかん}<CMD>ff8127000080</CMD>",
			"でも　もう{少|すこ}しだけ<BREAK>つきあってほしい<CMD>ff8127000280</CMD>",
			"<CMD>128027000180</CMD>",
			"\f"
		]
	},
	{
		"Index": 51,
		"JPN": [
			"<CMD>3780</CMD>",
			"ＯＫ<CMD>128027000180</CMD>",
			"そろそろ<CMD>128027000280</CMD>",
			"\f"
		]
	},
	{
		"Index": 52,
		"JPN": [
			"<CMD>18802700729b27000180</CMD><CMD>17802700729b2700ad802700068027000280</CMD><CMD>16802700729b27005581</CMD>ありがとう！<BREAK>まだ{話|はな}したいことが<BREAK>たくさんある<CMD>ff8127000280</CMD>",
			"\f"
		]
	},
	{
		"Index": 53,
		"JPN": [
			"まあ　もうおそいし<BREAK>しかたない<CMD>ff8127000280</CMD><BREAK>もどることにする<CMD>ff8127000280</CMD>",
			"\f"
		]
	},
	{
		"Index": 54,
		"JPN": [
			"{人類|じんるい}の{科学|かがく}は<BREAK>ものすごーいスピードで<BREAK>{進歩|しんぽ}しているから",
			"<CMD>028227000080</CMD>たちも　ホウキで<BREAK>ウチュウを{旅|たび}する{日|ひ}が<BREAK>くると{思|おも}う<CMD>ff8127000280</CMD>",
			"だから<CMD>028227000080</CMD>は<BREAK>いっしょうけんめいに<BREAK>{勉強|べんきょう}して",
			"{科学|かがく}のはってんに<BREAK>コウケンしたい<CMD>ff8127000280</CMD>",
			"でも　<CMD>f481</CMD>…",
			"<CMD>18802700729b27000180</CMD><CMD>17802700729b270001802700048027000180</CMD><CMD>16802700729b27004181</CMD><CMD>f481</CMD>とのはってんは<BREAK>ゆっくりでいいと<BREAK>{思|おも}っている<CMD>ff8127000280</CMD>",
			"なんでも{早|はや}いほうが<BREAK>いいと　いうわけでは<BREAK>ない<CMD>ff8127000280</CMD>",
			"\f"
		]
	},
	{
		"Index": 60,
		"JPN": [
			"<CMD>f481</CMD><BREAK>{夕日|ゆうひ}もあと{少|すこ}しで　{完全|かんぜん}に<BREAK>しずんでしまうけど…",
			"それまで　もう{少|すこ}しだけ<BREAK>いっしょに　けしきを<BREAK>{見|み}ていよう<CMD>ff8127000580</CMD>",
			"<CMD>128027000180</CMD>",
			"\f"
		]
	},
	{
		"Index": 61,
		"JPN": [
			"<CMD>3780</CMD>",
			"そうだね<CMD>128027000180</CMD>",
			"そろそろ<CMD>128027000280</CMD>",
			"\f"
		]
	},
	{
		"Index": 62,
		"JPN": [
			"よかった<CMD>ff8127000280</CMD><BREAK>ほら　{見|み}て<CMD>ff8127000480</CMD>",
			"{夕日|ゆうひ}が{波|なみ}にはんしゃして<BREAK>キラキラしてる<CMD>ff8127000280</CMD><BREAK>これがきれい<CMD>ff8127000080</CMD>",
			"\f"
		]
	},
	{
		"Index": 63,
		"JPN": [
			"そう<CMD>ff8127000180</CMD><BREAK>それもそう<CMD>ff8127000080</CMD>",
			"では　{暗|くら}くなる{前|まえ}に<BREAK>{帰|かえ}ることにする<CMD>ff8127000280</CMD>",
			"\f"
		]
	},
	{
		"Index": 64,
		"JPN": [
			"<CMD>008027000580</CMD>{恋人|こいびと}みさき<CMD>008027000180</CMD>っていう{地名|ちめい}は<BREAK>やっぱり　{恋人|こいびと}たちが<BREAK>よく{来|く}るからついたのかな？",
			"<CMD>18802700729b27000080</CMD><CMD>17802700729b2700b28027000a8027000180</CMD><CMD>16802700729b27006981</CMD>それとも　そういう{名前|なまえ}だから<BREAK>{恋人|こいびと}がよく{来|く}るのかな？<BREAK><CMD>f481</CMD>はどっちだと{思|おも}う？",
			"<CMD>18802700729b27000180</CMD><CMD>17802700729b270001802700048027000180</CMD><CMD>16802700729b27004181</CMD>…そうだね　どっちでもいいか<BREAK>こうして{２人|ふたり}でいるのに<BREAK>カンケイない<CMD>ff8127000280</CMD>",
			"\f"
		]
	},
	{
		"Index": 70,
		"JPN": [
			"<CMD>f481</CMD><BREAK>もう{食事|しょくじ}も{終|お}わったけど…",
			"もうちょっとだけ<BREAK>このへんを<BREAK>さんさくしよう<CMD>ff8127000580</CMD>",
			"<CMD>128027000180</CMD>",
			"\f"
		]
	},
	{
		"Index": 71,
		"JPN": [
			"<CMD>3780</CMD>",
			"そうしよう<CMD>128027000180</CMD>",
			"もうつかれたよ<CMD>128027000280</CMD>",
			"\f"
		]
	},
	{
		"Index": 72,
		"JPN": [
			"そう{言|い}うと{思|おも}った<CMD>ff8127000280</CMD><BREAK>それじゃ　もうしばらく<BREAK>いっしょにいよう<CMD>ff8127000580</CMD>",
			"\f"
		]
	},
	{
		"Index": 73,
		"JPN": [
			"そう<CMD>ff8127000180</CMD><BREAK>じゃあそろそろ<BREAK>もどる<CMD>ff8127000280</CMD>",
			"\f"
		]
	},
	{
		"Index": 74,
		"JPN": [
			"<CMD>f481</CMD>は　むじん{島|とう}に<BREAK>ひょうりゅうする{話|はなし}の{本|ほん}<BREAK>{読|よ}んだことある<CMD>ff8127000380</CMD>？",
			"ああいう{生活|せいかつ}って<BREAK>ちょっとだけ<BREAK>あこがれてしまう<CMD>ff8127000280</CMD>",
			"\f"
		]
	},
	{
		"Index": 77,
		"JPN": [
			"<CMD>18802700729b27000180</CMD><CMD>17802700729b270001802700048027000180</CMD><CMD>16802700729b27004181</CMD>{２人|ふたり}で{力|ちから}を{合|あ}わせて<BREAK>こんなんを<BREAK>のりこえてみたい<CMD>ff8127000280</CMD>",
			"\f"
		]
	},
	{
		"Index": 80,
		"JPN": [
			"<CMD>18802700729b27000180</CMD><CMD>17802700729b2700ad802700068027000280</CMD><CMD>16802700729b27005581</CMD><CMD>f481</CMD><BREAK>ちょっと{寄|よ}っていこうよ",
			"\f"
		]
	},
	{
		"Index": 81,
		"JPN": [
			"<CMD>18802700729b27000180</CMD><CMD>17802700729b2700ad802700068027000280</CMD><CMD>16802700729b27005581</CMD><CMD>f481</CMD>！<BREAK>こっちおいでよ！",
			"\f"
		]
	},
	{
		"Index": 82,
		"JPN": [
			"<CMD>18802700729b27000180</CMD><CMD>17802700729b2700ad802700068027000280</CMD><CMD>16802700729b27005581</CMD><CMD>f481</CMD>！<BREAK>こっちおいでよ！",
			"\f"
		]
	},
	{
		"Index": 83,
		"JPN": [
			"<CMD>18802700729b27000180</CMD><CMD>17802700729b2700ad802700068027000280</CMD><CMD>16802700729b27005581</CMD><CMD>f481</CMD>！<BREAK>こっちおいでよ！",
			"\f"
		]
	}
]