[
	{
		"Index": 0,
		"JPN": [
			"<CMD>11802700a9962700dc96</CMD>",
			"\f"
		]
	},
	{
		"Index": 1,
		"JPN": [
			"<CMD>11802700dd962700e496</CMD>",
			"\f"
		]
	},
	{
		"Index": 2,
		"JPN": [
			"<CMD>13802700dd96</CMD>",
			"\f"
		]
	},
	{
		"Index": 3,
		"JPN": [
			"<CMD>13802700de96</CMD>",
			"\f"
		]
	},
	{
		"Index": 4,
		"JPN": [
			"<CMD>11802700dd962700e496</CMD>",
			"\f"
		]
	},
	{
		"Index": 5,
		"JPN": [
			"<CMD>11802700dd962700e496</CMD>",
			"\f"
		]
	},
	{
		"Index": 6,
		"JPN": [
			"<CMD>11802700dd962700e496</CMD>",
			"\f"
		]
	},
	{
		"Index": 7,
		"JPN": [
			"<CMD>11802700dd962700e496</CMD>",
			"\f"
		]
	},
	{
		"Index": 8,
		"JPN": [
			"<CMD>11802700dd962700e496</CMD>",
			"\f"
		]
	},
	{
		"Index": 9,
		"JPN": [
			"<CMD>11802700dd962700e496</CMD>",
			"\f"
		]
	},
	{
		"Index": 10,
		"JPN": [
			"<CMD>11802700dd962700e496</CMD>",
			"\f"
		]
	},
	{
		"Index": 11,
		"JPN": [
			"<CMD>11802700dd962700e496</CMD>",
			"\f"
		]
	},
	{
		"Index": 12,
		"JPN": [
			"<CMD>11802700dd962700e496</CMD>",
			"\f"
		]
	},
	{
		"Index": 13,
		"JPN": [
			"<CMD>11802700dd962700e496</CMD>",
			"\f"
		]
	},
	{
		"Index": 14,
		"JPN": [
			"<CMD>11802700dd962700e496</CMD>",
			"\f"
		]
	},
	{
		"Index": 15,
		"JPN": [
			"<CMD>11802700dd962700e496</CMD>",
			"\f"
		]
	},
	{
		"Index": 16,
		"JPN": [
			"<CMD>11802700dd962700e496</CMD>",
			"\f"
		]
	},
	{
		"Index": 17,
		"JPN": [
			"<CMD>13802700df96</CMD>",
			"\f"
		]
	},
	{
		"Index": 18,
		"JPN": [
			"<CMD>11802700dd962700e496</CMD>",
			"\f"
		]
	},
	{
		"Index": 19,
		"JPN": [
			"<CMD>11802700dd962700e496</CMD>",
			"\f"
		]
	},
	{
		"Index": 20,
		"JPN": [
			"<CMD>11802700dd962700e496</CMD>",
			"\f"
		]
	},
	{
		"Index": 21,
		"JPN": [
			"<CMD>11802700dd962700e496</CMD>",
			"\f"
		]
	},
	{
		"Index": 22,
		"JPN": [
			"<CMD>11802700dd962700e496</CMD>",
			"\f"
		]
	},
	{
		"Index": 23,
		"JPN": [
			"<CMD>11802700dd962700e496</CMD>",
			"\f"
		]
	},
	{
		"Index": 24,
		"JPN": [
			"<CMD>11802700dd962700e496</CMD>",
			"\f"
		]
	},
	{
		"Index": 25,
		"JPN": [
			"<CMD>11802700dd962700e496</CMD>",
			"\f"
		]
	},
	{
		"Index": 26,
		"JPN": [
			"<CMD>11802700dd962700e496</CMD>",
			"\f"
		]
	},
	{
		"Index": 27,
		"JPN": [
			"<CMD>11802700dd962700e496</CMD>",
			"\f"
		]
	},
	{
		"Index": 28,
		"JPN": [
			"<CMD>13802700e096</CMD>",
			"\f"
		]
	},
	{
		"Index": 29,
		"JPN": [
			"<CMD>11802700dd962700e496</CMD>",
			"\f"
		]
	},
	{
		"Index": 30,
		"JPN": [
			"<CMD>13802700e196</CMD>",
			"\f"
		]
	},
	{
		"Index": 31,
		"JPN": [
			"<CMD>11802700dd962700e496</CMD>",
			"\f"
		]
	},
	{
		"Index": 32,
		"JPN": [
			"<CMD>11802700dd962700e496</CMD>",
			"\f"
		]
	},
	{
		"Index": 33,
		"JPN": [
			"<CMD>11802700dd962700e496</CMD>",
			"\f"
		]
	},
	{
		"Index": 34,
		"JPN": [
			"<CMD>11802700dd962700e496</CMD>",
			"\f"
		]
	},
	{
		"Index": 35,
		"JPN": [
			"<CMD>11802700dd962700e496</CMD>",
			"\f"
		]
	},
	{
		"Index": 36,
		"JPN": [
			"<CMD>13802700e296</CMD>",
			"\f"
		]
	},
	{
		"Index": 37,
		"JPN": [
			"<CMD>11802700dd962700e496</CMD>",
			"\f"
		]
	},
	{
		"Index": 38,
		"JPN": [
			"<CMD>11802700dd962700e496</CMD>",
			"\f"
		]
	},
	{
		"Index": 39,
		"JPN": [
			"<CMD>13802700e396</CMD>",
			"\f"
		]
	},
	{
		"Index": 40,
		"JPN": [
			"<CMD>11802700dd962700e496</CMD>",
			"\f"
		]
	},
	{
		"Index": 41,
		"JPN": [
			"<CMD>11802700dd962700e496</CMD>",
			"\f"
		]
	},
	{
		"Index": 42,
		"JPN": [
			"<CMD>11802700dd962700e496</CMD>",
			"\f"
		]
	},
	{
		"Index": 43,
		"JPN": [
			"<CMD>11802700dd962700e496</CMD>",
			"\f"
		]
	},
	{
		"Index": 44,
		"JPN": [
			"<CMD>11802700dd962700e496</CMD>",
			"\f"
		]
	},
	{
		"Index": 45,
		"JPN": [
			"<CMD>11802700dd962700e496</CMD>",
			"\f"
		]
	},
	{
		"Index": 46,
		"JPN": [
			"<CMD>11802700dd962700e496</CMD>",
			"\f"
		]
	},
	{
		"Index": 47,
		"JPN": [
			"<CMD>11802700dd962700e496</CMD>",
			"\f"
		]
	},
	{
		"Index": 48,
		"JPN": [
			"<CMD>11802700dd962700e496</CMD>",
			"\f"
		]
	},
	{
		"Index": 49,
		"JPN": [
			"<CMD>11802700dd962700e496</CMD>",
			"\f"
		]
	},
	{
		"Index": 50,
		"JPN": [
			"<CMD>11802700dd962700e496</CMD>",
			"\f"
		]
	},
	{
		"Index": 51,
		"JPN": [
			"<CMD>13802700e496</CMD>",
			"\f"
		]
	},
	{
		"Index": 52,
		"JPN": [
			"<CMD>11802700dd962700e496</CMD>",
			"\f"
		]
	},
	{
		"Index": 53,
		"JPN": [
			"<CMD>49802700308427001580</CMD>",
			"\f"
		]
	},
	{
		"Index": 54,
		"JPN": [
			"<CMD>49802700318427001f8027000180</CMD>",
			"\f"
		]
	},
	{
		"Index": 55,
		"JPN": [
			"<CMD>498027003f842700158027000180</CMD>",
			"\f"
		]
	},
	{
		"Index": 56,
		"JPN": [
			"<CMD>498027004a8427001580</CMD>",
			"\f"
		]
	},
	{
		"Index": 57,
		"JPN": [
			"<CMD>498027004c842700288027000180</CMD>",
			"\f"
		]
	},
	{
		"Index": 58,
		"JPN": [
			"<CMD>4980270052842700218027000180</CMD>",
			"\f"
		]
	},
	{
		"Index": 59,
		"JPN": [
			"<CMD>18802700729b27000180</CMD><CMD>17802700729b2700ad802700068027000280</CMD><CMD>16802700729b27005581</CMD>ようせいが<BREAK><CMD>008027000580</CMD>まち<CMD>008027000180</CMD>に{来|き}ていると{聞|き}いた<CMD>ff8127000280</CMD>",
			"<CMD>028227000080</CMD>は　ぜひ<BREAK>ようせいを{見|み}てみたい…　だから<BREAK>さがし{回|まわ}っている<CMD>ff8127000280</CMD>",
			"<CMD>18802700729b27000080</CMD><CMD>17802700729b270001802700048027000080</CMD><CMD>028227000180</CMD>",
			"<CMD>18802700729b27000580</CMD><CMD>17802700729b2700af802700088027000180</CMD><CMD>16802700729b27005681</CMD>でもきっと　{本当|ほんとう}に{会|あ}えたら<BREAK>びっくりする<CMD>ff8127000280</CMD><CMD>4980270055842700468027000180</CMD>",
			"\f"
		]
	},
	{
		"Index": 60,
		"JPN": [
			"<CMD>4980270061842700328027000180</CMD>",
			"\f"
		]
	}
]