[
	{
		"Index": 0,
		"JPN": [
			"<CMD>18802700729b27000180</CMD><CMD>17802700729b2700ad802700068027000280</CMD><CMD>16802700729b27005581</CMD>わあ！　お{星|ほし}さまって<BREAK>すっごいキラキラ<CMD>ff8127000080</CMD>",
			"<CMD>028227000080</CMD>　{夜|よる}は<BREAK>いつもすぐにねちゃうから<BREAK>{星|ほし}ってあんまり{見|み}ない<CMD>ff8127000280</CMD>",
			"\f"
		]
	},
	{
		"Index": 1,
		"JPN": [
			"ふー…<BREAK>もう{夕方|ゆうがた}<CMD>ff8127000180</CMD>",
			"{楽|たの}しい{時間|じかん}は　あっという{間|ま}に<BREAK>すぎちゃう<CMD>ff8127000280</CMD>",
			"でも　{夕|ゆう}やけが<BREAK>いつもより　きれいに<BREAK>{見|み}える<CMD>ff8127000280</CMD>",
			"<CMD>18802700729b27000180</CMD><CMD>17802700729b270001802700048027000180</CMD><CMD>16802700729b27004181</CMD><CMD>f481</CMD>が<BREAK>そばにいるから<CMD>ff8127000180</CMD>？",
			"\f"
		]
	},
	{
		"Index": 2,
		"JPN": [
			"う～ん！<BREAK>しお{風|かぜ}が　きもちいい<CMD>ff8127000280</CMD>",
			"オヒサマがポカポカしてるし<BREAK>{２人|ふたり}きり<CMD>ff8127000080</CMD>",
			"\f"
		]
	},
	{
		"Index": 3,
		"JPN": [
			"わー！　ここが<BREAK><CMD>f481</CMD>のお{店|みせ}<CMD>ff8127000080</CMD>",
			"<CMD>1880270078a027000180</CMD><CMD>1680270078a027004181</CMD><CMD>f481</CMD>といっしょに<BREAK>ごはんが{食|た}べられるなんて<BREAK><CMD>028227000080</CMD>　うれしい<CMD>ff8127000280</CMD>",
			"さあ　{何食|なにた}べようか？<BREAK><CMD>f481</CMD>の<BREAK>オススメとかある<CMD>ff8127000380</CMD>？",
			"\f"
		]
	},
	{
		"Index": 6,
		"JPN": [
			"さあ　ピクニックといえば<BREAK>おべんとう<CMD>ff8127000080</CMD>！<BREAK><CMD>028227000080</CMD>　{作|つく}ってきた<CMD>ff8127000280</CMD>",
			"でも<BREAK>ゴメンナサイ<CMD>ff8127000080</CMD>",
			"{作|つく}るそばから{食|た}べちゃうから<BREAK>{半分|はんぶん}になっちゃった<CMD>ff8127000280</CMD>",
			"\f"
		]
	},
	{
		"Index": 7,
		"JPN": [
			"そういえば　{昼|ひる}の{間|あいだ}は<BREAK>{星|ほし}ってどこにいる<CMD>ff8127000380</CMD>？<BREAK>うーん…　わかんない<CMD>ff8127000280</CMD>",
			"\f"
		]
	},
	{
		"Index": 10,
		"JPN": [
			"あ！　あの{星|ほし}のならびかた<BREAK>スプーンの{形|かたち}に<BREAK>{見|み}える<CMD>ff8127000280</CMD>",
			"<CMD>18802700729b27000080</CMD><CMD>17802700729b2700b28027000a8027000180</CMD><CMD>16802700729b27006981</CMD><CMD>f481</CMD>も　{何|なに}か<BREAK>{面白|おもしろ}い{形|かたち}のせいざ<BREAK>{見|み}つけた<CMD>ff8127000380</CMD>？",
			"<CMD>128027000180</CMD>",
			"\f"
		]
	},
	{
		"Index": 11,
		"JPN": [
			"<CMD>378027000180</CMD>",
			"ドーナツの{形|かたち}<CMD>128027000180</CMD>",
			"フォークの{形|かたち}<CMD>128027000280</CMD>",
			"ハートの{形|かたち}<CMD>12802700ffff</CMD>",
			"\f"
		]
	},
	{
		"Index": 12,
		"JPN": [
			"<CMD>18802700729b27000180</CMD><CMD>17802700729b270001802700048027000180</CMD><CMD>16802700729b27004181</CMD>どこどこ？<BREAK>おいしそう<CMD>ff8127000080</CMD>",
			"なんだか　<CMD>028227000080</CMD><BREAK>おなかへってきた<CMD>ff8127000280</CMD>",
			"\f"
		]
	},
	{
		"Index": 13,
		"JPN": [
			"<CMD>18802700729b27000180</CMD><CMD>17802700729b2700ad802700068027000280</CMD><CMD>16802700729b27005581</CMD>どこどこ？<BREAK>{見|み}たい<CMD>ff8127000280</CMD>",
			"でも<BREAK>おいしそうなの{星|ほし}の{方|ほう}が<BREAK>{好|す}き<CMD>ff8127000080</CMD>",
			"\f"
		]
	},
	{
		"Index": 14,
		"JPN": [
			"えっ？<BREAK>そんな{星|ほし}　{見|み}えない<CMD>ff8127000280</CMD>",
			"<CMD>f481</CMD><BREAK>ウソは{良|よ}くない<CMD>ff8127000280</CMD>",
			"\f"
		]
	},
	{
		"Index": 15,
		"JPN": [
			"<CMD>18802700729b27000180</CMD><CMD>17802700729b270001802700048027000180</CMD><CMD>16802700729b27004181</CMD>どこどこ？<BREAK>{見|み}たい<CMD>ff8127000280</CMD>",
			"あっ　ホント<CMD>ff8127000080</CMD><BREAK>それに{流|なが}れ{星|ぼし}…",
			"\f"
		]
	},
	{
		"Index": 20,
		"JPN": [
			"<CMD>18802700729b27000080</CMD><CMD>17802700729b2700b28027000a8027000180</CMD><CMD>16802700729b27006981</CMD>そういえば<BREAK><CMD>f481</CMD>って<BREAK>およぐの　トクイ<CMD>ff8127000180</CMD>？",
			"<CMD>128027000180</CMD>",
			"\f"
		]
	},
	{
		"Index": 21,
		"JPN": [
			"<CMD>378027000180</CMD>",
			"トクイ！<CMD>128027000180</CMD>",
			"ふつう<CMD>128027000280</CMD>",
			"ダメ<CMD>12802700ffff</CMD>",
			"\f"
		]
	},
	{
		"Index": 22,
		"JPN": [
			"<CMD>18802700729b27000180</CMD><CMD>17802700729b270001802700048027000180</CMD><CMD>16802700729b27004181</CMD>すごい<CMD>ff8127000280</CMD><BREAK><CMD>028227000080</CMD>は<BREAK>およぐの　ダメ<CMD>ff8127000080</CMD>",
			"{今度|こんど}　およぎ{方|かた}<BREAK>おしえて<CMD>ff8127000480</CMD>",
			"\f"
		]
	},
	{
		"Index": 23,
		"JPN": [
			"<CMD>18802700729b27000180</CMD><CMD>17802700729b2700ad802700068027000280</CMD><CMD>16802700729b27005581</CMD>そっか<BREAK>おぼれないくらいに<BREAK>およげたら　じゅうぶん<CMD>ff8127000080</CMD>",
			"<CMD>028227000080</CMD>はぜんぜんだから<BREAK>{練習|れんしゅう}しないと<BREAK>いけない<CMD>ff8127000280</CMD>",
			"\f"
		]
	},
	{
		"Index": 24,
		"JPN": [
			"そっか<BREAK><CMD>028227000080</CMD>と　いっしょ<CMD>ff8127000080</CMD>",
			"\f"
		]
	},
	{
		"Index": 25,
		"JPN": [
			"<CMD>18802700729b27000180</CMD><CMD>17802700729b270001802700048027000180</CMD><CMD>16802700729b27004181</CMD>じゃあ　<CMD>028227000080</CMD><BREAK>およぐの{練習|れんしゅう}する<CMD>ff8127000280</CMD>",
			"そうしたら<BREAK><CMD>f481</CMD>がおぼれても",
			"ウキワのかわりに<BREAK>なれるかもしれない<CMD>ff8127000280</CMD>",
			"\f"
		]
	},
	{
		"Index": 30,
		"JPN": [
			"そういえば　<CMD>f481</CMD>は<BREAK>{好|す}きなものって<BREAK>いつ{食|た}べる<CMD>ff8127000380</CMD>？",
			"<CMD>128027000180</CMD>",
			"\f"
		]
	},
	{
		"Index": 31,
		"JPN": [
			"<CMD>378027000180</CMD>",
			"さいしょ<CMD>128027000180</CMD>",
			"まんなか<CMD>128027000280</CMD>",
			"さいご<CMD>12802700ffff</CMD>",
			"\f"
		]
	},
	{
		"Index": 32,
		"JPN": [
			"<CMD>18802700729b27000180</CMD><CMD>17802700729b270001802700048027000180</CMD><CMD>16802700729b27004181</CMD>だよね！<BREAK><CMD>f481</CMD>もいっしょで<BREAK>うれしい<CMD>ff8127000280</CMD>",
			"やっぱり<BREAK>{好|す}きなものは　まっ{先|さき}に<BREAK>{食|た}べちゃう<CMD>ff8127000280</CMD>",
			"\f"
		]
	},
	{
		"Index": 33,
		"JPN": [
			"<CMD>18802700729b27000180</CMD><CMD>17802700729b2700ad802700068027000280</CMD><CMD>16802700729b27005581</CMD>そうだね　それくらいも<BREAK>いいと{思|おも}う<CMD>ff8127000280</CMD>",
			"\f"
		]
	},
	{
		"Index": 34,
		"JPN": [
			"う～ん…<BREAK>それだと<BREAK>{待|ま}ちきれない<CMD>ff8127000280</CMD>",
			"\f"
		]
	},
	{
		"Index": 35,
		"JPN": [
			"<CMD>18802700729b27000180</CMD><CMD>17802700729b270001802700048027000180</CMD><CMD>16802700729b27004181</CMD>う～ん…<BREAK>それだと<BREAK>{待|ま}ちきれない<CMD>ff8127000280</CMD>",
			"でも…そっか！<BREAK>{待|ま}つことも<BREAK>{大事|だいじ}かもしれない<CMD>ff8127000280</CMD>",
			"\f"
		]
	},
	{
		"Index": 40,
		"JPN": [
			"<CMD>1880270078a027000180</CMD><CMD>1680270078a027005581</CMD>ふー<BREAK>{今日|きょう}のご{飯|はん}は　トクベツ<BREAK>おいしく{感|かん}じる<CMD>ff8127000280</CMD>",
			"いくらでも{食|た}べられる<CMD>ff8127000280</CMD><BREAK>うーん…　おかわりしようかな<BREAK>どうしよう<CMD>ff8127000180</CMD>？",
			"<CMD>128027000180</CMD>",
			"\f"
		]
	},
	{
		"Index": 41,
		"JPN": [
			"<CMD>378027000180</CMD>",
			"もっと{食|た}べて<CMD>128027000180</CMD>",
			"{食|た}べすぎだよ<CMD>128027000280</CMD>",
			"{太|ふと}るよ<CMD>128027000380</CMD>",
			"\f"
		]
	},
	{
		"Index": 42,
		"JPN": [
			"<CMD>1880270078a027000180</CMD><CMD>1680270078a027004181</CMD>ありがとう　<CMD>f481</CMD>！<BREAK>{世界一|せかいいち}おいしい<CMD>ff8127000280</CMD>",
			"<CMD>1680270078a027004181</CMD>{毎日|まいにち}でも<CMD>f481</CMD>の<BREAK>ゴハンが{食|た}べたい<CMD>ff8127000280</CMD>",
			"\f"
		]
	},
	{
		"Index": 43,
		"JPN": [
			"<CMD>1880270078a027000180</CMD><CMD>1680270078a027005581</CMD>やっぱり　そう<CMD>ff8127000180</CMD>？<BREAK><CMD>028227000080</CMD>も<BREAK>そんな{気|き}がした<CMD>ff8127000280</CMD>",
			"\f"
		]
	},
	{
		"Index": 44,
		"JPN": [
			"そ　そうだよね…<BREAK>ちょっと<BREAK>{食|た}べすぎちゃった<CMD>ff8127000280</CMD>",
			"\f"
		]
	},
	{
		"Index": 50,
		"JPN": [
			"<CMD>18802700729b27000080</CMD><CMD>17802700729b2700b28027000a8027000180</CMD><CMD>16802700729b27006981</CMD>ねえ　<CMD>f481</CMD><BREAK>もう{少|すこ}しだけ　いい？",
			"<CMD>128027000180</CMD>",
			"\f"
		]
	},
	{
		"Index": 51,
		"JPN": [
			"<CMD>3780</CMD>",
			"そうだね<CMD>128027000180</CMD>",
			"そろそろ<CMD>128027000280</CMD>",
			"\f"
		]
	},
	{
		"Index": 52,
		"JPN": [
			"<CMD>18802700729b27000180</CMD><CMD>17802700729b2700ad802700068027000280</CMD><CMD>16802700729b27005581</CMD>あー　よかった！<BREAK>まだ{話|はな}したいことが<BREAK>たくさんある<CMD>ff8127000280</CMD>",
			"\f"
		]
	},
	{
		"Index": 53,
		"JPN": [
			"そう<CMD>ff8127000180</CMD><BREAK>じゃあ　べつのところに<BREAK>{行|い}く<CMD>ff8127000580</CMD>",
			"\f"
		]
	},
	{
		"Index": 54,
		"JPN": [
			"あの　<CMD>f481</CMD>…",
			"<CMD>028227000080</CMD>　いつも<BREAK>おいしい{物|もの}のことばっかり<BREAK>{考|かんが}えてたけど",
			"<CMD>18802700729b27000180</CMD><CMD>17802700729b270001802700048027000180</CMD><CMD>16802700729b27004181</CMD>このごろは<BREAK><CMD>f481</CMD>は{今|いま}ごろ<BREAK>{何|なに}してるかな？　って",
			"そればっかり<BREAK>{考|かんが}えている<CMD>ff8127000280</CMD>",
			"そういえば　さっきの{流|なが}れ{星|ぼし}<BREAK>おねがいが<BREAK>{間|ま}に{合|あ}わなかった<CMD>ff8127000280</CMD>",
			"<CMD>18802700729b27000180</CMD><CMD>17802700729b270001802700048027000180</CMD><CMD>16802700729b27004181</CMD><CMD>f481</CMD>と<BREAK>いつまでも…って<BREAK>おねがいしたかった<CMD>ff8127000280</CMD>",
			"\f"
		]
	},
	{
		"Index": 60,
		"JPN": [
			"あのね　<CMD>f481</CMD><BREAK><CMD>028227000080</CMD>　もっと<BREAK>{話|はな}したいことがある<CMD>ff8127000280</CMD>",
			"<CMD>18802700729b27000080</CMD><CMD>17802700729b2700b28027000a8027000180</CMD><CMD>16802700729b27006981</CMD>もうちょっとだけ<BREAK>いっしょにいない？",
			"<CMD>128027000180</CMD>",
			"\f"
		]
	},
	{
		"Index": 61,
		"JPN": [
			"<CMD>3780</CMD>",
			"そうだね<CMD>128027000180</CMD>",
			"そろそろ<CMD>128027000280</CMD>",
			"\f"
		]
	},
	{
		"Index": 62,
		"JPN": [
			"<CMD>18802700729b27000180</CMD><CMD>17802700729b2700ad802700068027000280</CMD><CMD>16802700729b27005581</CMD>あー　よかった！<BREAK>まだ{話|はな}したいことが<BREAK>たくさんある<CMD>ff8127000280</CMD>",
			"\f"
		]
	},
	{
		"Index": 63,
		"JPN": [
			"そう<CMD>ff8127000180</CMD><BREAK>じゃあ　べつのところに<BREAK>{行|い}く<CMD>ff8127000580</CMD>",
			"\f"
		]
	},
	{
		"Index": 64,
		"JPN": [
			"ちょっと{風|かぜ}が<BREAK>でてきた<CMD>ff8127000380</CMD>？",
			"<CMD>f481</CMD><BREAK>さむくない<CMD>ff8127000380</CMD>？",
			"もし　さむかったら<BREAK><CMD>028227000080</CMD>のおなかに<BREAK>{手|て}をおくと　いい<CMD>ff8127000280</CMD>",
			"<CMD>18802700729b27000180</CMD><CMD>17802700729b270001802700048027000180</CMD><CMD>16802700729b27004181</CMD>じまんじゃないけど<BREAK><CMD>028227000080</CMD>のおなかって<BREAK>あったかい<CMD>ff8127000280</CMD>",
			"\f"
		]
	},
	{
		"Index": 70,
		"JPN": [
			"ふぅ　おなかいっぱいー<BREAK>でも{今日|きょう}はおひるねじゃなくて<BREAK>もっと　{話|はな}したい<CMD>ff8127000280</CMD>",
			"<CMD>18802700729b27000080</CMD><CMD>17802700729b2700b28027000a8027000180</CMD><CMD>16802700729b27006981</CMD><CMD>f481</CMD><BREAK>もう{少|すこ}し<BREAK>おしゃべりしよう<CMD>ff8127000580</CMD>？",
			"<CMD>128027000180</CMD>",
			"\f"
		]
	},
	{
		"Index": 71,
		"JPN": [
			"<CMD>3780</CMD>",
			"そうだね<CMD>128027000180</CMD>",
			"そろそろ<CMD>128027000280</CMD>",
			"\f"
		]
	},
	{
		"Index": 72,
		"JPN": [
			"<CMD>18802700729b27000180</CMD><CMD>17802700729b2700ad802700068027000280</CMD><CMD>16802700729b27005581</CMD>あー　よかった！<BREAK>まだ{話|はな}したいことが<BREAK>たくさんある<CMD>ff8127000280</CMD>",
			"\f"
		]
	},
	{
		"Index": 73,
		"JPN": [
			"そう<CMD>ff8127000180</CMD><BREAK>じゃあ　べつのところに<BREAK>{行|い}く<CMD>ff8127000580</CMD>",
			"\f"
		]
	},
	{
		"Index": 74,
		"JPN": [
			"あっ　<CMD>028227000080</CMD>のポッケに<BREAK>おかしが　１コ{入|はい}ってたから<BREAK><CMD>f481</CMD>にあげる<CMD>ff8127000280</CMD><CMD>4c80270028832700028127000180</CMD>",
			"\f"
		]
	},
	{
		"Index": 77,
		"JPN": [
			"<CMD>18802700729b27000180</CMD><CMD>17802700729b270001802700048027000180</CMD><CMD>16802700729b27004181</CMD><CMD>028227000080</CMD>は<CMD>f481</CMD>から<BREAK>いっつも　あったかいものを<BREAK>もらってるから",
			"これで　おあいこ<CMD>ff8127000080</CMD><CMD>4c80270028832700028127000080</CMD>",
			"\f"
		]
	},
	{
		"Index": 80,
		"JPN": [
			"<CMD>18802700729b27000180</CMD><CMD>17802700729b2700ad802700068027000280</CMD><CMD>16802700729b27005581</CMD><CMD>f481</CMD><BREAK>ちょっと{寄|よ}っていこうよ",
			"\f"
		]
	},
	{
		"Index": 81,
		"JPN": [
			"<CMD>18802700729b27000180</CMD><CMD>17802700729b2700ad802700068027000280</CMD><CMD>16802700729b27005581</CMD><CMD>f481</CMD>！<BREAK>こっちおいでよ！",
			"\f"
		]
	},
	{
		"Index": 82,
		"JPN": [
			"<CMD>18802700729b27000180</CMD><CMD>17802700729b2700ad802700068027000280</CMD><CMD>16802700729b27005581</CMD><CMD>f481</CMD>！<BREAK>こっちおいでよ！",
			"\f"
		]
	},
	{
		"Index": 83,
		"JPN": [
			"<CMD>18802700729b27000180</CMD><CMD>17802700729b2700ad802700068027000280</CMD><CMD>16802700729b27005581</CMD><CMD>f481</CMD>！<BREAK>こっちおいでよ！",
			"\f"
		]
	}
]