[
	{
		"Index": 0,
		"JPN": [
			"<CMD>18802700729b27000380</CMD><CMD>17802700729b2700ab8027000a8027000180</CMD><CMD>16802700729b27003081</CMD><CMD>f481</CMD>と　お{別|わか}れするのは<BREAK>さびしい<CMD>ff8127000280</CMD>…",
			"おなかいっぱいで<BREAK>デザートが<BREAK>{食|た}べられない{気分|きぶん}<CMD>ff8127000080</CMD>",
			"<CMD>13802700758e</CMD>",
			"\f"
		]
	},
	{
		"Index": 1,
		"JPN": [
			"<CMD>3780</CMD>",
			"もっと{遊|あそ}ぼう<CMD>13802700768e</CMD>",
			"バイバイ<CMD>13802700778e</CMD>",
			"\f"
		]
	},
	{
		"Index": 2,
		"JPN": [
			"<CMD>18802700729b27000180</CMD><CMD>17802700729b2700ad802700068027000280</CMD><CMD>16802700729b27005581</CMD>そうだよね！<BREAK><CMD>028227000080</CMD>もまだ<CMD>f481</CMD>と<BREAK>さよならしたくないんだ <CMD>4a80</CMD>",
			"なにをして{遊|あそ}ぼうか？",
			"\f"
		]
	},
	{
		"Index": 3,
		"JPN": [
			"<CMD>f481</CMD>と<BREAK>バイバイするのって<BREAK>とってもさびしい…",
			"<CMD>18802700729b27000180</CMD><CMD>17802700729b2700ad802700068027000280</CMD><CMD>16802700729b27005581</CMD>でも　またこんど<BREAK>{会|あ}えるもんね！<BREAK>じゃあ　またね！",
			"\f"
		]
	},
	{
		"Index": 4,
		"JPN": [
			"…おなかが<BREAK>すいてきちゃった<CMD>ff8127000280</CMD>",
			"こんどまた<BREAK>さそってくれると<BREAK>うれしいな<CMD>17802700739b2700688027000a80</CMD>",
			"\f"
		]
	},
	{
		"Index": 5,
		"JPN": [
			"<CMD>18802700729b27000380</CMD><CMD>17802700729b2700ab8027000a8027000180</CMD><CMD>16802700729b27003081</CMD><CMD>f481</CMD>とお{別|わか}れするのは<BREAK>さびしい<CMD>ff8127000280</CMD>…",
			"でも　さすがにおなかいっぱいで<BREAK>デザートが<BREAK>{食|た}べられない{気分|きぶん}<CMD>ff8127000080</CMD>",
			"{今日|きょう}はもうバイバイ<CMD>ff8127000080</CMD>",
			"\f"
		]
	}
]