[
	{
		"Index": 0,
		"JPN": [
			"<CMD>18802700729b27000180</CMD><CMD>17802700729b270001802700048027000180</CMD><CMD>16802700729b27004181</CMD>こんなところに<BREAK>いた<CMD>ff8127000280</CMD>",
			"<CMD>18802700729b27000780</CMD><CMD>17802700729b2700b18027000a8027000180</CMD><CMD>16802700729b27009081</CMD>あの…あのね…<CMD>028227000080</CMD>…<BREAK><CMD>f481</CMD>に{聞|き}いてほしいことが<BREAK>あって　{探|さが}してた<CMD>ff8127000280</CMD>！",
			"<CMD>18802700729b27000080</CMD><CMD>17802700729b2700b28027000a8027000180</CMD><CMD>16802700729b27006981</CMD><CMD>008027000580</CMD>{恋人|こいびと}みさき<CMD>008027000180</CMD>まで<BREAK>{来|き}てくれない？<BREAK>…あっ　ダメなら　いいんだけど…",
			"<CMD>13802700a18f</CMD>",
			"\f"
		]
	},
	{
		"Index": 1,
		"JPN": [
			"<CMD>3780</CMD>",
			"いいよ<CMD>13802700a28f</CMD>",
			"ダメ<CMD>13802700a38f</CMD>",
			"\f"
		]
	},
	{
		"Index": 2,
		"JPN": [
			"<CMD>18802700729b27000180</CMD><CMD>17802700729b2700ad802700068027000280</CMD><CMD>16802700729b27005581</CMD>ありがとう！<BREAK>じゃ　ＰＭ６{時|じ}に<BREAK><CMD>008027000580</CMD>{恋人|こいびと}みさき<CMD>008027000180</CMD>で{待|ま}ち{合|あ}わせだよ",
			"{待|ま}ってるからね！",
			"<CMD>138027001891</CMD>",
			"\f"
		]
	},
	{
		"Index": 3,
		"JPN": [
			"<CMD>18802700729b27000380</CMD><CMD>17802700729b2700ab8027000a8027000180</CMD><CMD>16802700729b27003081</CMD>そっか…<BREAK>また　{気|き}が{向|む}いたら<BREAK>{声|こえ}をかけて<CMD>ff8127000480</CMD>",
			"ホントに{大事|だいじ}なお{話|はなし}なんだ<BREAK>そう　{朝|あさ}ご{飯|はん}を{食|た}べるのと<BREAK>{同|おな}じくらいにね…",
			"\f"
		]
	},
	{
		"Index": 4,
		"JPN": [
			"<CMD>18802700729b27000080</CMD><CMD>17802700729b2700b28027000a8027000180</CMD><CMD>16802700729b27006981</CMD><CMD>f481</CMD>は<BREAK>{晴|は}れの{日|ひ}と{雨|あめ}の{日|ひ}<BREAK>どっちが{好|す}き？",
			"<CMD>18802700729b27000780</CMD><CMD>17802700729b2700b18027000a8027000180</CMD><CMD>16802700729b27009081</CMD><CMD>028227000080</CMD>はね…どっちも{好|す}きなんだ<BREAK>{晴|は}れの{日|ひ}には<BREAK><CMD>f481</CMD>と{公園|こうえん}で",
			"いっしょにお{弁当|べんとう}を{食|た}べて<BREAK>{雨|あめ}の{日|ひ}には",
			"<CMD>18802700729b27000780</CMD><CMD>17802700729b2700b18027000a8027000180</CMD><CMD>16802700729b27009081</CMD><CMD>f481</CMD>と　おうちの{中|なか}で<BREAK>いっしょにお{茶|ちゃ}を{飲|の}むんだ<BREAK>ステキだと　{思|おも}わない？",
			"<CMD>13802700a58f</CMD>",
			"\f"
		]
	},
	{
		"Index": 5,
		"JPN": [
			"<CMD>3780</CMD>",
			"ステキだね<CMD>13802700a68f</CMD>",
			"べつに…<CMD>13802700a78f</CMD>",
			"\f"
		]
	},
	{
		"Index": 6,
		"JPN": [
			"<CMD>18802700729b27000180</CMD><CMD>17802700729b270001802700048027000180</CMD><CMD>16802700729b27004181</CMD>すごいや！<BREAK>やっぱり　<CMD>028227000080</CMD>たち<BREAK>{相性|あいしょう}バッチリ<CMD>ff8127000080</CMD>！",
			"<CMD>18802700729b27000780</CMD><CMD>17802700729b2700b18027000a8027000180</CMD><CMD>16802700729b27009081</CMD>じゃあ　これから<BREAK>{恋人|こいびと}として<BREAK>つきあおうよ！",
			"きっと　{楽|たの}しいよ！",
			"\f"
		]
	},
	{
		"Index": 7,
		"JPN": [
			"<CMD>18802700729b27000380</CMD><CMD>17802700729b2700ab8027000a8027000180</CMD><CMD>16802700729b27002e81</CMD>そっか…<BREAK>ちょっと　さみしいな…",
			"でも　{気|き}が{変|か}わったら<BREAK>いつでも　{声|こえ}をかけてね！",
			"\f"
		]
	},
	{
		"Index": 12,
		"JPN": [
			"あのね　<CMD>f481</CMD><BREAK>ちょっと　いいかな…<BREAK>お{話|はなし}があるんだ…",
			"<CMD>18802700729b27000080</CMD><CMD>17802700729b2700b28027000a8027000180</CMD><CMD>16802700729b27006981</CMD><CMD>f481</CMD>はおいしいものを<BREAK>{食|た}べるのって　{好|す}き？",
			"<CMD>13802700ad8f</CMD>",
			"\f"
		]
	},
	{
		"Index": 13,
		"JPN": [
			"<CMD>3780</CMD>",
			"{大好|だいす}き<CMD>13802700ae8f</CMD>",
			"べつに…<CMD>13802700af8f</CMD>",
			"\f"
		]
	},
	{
		"Index": 14,
		"JPN": [
			"<CMD>18802700729b27000180</CMD><CMD>17802700729b2700ad802700068027000280</CMD><CMD>16802700729b27005581</CMD>うわ～～～<BREAK>{大好|だいす}きだって…<BREAK>うれしい<CMD>ff8127000580</CMD>",
			"<CMD>028227000080</CMD>も　おいしいものを<BREAK>{食|た}べるのが{大好|だいす}きなんだ！",
			"<CMD>028227000080</CMD>たち<BREAK>{気|き}が{合|あ}いそう<CMD>ff8127000080</CMD>",
			"これからは{友|とも}だちとして<BREAK>いっしょに　ランチしたり<BREAK>お{茶|ちゃ}したりしようね！",
			"\f"
		]
	},
	{
		"Index": 15,
		"JPN": [
			"おいしいものを{食|た}べると<BREAK>とっても{幸|しあわ}せな{気持|きも}ちに<BREAK>なれるよ？",
			"<CMD>18802700729b27000180</CMD><CMD>17802700729b2700ad802700068027000280</CMD><CMD>16802700729b27005581</CMD>もし　{気|き}が{変|か}わったら<BREAK>また　{声|こえ}をかけてね！",
			"\f"
		]
	},
	{
		"Index": 16,
		"JPN": [
			"あのね　<CMD>f481</CMD><BREAK>{今|いま}　いそがしい？",
			"できれば<BREAK>{聞|き}いてほしいお{話|はなし}が<BREAK>あるんだけど…",
			"<CMD>13802700b18f</CMD>",
			"\f"
		]
	},
	{
		"Index": 17,
		"JPN": [
			"<CMD>3780</CMD>",
			"{大丈夫|だいじょうぶ}だよ<CMD>13802700b28f</CMD>",
			"いそがしい<CMD>13802700b38f</CMD>",
			"\f"
		]
	},
	{
		"Index": 18,
		"JPN": [
			"<CMD>18802700729b27000780</CMD><CMD>17802700729b2700b18027000a8027000180</CMD>あのね　あのね…<BREAK>ここでは　ちょっと<BREAK>{話|はな}しにくいこと<CMD>ff8127000080</CMD>",
			"ＰＭ７{時|じ}に<CMD>008027000580</CMD>{恋人|こいびと}みさき<CMD>008027000180</CMD>で<BREAK>{待|ま}ってるから",
			"<CMD>18802700729b27000080</CMD><CMD>17802700729b2700b28027000a8027000180</CMD><CMD>16802700729b27006981</CMD>{後|あと}で　{来|き}てくれない？",
			"<CMD>138027000991</CMD>",
			"\f"
		]
	},
	{
		"Index": 19,
		"JPN": [
			"<CMD>18802700729b27000380</CMD><CMD>17802700729b2700ab8027000a8027000180</CMD><CMD>16802700729b27003081</CMD>ざんねん…<BREAK>{時間|じかん}ができたら<BREAK><CMD>028227000080</CMD>のお{話聞|はなしき}いてね！",
			"とっても<BREAK>とっても<BREAK>{大事|だいじ}なことだから！",
			"\f"
		]
	},
	{
		"Index": 20,
		"JPN": [
			"<CMD>18802700729b27000180</CMD><CMD>17802700729b2700ad802700068027000280</CMD><CMD>16802700729b27005581</CMD><CMD>f481</CMD><BREAK>{来|き}てくれたんだね<BREAK>ありがとう",
			"<CMD>f481</CMD>は<BREAK>おいしいものを{食|た}べながら",
			"たのしくおしゃべりするの<BREAK>{好|す}き？",
			"<CMD>13802700b58f</CMD>",
			"\f"
		]
	},
	{
		"Index": 21,
		"JPN": [
			"<CMD>3780</CMD>",
			"{好|す}き<CMD>13802700b68f</CMD>",
			"べつに<CMD>13802700b78f</CMD>",
			"\f"
		]
	},
	{
		"Index": 22,
		"JPN": [
			"<CMD>18802700729b27000180</CMD><CMD>17802700729b2700ad802700068027000280</CMD><CMD>16802700729b27005581</CMD><CMD>028227000080</CMD>も！<BREAK><CMD>028227000080</CMD>もだよ！　やっぱり<BREAK><CMD>028227000080</CMD>ら　{親友|しんゆう}だね！",
			"これからは<BREAK>もっとたのしく<BREAK>おいしいものを{食|た}べられるね！",
			"\f"
		]
	},
	{
		"Index": 23,
		"JPN": [
			"<CMD>18802700729b27000480</CMD><CMD>17802700729b2700ab8027000a8027000180</CMD><CMD>16802700729b27007f81</CMD>そっか　ざんねん…<BREAK>おいしいものを{食|た}べながらの<BREAK>おしゃべりは",
			"{大好|だいす}きな{人|ひと}と<BREAK>いっしょにいるのと<BREAK>{同|おな}じくらい{楽|たの}しいんだけどな…",
			"{気|き}が{変|か}わったら<BREAK>いつでも<BREAK>{声|こえ}をかけてね！",
			"\f"
		]
	},
	{
		"Index": 32,
		"JPN": [
			"あのね　ちょっと　いいかな…<BREAK>この{前|まえ}はヤクソクやぶっちゃって<BREAK>ごめんなさい<CMD>ff8127000080</CMD>",
			"{気|き}がついたら　へんなところに<BREAK>いた<CMD>ff8127000280</CMD>",
			"{家|いえ}に{帰|かえ}るほうほうも<BREAK>わからなくて　すごく<BREAK>おなかがすいた<CMD>ff8127000280</CMD>",
			"それで　あらためて<BREAK><CMD>f481</CMD>に{聞|き}いてほしいことが<BREAK>あるんだけど…",
			"<CMD>008027000580</CMD>{恋人|こいびと}みさき<CMD>008027000180</CMD>まで<BREAK>{来|き}てくれない？<BREAK>…あっ　ダメなら　いいんだけど…",
			"<CMD>13802700a18f</CMD>",
			"\f"
		]
	},
	{
		"Index": 36,
		"JPN": [
			"あのね　ちょっと　いいかな…<BREAK>この{前|まえ}はヤクソクやぶっちゃって<BREAK>ごめんなさい<CMD>ff8127000080</CMD>",
			"{気|き}がついたら　へんなところに<BREAK>いた<CMD>ff8127000280</CMD>",
			"{家|いえ}に{帰|かえ}るほうほうも<BREAK>わからなくて　すごく<BREAK>おなかがすいた<CMD>ff8127000280</CMD>",
			"それで　あらためて<BREAK>{聞|き}いてほしいお{話|はなし}が<BREAK>あるんだけど…",
			"<CMD>13802700b18f</CMD>",
			"\f"
		]
	},
	{
		"Index": 40,
		"JPN": [
			"<CMD>18802700729b27000080</CMD><CMD>17802700729b2700b28027000a8027000180</CMD><CMD>16802700729b27006981</CMD><CMD>f481</CMD>は<BREAK>{晴|は}れの{日|ひ}と{雨|あめ}の{日|ひ}<BREAK>どっちが{好|す}き？",
			"<CMD>18802700729b27000780</CMD><CMD>17802700729b2700b18027000a8027000180</CMD><CMD>16802700729b27009081</CMD><CMD>028227000080</CMD>はね…どっちも{好|す}きなんだ<BREAK>{晴|は}れの{日|ひ}には<BREAK><CMD>f481</CMD>と{公園|こうえん}で",
			"いっしょにお{弁当|べんとう}を{食|た}べて<BREAK>{雨|あめ}の{日|ひ}には",
			"<CMD>18802700729b27000780</CMD><CMD>17802700729b2700b18027000a8027000180</CMD><CMD>16802700729b27009081</CMD><CMD>f481</CMD>と　おうちの{中|なか}で<BREAK>いっしょにお{茶|ちゃ}を{飲|の}むんだ<BREAK>ステキだと　{思|おも}わない？",
			"<CMD>13802700a58f</CMD>",
			"\f"
		]
	},
	{
		"Index": 44,
		"JPN": [
			"<CMD>f481</CMD>は<BREAK>おいしいものを{食|た}べながら",
			"たのしくおしゃべりするの<BREAK>{好|す}き？",
			"<CMD>13802700b58f</CMD>",
			"\f"
		]
	}
]