[
	{
		"Index": 0,
		"JPN": [
			"へー　なんか{今|いま}は<BREAK><CMD>3a8227000080</CMD>を<BREAK>やってるみたい<CMD>ff8127000080</CMD>",
			"<CMD>18802700729b27000780</CMD><CMD>17802700729b2700b18027000a8027000180</CMD>あれこれえらぶのはメンドウだけど<BREAK><CMD>3a8227000080</CMD>の{品物|しなもの}を<BREAK>{買|か}うのがいい<CMD>ff8127000280</CMD>",
			"\f"
		]
	},
	{
		"Index": 1,
		"JPN": [
			"<CMD>18802700729b27000580</CMD><CMD>17802700729b2700638027000a8027000280</CMD><CMD>16802700729b27002f81</CMD>うーん　いろいろお{店|みせ}があって<BREAK>どこへ{行|い}こうか<BREAK>まよっちゃう<CMD>ff8127000280</CMD>",
			"あっちのお{店|みせ}がいいか…<BREAK>それともこっちか…",
			"<CMD>18802700729b27000380</CMD><CMD>17802700729b2700ab8027000a8027000180</CMD><CMD>16802700729b27003081</CMD>…まよってたら<BREAK>なんだかおなかが<BREAK>へってきた<CMD>ff8127000280</CMD>",
			"\f"
		]
	},
	{
		"Index": 2,
		"JPN": [
			"やあ<CMD>f481</CMD><BREAK><CMD>028227000080</CMD>は　ちょっと{一休|ひとやす}み<BREAK>しているところ<CMD>ff8127000080</CMD>",
			"<CMD>18802700729b27000180</CMD><CMD>17802700729b2700ad802700068027000280</CMD><CMD>16802700729b27005581</CMD>そろそろおなかがへってきたし<BREAK>{次|つぎ}は{食|た}べものを{売|う}ってる<BREAK>お{店|みせ}に{行|い}きたい<CMD>ff8127000280</CMD>",
			"\f"
		]
	},
	{
		"Index": 3,
		"JPN": [
			"<CMD>18802700729b27000180</CMD><CMD>17802700729b2700ad802700068027000280</CMD><CMD>16802700729b27005581</CMD>いやー　ここは<BREAK>いろいろお{店|みせ}があって<BREAK>{歩|ある}いてるだけで{楽|たの}しい<CMD>ff8127000280</CMD>",
			"でも　あんまりはしゃぎすぎると<BREAK>つかれちゃうから　<CMD>028227000080</CMD>は<BREAK>のんびり{行|い}くことにする<CMD>ff8127000280</CMD>",
			"\f"
		]
	},
	{
		"Index": 4,
		"JPN": [
			"<CMD>18802700729b27000780</CMD><CMD>17802700729b2700b18027000a8027000180</CMD>ふいー　つかれた<CMD>ff8127000280</CMD><BREAK>いやー　ついつい<BREAK>はしゃぎすぎたみたい<CMD>ff8127000080</CMD>",
			"しばらくここでのんびりしてから<BREAK>また{次|つぎ}のお{店|みせ}に<BREAK>{行|い}くことにする<CMD>ff8127000280</CMD>",
			"\f"
		]
	},
	{
		"Index": 5,
		"JPN": [
			"エスカレーターって<BREAK>{自分|じぶん}で{歩|ある}かなくていいから<BREAK>ラクチンでイイ<CMD>ff8127000280</CMD>",
			"<CMD>18802700729b27000780</CMD><CMD>17802700729b2700aa8027000a8027000280</CMD><CMD>16802700729b27002d81</CMD>もし　かいだんしかなかったら<BREAK><CMD>028227000080</CMD>は{上|うえ}のお{店|みせ}には<BREAK>{行|い}かなかったかも<CMD>ff8127000080</CMD>",
			"\f"
		]
	},
	{
		"Index": 6,
		"JPN": [
			"{何|なに}か{食|た}べたいんだけど<BREAK>メニューがいろいろで<BREAK>まよっちゃう<CMD>ff8127000280</CMD>",
			"<CMD>18802700729b27000780</CMD><CMD>17802700729b2700aa8027000a8027000280</CMD><CMD>16802700729b27002d81</CMD>あれも{食|た}べたいし<BREAK>これもおいしそう…<BREAK>まよった{時|とき}は{全部|ぜんぶ}<CMD>ff8127000180</CMD>？",
			"\f"
		]
	},
	{
		"Index": 7,
		"JPN": [
			"ここ　すわれるのはいいんだけど<BREAK>イイにおいがしてきて<BREAK>おなかがへっちゃう<CMD>ff8127000280</CMD>",
			"<CMD>18802700729b27000380</CMD><CMD>17802700729b2700ab8027000a8027000180</CMD><CMD>16802700729b27003081</CMD>うーん　こまったこまった<BREAK>どれを{食|た}べればいい<CMD>ff8127000380</CMD>？",
			"\f"
		]
	},
	{
		"Index": 8,
		"JPN": [
			"<CMD>18802700729b27000180</CMD><CMD>17802700729b2700ad802700068027000280</CMD><CMD>16802700729b27005581</CMD>ふっふっふ<BREAK>やっぱりここに{来|き}たからには<BREAK>{何|なに}か{食|た}べなきゃ<CMD>ff8127000080</CMD>",
			"おいしいものもそろってるし<BREAK>あれもこれも<BREAK>たくさん{食|た}べる<CMD>ff8127000280</CMD>！",
			"\f"
		]
	},
	{
		"Index": 9,
		"JPN": [
			"<CMD>18802700729b27000780</CMD><CMD>17802700729b2700b18027000a8027000180</CMD>こういう　にぎやかなところで<BREAK>ごはんを{食|た}べるのって<BREAK>なんだかウキウキする<CMD>ff8127000280</CMD>",
			"{楽|たの}しいとゴハンがすすむ<CMD>ff8127000280</CMD><BREAK>おかげで　いつもよりいっぱい<BREAK>{食|た}べられそう<CMD>ff8127000080</CMD>",
			"\f"
		]
	},
	{
		"Index": 10,
		"JPN": [
			"ふー　{食|た}べた{食|た}べた<BREAK>おいしいごはんが<BREAK>{食|た}べられた<CMD>ff8127000280</CMD>",
			"<CMD>18802700729b27000780</CMD><CMD>17802700729b2700aa8027000a8027000280</CMD><CMD>16802700729b27002d81</CMD>こんなにおいしいと<BREAK>おかわりしたくなる<CMD>ff8127000280</CMD><BREAK>これじゃ{太|ふと}っちゃいそう<CMD>ff8127000080</CMD>",
			"\f"
		]
	},
	{
		"Index": 11,
		"JPN": [
			"いやー　{味|あじ}はもちろんだけど<BREAK>ここは　ゆっくり<BREAK>{食|た}べられるのがいい<CMD>ff8127000280</CMD>",
			"<CMD>18802700729b27000180</CMD><CMD>17802700729b2700ad802700068027000280</CMD><CMD>16802700729b27005581</CMD>やっぱりごはんをおいしく<BREAK>{食|た}べるには　まわりのカンキョウが<BREAK>{大切|たいせつ}<CMD>ff8127000080</CMD>",
			"\f"
		]
	},
	{
		"Index": 12,
		"JPN": [
			"<CMD>18802700729b27000080</CMD><CMD>17802700729b2700b28027000a8027000180</CMD><CMD>16802700729b27006981</CMD>うーん　もしかしてこのオブジェ<BREAK>{有名|ゆうめい}な{作品|さくひん}だったり<BREAK>する<CMD>ff8127000380</CMD>？",
			"<CMD>028227000080</CMD>にはうまく<BREAK>セツメイできないけど<BREAK>{心|こころ}にひびくものがある<CMD>ff8127000280</CMD>",
			"\f"
		]
	},
	{
		"Index": 13,
		"JPN": [
			"<CMD>18802700729b27000080</CMD><CMD>17802700729b2700b28027000a8027000180</CMD><CMD>16802700729b27006981</CMD>ねえねえ<CMD>f481</CMD><BREAK>このオブジェって<BREAK>けっこうすごい<CMD>ff8127000380</CMD>？",
			"いまいちわからない<CMD>ff8127000280</CMD><BREAK><CMD>028227000080</CMD>にはゲイジュツって<BREAK>むずかしすぎる<CMD>ff8127000380</CMD>？",
			"\f"
		]
	},
	{
		"Index": 14,
		"JPN": [
			"<CMD>18802700729b27000580</CMD><CMD>17802700729b2700af802700088027000180</CMD><CMD>16802700729b27005681</CMD>いやー　１Ｆから３Ｆまで<BREAK>{本当|ほんとう}にいろいろな<BREAK>お{店|みせ}がある<CMD>ff8127000280</CMD>",
			"ここにさえ{来|く}れば　ほしいものが<BREAK>なんでも{見|み}つかりそう<CMD>ff8127000080</CMD><BREAK>ホント　ラクチンでいい<CMD>ff8127000280</CMD>",
			"\f"
		]
	},
	{
		"Index": 15,
		"JPN": [
			"いやー　いろいろのお{店|みせ}を<BREAK>いっぺんに{見|み}られて<BREAK>なんだかおとくな{気分|きぶん}<CMD>ff8127000080</CMD>",
			"<CMD>18802700729b27000780</CMD><CMD>17802700729b2700b18027000a8027000180</CMD>ものぐさな<CMD>028227000080</CMD>には<BREAK>お{出|で}かけがいっぺんにすむ<BREAK>こういう{場所|ばしょ}がいい<CMD>ff8127000280</CMD>",
			"\f"
		]
	},
	{
		"Index": 16,
		"JPN": [
			"<CMD>18802700729b27000080</CMD><CMD>17802700729b2700b28027000a8027000180</CMD><CMD>16802700729b27006981</CMD>あれあれ？　こんなおくにも<BREAK>お{店|みせ}がある<CMD>ff8127000380</CMD>？",
			"なにが{買|か}えるのか<BREAK>ちょっとだけ<BREAK>{見|み}に{行|い}ってみよう<CMD>ff8127000580</CMD>",
			"\f"
		]
	},
	{
		"Index": 17,
		"JPN": [
			"<CMD>18802700729b27000580</CMD><CMD>17802700729b2700af802700088027000180</CMD><CMD>16802700729b27005681</CMD>おおー！　ショッピングモールに<BREAK>デパートまであるなんて<BREAK>おどろき<CMD>ff8127000080</CMD>",
			"<CMD>18802700729b27000780</CMD><CMD>17802700729b2700b18027000a8027000180</CMD>ここにも　なにかおいしいものは<BREAK>ある<CMD>ff8127000380</CMD>？<BREAK><CMD>028227000080</CMD>　すごく{気|き}になる<CMD>ff8127000280</CMD>",
			"\f"
		]
	}
]