[
	{
		"Index": 0,
		"JPN": [
			"<CMD>18802700729b27000580</CMD><CMD>17802700729b2700af802700088027000280</CMD><CMD>16802700729b27005981</CMD>あっ　たいへん！<BREAK>そろそろ　<CMD>028227000080</CMD><BREAK>{時間|じかん}<CMD>ff8127000080</CMD>！",
			"<CMD>13802700758e</CMD>",
			"\f"
		]
	},
	{
		"Index": 1,
		"JPN": [
			"<CMD>3780</CMD>",
			"もっと{一緒|いっしょ}に<CMD>13802700768e</CMD>",
			"じゃあね<CMD>13802700778e</CMD>",
			"\f"
		]
	},
	{
		"Index": 2,
		"JPN": [
			"<CMD>18802700729b27000180</CMD><CMD>17802700729b2700ad802700068027000280</CMD><CMD>16802700729b27005581</CMD>{引|ひ}き{止|と}めてくれる<CMD>ff8127000380</CMD>？<BREAK>うれしい<CMD>ff8127000280</CMD>！ <CMD>4a80</CMD>",
			"じゃあ　{次|つぎ}は<BREAK>{何|なに}して　{楽|たの}しもう？",
			"\f"
		]
	},
	{
		"Index": 3,
		"JPN": [
			"<CMD>18802700729b27000480</CMD><CMD>17802700729b2700ab8027000a8027000180</CMD><CMD>16802700729b27007f81</CMD>{引|ひ}き{止|と}めてくれない<CMD>ff8127000380</CMD>？",
			"<CMD>18802700729b27000180</CMD><CMD>17802700729b2700ad802700068027000280</CMD><CMD>16802700729b27005581</CMD>なーんてね　うふふ…<BREAK>また　{楽|たの}しいことして<BREAK>{一緒|いっしょ}に　{遊|あそ}ぼう<CMD>ff8127000580</CMD>！",
			"じゃあ　また！",
			"\f"
		]
	},
	{
		"Index": 4,
		"JPN": [
			"<CMD>18802700729b27000580</CMD><CMD>17802700729b2700af802700088027000280</CMD><CMD>16802700729b27005981</CMD>あ・・・<BREAK>ごめんなさい！",
			"{急|きゅう}な　{用事|ようじ}を<BREAK>{思|おも}い{出|だ}しちゃった・・・",
			"それじゃあ<CMD>17802700739b2700688027000a80</CMD><BREAK>またね",
			"\f"
		]
	},
	{
		"Index": 5,
		"JPN": [
			"<CMD>18802700729b27000580</CMD><CMD>17802700729b2700af802700088027000280</CMD><CMD>16802700729b27005981</CMD>あっ　たいへん！<BREAK>そろそろ　<CMD>028227000080</CMD><BREAK>{時間|じかん}<CMD>ff8127000080</CMD>！",
			"{楽|たの}しかったけど<BREAK>そろそろ{帰|かえ}る<CMD>ff8127000380</CMD>",
			"\f"
		]
	}
]