[
	{
		"Index": 61,
		"JPN": [
			"<CMD>3780</CMD>",
			"いいよ！<CMD>138027000a91</CMD>",
			"むずかしいなぁ<CMD>138027000b91</CMD>",
			"\f"
		]
	},
	{
		"Index": 62,
		"JPN": [
			"じゃあ　<CMD>008027000580</CMD>{恋人|こいびと}みさき<CMD>008027000180</CMD>で<BREAK>{待|ま}ってる<CMD>ff8127000280</CMD>　すっぽかしたら",
			"しょうち　しないんだから！",
			"\f"
		]
	},
	{
		"Index": 63,
		"JPN": [
			"じゃあ<BREAK>だいじょうぶな　{時間|じかん}を<BREAK>{教|おし}えてくれないかな？",
			"<CMD>138027000d91</CMD>",
			"\f"
		]
	},
	{
		"Index": 65,
		"JPN": [
			"<CMD>3780</CMD>",
			"ＡＭ１１{時|じ}<CMD>138027000e91</CMD>",
			"ＰＭ１{時|じ}<CMD>138027000f91</CMD>",
			"ＰＭ４{時|じ}<CMD>138027001091</CMD>",
			"ＰＭ７{時|じ}<CMD>138027001191</CMD>",
			"ＰＭ９{時|じ}<CMD>138027001291</CMD>",
			"\f"
		]
	},
	{
		"Index": 66,
		"JPN": [
			"じゃあ　ＡＭ１１{時|じ}に<BREAK>{待|ま}ってるから<BREAK>かならず{来|き}て<CMD>ff8127000480</CMD>！",
			"\f"
		]
	},
	{
		"Index": 67,
		"JPN": [
			"じゃあ　ＰＭ１{時|じ}に<BREAK>{待|ま}ってるから<BREAK>かならず{来|き}て<CMD>ff8127000480</CMD>！",
			"\f"
		]
	},
	{
		"Index": 68,
		"JPN": [
			"じゃあ　ＰＭ４{時|じ}に<BREAK>{待|ま}ってるから<BREAK>かならず{来|き}てね！",
			"\f"
		]
	},
	{
		"Index": 69,
		"JPN": [
			"やっぱり　ＰＭ７{時|じ}にするの？",
			"じゃあ　{待|ま}ってるから<BREAK>かならず{来|き}て<CMD>ff8127000480</CMD>！",
			"\f"
		]
	},
	{
		"Index": 70,
		"JPN": [
			"じゃあ　ＰＭ９{時|じ}に{待|ま}ってるから<BREAK>かならず{来|き}て<CMD>ff8127000480</CMD>！",
			"\f"
		]
	},
	{
		"Index": 76,
		"JPN": [
			"<CMD>3780</CMD>",
			"いいよ！<CMD>138027001991</CMD>",
			"むずかしいなぁ<CMD>138027001a91</CMD>",
			"\f"
		]
	},
	{
		"Index": 77,
		"JPN": [
			"じゃあ　<CMD>008027000580</CMD>{恋人|こいびと}みさき<CMD>008027000180</CMD>で<BREAK>{待|ま}ってる<CMD>ff8127000280</CMD>　すっぽかしたら",
			"しょうち　しないんだから！",
			"\f"
		]
	},
	{
		"Index": 78,
		"JPN": [
			"じゃあ<BREAK>だいじょうぶな　{時間|じかん}を<BREAK>{教|おし}えてくれないかな？",
			"<CMD>138027001c91</CMD>",
			"\f"
		]
	},
	{
		"Index": 80,
		"JPN": [
			"<CMD>3780</CMD>",
			"ＡＭ１０{時|じ}<CMD>138027001d91</CMD>",
			"ＰＭ１２{時|じ}<CMD>138027001e91</CMD>",
			"ＰＭ３{時|じ}<CMD>138027001f91</CMD>",
			"ＰＭ６{時|じ}<CMD>138027002091</CMD>",
			"ＰＭ８{時|じ}<CMD>138027002191</CMD>",
			"\f"
		]
	},
	{
		"Index": 81,
		"JPN": [
			"じゃあ　ＡＭ１０{時|じ}に<BREAK>{待|ま}ってるから<BREAK>かならず{来|き}て<CMD>ff8127000480</CMD>！",
			"\f"
		]
	},
	{
		"Index": 82,
		"JPN": [
			"じゃあ　ＰＭ１２{時|じ}に<BREAK>{待|ま}ってるから<BREAK>かならず{来|き}て<CMD>ff8127000480</CMD>！",
			"\f"
		]
	},
	{
		"Index": 83,
		"JPN": [
			"じゃあ　ＰＭ３{時|じ}に<BREAK>{待|ま}ってるから<BREAK>かならず{来|き}てね！",
			"\f"
		]
	},
	{
		"Index": 84,
		"JPN": [
			"やっぱり　ＰＭ６{時|じ}にするの？",
			"じゃあ　{待|ま}ってるから<BREAK>かならず{来|き}て<CMD>ff8127000480</CMD>！",
			"\f"
		]
	},
	{
		"Index": 85,
		"JPN": [
			"じゃあ　ＰＭ８{時|じ}に{待|ま}ってるから<BREAK>かならず{来|き}て<CMD>ff8127000480</CMD>！",
			"\f"
		]
	},
	{
		"Index": 86,
		"JPN": [
			"<CMD>028227000080</CMD>{恥|は}ずかしいから<BREAK>{先|さき}に　{行|い}ってる<CMD>ff8127000280</CMD>！",
			"\f"
		]
	},
	{
		"Index": 90,
		"JPN": [
			"あれ？　でも　さっきだれかと<BREAK>やくそくしてなかった！？",
			"<CMD>f481</CMD>！<BREAK>やくそくは　ちゃんと{守|まも}らないと<BREAK>ダメだよ！！",
			"\f"
		]
	},
	{
		"Index": 91,
		"JPN": [
			"<CMD>49802700bc822700018027000180</CMD>",
			"\f"
		]
	},
	{
		"Index": 92,
		"JPN": [
			"<CMD>49802700be822700018027000180</CMD>",
			"\f"
		]
	},
	{
		"Index": 93,
		"JPN": [
			"<CMD>008027000580</CMD>{恋人|こいびと}みさき<CMD>008027000180</CMD>だからね！<BREAK>すっぽかしたら<BREAK>しょうち　しない<CMD>ff8127000280</CMD>！",
			"\f"
		]
	},
	{
		"Index": 95,
		"JPN": [
			"<CMD>18802700729b27000080</CMD><CMD>17802700729b2700b28027000a8027000180</CMD><CMD>16802700729b27006981</CMD>これから　いっしょに<BREAK>{遊|あそ}びにいかない？",
			"<CMD>138027002c91</CMD>",
			"\f"
		]
	},
	{
		"Index": 96,
		"JPN": [
			"<CMD>3780</CMD>",
			"いいよ！<CMD>138027002d91</CMD>",
			"あとにする<CMD>138027002e91</CMD>",
			"\f"
		]
	},
	{
		"Index": 97,
		"JPN": [
			"<CMD>18802700729b27000180</CMD><CMD>17802700729b2700ad802700068027000280</CMD><CMD>16802700729b27005581</CMD>ありがと！<BREAK>じゃ　どこにいこうか？",
			"\f"
		]
	},
	{
		"Index": 98,
		"JPN": [
			"<CMD>18802700729b27000180</CMD><CMD>17802700729b2700ad802700068027000280</CMD><CMD>16802700729b27005581</CMD>そっか<BREAK>じゃ　あとで{遊|あそ}ぼうね！",
			"\f"
		]
	}
]