[
	{
		"Index": 0,
		"JPN": [
			"わ　<CMD>f481</CMD>ったら<BREAK>そんな{小さい子|ちいさいこ}の<BREAK>{子守り|こもり}をしている<CMD>ff8127000280</CMD>？",
			"やさしいのね<BREAK>だけど　ちゃんと<BREAK>{子守り|こもり}できてる<CMD>ff8127000380</CMD>？",
			"なんだか　その{子|こ}<BREAK>ゴキゲンナナメって{感|かん}じ<CMD>ff8127000080</CMD><CMD>4f80</CMD>",
			"\f"
		]
	},
	{
		"Index": 1,
		"JPN": [
			"<CMD>f481</CMD><BREAK>{子守り|こもり}をたのまれたの<CMD>ff8127000380</CMD>？<BREAK>{引き受け|ひきうけ}るなんてえらい<CMD>ff8127000080</CMD>",
			"その{子|こ}も<BREAK><CMD>f481</CMD>のこと<BREAK>{好き|スキ}みたい<CMD>ff8127000080</CMD>",
			"いいなぁ　<CMD>028227000080</CMD>も<BREAK>{小さい子|ちいさいこ}の<BREAK>ファンがほしい<CMD>ff8127000280</CMD><CMD>4f80</CMD>",
			"\f"
		]
	},
	{
		"Index": 2,
		"JPN": [
			"へー　{子守り|こもり}をするなんて<BREAK><CMD>f481</CMD>って<BREAK>いいことある<CMD>ff8127000080</CMD>",
			"それに　{子守り|こもり}も<BREAK>すごくじょうず<CMD>ff8127000080</CMD>",
			"その{子|こ}って<BREAK><CMD>f481</CMD>のこと<BREAK>{大好き|ダイスキ}って{顔|かお}してる<CMD>ff8127000580</CMD>",
			"いいなぁ　<CMD>028227000080</CMD>も<BREAK>{小さい子|ちいさいこ}の<BREAK>ファンがほしい<CMD>ff8127000280</CMD><CMD>4f80</CMD>",
			"\f"
		]
	},
	{
		"Index": 16,
		"JPN": [
			"<CMD>49802700408627003c80</CMD>",
			"\f"
		]
	}
]