[
	{
		"Index": 0,
		"JPN": [
			"ねえ　どうかした？",
			"<CMD>138027003d8f</CMD>",
			"\f"
		]
	},
	{
		"Index": 1,
		"JPN": [
			"<CMD>3780</CMD>",
			"またね<CMD>138027003e8f</CMD>",
			"なんでもない<CMD>138027003f8f</CMD>",
			"\f"
		]
	},
	{
		"Index": 2,
		"JPN": [
			"そう…　じゃあ<BREAK><CMD>008027000880</CMD>しばらく　ここで{遊|あそ}んでるから<CMD>008027000180</CMD><BREAK>また　さそって<CMD>ff8127000480</CMD>！<CMD>4f80</CMD>",
			"\f"
		]
	},
	{
		"Index": 3,
		"JPN": [
			"じゃあ　どうする<CMD>ff8127000380</CMD>？<CMD>4f80</CMD>",
			"\f"
		]
	},
	{
		"Index": 10,
		"JPN": [
			"どうかした？",
			"<CMD>13802700478f</CMD>",
			"\f"
		]
	},
	{
		"Index": 11,
		"JPN": [
			"<CMD>3780</CMD>",
			"またね<CMD>13802700488f</CMD>",
			"なんでもない<CMD>13802700498f</CMD>",
			"\f"
		]
	},
	{
		"Index": 12,
		"JPN": [
			"そう…　<BREAK>じゃあ　<CMD>008027000880</CMD>しばらく　ここで<BREAK>{遊|あそ}んでる<CMD>008027000180</CMD><CMD>ff8127000580</CMD><CMD>4f80</CMD>",
			"\f"
		]
	},
	{
		"Index": 13,
		"JPN": [
			"そう…<CMD>4f80</CMD>",
			"\f"
		]
	},
	{
		"Index": 70,
		"JPN": [
			"<CMD>18802700729b27000180</CMD><CMD>17802700729b2700ad802700068027000280</CMD><CMD>16802700729b27005581</CMD>あっ　ゴメン<BREAK>ちょっと　みたいものがあるから<BREAK>１かいで　まってるよ",
			"\f"
		]
	},
	{
		"Index": 71,
		"JPN": [
			"<CMD>18802700729b27000780</CMD><CMD>17802700729b2700b18027000a8027000180</CMD>あっ　ゴメン<BREAK>{用事|ようじ}を{思|おも}い{出|だ}した<CMD>ff8127000280</CMD><BREAK>べ　べつに…",
			"コワイからじゃない<CMD>ff8127000280</CMD>",
			"\f"
		]
	},
	{
		"Index": 72,
		"JPN": [
			"<CMD>18802700729b27000780</CMD><CMD>17802700729b2700b18027000a8027000180</CMD>あっ　ゴメン<BREAK>{用事|ようじ}を{思|おも}い{出|だ}した<CMD>ff8127000280</CMD><BREAK>わるいけど　またあとでね",
			"\f"
		]
	},
	{
		"Index": 87,
		"JPN": [
			"<CMD>028227000080</CMD>もいっしょに<BREAK>{行|い}く<CMD>ff8127000280</CMD>！",
			"いいよね？",
			"<CMD>13802700948f</CMD>",
			"\f"
		]
	},
	{
		"Index": 88,
		"JPN": [
			"<CMD>3780</CMD>",
			"いいよ<CMD>13802700958f</CMD>",
			"ダメ<CMD>13802700968f</CMD>",
			"\f"
		]
	},
	{
		"Index": 89,
		"JPN": [
			"<CMD>028227000080</CMD>たち　トクベツだもんね",
			"じゃあ<BREAK>すぐに{行|い}こうよ！<CMD>4a80</CMD>",
			"\f"
		]
	},
	{
		"Index": 90,
		"JPN": [
			"え～！<BREAK><CMD>028227000080</CMD>たち<BREAK>トクベツなのに～！",
			"{今|いま}はあきらめるけど<BREAK>{次|つぎ}はぜったい<BREAK>つれていって<CMD>ff8127000480</CMD>！",
			"\f"
		]
	},
	{
		"Index": 96,
		"JPN": [
			"じゃあ　<CMD>028227000080</CMD>は<BREAK>お{店|みせ}で{待|ま}ってる<CMD>ff8127000280</CMD>",
			"\f"
		]
	},
	{
		"Index": 97,
		"JPN": [
			"{用事|ようじ}がある<CMD>ff8127000380</CMD>？<BREAK>じゃあ　{海岸|かいがん}で{待|ま}ってるから<BREAK>{先|さき}に{行|い}ってるよ",
			"\f"
		]
	},
	{
		"Index": 98,
		"JPN": [
			"<CMD>18802700729b27000180</CMD><CMD>17802700729b2700ad802700068027000280</CMD><CMD>16802700729b27005581</CMD>{用事|ようじ}は{済|す}んだんだね！<BREAK>じゃあ　またいっしょに<BREAK>{遊|あそ}びに{行|い}こう<CMD>ff8127000580</CMD>！<CMD>4a80</CMD>",
			"\f"
		]
	},
	{
		"Index": 99,
		"JPN": [
			"<CMD>18802700729b27000180</CMD><CMD>17802700729b2700ad802700068027000280</CMD><CMD>16802700729b27005581</CMD>{用事|ようじ}がある<CMD>ff8127000380</CMD>？<BREAK>じゃあ　ここで{待|ま}ってるから<BREAK>{行|い}ってきて<CMD>ff8127000480</CMD>！",
			"\f"
		]
	}
]