[
	{
		"Index": 0,
		"JPN": [
			"<CMD>18802700729b27000780</CMD><CMD>17802700729b2700b18027000a8027000180</CMD><CMD>16802700729b27009081</CMD>あの…",
			"じつは<BREAK>{聞|き}いてほしい{話|はなし}が<BREAK>あるんだけど…",
			"<CMD>13802700a18f</CMD>",
			"\f"
		]
	},
	{
		"Index": 1,
		"JPN": [
			"<CMD>3780</CMD>",
			"いいよ<CMD>13802700a28f</CMD>",
			"{時間|じかん}がない<CMD>13802700a38f</CMD>",
			"\f"
		]
	},
	{
		"Index": 2,
		"JPN": [
			"<CMD>18802700729b27000180</CMD><CMD>17802700729b2700ad802700068027000280</CMD><CMD>16802700729b27005581</CMD>ありがと！",
			"じゃ　<CMD>008027000580</CMD>{恋人|こいびと}みさき<CMD>008027000180</CMD>でＰＭ６{時|じ}に<BREAK>{待|ま}ってるから<BREAK>{早|はや}く{来|き}て<CMD>ff8127000480</CMD>！",
			"<CMD>138027001891</CMD>",
			"\f"
		]
	},
	{
		"Index": 3,
		"JPN": [
			"<CMD>18802700729b27000380</CMD><CMD>17802700729b2700ab8027000a8027000180</CMD><CMD>16802700729b27003081</CMD>そうなんだ…<BREAK>がっかり",
			"{時間|じかん}ができたら<BREAK>またいつか<BREAK>{話|はなし}を{聞|き}いてね",
			"\f"
		]
	},
	{
		"Index": 4,
		"JPN": [
			"<CMD>18802700729b27000180</CMD><CMD>17802700729b270001802700048027000180</CMD><CMD>16802700729b27004181</CMD>{来|き}てくれたんだ<BREAK>うれしい<CMD>ff8127000280</CMD>",
			"ズバッっと{言|い}っちゃうと<BREAK>いろいろ{話|はなし}をしてきて<BREAK><CMD>f481</CMD>のこと{気|き}に{入|い}ったんだ",
			"<CMD>18802700729b27000780</CMD><CMD>17802700729b2700b18027000a8027000180</CMD><CMD>16802700729b27009081</CMD>だから<BREAK>{恋人|こいびと}っていうのにならない？",
			"<CMD>13802700a58f</CMD>",
			"\f"
		]
	},
	{
		"Index": 5,
		"JPN": [
			"<CMD>3780</CMD>",
			"はい<CMD>13802700a68f</CMD>",
			"いいえ<CMD>13802700a78f</CMD>",
			"\f"
		]
	},
	{
		"Index": 6,
		"JPN": [
			"<CMD>18802700729b27000180</CMD><CMD>17802700729b270001802700048027000180</CMD><CMD>16802700729b27004181</CMD>うれしいな<BREAK>これでふたりは{恋人|こいびと}<CMD>ff8127000080</CMD>",
			"<CMD>18802700729b27000080</CMD><CMD>17802700729b2700b28027000a8027000180</CMD><CMD>16802700729b27006981</CMD>でも　{恋人|こいびと}って<BREAK>{具体的|ぐたいてき}に<BREAK>なにする<CMD>ff8127000380</CMD>？",
			"もっとなかよく<BREAK>すればいいのかな？",
			"\f"
		]
	},
	{
		"Index": 7,
		"JPN": [
			"<CMD>18802700729b27000380</CMD><CMD>17802700729b2700ab8027000a8027000180</CMD><CMD>16802700729b27002e81</CMD>そっか<BREAK>ざんねん",
			"また　さそうかもしれないから<BREAK>{気|き}がかわったら<BREAK>その{時|とき}は　よろしく<CMD>ff8127000080</CMD>",
			"\f"
		]
	},
	{
		"Index": 12,
		"JPN": [
			"<CMD>18802700729b27000180</CMD><CMD>17802700729b2700ad802700068027000280</CMD><CMD>16802700729b27005581</CMD>あのさ　<CMD>f481</CMD><BREAK>さいきん　よく{会|あ}う<CMD>ff8127000280</CMD>",
			"<CMD>f481</CMD>と<BREAK><CMD>028227000080</CMD>の<BREAK>{間|あいだ}には",
			"<CMD>18802700729b27000080</CMD><CMD>17802700729b2700b28027000a8027000180</CMD><CMD>16802700729b27006981</CMD>なにか　うんめいてきな{力|ちから}が<BREAK>あるのかもね…<BREAK>そう{思|おも}わない？",
			"<CMD>13802700ad8f</CMD>",
			"\f"
		]
	},
	{
		"Index": 13,
		"JPN": [
			"<CMD>3780</CMD>",
			"{思|おも}う<CMD>13802700ae8f</CMD>",
			"とくには…<CMD>13802700af8f</CMD>",
			"\f"
		]
	},
	{
		"Index": 14,
		"JPN": [
			"<CMD>18802700729b27000180</CMD><CMD>17802700729b2700ad802700068027000280</CMD><CMD>16802700729b27005581</CMD>やっぱり　<CMD>f481</CMD>とは<BREAK>{気|き}が{合|あ}う<CMD>ff8127000280</CMD>",
			"これからは<BREAK>{友|とも}だちとして<BREAK>もっとなかよくしよう<CMD>ff8127000580</CMD>",
			"<CMD>f481</CMD>と{話|はな}すのは<BREAK>{楽|たの}しいから",
			"\f"
		]
	},
	{
		"Index": 15,
		"JPN": [
			"<CMD>18802700729b27000780</CMD><CMD>17802700729b2700b18027000a8027000180</CMD>そっか<BREAK><CMD>028227000080</CMD>の　{早|はや}とちりだね",
			"{気|き}にしないで！",
			"\f"
		]
	},
	{
		"Index": 16,
		"JPN": [
			"<CMD>18802700729b27000180</CMD><CMD>17802700729b2700ad802700068027000280</CMD><CMD>16802700729b27005581</CMD>そうそう<BREAK>ちょうど　<CMD>f481</CMD>に<BREAK>{話|はなし}があった<CMD>ff8127000280</CMD>",
			"<CMD>18802700729b27000080</CMD><CMD>17802700729b2700b28027000a8027000180</CMD><CMD>16802700729b27006981</CMD>あとで　<CMD>008027000580</CMD>{恋人|こいびと}みさき<CMD>008027000180</CMD>まで<BREAK>{来|き}てほしいんだけど…<BREAK>もちろんＯＫ？",
			"<CMD>13802700b18f</CMD>",
			"\f"
		]
	},
	{
		"Index": 17,
		"JPN": [
			"<CMD>3780</CMD>",
			"う　うん<CMD>13802700b28f</CMD>",
			"{時間|じかん}がないんだ<CMD>13802700b38f</CMD>",
			"\f"
		]
	},
	{
		"Index": 18,
		"JPN": [
			"<CMD>18802700729b27000180</CMD><CMD>17802700729b2700ad802700068027000280</CMD><CMD>16802700729b27005581</CMD>はい　{決|き}まりー<BREAK>さすが　<CMD>f481</CMD>は<BREAK>{話|はなし}が{早|はや}いね！",
			"じゃ　<CMD>008027000580</CMD>{恋人|こいびと}みさき<CMD>008027000180</CMD>でＰＭ７{時|じ}に<BREAK>{待|ま}ってるから<BREAK>{早|はや}く{来|き}て<CMD>ff8127000480</CMD>！",
			"<CMD>138027000991</CMD>",
			"\f"
		]
	},
	{
		"Index": 19,
		"JPN": [
			"<CMD>18802700729b27000580</CMD><CMD>17802700729b2700af802700088027000280</CMD><CMD>16802700729b27005981</CMD>えー？<BREAK>どうせ　ヒマなんだと<BREAK>{思|おも}っていたのに…",
			"まあいいや<BREAK>じゃあ　また{今度|こんど}<CMD>ff8127000080</CMD>！",
			"\f"
		]
	},
	{
		"Index": 20,
		"JPN": [
			"<CMD>18802700729b27000080</CMD><CMD>17802700729b2700b28027000a8027000180</CMD><CMD>16802700729b27006981</CMD>おっ　よく{来|き}てくれたねー<BREAK>さっそくだけど　<CMD>f481</CMD><BREAK>イタズラとかすき<CMD>ff8127000180</CMD>？",
			"<CMD>028227000180</CMD>",
			"<CMD>028227000080</CMD>は{好|す}き！<BREAK>だから　これからは　もっともっと<BREAK>{仲良|なかよ}くしよう<CMD>ff8127000580</CMD>！",
			"<CMD>13802700b58f</CMD>",
			"\f"
		]
	},
	{
		"Index": 21,
		"JPN": [
			"<CMD>3780</CMD>",
			"うん　いいよ<CMD>13802700b68f</CMD>",
			"いやー　あの…<CMD>13802700b78f</CMD>",
			"\f"
		]
	},
	{
		"Index": 22,
		"JPN": [
			"<CMD>18802700729b27000180</CMD><CMD>17802700729b2700ad802700068027000280</CMD><CMD>16802700729b27005581</CMD>そうこなくっちゃ<BREAK>これから　<CMD>028227000080</CMD>たち<BREAK>もっと{楽|たの}しくなる<CMD>ff8127000580</CMD>",
			"\f"
		]
	},
	{
		"Index": 23,
		"JPN": [
			"<CMD>18802700729b27000280</CMD><CMD>17802700729b27001c802700088027000480</CMD><CMD>16802700729b27007d81</CMD>なんだ　ノリがわるいなあ<BREAK>ま　また{声|こえ}をかけるから<BREAK>そのときはよろしく<CMD>ff8127000080</CMD>",
			"\f"
		]
	},
	{
		"Index": 32,
		"JPN": [
			"あの…　<CMD>f481</CMD><BREAK>この{前|まえ}は　やくそくやぶって<BREAK>ごめん",
			"<CMD>028227000080</CMD>{知|し}らないうちに<BREAK>へんなところにいて<BREAK>{家|いえ}にも{帰|かえ}れなかった<CMD>ff8127000280</CMD>",
			"それで　あらためて<BREAK>{聞|き}いてほしい{話|はなし}が<BREAK>あるんだけど…",
			"<CMD>13802700a18f</CMD>",
			"\f"
		]
	},
	{
		"Index": 36,
		"JPN": [
			"あの…　<CMD>f481</CMD><BREAK>この{前|まえ}は　やくそくやぶって<BREAK>ごめん",
			"<CMD>028227000080</CMD>{知|し}らないうちに<BREAK>へんなところにいて<BREAK>{家|いえ}にも{帰|かえ}れなかった<CMD>ff8127000280</CMD>",
			"だから　あらためて<BREAK><CMD>008027000580</CMD>{恋人|こいびと}みさき<CMD>008027000180</CMD>まで<BREAK>{来|き}てほしいんだけど…",
			"もちろんＯＫ？",
			"<CMD>13802700b18f</CMD>",
			"\f"
		]
	},
	{
		"Index": 40,
		"JPN": [
			"ズバッっと{言|い}っちゃうと<BREAK>いろいろ{話|はなし}をしてきて<BREAK><CMD>f481</CMD>のこと{気|き}に{入|い}ったんだ",
			"<CMD>18802700729b27000780</CMD><CMD>17802700729b2700b18027000a8027000180</CMD><CMD>16802700729b27009081</CMD>だから<BREAK>{恋人|こいびと}っていうのにならない？",
			"<CMD>13802700a58f</CMD>",
			"\f"
		]
	},
	{
		"Index": 44,
		"JPN": [
			"<CMD>18802700729b27000080</CMD><CMD>17802700729b2700b28027000a8027000180</CMD><CMD>16802700729b27006981</CMD>さっそくだけど　<CMD>f481</CMD><BREAK>イタズラとかすき<CMD>ff8127000180</CMD>？",
			"<CMD>028227000180</CMD>",
			"<CMD>028227000080</CMD>は{好|す}き！<BREAK>だから　これからは　もっともっと<BREAK>{仲良|なかよ}くしよう<CMD>ff8127000580</CMD>！",
			"<CMD>13802700b58f</CMD>",
			"\f"
		]
	}
]