[
	{
		"Index": 0,
		"JPN": [
			"まあ　{子|こ}どものお{世話|せわ}を<BREAK>してらっしゃる<CMD>ff8127000380</CMD>？",
			"えらい<CMD>ff8127000280</CMD><BREAK>{子守り|こもり}って　かんたんそうで<BREAK>たいへん<CMD>ff8127000080</CMD>",
			"でも　がんばって<BREAK>{子|こ}どもたちを　かわいがって<BREAK>あげて<CMD>ff8127000480</CMD><CMD>4f80</CMD>",
			"\f"
		]
	},
	{
		"Index": 1,
		"JPN": [
			"あら　{子|こ}どものお{世話|せわ}を<BREAK>してらっしゃる<CMD>ff8127000380</CMD>？",
			"いつも{感心|かんしん}<CMD>ff8127000080</CMD><BREAK>{子|こ}どもも　<CMD>f481</CMD>に<BREAK>なついてる<CMD>ff8127000280</CMD>",
			"<CMD>f481</CMD>は　きっと<BREAK>{頭の中|アタマのなか}が　{子|こ}どもに<BREAK>{近|ちか}い<CMD>ff8127000280</CMD>",
			"あっ　いまの<BREAK>ほめ{言葉|ことば}<CMD>ff8127000080</CMD><CMD>4f80</CMD>",
			"\f"
		]
	},
	{
		"Index": 2,
		"JPN": [
			"{子|こ}どもたちの　お{世話|せわ}<BREAK>{本当|ホント}に　ごくろうさま<CMD>ff8127000080</CMD>",
			"{子|こ}どもたちも　<CMD>f481</CMD>の<BREAK>ことが　{大好き|ダイスキ}みたい<CMD>ff8127000080</CMD><BREAK>すっかり　なついてる<CMD>ff8127000280</CMD>",
			"<CMD>f481</CMD>は　きっと<BREAK>{頭の中|アタマのなか}が　{子|こ}どもに<BREAK>{近|ちか}い<CMD>ff8127000280</CMD>",
			"あっ　いまの<BREAK>ほめ{言葉|ことば}<CMD>ff8127000080</CMD><CMD>4f80</CMD>",
			"\f"
		]
	},
	{
		"Index": 16,
		"JPN": [
			"<CMD>49802700408627003c80</CMD>",
			"\f"
		]
	}
]