[
	{
		"Index": 0,
		"JPN": [
			"…すごい<BREAK>{星|ほし}がいっぱいで<BREAK>{数|かぞ}えきれない<CMD>ff8127000280</CMD>",
			"\f"
		]
	},
	{
		"Index": 1,
		"JPN": [
			"すごい…<BREAK>きれいな{夕|ゆう}やけ<CMD>ff8127000080</CMD>",
			"ずっと{見|み}ていたいけど<BREAK>きっと<BREAK>もうすぐしずんじゃう<CMD>ff8127000280</CMD>",
			"さみしいけど…<BREAK>いっしゅんだけだから<BREAK>こんなにキレイ<CMD>ff8127000080</CMD>",
			"\f"
		]
	},
	{
		"Index": 2,
		"JPN": [
			"<CMD>18802700729b27000180</CMD><CMD>17802700729b2700ad802700068027000280</CMD><CMD>16802700729b27005581</CMD>ふぅ…<BREAK>{今日|きょう}はいい{天気|てんき}で<BREAK>{本当|ほんとう}によかった<CMD>ff8127000280</CMD>",
			"<CMD>18802700729b27000180</CMD><CMD>17802700729b2700ad802700068027000280</CMD><CMD>16802700729b27005581</CMD>{楽|たの}しすぎて<BREAK>なんだか{夢|ゆめ}みたい<CMD>ff8127000080</CMD>",
			"でも　こういうときって<BREAK>{雨|あめ}がふるんじゃないかって<BREAK>{不安|ふあん}になる<CMD>ff8127000280</CMD>",
			"\f"
		]
	},
	{
		"Index": 3,
		"JPN": [
			"あ　あの…<BREAK><CMD>028227000080</CMD>は　すぐきんちょうする<BREAK>ほうだけど…",
			"<CMD>f481</CMD>の{店|みせ}って<BREAK>なんだか{落|お}ちつく<CMD>ff8127000280</CMD>",
			"<CMD>1880270078a027000180</CMD><CMD>1680270078a027004181</CMD>あの…　<CMD>f481</CMD><BREAK>なにかオススメがあったら<BREAK>{教|おし}えて<CMD>ff8127000480</CMD>",
			"\f"
		]
	},
	{
		"Index": 6,
		"JPN": [
			"でも　こういうときって<BREAK>{雨|あめ}がふるんじゃないかって<BREAK>{不安|ふあん}になる<CMD>ff8127000280</CMD>",
			"\f"
		]
	},
	{
		"Index": 7,
		"JPN": [
			"{夜|よる}の{海|うみ}って<BREAK>もっとこわいと<BREAK>{思|おも}ってたけど…",
			"<CMD>18802700729b27000180</CMD><CMD>17802700729b270001802700048027000180</CMD><CMD>16802700729b27004181</CMD>なんだか　とっても<BREAK>ロマンティック<CMD>ff8127000080</CMD>",
			"\f"
		]
	},
	{
		"Index": 10,
		"JPN": [
			"<CMD>18802700729b27000080</CMD><CMD>17802700729b2700b28027000a8027000180</CMD><CMD>16802700729b27006981</CMD>あの…　ねえ…<BREAK><CMD>f481</CMD>は<BREAK>{今|いま}　どんな{気持|きも}ち<CMD>ff8127000180</CMD>？",
			"<CMD>128027000180</CMD>",
			"\f"
		]
	},
	{
		"Index": 11,
		"JPN": [
			"<CMD>378027000180</CMD>",
			"ドキドキ<CMD>128027000180</CMD>",
			"しあわせ<CMD>128027000280</CMD>",
			"こわい<CMD>12802700ffff</CMD>",
			"\f"
		]
	},
	{
		"Index": 12,
		"JPN": [
			"<CMD>18802700729b27000180</CMD><CMD>17802700729b270001802700048027000180</CMD><CMD>16802700729b27004181</CMD>よかった…<BREAK><CMD>028227000080</CMD>も<BREAK>ドキドキしてる<CMD>ff8127000280</CMD>",
			"いっしょだと{思|おも}ったら<BREAK>{少|すこ}し{安心|あんしん}した<CMD>ff8127000280</CMD>",
			"\f"
		]
	},
	{
		"Index": 13,
		"JPN": [
			"<CMD>18802700729b27000180</CMD><CMD>17802700729b2700ad802700068027000280</CMD><CMD>16802700729b27005581</CMD>ホント？<BREAK>うれしい<CMD>ff8127000280</CMD>",
			"\f"
		]
	},
	{
		"Index": 14,
		"JPN": [
			"<CMD>028227000080</CMD>もコワイ<CMD>ff8127000280</CMD><BREAK>やっぱり{昼間|ひるま}の{方|ほう}が<BREAK>いい<CMD>ff8127000280</CMD>",
			"\f"
		]
	},
	{
		"Index": 15,
		"JPN": [
			"エヘヘ･･･<BREAK>ウソなのは　わかっている<CMD>ff8127000280</CMD>",
			"<CMD>18802700729b27000180</CMD><CMD>17802700729b2700ad802700068027000280</CMD><CMD>16802700729b27005581</CMD> <CMD>028227000080</CMD>を{安心|あんしん}させるために<BREAK>{言|い}ってくれたなんて<BREAK>うれしい<CMD>ff8127000280</CMD>",
			"\f"
		]
	},
	{
		"Index": 20,
		"JPN": [
			"<CMD>18802700729b27000080</CMD><CMD>17802700729b2700b28027000a8027000180</CMD><CMD>16802700729b27006981</CMD>あの…　<CMD>f481</CMD>は<BREAK><CMD>028227000080</CMD>と{２人|ふたり}っきりで<BREAK>いやじゃない<CMD>ff8127000280</CMD>？",
			"<CMD>128027000180</CMD>",
			"\f"
		]
	},
	{
		"Index": 21,
		"JPN": [
			"<CMD>378027000180</CMD>",
			"うれしい<CMD>128027000180</CMD>",
			"へいき<CMD>128027000280</CMD>",
			"えっと…<CMD>12802700ffff</CMD>",
			"\f"
		]
	},
	{
		"Index": 22,
		"JPN": [
			"<CMD>18802700729b27000180</CMD><CMD>17802700729b270001802700048027000180</CMD><CMD>16802700729b27004181</CMD>よかった…<BREAK><CMD>028227000080</CMD>も…",
			"もしイヤになったら<BREAK>すぐに{言|い}ってほしい<CMD>ff8127000280</CMD>",
			"\f"
		]
	},
	{
		"Index": 23,
		"JPN": [
			"<CMD>18802700729b27000180</CMD><CMD>17802700729b2700ad802700068027000280</CMD><CMD>16802700729b27005581</CMD>そう…<BREAK>いやじゃないみたいで<BREAK>よかった<CMD>ff8127000280</CMD>",
			"\f"
		]
	},
	{
		"Index": 24,
		"JPN": [
			"ごめん…<BREAK>もう　ムリしなくていい<CMD>ff8127000280</CMD>",
			"\f"
		]
	},
	{
		"Index": 25,
		"JPN": [
			"<CMD>18802700729b27000180</CMD><CMD>17802700729b270001802700048027000180</CMD><CMD>16802700729b27004181</CMD>ゴメン･･･<BREAK>ヘンなこと<BREAK>{聞|き}いちゃった<CMD>ff8127000280</CMD>",
			"でも…　アハッ<BREAK><CMD>f481</CMD>が<BREAK>てれてる<CMD>ff8127000280</CMD>",
			"\f"
		]
	},
	{
		"Index": 30,
		"JPN": [
			"もし{急|きゅう}に<BREAK>{雨|あめ}がふってきたら<BREAK>どうしよう…",
			"<CMD>128027000180</CMD>",
			"\f"
		]
	},
	{
		"Index": 31,
		"JPN": [
			"<CMD>378027000180</CMD>",
			"べつに{平気|へいき}<CMD>128027000180</CMD>",
			"しかたがない<CMD>128027000280</CMD>",
			"それはこまる<CMD>12802700ffff</CMD>",
			"\f"
		]
	},
	{
		"Index": 32,
		"JPN": [
			"<CMD>18802700729b27000180</CMD><CMD>17802700729b270001802700048027000180</CMD><CMD>16802700729b27004181</CMD>そう<CMD>ff8127000080</CMD>！<BREAK>さすが<CMD>f481</CMD>",
			"{雨|あめ}がふっても<BREAK>きっと{楽|たの}しさは<BREAK>かわらない<CMD>ff8127000280</CMD>",
			"\f"
		]
	},
	{
		"Index": 33,
		"JPN": [
			"<CMD>18802700729b27000180</CMD><CMD>17802700729b2700ad802700068027000280</CMD><CMD>16802700729b27005581</CMD>うん…<BREAK>それはそれで<BREAK>しかたがない<CMD>ff8127000280</CMD>",
			"\f"
		]
	},
	{
		"Index": 34,
		"JPN": [
			"うん…そんなの<BREAK>{当|あ}たり{前|まえ}だった<CMD>ff8127000280</CMD>",
			"\f"
		]
	},
	{
		"Index": 35,
		"JPN": [
			"<CMD>18802700729b27000180</CMD><CMD>17802700729b270001802700048027000180</CMD><CMD>16802700729b27004181</CMD>えっ？　<CMD>f481</CMD>も<BREAK>{雨|あめ}がふったらざんねんって<BREAK>{思|おも}ってくれる<CMD>ff8127000380</CMD>？",
			"すごく　うれしい<CMD>ff8127000280</CMD>",
			"\f"
		]
	},
	{
		"Index": 40,
		"JPN": [
			"<CMD>1880270078a027000180</CMD><CMD>1680270078a027005581</CMD>ごちそうさま<BREAK>さすが<CMD>f481</CMD>の{店|みせ}…<BREAK>とってもおいしかった<CMD>ff8127000280</CMD>",
			"<CMD>1880270078a027000080</CMD><CMD>1680270078a027006981</CMD><CMD>028227000080</CMD>はもうまんぷく<CMD>ff8127000080</CMD><BREAK><CMD>f481</CMD>も<BREAK>おなかいっぱいになった<CMD>ff8127000380</CMD>？",
			"<CMD>128027000180</CMD>",
			"\f"
		]
	},
	{
		"Index": 41,
		"JPN": [
			"<CMD>378027000180</CMD>",
			"もちろん！<CMD>128027000180</CMD>",
			"まあまあ<CMD>128027000280</CMD>",
			"{気|き}にするな<CMD>128027000380</CMD>",
			"\f"
		]
	},
	{
		"Index": 42,
		"JPN": [
			"<CMD>1880270078a027000180</CMD><CMD>1680270078a027004181</CMD><CMD>f481</CMD>も<CMD>028227000080</CMD>も<BREAK>{２人|ふたり}とも　{大|だい}まんぞくで<BREAK>よかった<CMD>ff8127000280</CMD>",
			"<CMD>1680270078a027004181</CMD>{今日|きょう}は<BREAK><CMD>f481</CMD>と{食事|しょくじ}が<BREAK>できて{楽|たの}しかった<CMD>ff8127000280</CMD>",
			"\f"
		]
	},
	{
		"Index": 43,
		"JPN": [
			"<CMD>1880270078a027000780</CMD>ごめんなさい<CMD>ff8127000080</CMD><BREAK>{少|すこ}し　{分|わ}けてあげれば<BREAK>よかった<CMD>ff8127000280</CMD>",
			"\f"
		]
	},
	{
		"Index": 44,
		"JPN": [
			"<CMD>1880270078a027000380</CMD><CMD>1680270078a027003081</CMD>よけいなこと{聞|き}いて<BREAK>ごめんなさい<CMD>ff8127000080</CMD>",
			"\f"
		]
	},
	{
		"Index": 50,
		"JPN": [
			"もうこんな{時間|じかん}<CMD>ff8127000080</CMD><BREAK>なんだか<BREAK>あっという{間|ま}だった<CMD>ff8127000280</CMD>",
			"<CMD>18802700729b27000080</CMD><CMD>17802700729b2700b28027000a8027000180</CMD><CMD>16802700729b27006981</CMD><CMD>f481</CMD>さえよかったら<BREAK>もう{少|すこ}し　{話|はなし}を<BREAK>していくのはどう<CMD>ff8127000180</CMD>？",
			"<CMD>128027000180</CMD>",
			"\f"
		]
	},
	{
		"Index": 51,
		"JPN": [
			"<CMD>3780</CMD>",
			"よろこんで<CMD>128027000180</CMD>",
			"もう{帰|かえ}る<CMD>128027000280</CMD>",
			"\f"
		]
	},
	{
		"Index": 52,
		"JPN": [
			"<CMD>18802700729b27000180</CMD><CMD>17802700729b2700ad802700068027000280</CMD><CMD>16802700729b27005581</CMD>うれしい…<BREAK>ゆうきを{出|だ}して<BREAK>よかった<CMD>ff8127000280</CMD>",
			"\f"
		]
	},
	{
		"Index": 53,
		"JPN": [
			"そう…<BREAK>それじゃ<BREAK>ちがう{場所|ばしょ}に{行|い}く<CMD>ff8127000280</CMD>",
			"\f"
		]
	},
	{
		"Index": 54,
		"JPN": [
			"ひとつ…<BREAK>ふたつ…<BREAK>みっつ…",
			"できるなら<BREAK>この　たくさんの{星|ほし}を<BREAK>ずっと{数|かぞ}えていたい<CMD>ff8127000280</CMD>",
			"よっつ…<BREAK>いつつ…<BREAK>むっつ…",
			"{星|ほし}がいっぱいあって<BREAK>よかった<CMD>ff8127000280</CMD>",
			"<CMD>18802700729b27000180</CMD><CMD>17802700729b270001802700048027000180</CMD><CMD>16802700729b27004181</CMD><CMD>028227000080</CMD>は<CMD>f481</CMD>と<BREAK>できるだけ{長|なが}く<BREAK>いっしょにいたい<CMD>ff8127000280</CMD>",
			"\f"
		]
	},
	{
		"Index": 60,
		"JPN": [
			"もうすぐ{暗|くら}くなるけど<BREAK>このままかえるのは<BREAK>さみしい<CMD>ff8127000280</CMD>",
			"<CMD>18802700729b27000080</CMD><CMD>17802700729b2700b28027000a8027000180</CMD><CMD>16802700729b27006981</CMD>よかったら<BREAK>もう{少|すこ}しだけ<BREAK>{話|はな}していかない…？",
			"<CMD>128027000180</CMD>",
			"\f"
		]
	},
	{
		"Index": 61,
		"JPN": [
			"<CMD>3780</CMD>",
			"もちろん<CMD>128027000180</CMD>",
			"でも…<CMD>128027000280</CMD>",
			"\f"
		]
	},
	{
		"Index": 62,
		"JPN": [
			"<CMD>18802700729b27000180</CMD><CMD>17802700729b2700ad802700068027000280</CMD><CMD>16802700729b27005581</CMD>よかった…！<BREAK>まだまだ<BREAK>{話|はな}したいことがある<CMD>ff8127000280</CMD>",
			"\f"
		]
	},
	{
		"Index": 63,
		"JPN": [
			"わかった…<BREAK>じゃあ　そろそろ<BREAK>{場所|ばしょ}をかえる<CMD>ff8127000280</CMD>",
			"\f"
		]
	},
	{
		"Index": 64,
		"JPN": [
			"<CMD>18802700729b27000180</CMD><CMD>17802700729b270001802700048027000180</CMD><CMD>16802700729b27004181</CMD>あの…<BREAK><CMD>028227000080</CMD>ね　{家|いえ}で{物語|ものがたり}を<BREAK>{書|か}いている<CMD>ff8127000280</CMD>",
			"ちょっと{聞|き}いて<CMD>ff8127000480</CMD>",
			"あるところに<BREAK>なーにもいいところがない<BREAK>{女|おんな}の{子|こ}がいました",
			"その{女|おんな}の{子|こ}は<BREAK>ひっこみじあんで<BREAK>なきむしで",
			"いつもひとりぼっちでした",
			"<CMD>18802700729b27000180</CMD><CMD>17802700729b270001802700048027000180</CMD><CMD>16802700729b27004181</CMD>そこにとつぜん<BREAK>ステキなおうじさまが<BREAK>{来|き}て",
			"<CMD>18802700729b27000180</CMD><CMD>17802700729b270001802700048027000180</CMD><CMD>16802700729b27004181</CMD>{女|おんな}の{子|こ}をさらって<BREAK>{行|い}きました",
			"おしまい<CMD>ff8127000080</CMD>！",
			"\f"
		]
	},
	{
		"Index": 70,
		"JPN": [
			"<CMD>18802700729b27000080</CMD><CMD>17802700729b2700b28027000a8027000180</CMD><CMD>16802700729b27006981</CMD>あの…<BREAK>もう{少|すこ}しだけ<BREAK>{話|はな}して{行|い}かない…？",
			"<CMD>128027000180</CMD>",
			"\f"
		]
	},
	{
		"Index": 71,
		"JPN": [
			"<CMD>3780</CMD>",
			"もちろん<CMD>128027000180</CMD>",
			"もういい<CMD>128027000280</CMD>",
			"\f"
		]
	},
	{
		"Index": 72,
		"JPN": [
			"<CMD>18802700729b27000180</CMD><CMD>17802700729b270001802700048027000180</CMD><CMD>16802700729b27004181</CMD>よかった…<BREAK>もっといろいろ<BREAK>{話|はなし}をしたい<CMD>ff8127000280</CMD>",
			"\f"
		]
	},
	{
		"Index": 73,
		"JPN": [
			"そう…<BREAK>それじゃあ<BREAK>{場所|ばしょ}をかえる<CMD>ff8127000280</CMD>",
			"\f"
		]
	},
	{
		"Index": 74,
		"JPN": [
			"<CMD>18802700729b27000180</CMD><CMD>17802700729b2700ad802700068027000280</CMD><CMD>16802700729b27005581</CMD>ふう…<BREAK>{風|かぜ}が　{気持|きも}ちいい<CMD>ff8127000280</CMD>",
			"<CMD>18802700729b27000180</CMD><CMD>17802700729b2700ad802700068027000280</CMD><CMD>16802700729b27005581</CMD>あの…<BREAK><CMD>028227000080</CMD>の{気持|きも}ち<BREAK>{今日|きょう}はずっとフワフワしてて",
			"{風|かぜ}にとばされて<BREAK>いってしまった<BREAK>みたい<CMD>ff8127000080</CMD>",
			"\f"
		]
	},
	{
		"Index": 77,
		"JPN": [
			"<CMD>18802700729b27000180</CMD><CMD>17802700729b270001802700048027000180</CMD><CMD>16802700729b27004181</CMD>たぶん　<CMD>f481</CMD>の{方|ほう}に<BREAK>とんでいったと{思|おも}うけど<BREAK>{気|き}づかなかった？",
			"…<BREAK>エヘヘ･･･",
			"\f"
		]
	},
	{
		"Index": 80,
		"JPN": [
			"<CMD>18802700729b27000180</CMD><CMD>17802700729b2700ad802700068027000280</CMD><CMD>16802700729b27005581</CMD><CMD>f481</CMD><BREAK>ちょっと{寄|よ}っていこうよ",
			"\f"
		]
	},
	{
		"Index": 81,
		"JPN": [
			"<CMD>18802700729b27000180</CMD><CMD>17802700729b2700ad802700068027000280</CMD><CMD>16802700729b27005581</CMD><CMD>f481</CMD>！<BREAK>こっちおいでよ！",
			"\f"
		]
	},
	{
		"Index": 82,
		"JPN": [
			"<CMD>18802700729b27000180</CMD><CMD>17802700729b2700ad802700068027000280</CMD><CMD>16802700729b27005581</CMD><CMD>f481</CMD>！<BREAK>こっちおいでよ！",
			"\f"
		]
	},
	{
		"Index": 83,
		"JPN": [
			"<CMD>18802700729b27000180</CMD><CMD>17802700729b2700ad802700068027000280</CMD><CMD>16802700729b27005581</CMD><CMD>f481</CMD>！<BREAK>こっちおいでよ！",
			"\f"
		]
	}
]