[
	{
		"Index": 0,
		"JPN": [
			"<CMD>18802700729b27000780</CMD><CMD>17802700729b2700b18027000a8027000180</CMD>えっと…<CMD>028227000080</CMD><BREAK>そろそろ　いかないと<BREAK>おこられちゃう<CMD>ff8127000280</CMD>",
			"<CMD>028227000180</CMD>",
			"それじゃぁ　また<CMD>ff8127000080</CMD>",
			"\f"
		]
	},
	{
		"Index": 1,
		"JPN": [
			"<CMD>18802700729b27000380</CMD><CMD>17802700729b2700ab8027000a8027000180</CMD><CMD>16802700729b27003081</CMD>あの…　ごめんなさい<BREAK>まだ　{終|お}わっていないの…",
			"{話|はなし}　{聞|き}くから<BREAK>もう{少|すこ}し　<BREAK>{待|ま}っててほしい<CMD>ff8127000280</CMD>",
			"それじゃ<BREAK>また{後|あと}でね<CMD>618027000b80</CMD>",
			"\f"
		]
	},
	{
		"Index": 2,
		"JPN": [
			"<CMD>18802700729b27000380</CMD><CMD>17802700729b2700ab8027000a8027000180</CMD><CMD>16802700729b27003081</CMD>あの…　ごめんなさい<BREAK>まだ　{終|お}わっていないの…",
			"あと　もう{少|すこ}しだから…<BREAK>もうちょっと<BREAK>{待|ま}っててほしい<CMD>ff8127000280</CMD>",
			"ごめんね<BREAK>また{後|あと}でね<CMD>228027000b80</CMD><CMD>618027000b80</CMD>",
			"\f"
		]
	},
	{
		"Index": 20,
		"JPN": [
			"<CMD>18802700729b27000780</CMD><CMD>17802700729b2700b18027000a8027000180</CMD><CMD>0382</CMD>ってお{話|はなし}が<BREAK>{上手|じょうず}だって<BREAK>{思|おも}った<CMD>ff8127000280</CMD>",
			"<CMD>028227000080</CMD>は{話|はな}すのが<BREAK>とくいじゃないから<BREAK><CMD>0382</CMD>には{助|たす}けられたの",
			"<CMD>18802700729b27000380</CMD><CMD>17802700729b2700ab8027000a8027000180</CMD><CMD>16802700729b27003081</CMD>{話|はな}し{上手|じょうず}な{人|ひと}って<BREAK>{人|ひと}づきあいも<BREAK>{上手|じょうず}だと{思|おも}う<CMD>ff8127000280</CMD>",
			"\f"
		]
	},
	{
		"Index": 21,
		"JPN": [
			"<CMD>18802700729b27000380</CMD><CMD>17802700729b2700ab8027000a8027000180</CMD><CMD>16802700729b27003081</CMD><CMD>0382</CMD>ってね<BREAK>じゅぎょうとかで{見|み}てても<BREAK>{勉強|べんきょう}できると{思|おも}う<CMD>ff8127000280</CMD>",
			"<CMD>028227000080</CMD>なんて　ああいうふうに<BREAK>ハキハキ{答|こた}えられないから<BREAK>あこがれちゃう",
			"<CMD>18802700729b27000380</CMD><CMD>17802700729b2700ab8027000a8027000180</CMD><CMD>16802700729b27003081</CMD>あんなふうに<BREAK>{勉強|べんきょう}ができたら<BREAK>カッコいいだろうなぁ…",
			"\f"
		]
	},
	{
		"Index": 22,
		"JPN": [
			"<CMD>18802700729b27000780</CMD><CMD>17802700729b2700b18027000a8027000180</CMD><CMD>0382</CMD>は{友|とも}だちが<BREAK>{多|おお}いって　ひょうばんなんだよ<BREAK>いいなぁ…って{思|おも}う<CMD>ff8127000280</CMD>",
			"いつも<BREAK><CMD>0382</CMD>ってだれかと<BREAK>いる{子|こ}だったもん…",
			"<CMD>18802700729b27000380</CMD><CMD>17802700729b2700ab8027000a8027000180</CMD><CMD>16802700729b27003081</CMD>{自分|じぶん}にはないことだから<BREAK>とっても<BREAK>うらやましかった<CMD>ff8127000280</CMD>…",
			"\f"
		]
	},
	{
		"Index": 23,
		"JPN": [
			"<CMD>18802700729b27000480</CMD><CMD>17802700729b2700ab8027000a8027000180</CMD><CMD>16802700729b27007f81</CMD><CMD>0382</CMD>ってちょっと<BREAK>イジワルなところが<BREAK>あったりする<CMD>ff8127000280</CMD>…",
			"たぶん　<CMD>0382</CMD>としては<BREAK>ちょっとした<BREAK>イタズラなんだろうけど…",
			"<CMD>18802700729b27000480</CMD><CMD>17802700729b2700ab8027000a8027000180</CMD><CMD>16802700729b27007f81</CMD><CMD>028227000080</CMD>は{本気|ほんき}でキライで<BREAK>されてるのかなって<BREAK>{心配|しんぱい}になるの…",
			"\f"
		]
	},
	{
		"Index": 24,
		"JPN": [
			"<CMD>028227000080</CMD>と<BREAK><CMD>0382</CMD>って<BREAK>{友|とも}だち<CMD>ff8127000080</CMD>",
			"ふふふ…こうやって<BREAK>ハッキリと{友|とも}だちって<BREAK>{言|い}えるのってうれしい<CMD>ff8127000280</CMD>",
			"<CMD>0382</CMD>に<BREAK>かんしゃしなきゃ<BREAK>{友|とも}だちってうれしい<CMD>ff8127000280</CMD>",
			"\f"
		]
	},
	{
		"Index": 25,
		"JPN": [
			"<CMD>18802700729b27000780</CMD><CMD>17802700729b2700b18027000a8027000180</CMD>{信|しん}じてもらえないかもだけど…<BREAK><CMD>028227000080</CMD>と<CMD>0382</CMD>って<BREAK>{親友|しんゆう}だったりする<CMD>ff8127000280</CMD>",
			"<CMD>0382</CMD>も{一番仲|いちばんなか}のいい<BREAK>{友|とも}だちだって{言|い}ってくれるし<BREAK>{親友|しんゆう}だって{信|しん}じてる<CMD>ff8127000280</CMD>",
			"\f"
		]
	},
	{
		"Index": 26,
		"JPN": [
			"<CMD>18802700729b27000780</CMD><CMD>17802700729b2700b18027000a8027000180</CMD><CMD>028227000080</CMD>ね　あのね　{実|じつ}は<BREAK><CMD>0382</CMD>と<BREAK>{恋人同士|こいびとどうし}<CMD>ff8127000080</CMD>",
			"ほ　{本当|ほんとう}にそうなんだよ<BREAK>あ　でもこういうのって<BREAK>ヒミツにしたほうがいい<CMD>ff8127000380</CMD>？",
			"<CMD>18802700729b27000780</CMD><CMD>17802700729b2700b18027000a8027000180</CMD>{恋人|こいびと}なんてユメみたいって<BREAK>{思|おも}うから…ついつい<BREAK>{話|はな}したくなっちゃう<CMD>ff8127000280</CMD>",
			"\f"
		]
	},
	{
		"Index": 28,
		"JPN": [
			"<CMD>0382</CMD>と{遊|あそ}びに{行|い}って<BREAK>ベンチでふたりで<BREAK>お{話|はなし}した<CMD>ff8127000280</CMD>",
			"<CMD>18802700729b27000780</CMD><CMD>17802700729b2700b18027000a8027000180</CMD><CMD>0382</CMD>はね<BREAK><CMD>028227000080</CMD>の{話|はなし}を<BREAK>{気長|きなが}に{聞|き}いてくれてうれしかった",
			"<CMD>0382</CMD>の{話|はなし}も<BREAK>おもしろかったし<BREAK>サイコーだった<CMD>ff8127000280</CMD>！",
			"\f"
		]
	},
	{
		"Index": 29,
		"JPN": [
			"<CMD>0382</CMD>と<BREAK>{遊|あそ}びにいってね<BREAK>ふたりで{釣|つ}りをした<CMD>ff8127000280</CMD>！",
			"<CMD>0382</CMD>ってば<CMD>028227000080</CMD>に<BREAK>{釣|つ}りの{仕方|しかた}とか<BREAK>{教|おし}えてくれたんだよ",
			"たのもしいな～<BREAK>カッコいいなあって<BREAK>{感動|かんどう}しちゃった<CMD>ff8127000280</CMD>",
			"\f"
		]
	},
	{
		"Index": 30,
		"JPN": [
			"<CMD>18802700729b27000780</CMD><CMD>17802700729b2700b18027000a8027000180</CMD><CMD>0382</CMD>と<BREAK>{虫取|むしと}りに<BREAK>{出|で}かけたんだけどね…",
			"<CMD>18802700729b27000380</CMD><CMD>17802700729b2700ab8027000a8027000180</CMD><CMD>16802700729b27003081</CMD><CMD>028227000080</CMD>ったら　とちゅうで<BREAK>つかれちゃって<BREAK>うずくまっちゃった<CMD>ff8127000280</CMD>",
			"そしたら　<CMD>0382</CMD>が<BREAK>{心配|しんぱい}してくれて…<BREAK>それだけで{元気|げんき}になっちゃった",
			"\f"
		]
	},
	{
		"Index": 31,
		"JPN": [
			"<CMD>18802700729b27000780</CMD><CMD>17802700729b2700b18027000a8027000180</CMD><CMD>0382</CMD>と{遊|あそ}ぼうって<BREAK>ことになって<BREAK>ほうきで{出|で}かけた<CMD>ff8127000280</CMD>！",
			"<CMD>18802700729b27000480</CMD><CMD>17802700729b2700ab8027000a8027000180</CMD><CMD>16802700729b27007f81</CMD>でも　ほうきで{飛|と}びすぎて<BREAK><CMD>028227000080</CMD>がとちゅうで<BREAK>{気持|きも}ち{悪|わる}くなっちゃって",
			"<CMD>0382</CMD>は<CMD>028227000080</CMD>に{合|あ}わせて<BREAK>ゆっくり{飛|ゆ}んでくれたの<BREAK>うれしかった<CMD>ff8127000280</CMD>…",
			"\f"
		]
	},
	{
		"Index": 32,
		"JPN": [
			"んとね<BREAK><CMD>0382</CMD>とふたりで<BREAK>お{買|か}い{物|もの}に{行|い}ったんだけど…",
			"<CMD>18802700729b27000780</CMD><CMD>17802700729b2700b18027000a8027000180</CMD><CMD>028227000080</CMD>に　にあうよって<BREAK>{服|ふく}をえらんでくれたりして<BREAK>とっても{楽|たの}しかった<CMD>ff8127000280</CMD>",
			"いっしょにお{買|か}い{物|もの}って<BREAK>とってもステキ<CMD>ff8127000080</CMD><BREAK>ひとりよりずっと{楽|たの}しい",
			"\f"
		]
	},
	{
		"Index": 33,
		"JPN": [
			"<CMD>0382</CMD>といっしょに<BREAK>お{勉強|べんきょう}をさせて<BREAK>もらった<CMD>ff8127000280</CMD>",
			"そしたら<BREAK>わからないところを<BREAK><CMD>0382</CMD>が{教|おし}えてくれて…",
			"{参考|さんこう}にもなったし<BREAK>ひとりよりやる{気|き}が{出|で}たし<BREAK><CMD>0382</CMD>のおかげ<CMD>ff8127000080</CMD>",
			"\f"
		]
	},
	{
		"Index": 34,
		"JPN": [
			"<CMD>0382</CMD>と<BREAK>ふたりで<BREAK>よく　お{茶|ちゃ}をした<CMD>ff8127000280</CMD>",
			"とてもおいしいお{茶|ちゃ}を<BREAK>{手|て}に{入|い}れたんだけど",
			"ひとりでのむよりも<BREAK>ふたりでのむほうが<BREAK>ずっとおいしかった<CMD>ff8127000280</CMD>",
			"\f"
		]
	}
]