[
	{
		"Index": 0,
		"JPN": [
			"<CMD>18802700729b27000780</CMD><CMD>17802700729b2700b18027000a8027000180</CMD><CMD>16802700729b27009081</CMD>その…あの…<BREAK>もしよかったら",
			"ふたりきりで<BREAK>ひみつのお{話|はなし}を<BREAK>したい<CMD>ff8127000280</CMD>",
			"<CMD>13802700a18f</CMD>",
			"\f"
		]
	},
	{
		"Index": 1,
		"JPN": [
			"<CMD>3780</CMD>",
			"いいよ<CMD>13802700a28f</CMD>",
			"それはちょっと<CMD>13802700a38f</CMD>",
			"\f"
		]
	},
	{
		"Index": 2,
		"JPN": [
			"<CMD>18802700729b27000180</CMD><CMD>17802700729b270001802700048027000180</CMD><CMD>16802700729b27004181</CMD>{本当|ほんとう}に！？　わーうれしい<BREAK>ゆうきをだして<BREAK>{言|い}ってよかった<CMD>ff8127000280</CMD>",
			"{言|い}おうかどうしようか<BREAK>{何日|なんにち}もまよった<CMD>ff8127000280</CMD>",
			"じゃあ<BREAK>ＰＭ６{時|じ}に<CMD>008027000580</CMD>{恋人|こいびと}みさき<CMD>008027000180</CMD>まで<BREAK>{来|き}て<CMD>ff8127000480</CMD>",
			"<CMD>138027001891</CMD>",
			"\f"
		]
	},
	{
		"Index": 3,
		"JPN": [
			"<CMD>18802700729b27000380</CMD><CMD>17802700729b2700ab8027000a8027000180</CMD><CMD>16802700729b27003081</CMD>あ…うん　そうだよね<BREAK><CMD>028227000080</CMD>じゃダメ<CMD>ff8127000080</CMD>",
			"でも　もしも　{気持|きも}ちがかわったら<BREAK>またおねがい<CMD>ff8127000080</CMD>",
			"\f"
		]
	},
	{
		"Index": 4,
		"JPN": [
			"<CMD>18802700729b27000780</CMD><CMD>17802700729b2700b18027000a8027000180</CMD><CMD>16802700729b27009081</CMD>{来|き}てくれて<BREAK>ありがとう<CMD>ff8127000080</CMD>",
			"{本当|ほんとう}に{来|き}てくれるなんて<BREAK>うれしい<CMD>ff8127000280</CMD>",
			"ね<BREAK>ひみつのおねがいが<BREAK>ある<CMD>ff8127000280</CMD>",
			"<CMD>18802700729b27000180</CMD><CMD>17802700729b270001802700048027000180</CMD><CMD>16802700729b27004181</CMD>はずかしいんだけど…<BREAK>{手|て}をつないで<BREAK>{歩|ある}いてみたい<CMD>ff8127000280</CMD>　ダメ？",
			"<CMD>13802700a58f</CMD>",
			"\f"
		]
	},
	{
		"Index": 5,
		"JPN": [
			"<CMD>3780</CMD>",
			"いいよ<CMD>13802700a68f</CMD>",
			"ヤダ<CMD>13802700a78f</CMD>",
			"\f"
		]
	},
	{
		"Index": 6,
		"JPN": [
			"<CMD>18802700729b27000180</CMD><CMD>17802700729b270001802700048027000180</CMD><CMD>16802700729b27004181</CMD>え…{本当|ほんとう}<CMD>ff8127000180</CMD>！<BREAK>うれしくって<BREAK>なきそう<CMD>ff8127000080</CMD>",
			"<CMD>18802700729b27000780</CMD><CMD>17802700729b2700b18027000a8027000180</CMD><CMD>16802700729b27009081</CMD>これが<BREAK>{恋人|こいびと}どうしって<BREAK>もの<CMD>ff8127000180</CMD>",
			"\f"
		]
	},
	{
		"Index": 7,
		"JPN": [
			"<CMD>18802700729b27000380</CMD><CMD>17802700729b2700ab8027000a8027000180</CMD><CMD>16802700729b27002e81</CMD>や…やっぱりダメ<CMD>ff8127000180</CMD><BREAK>ごめん<CMD>ff8127000080</CMD>",
			"じゃあ　また<CMD>ff8127000080</CMD>",
			"\f"
		]
	},
	{
		"Index": 12,
		"JPN": [
			"あの……<CMD>028227000080</CMD>の{思|おも}いこみかも<BREAK>しれないんだけど<BREAK>{最近|さいきん}　{仲|なか}がいいと{思|おも}うの",
			"<CMD>18802700729b27000080</CMD><CMD>17802700729b2700b28027000a8027000180</CMD><CMD>16802700729b27006981</CMD>{今|いま}まで{以上|いじょう}に　なかよく<BREAK>してくれるとうれしいなって<BREAK>{思|おも}うんだけど　どう<CMD>ff8127000180</CMD>？",
			"<CMD>13802700ad8f</CMD>",
			"\f"
		]
	},
	{
		"Index": 13,
		"JPN": [
			"<CMD>3780</CMD>",
			"そうだよね<CMD>13802700ae8f</CMD>",
			"それは…<CMD>13802700af8f</CMD>",
			"\f"
		]
	},
	{
		"Index": 14,
		"JPN": [
			"<CMD>18802700729b27000780</CMD><CMD>17802700729b2700b18027000a8027000180</CMD>わあ　{本当|ほんとう}に？<BREAK>どうもありがとう！",
			"じゃあ<BREAK>これからは　もっとなかよく<BREAK>して<CMD>ff8127000480</CMD>",
			"\f"
		]
	},
	{
		"Index": 15,
		"JPN": [
			"<CMD>18802700729b27000380</CMD><CMD>17802700729b2700ab8027000a8027000180</CMD><CMD>16802700729b27003081</CMD>ごめんね…そう…",
			"{急|きゅう}にヘンなこと{言|い}って<BREAK>ゴメン<CMD>ff8127000080</CMD>",
			"\f"
		]
	},
	{
		"Index": 16,
		"JPN": [
			"<CMD>18802700729b27000080</CMD><CMD>17802700729b2700b28027000a8027000180</CMD><CMD>16802700729b27006981</CMD>ね　ちょっと<BREAK>{後|あと}で{話|はなし}があるんだけど<BREAK>{時間|じかん}がある<CMD>ff8127000380</CMD>？",
			"<CMD>13802700b18f</CMD>",
			"\f"
		]
	},
	{
		"Index": 17,
		"JPN": [
			"<CMD>3780</CMD>",
			"あるよ<CMD>13802700b28f</CMD>",
			"ゴメン<CMD>13802700b38f</CMD>",
			"\f"
		]
	},
	{
		"Index": 18,
		"JPN": [
			"<CMD>18802700729b27000780</CMD><CMD>17802700729b2700b18027000a8027000180</CMD>よかったぁ…",
			"{話|はな}したいことがあるから<BREAK>ＰＭ７{時|じ}に<CMD>008027000580</CMD>{恋人|こいびと}みさき<CMD>008027000180</CMD>まで<BREAK>{来|き}てほしい<CMD>ff8127000280</CMD>",
			"えと…もしイヤだったら<BREAK>わすれちゃっていい<CMD>ff8127000280</CMD>",
			"<CMD>138027000991</CMD>",
			"\f"
		]
	},
	{
		"Index": 19,
		"JPN": [
			"<CMD>18802700729b27000380</CMD><CMD>17802700729b2700ab8027000a8027000180</CMD><CMD>16802700729b27003081</CMD>そ　そっか　ごめん<BREAK>そんなこと{言|い}われても<BREAK>{困|こま}っちゃうよね",
			"それじゃ　また<BREAK>{他|ほか}の{時|とき}にね…",
			"\f"
		]
	},
	{
		"Index": 20,
		"JPN": [
			"<CMD>18802700729b27000780</CMD><CMD>17802700729b2700b18027000a8027000180</CMD>こういうの<BREAK>{困|こま}るかもしれないけれど…<BREAK>その…{親友|しんゆう}っていうか",
			"<CMD>18802700729b27000080</CMD><CMD>17802700729b2700b28027000a8027000180</CMD><CMD>16802700729b27006981</CMD>もっともっと<BREAK>なかよくなりたいって<BREAK>{思|おも}ってるんだけどダメ<CMD>ff8127000180</CMD>？",
			"<CMD>13802700b58f</CMD>",
			"\f"
		]
	},
	{
		"Index": 21,
		"JPN": [
			"<CMD>3780</CMD>",
			"いいネ！<CMD>13802700b68f</CMD>",
			"そこまでは…<CMD>13802700b78f</CMD>",
			"\f"
		]
	},
	{
		"Index": 22,
		"JPN": [
			"<CMD>18802700729b27000580</CMD><CMD>17802700729b2700638027000a8027000280</CMD><CMD>16802700729b27002f81</CMD>{本当|ほんとう}？<BREAK>{後|あと}からやっぱりやめたは<BREAK>キズつくから　イヤ<CMD>ff8127000080</CMD>",
			"ああ…{本当|ほんとう}になってくれるんだ<BREAK>ゆうきを{出|だ}して<BREAK>{言|い}ってよかった<CMD>ff8127000280</CMD>",
			"ありがとう…<BREAK>とってもうれしい<CMD>ff8127000280</CMD>",
			"\f"
		]
	},
	{
		"Index": 23,
		"JPN": [
			"<CMD>18802700729b27000380</CMD><CMD>17802700729b2700ab8027000a8027000180</CMD><CMD>16802700729b27003081</CMD>そ　そうだよね　ごめんね<BREAK>なかよくしてくれるからって",
			"ちょっと{調子|ちょうし}に<BREAK>のった<CMD>ff8127000280</CMD>",
			"{気|き}にしないで<CMD>ff8127000480</CMD>",
			"\f"
		]
	},
	{
		"Index": 32,
		"JPN": [
			"えと…<BREAK>{待|ま}ち{合|あ}わせの　やくそくやぶって<BREAK>ごめん<CMD>ff8127000080</CMD>",
			"{気|き}がついたら　{知|し}らないところに<BREAK>ひとりでいて　{家|いえ}にも<BREAK>{帰|かえ}れなくて",
			"ずっと{泣|な}いてた<CMD>ff8127000280</CMD>",
			"それで　あの…<BREAK>もしよかったら",
			"あらためて　ふたりきりで<BREAK>ひみつのお{話|はなし}を<BREAK>したい<CMD>ff8127000280</CMD>",
			"<CMD>13802700a18f</CMD>",
			"\f"
		]
	},
	{
		"Index": 36,
		"JPN": [
			"えと…<BREAK>{待|ま}ち{合|あ}わせの　やくそくやぶって<BREAK>ごめん<CMD>ff8127000080</CMD>",
			"{気|き}がついたら　{知|し}らないところに<BREAK>ひとりでいて　{家|いえ}にも<BREAK>{帰|かえ}れなくて",
			"ずっと{泣|な}いてた<CMD>ff8127000280</CMD>",
			"それで　あの…<BREAK>もしよかったら",
			"あらためて　お{話|はなし}を<BREAK>したい<CMD>ff8127000280</CMD><BREAK>{時間|じかん}ある？",
			"<CMD>13802700b18f</CMD>",
			"\f"
		]
	},
	{
		"Index": 40,
		"JPN": [
			"ね<BREAK>ひみつのおねがいが<BREAK>ある<CMD>ff8127000280</CMD>",
			"<CMD>18802700729b27000180</CMD><CMD>17802700729b270001802700048027000180</CMD><CMD>16802700729b27004181</CMD>はずかしいんだけど…<BREAK>{手|て}をつないで<BREAK>{歩|ある}いてみたい<CMD>ff8127000280</CMD>　ダメ？",
			"<CMD>13802700a58f</CMD>",
			"\f"
		]
	},
	{
		"Index": 44,
		"JPN": [
			"<CMD>18802700729b27000780</CMD><CMD>17802700729b2700b18027000a8027000180</CMD>こういうの<BREAK>{困|こま}るかもしれないけれど…<BREAK>その…{親友|しんゆう}っていうか",
			"<CMD>18802700729b27000080</CMD><CMD>17802700729b2700b28027000a8027000180</CMD><CMD>16802700729b27006981</CMD>もっともっと<BREAK>なかよくなりたいって<BREAK>{思|おも}ってるんだけどダメ<CMD>ff8127000180</CMD>？",
			"<CMD>13802700b58f</CMD>",
			"\f"
		]
	}
]