[
	{
		"Index": 0,
		"JPN": [
			"<CMD>18802700729b27000380</CMD><CMD>17802700729b2700ab8027000a8027000180</CMD><CMD>16802700729b27003081</CMD>その{服|ふく}…<BREAK>さっきも{見|み}てた<CMD>ff8127000280</CMD>",
			"\f"
		]
	},
	{
		"Index": 1,
		"JPN": [
			"<CMD>18802700729b27000580</CMD><CMD>17802700729b2700aa8027000a8027000180</CMD><CMD>16802700729b27002d81</CMD>あのね<CMD>f481</CMD>…　<CMD>028227000080</CMD><BREAK>いろんな{服|ふく}が{見|み}てみたい<CMD>ff8127000280</CMD><BREAK>{他|ほか}の{店|みせ}へ{行|い}ってみよう<CMD>ff8127000580</CMD>",
			"\f"
		]
	},
	{
		"Index": 2,
		"JPN": [
			"<CMD>18802700729b27000180</CMD><CMD>17802700729b2700ad802700068027000280</CMD><CMD>16802700729b27005581</CMD><CMD>028227000080</CMD>　<CMD>f481</CMD>とこうして<BREAK>いっしょにいられるだけで……<BREAK>なんだかうれしい<CMD>ff8127000280</CMD>",
			"<CMD>138027003d94</CMD>",
			"\f"
		]
	},
	{
		"Index": 3,
		"JPN": [
			"<CMD>18802700729b27000480</CMD><CMD>17802700729b2700ab8027000a8027000180</CMD><CMD>16802700729b27007f81</CMD>……あのね　{実|じつ}は<CMD>028227000080</CMD><BREAK>コーデについてまよってる<CMD>ff8127000280</CMD>",
			"\f"
		]
	},
	{
		"Index": 4,
		"JPN": [
			"<CMD>18802700729b27000380</CMD><CMD>17802700729b2700ab8027000a8027000180</CMD><CMD>16802700729b27003081</CMD>だから<CMD>f481</CMD>にえらぶのを<BREAK>てつだってほしい<CMD>ff8127000280</CMD><BREAK>……ダメ<CMD>ff8127000180</CMD>？",
			"\f"
		]
	},
	{
		"Index": 5,
		"JPN": [
			"<CMD>18802700729b27000580</CMD><CMD>17802700729b2700638027000a8027000280</CMD><CMD>16802700729b27002f81</CMD>え？　<CMD>f481</CMD>が<CMD>028227000080</CMD>の<BREAK>コーデを{作|つく}ってくれる<CMD>ff8127000380</CMD>？<BREAK><CMD>028227000080</CMD>　ドキドキ<CMD>ff8127000080</CMD>",
			"\f"
		]
	},
	{
		"Index": 6,
		"JPN": [
			"<CMD>18802700729b27000480</CMD><CMD>17802700729b2700ab8027000a8027000180</CMD><CMD>16802700729b27007f81</CMD>え……そう……　ざんねん<CMD>ff8127000080</CMD><BREAK>でも　ここまでつきあってくれて<BREAK>ありがとう<CMD>ff8127000080</CMD>　<CMD>f481</CMD>",
			"よければ　またつきあって<CMD>ff8127000480</CMD><BREAK>じゃあ　{今日|きょう}のトコロは<BREAK>これでおわかれ<CMD>ff8127000180</CMD>？",
			"<CMD>138027005794</CMD>",
			"\f"
		]
	},
	{
		"Index": 7,
		"JPN": [
			"<CMD>3780</CMD>",
			"はい<CMD>13802700ffff</CMD>",
			"いいえ<CMD>13802700ffff</CMD>",
			"\f"
		]
	},
	{
		"Index": 30,
		"JPN": [
			"あの…　{今週|こんしゅう}の<CMD>008027000480</CMD>ベリーズ<CMD>008027000180</CMD>を<BREAK>{見|み}たんだけど",
			"<CMD>f481</CMD>のうんせいが<BREAK>1{位|い}だった<CMD>ff8127000280</CMD>",
			"<CMD>18802700729b27000380</CMD><CMD>17802700729b2700ab8027000a8027000180</CMD><CMD>16802700729b27003081</CMD><CMD>028227000080</CMD>なんて<BREAK>いっつも{最悪|さいあく}だから<BREAK>うらやましい<CMD>ff8127000280</CMD>",
			"\f"
		]
	},
	{
		"Index": 31,
		"JPN": [
			"あの…　{今週|こんしゅう}の<CMD>008027000480</CMD>ベリーズ<CMD>008027000180</CMD>の<BREAK>うらないを{見|み}たんだけど…",
			"<CMD>f481</CMD>のうんせいは<BREAK>{最悪|さいあく}だって<BREAK>{書|か}いてあった<CMD>ff8127000280</CMD>…",
			"<CMD>18802700729b27000080</CMD><CMD>17802700729b2700b28027000a8027000180</CMD><CMD>16802700729b27006981</CMD>ちゃんとラッキーアイテムを<BREAK>{持|も}った<CMD>ff8127000380</CMD>？",
			"<CMD>18802700729b27000080</CMD><CMD>17802700729b270001802700048027000080</CMD>{持|も}っていれば<BREAK><CMD>028227000080</CMD>みたいに<BREAK>ならないと{思|おも}う<CMD>ff8127000280</CMD>",
			"\f"
		]
	},
	{
		"Index": 32,
		"JPN": [
			"<CMD>18802700729b27000080</CMD><CMD>17802700729b2700b28027000a8027000180</CMD><CMD>16802700729b27006981</CMD>あの…　<CMD>008027000480</CMD>ベリーズ<CMD>008027000180</CMD>にのってた<BREAK>こうこくって　<CMD>f481</CMD>の<BREAK>お{店|みせ}のこうこく<CMD>ff8127000180</CMD>？",
			"<CMD>18802700729b27000180</CMD><CMD>17802700729b2700ad802700068027000280</CMD><CMD>16802700729b27005581</CMD>ちょっと{気|き}になったから<BREAK>お{店|みせ}に{遊|あそ}びに<BREAK>{行|い}ってみたい<CMD>ff8127000280</CMD>",
			"\f"
		]
	},
	{
		"Index": 33,
		"JPN": [
			"あの…　{今日|きょう}は<CMD>008027000480</CMD>ベリーズ<CMD>008027000180</CMD>の<BREAK>こうこくを{見|み}て<BREAK>{来|き}た<CMD>ff8127000280</CMD>",
			"<CMD>18802700729b27000180</CMD><CMD>17802700729b2700ad802700068027000280</CMD><CMD>16802700729b27005581</CMD>こうこくを{見|み}てたら<BREAK><CMD>028227000080</CMD>にも　に{合|あ}うのが<BREAK>あるかな？　って{思|おも}った<CMD>ff8127000280</CMD>",
			"\f"
		]
	},
	{
		"Index": 34,
		"JPN": [
			"あの…　{今週|こんしゅう}の<CMD>008027000480</CMD>ベリーズ<CMD>008027000180</CMD>に<BREAK><CMD>f481</CMD>がのってた<CMD>ff8127000280</CMD>",
			"さすが<CMD>f481</CMD>は<BREAK>センスがある<CMD>ff8127000280</CMD>",
			"<CMD>18802700729b27000380</CMD><CMD>17802700729b2700ab8027000a8027000180</CMD><CMD>16802700729b27003081</CMD>どうどうとしていて<BREAK>うらやましい<CMD>ff8127000280</CMD>",
			"\f"
		]
	},
	{
		"Index": 35,
		"JPN": [
			"ねえねえ　<CMD>f481</CMD><BREAK>{今週|こんしゅう}の<CMD>008027000480</CMD>ベリーズ<CMD>008027000180</CMD>の{表紙|ひょうし}<BREAK><CMD>f481</CMD>だった<CMD>ff8127000280</CMD>",
			"<CMD>f481</CMD>ってコーデを{作|つく}る<BREAK>センスがとってもいい<CMD>ff8127000280</CMD>",
			"<CMD>18802700729b27000380</CMD><CMD>17802700729b2700ab8027000a8027000180</CMD><CMD>16802700729b27003081</CMD><CMD>028227000080</CMD>とは　ちがいすぎて<BREAK>へこんだ<CMD>ff8127000280</CMD>",
			"\f"
		]
	},
	{
		"Index": 36,
		"JPN": [
			"<CMD>18802700729b27000580</CMD><CMD>17802700729b2700af802700088027000180</CMD><CMD>16802700729b27005681</CMD>{今週|こんしゅう}の<CMD>008027000480</CMD>ベリーズ<CMD>008027000180</CMD>の{表紙|ひょうし}に<BREAK>また<CMD>f481</CMD>が<BREAK>のってた<CMD>ff8127000280</CMD>",
			"<CMD>18802700729b27000080</CMD><CMD>17802700729b270001802700048027000080</CMD>もう{毎週|まいしゅう}<CMD>f481</CMD>が<BREAK>{表紙|ひょうし}でいい{気|き}がする<CMD>ff8127000280</CMD>",
			"<CMD>18802700729b27000380</CMD><CMD>17802700729b2700ab8027000a8027000180</CMD><CMD>16802700729b27003081</CMD><CMD>028227000080</CMD>とは　ちがいすぎて<BREAK>{毎週|まいしゅう}へこみそう<CMD>ff8127000080</CMD>",
			"\f"
		]
	},
	{
		"Index": 37,
		"JPN": [
			"<CMD>f481</CMD>　{実|じつ}は{今日|きょう}の<BREAK>コーデは　<CMD>008027000480</CMD>ベリーズ<CMD>008027000180</CMD>にのってた<BREAK><CMD>f481</CMD>のコーデ<CMD>ff8127000080</CMD>",
			"<CMD>18802700729b27000180</CMD><CMD>17802700729b2700ad802700068027000280</CMD><CMD>16802700729b27005581</CMD><CMD>f481</CMD>には　かなわないけど<BREAK>このコーデはいい{感|かん}じ<CMD>ff8127000080</CMD>",
			"\f"
		]
	},
	{
		"Index": 38,
		"JPN": [
			"<CMD>18802700729b27000180</CMD><CMD>17802700729b2700ad802700068027000280</CMD><CMD>16802700729b27005581</CMD>あの…　<CMD>f481</CMD><BREAK>{今週|こんしゅう}の<CMD>008027000480</CMD>ベリーズ<CMD>008027000180</CMD>の{表紙|ひょうし}は<BREAK>なんと　<CMD>028227000080</CMD><CMD>ff8127000080</CMD>",
			"<CMD>18802700729b27000080</CMD><CMD>17802700729b270001802700048027000080</CMD><CMD>028227000180</CMD>",
			"ホントだったら<BREAK>よろこぶべきなんだろうけど",
			"<CMD>18802700729b27000780</CMD><CMD>17802700729b2700aa8027000a8027000280</CMD><CMD>16802700729b27002d81</CMD>{町|まち}を{歩|ある}いていても<BREAK>だれかに{見|み}られているみたいで<BREAK>コワイ<CMD>ff8127000280</CMD>",
			"\f"
		]
	},
	{
		"Index": 39,
		"JPN": [
			"あの…<BREAK>{今週|こんしゅう}の<CMD>008027000480</CMD>ベリーズ<CMD>008027000180</CMD>…",
			"<CMD>18802700729b27000780</CMD><CMD>17802700729b2700b18027000a8027000180</CMD><CMD>028227000080</CMD>と<CMD>f481</CMD>の<BREAK>{二人|ふたり}で{表紙|ひょうし}にのった<CMD>ff8127000280</CMD>",
			"<CMD>18802700729b27000080</CMD><CMD>17802700729b270001802700048027000080</CMD><CMD>028227000180</CMD>",
			"ホントだったら<BREAK>よろこぶべきなんだろうけど",
			"<CMD>18802700729b27000780</CMD><CMD>17802700729b2700aa8027000a8027000280</CMD><CMD>16802700729b27002d81</CMD>だれかに　うらまれそうで<BREAK>コワイ<CMD>ff8127000280</CMD>",
			"\f"
		]
	},
	{
		"Index": 40,
		"JPN": [
			"あの…　<CMD>f481</CMD>に<BREAK>{聞|き}いてほしいことがあるんだけど…",
			"<CMD>18802700729b27000180</CMD><CMD>17802700729b2700ad802700068027000280</CMD><CMD>16802700729b27005581</CMD>{実|じつ}は{今週|こんしゅう}の<CMD>008027000480</CMD>ベリーズ<CMD>008027000180</CMD>に<BREAK><CMD>028227000080</CMD>がのってた<CMD>ff8127000280</CMD>",
			"<CMD>18802700729b27000080</CMD><CMD>17802700729b270001802700048027000080</CMD><CMD>028227000180</CMD>",
			"ホントだったら<BREAK>よろこぶべきなんだろうけど",
			"<CMD>18802700729b27000780</CMD><CMD>17802700729b2700aa8027000a8027000280</CMD><CMD>16802700729b27002d81</CMD>だれかに　おこられそうで<BREAK>コワイ<CMD>ff8127000280</CMD>",
			"\f"
		]
	},
	{
		"Index": 41,
		"JPN": [
			"<CMD>18802700729b27000080</CMD><CMD>17802700729b2700b28027000a8027000180</CMD><CMD>16802700729b27006981</CMD><CMD>f481</CMD>そのコーデは<BREAK>{今週|こんしゅう}の<CMD>008027000480</CMD>ベリーズ<CMD>008027000180</CMD>に<BREAK>のってた<CMD>ff8127000380</CMD>？",
			"<CMD>18802700729b27000180</CMD><CMD>17802700729b2700ad802700068027000280</CMD><CMD>16802700729b27005581</CMD><CMD>f481</CMD>は<CMD>008027000480</CMD>ベリーズ<CMD>008027000180</CMD>を<BREAK>ちゃんとチェックしていて<BREAK>すごい<CMD>ff8127000280</CMD>",
			"\f"
		]
	},
	{
		"Index": 42,
		"JPN": [
			"<CMD>18802700729b27000080</CMD><CMD>17802700729b2700b28027000a8027000180</CMD><CMD>16802700729b27006981</CMD><CMD>f481</CMD>そのコーデは<BREAK><CMD>008027000480</CMD>ベリーズ<CMD>008027000180</CMD>で<CMD>f481</CMD>が<BREAK>{着|き}てたコーデ<CMD>ff8127000180</CMD>？",
			"<CMD>18802700729b27000180</CMD><CMD>17802700729b2700ad802700068027000280</CMD><CMD>16802700729b27005581</CMD><CMD>008027000480</CMD>ベリーズ<CMD>008027000180</CMD>を{見|み}た{時思|ときおも}ったけど<BREAK>そのコーデ<CMD>f481</CMD>に<BREAK>とてもに{合|あ}ってる<CMD>ff8127000280</CMD>",
			"\f"
		]
	},
	{
		"Index": 43,
		"JPN": [
			"<CMD>18802700729b27000080</CMD><CMD>17802700729b2700b28027000a8027000180</CMD><CMD>16802700729b27006981</CMD>{今日|きょう}の<CMD>f481</CMD>のコーデは<BREAK>クリスマスをいしきして<BREAK>{作|つく}ったコーデ<CMD>ff8127000180</CMD>？",
			"<CMD>18802700729b27000380</CMD><CMD>17802700729b2700ab8027000a8027000180</CMD><CMD>16802700729b27003081</CMD><CMD>028227000080</CMD>もだれかと<BREAK>クリスマスを<BREAK>すごしてみたい<CMD>ff8127000280</CMD>",
			"\f"
		]
	},
	{
		"Index": 44,
		"JPN": [
			"<CMD>18802700729b27000080</CMD><CMD>17802700729b2700b28027000a8027000180</CMD><CMD>16802700729b27006981</CMD><CMD>f481</CMD>そのコーデは<BREAK>ハロウィンのかそうを<BREAK>している<CMD>ff8127000380</CMD>？",
			"<CMD>18802700729b27000380</CMD><CMD>17802700729b2700ab8027000a8027000180</CMD><CMD>16802700729b27003081</CMD><CMD>028227000080</CMD>もみんなと<BREAK>ハロウィンのかそうを<BREAK>{楽|たの}しんでみたい<CMD>ff8127000280</CMD>",
			"\f"
		]
	},
	{
		"Index": 45,
		"JPN": [
			"<CMD>f481</CMD>のコーデを{見|み}てると<BREAK>バレンタインのきせつだって<BREAK>{思|おも}い{出|だ}した<CMD>ff8127000280</CMD>",
			"<CMD>18802700729b27000780</CMD><CMD>17802700729b2700b18027000a8027000180</CMD><CMD>028227000080</CMD>もだれかに<BREAK>チョコを<BREAK>わたしてみたい<CMD>ff8127000280</CMD>",
			"\f"
		]
	},
	{
		"Index": 46,
		"JPN": [
			"<CMD>18802700729b27000080</CMD><CMD>17802700729b2700b28027000a8027000180</CMD><CMD>16802700729b27006981</CMD><CMD>f481</CMD>はホワイトデーの<BREAK>じゅんびはもうバッチリ<CMD>ff8127000180</CMD>？",
			"<CMD>18802700729b27000780</CMD><CMD>17802700729b2700b18027000a8027000180</CMD><CMD>028227000080</CMD>もだれかから<BREAK>チョコのおかえしを<BREAK>もらってみたい<CMD>ff8127000280</CMD>",
			"\f"
		]
	},
	{
		"Index": 80,
		"JPN": [
			"<CMD>18802700729b27000580</CMD><CMD>17802700729b2700af802700088027000180</CMD><CMD>16802700729b27005681</CMD>キャッ！？",
			"<CMD>18802700729b27000580</CMD><CMD>17802700729b2700638027000a8027000280</CMD><CMD>16802700729b27002f81</CMD>なんでかな？　<CMD>028227000080</CMD><BREAK>{体|からだ}がうずうず<BREAK>してきちゃった<CMD>ff8127000280</CMD>",
			"<CMD>18802700729b27000580</CMD><CMD>17802700729b2700aa8027000a8027000180</CMD><CMD>16802700729b27002d81</CMD><CMD>028227000080</CMD>…<BREAK>もう{自分|じぶん}じゃ　このうずうずを<BREAK>{止|と}められない<CMD>ff8127000280</CMD>！",
			"なんだか　ダンスを<BREAK>したくなってきた<CMD>ff8127000280</CMD>",
			"\f"
		]
	},
	{
		"Index": 81,
		"JPN": [
			"<CMD>18802700729b27000380</CMD><CMD>17802700729b2700ab8027000a8027000180</CMD><CMD>16802700729b27003081</CMD>ガラにもなくおどっちゃうなんて<BREAK><CMD>028227000080</CMD>　なんだか{泣|な}きそう<CMD>ff8127000080</CMD>",
			"<CMD>18802700729b27000580</CMD><CMD>17802700729b2700aa8027000a8027000180</CMD><CMD>16802700729b27002d81</CMD>えっと……<CMD>f481</CMD>を{見|み}てたら<BREAK>なんだかおどりたい{気持|きも}ちに<BREAK>なっちゃった<CMD>ff8127000280</CMD>",
			"<CMD>18802700729b27000580</CMD><CMD>17802700729b2700aa8027000a8027000180</CMD><CMD>16802700729b27002d81</CMD>もしかして<BREAK><CMD>f481</CMD>が{着|き}ている<BREAK>その{服|ふく}のせい<CMD>ff8127000180</CMD>？",
			"\f"
		]
	},
	{
		"Index": 82,
		"JPN": [
			"でも　こうして<CMD>f481</CMD>と<BREAK>いっしょにおどれて<BREAK><CMD>028227000080</CMD>　{楽|たの}しかった<CMD>ff8127000280</CMD>",
			"<CMD>18802700729b27000580</CMD><CMD>17802700729b2700aa8027000a8027000180</CMD><CMD>16802700729b27002d81</CMD>ねえ<CMD>f481</CMD><BREAK>もしよかったら……<BREAK>また<CMD>028227000080</CMD>とおどって<CMD>ff8127000480</CMD>",
			"<CMD>18802700729b27000380</CMD><CMD>17802700729b2700ab8027000a8027000180</CMD><CMD>16802700729b27003081</CMD>…………ダメ<CMD>ff8127000180</CMD>？",
			"\f"
		]
	},
	{
		"Index": 83,
		"JPN": [
			"<CMD>18802700729b27000780</CMD><CMD>17802700729b2700b18027000a8027000180</CMD>わっ……<BREAK>すごく……ロマンチック<CMD>ff8127000080</CMD>",
			"<CMD>18802700729b27000180</CMD><CMD>17802700729b2700ad802700068027000280</CMD><CMD>16802700729b27005581</CMD>いっぱいの{星|ほし}の{中|なか}にいると<BREAK>なんだか<CMD>028227000080</CMD>まで<BREAK>お{星|ほし}さまになれたみたい<CMD>ff8127000080</CMD>",
			"そういえば　さっき{光|ひか}った<BREAK><CMD>f481</CMD>の{服|ふく}も<BREAK>お{星|ほし}さまみたいだった<CMD>ff8127000280</CMD>",
			"\f"
		]
	},
	{
		"Index": 84,
		"JPN": [
			"<CMD>18802700729b27000080</CMD><CMD>17802700729b2700b28027000a8027000180</CMD><CMD>16802700729b27006981</CMD>{七夕|たなばた}のおりひめとひこぼしも<BREAK>こんなカンジ<CMD>ff8127000180</CMD>？",
			"<CMD>18802700729b27000780</CMD><CMD>17802700729b2700b18027000a8027000180</CMD><CMD>16802700729b27009081</CMD>えっと　<CMD>028227000080</CMD>がおりひめで<BREAK><CMD>f481</CMD>がひこぼし……<BREAK>は　はずかしい<CMD>ff8127000280</CMD>",
			"<CMD>18802700729b27000580</CMD><CMD>17802700729b2700aa8027000a8027000180</CMD><CMD>16802700729b27002d81</CMD>そ　そういえば<CMD>f481</CMD><BREAK>そのかっこう　<CMD>028227000080</CMD>のこのみに<BREAK>{合|あ}わせてくれた<CMD>ff8127000380</CMD>？",
			"<CMD>13802700bd94</CMD>",
			"\f"
		]
	},
	{
		"Index": 85,
		"JPN": [
			"<CMD>18802700729b27000780</CMD><CMD>17802700729b2700b18027000a8027000180</CMD><CMD>16802700729b27009081</CMD>そこまで<CMD>028227000080</CMD>なんかのことを<BREAK>{気|き}にかけてくれるなんて……<BREAK><CMD>028227000080</CMD>　すごくうれしい<CMD>ff8127000280</CMD>",
			"しかも　こんなにステキな{所|ところ}に<BREAK>つれてきてくれるなんて……",
			"<CMD>18802700729b27000380</CMD><CMD>17802700729b2700ab8027000a8027000180</CMD><CMD>16802700729b27003081</CMD>なんだか<CMD>028227000080</CMD>　うれしすぎて<BREAK>なみだが{出|で}てきちゃう<CMD>ff8127000280</CMD>",
			"\f"
		]
	},
	{
		"Index": 86,
		"JPN": [
			"<CMD>18802700729b27000380</CMD><CMD>17802700729b2700ab8027000a8027000180</CMD><CMD>16802700729b27003081</CMD>そう……　じゃあぐうぜん<CMD>ff8127000080</CMD>",
			"<CMD>18802700729b27000580</CMD><CMD>17802700729b2700aa8027000a8027000180</CMD><CMD>16802700729b27002d81</CMD>{実|じつ}は<CMD>f481</CMD>のその{服|ふく}<BREAK><CMD>028227000080</CMD>のこのみ<CMD>ff8127000080</CMD>",
			"たとえぐうぜんでも……<BREAK><CMD>028227000080</CMD>のスキな{服|ふく}を{着|き}てる<BREAK><CMD>f481</CMD>は……ステキ<CMD>ff8127000080</CMD>",
			"\f"
		]
	},
	{
		"Index": 87,
		"JPN": [
			"<CMD>18802700729b27000580</CMD><CMD>17802700729b2700638027000a8027000280</CMD><CMD>16802700729b27002f81</CMD>あの　その　{言|い}いにくいんだけど…<BREAK>その{服|ふく}　<CMD>028227000080</CMD>のこのみとは<BREAK>ちがう<CMD>ff8127000280</CMD>",
			"<CMD>f481</CMD>なら<CMD>028227000080</CMD>のことを<BREAK>わかってくれてると<BREAK>{思|おも}ってたのに……",
			"<CMD>18802700729b27000480</CMD><CMD>17802700729b2700ab8027000a8027000180</CMD><CMD>16802700729b27007f81</CMD><CMD>028227000080</CMD><BREAK>ちょっとショック<CMD>ff8127000080</CMD>",
			"\f"
		]
	},
	{
		"Index": 88,
		"JPN": [
			"<CMD>18802700729b27000380</CMD><CMD>17802700729b2700ab8027000a8027000180</CMD><CMD>16802700729b27002e81</CMD>うん　ちがう<BREAK><CMD>028227000080</CMD>のこのみとは<BREAK>ちがう<CMD>ff8127000280</CMD>",
			"<CMD>18802700729b27000580</CMD><CMD>17802700729b2700638027000a8027000280</CMD><CMD>16802700729b27002f81</CMD>ちがうって{知|し}ってて<BREAK>その{服|ふく}を{着|き}てくるってことは……",
			"<CMD>18802700729b27000380</CMD><CMD>17802700729b2700ab8027000a8027000180</CMD><CMD>16802700729b27003081</CMD><CMD>028227000080</CMD>　もしかして<BREAK><CMD>f481</CMD>に<BREAK>きらわれちゃった<CMD>ff8127000380</CMD>？",
			"\f"
		]
	},
	{
		"Index": 89,
		"JPN": [
			"<CMD>18802700729b27000580</CMD><CMD>17802700729b2700aa8027000a8027000180</CMD><CMD>16802700729b27002d81</CMD>{今思|いまおも}い{出|だ}しても……<BREAK>まるでゆめみたいに<BREAK>ステキな{星空|ほしぞら}だった<CMD>ff8127000280</CMD>",
			"<CMD>18802700729b27000080</CMD><CMD>17802700729b2700b28027000a8027000180</CMD><CMD>16802700729b27006981</CMD>{本物|ほんもの}のうちゅうも<BREAK>あんなカンジ<CMD>ff8127000180</CMD>？",
			"<CMD>f481</CMD>のふしぎな{服|ふく}が<BREAK>{見|み}せてくれた　ステキなゆめ<BREAK>だったのかも<CMD>ff8127000080</CMD>",
			"\f"
		]
	},
	{
		"Index": 90,
		"JPN": [
			"<CMD>18802700729b27000180</CMD><CMD>17802700729b2700ad802700068027000280</CMD><CMD>16802700729b27005581</CMD>こんなロマンチックな{夜|よる}を<BREAK>ありがとう　<CMD>f481</CMD>",
			"<CMD>18802700729b27000780</CMD><CMD>17802700729b2700b18027000a8027000180</CMD>{今夜|こんや}は……<BREAK>ずっといっしょにいられて<BREAK>うれしかった<CMD>ff8127000280</CMD>",
			"<CMD>18802700729b27000380</CMD><CMD>17802700729b2700ab8027000a8027000180</CMD><CMD>16802700729b27003081</CMD><CMD>028227000080</CMD>なんかでよければ<BREAK>またさそってほしいんだけど<BREAK>……ダメ<CMD>ff8127000180</CMD>？",
			"\f"
		]
	},
	{
		"Index": 91,
		"JPN": [
			"<CMD>18802700729b27000580</CMD><CMD>17802700729b2700638027000a8027000280</CMD><CMD>16802700729b27002f81</CMD>わわわわわわ",
			"<CMD>18802700729b27000580</CMD><CMD>17802700729b2700aa8027000a8027000180</CMD><CMD>16802700729b27002d81</CMD><CMD>028227000080</CMD>なんかにわざわざ<BREAK>{声|こえ}をかけてもらえるなんて……<BREAK>どうしたらいい<CMD>ff8127000380</CMD>？",
			"えっとえっと　{実|じつ}は<CMD>028227000080</CMD>には<BREAK>おひめさまとそっくりな<BREAK>お{友|とも}だちがいる<CMD>ff8127000280</CMD>",
			"その{友|とも}だちは<CMD>028227000080</CMD>にとって<BREAK>{一番大切|いちばんたいせつ}な{人|ひと}で……",
			"<CMD>18802700729b27000780</CMD><CMD>17802700729b2700b18027000a8027000180</CMD>だから　その　{大事|だいじ}な{人|ひと}に<BREAK>そっくりなおひめさまと{話|はな}せて<BREAK>とってもうれしかった<CMD>ff8127000280</CMD>",
			"\f"
		]
	},
	{
		"Index": 92,
		"JPN": [
			"<CMD>18802700729b27000780</CMD><CMD>17802700729b2700b18027000a8027000180</CMD>あ　あの！<BREAK><CMD>028227000080</CMD>なんかのものでよかったら<BREAK>これ　{受|う}け{取|と}って<CMD>ff8127000480</CMD>",
			"\f"
		]
	},
	{
		"Index": 93,
		"JPN": [
			"<CMD>18802700729b27000780</CMD><CMD>17802700729b2700b18027000a8027000180</CMD>ちょっとはずかしいんですけど<BREAK>これは…その…<BREAK><CMD>008027000480</CMD>マーガレットの{花|はな}たば<CMD>008027000180</CMD><CMD>ff8127000080</CMD>",
			"<CMD>18802700729b27000580</CMD><CMD>17802700729b2700aa8027000a8027000180</CMD><CMD>16802700729b27002d81</CMD>この{花|はな}を{見|み}るたびに<BREAK><CMD>028227000080</CMD>のことをちょっとでも<BREAK>{思|おも}い{出|だ}してもらえたら……",
			"<CMD>18802700729b27000780</CMD><CMD>17802700729b2700aa8027000a8027000280</CMD><CMD>16802700729b27002d81</CMD><CMD>028227000080</CMD><BREAK>すっごくうれしい<CMD>ff8127000280</CMD>！",
			"\f"
		]
	},
	{
		"Index": 94,
		"JPN": [
			"<CMD>18802700729b27000580</CMD><CMD>17802700729b2700638027000a8027000280</CMD><CMD>16802700729b27002f81</CMD>わわわわわわわわわわわっ…",
			"<CMD>18802700729b27000580</CMD><CMD>17802700729b2700aa8027000a8027000180</CMD><CMD>16802700729b27002d81</CMD>…………わっ！<BREAK>ごめんなさい<BREAK>つい{見|み}とれちゃってた<CMD>ff8127000280</CMD>",
			"おうじさまと<BREAK><CMD>028227000080</CMD>の{恋人|こいびと}って<BREAK>すごくよくにてるから……",
			"<CMD>18802700729b27000780</CMD><CMD>17802700729b2700b18027000a8027000180</CMD><CMD>16802700729b27009081</CMD>おうじさまのお{顔|かお}を{見|み}るだけで<BREAK><CMD>028227000080</CMD>　ドキドキが<BREAK>おさえられなくなる<CMD>ff8127000280</CMD>",
			"<CMD>18802700729b27000780</CMD><CMD>17802700729b2700b18027000a8027000180</CMD><CMD>16802700729b27009081</CMD>でも{恋人|こいびと}の<BREAK><CMD>f481</CMD>のほうが<BREAK>ちょっとだけステキ<CMD>ff8127000280</CMD>",
			"<CMD>18802700729b27000580</CMD><CMD>17802700729b2700638027000a8027000280</CMD><CMD>16802700729b27002f81</CMD>…………あ！<BREAK>な　なんでもない<CMD>ff8127000280</CMD>",
			"\f"
		]
	},
	{
		"Index": 95,
		"JPN": [
			"これは…その…<BREAK><CMD>008027000480</CMD>ハートの{花|はな}で{作|つく}った<BREAK>{花|はな}たば<CMD>008027000180</CMD><CMD>ff8127000080</CMD>",
			"<CMD>18802700729b27000780</CMD><CMD>17802700729b2700b18027000a8027000180</CMD><CMD>16802700729b27009081</CMD><CMD>028227000080</CMD>のハートは<BREAK><CMD>f481</CMD>のものだけれど……",
			"<CMD>18802700729b27000580</CMD><CMD>17802700729b2700aa8027000a8027000180</CMD><CMD>16802700729b27002d81</CMD>このお{花|はな}のハートは<BREAK>ぜひおうじさまに<BREAK>{受|う}け{取|と}ってほしい<CMD>ff8127000280</CMD>",
			"\f"
		]
	},
	{
		"Index": 96,
		"JPN": [
			"<CMD>18802700729b27000580</CMD><CMD>17802700729b2700638027000a8027000280</CMD><CMD>16802700729b27002f81</CMD>わわわ　<CMD>028227000080</CMD>なんかに<BREAK>{声|こえ}をかけてもらえるなんて<BREAK>すごくうれしい<CMD>ff8127000280</CMD>",
			"<CMD>18802700729b27000780</CMD><CMD>17802700729b2700b18027000a8027000180</CMD>こうして{声|こえ}をかけてもらえたこと<BREAK><CMD>028227000080</CMD>にとって{一生|いっしょう}の<BREAK>{思|おも}い{出|で}になりそう<CMD>ff8127000280</CMD>",
			"\f"
		]
	},
	{
		"Index": 97,
		"JPN": [
			"たいしたものではないんですけど<BREAK>これは…その…<BREAK><CMD>008027000480</CMD>カモミール<CMD>008027000180</CMD><CMD>ff8127000080</CMD>",
			"<CMD>18802700729b27000780</CMD><CMD>17802700729b2700b18027000a8027000180</CMD>もし　{受|う}け{取|と}ってもらえるなら……<BREAK>{今日|きょう}のことを　<CMD>028227000080</CMD>は<BREAK>ずっとわすれないと{思|おも}う<CMD>ff8127000280</CMD>",
			"\f"
		]
	},
	{
		"Index": 98,
		"JPN": [
			"<CMD>18802700729b27000580</CMD><CMD>17802700729b2700af802700088027000280</CMD><CMD>16802700729b27005981</CMD>きゃっ！　<CMD>028227000080</CMD>にまた<BREAK>{声|こえ}をかけてくれるなんて…",
			"ありがとう<CMD>ff8127000080</CMD>",
			"\f"
		]
	},
	{
		"Index": 99,
		"JPN": [
			"<CMD>18802700729b27000580</CMD><CMD>17802700729b2700aa8027000a8027000180</CMD><CMD>16802700729b27002d81</CMD>きゃっ！　あれ？<BREAK>ここってどこ？",
			"<CMD>18802700729b27000580</CMD><CMD>17802700729b2700638027000a8027000280</CMD><CMD>16802700729b27002f81</CMD>なんで<CMD>028227000080</CMD><BREAK>ステージの{上|うえ}にいる<CMD>ff8127000380</CMD>？",
			"こんなステキな{服|ふく}を{着|き}て<BREAK>ステージにいるなんて……<BREAK>まるでモデルみたい<CMD>ff8127000080</CMD>！",
			"\f"
		]
	}
]