[
	{
		"Index": 0,
		"JPN": [
			"あれ？<BREAK>{今日|きょう}はかわいい{子|こ}と<BREAK>いっしょ<CMD>ff8127000180</CMD>？",
			"その{子|こ}　まだ<BREAK><CMD>f481</CMD>に<BREAK>なれてない<CMD>ff8127000280</CMD>",
			"いっぱい　お{世話|せわ}して<BREAK>{早|はや}く　なかよく<BREAK>なれるといいね",
			"<CMD>028227000080</CMD>は　そういう{子|こ}の<BREAK>{気持ち|きもち}がよくわかる<CMD>ff8127000280</CMD><CMD>4f80</CMD>",
			"\f"
		]
	},
	{
		"Index": 1,
		"JPN": [
			"あっ　<CMD>f481</CMD><BREAK>{今日|きょう}は　{子守り|こもり}<CMD>ff8127000180</CMD>？",
			"その{子|こ}<BREAK><CMD>f481</CMD>に<BREAK>なついてるみたい<CMD>ff8127000280</CMD>",
			"ちゃんとお{世話|せわ}してる<BREAK>しょうこ<CMD>ff8127000080</CMD>",
			"<CMD>028227000080</CMD>も　{小|ちい}さな{子|こ}に<BREAK>なつかれてみたいけど<BREAK>{自信|じしん}がない<CMD>ff8127000280</CMD><CMD>4f80</CMD>",
			"\f"
		]
	},
	{
		"Index": 2,
		"JPN": [
			"この{子|こ}<BREAK><CMD>f481</CMD>が<BREAK>お{世話|せわ}してる<CMD>ff8127000380</CMD>？",
			"とっても　{好|す}かれていて<BREAK>うらやましい<CMD>ff8127000280</CMD>",
			"<CMD>028227000080</CMD>も　{小|ちい}さな{子|こ}に<BREAK>なつかれてみたいけど<BREAK>{自信|じしん}がない<CMD>ff8127000280</CMD><CMD>4f80</CMD>",
			"\f"
		]
	},
	{
		"Index": 16,
		"JPN": [
			"<CMD>49802700408627003c80</CMD>",
			"\f"
		]
	}
]