[
	{
		"Index": 1,
		"JPN": [
			"<CMD>18802700729b27000180</CMD><CMD>17802700729b270001802700048027000280</CMD><CMD>16802700729b27005581</CMD>{来月|らいげつ}　{2日|ふつか}から1{週間|しゅうかん}<BREAK>みんなが　まちにまった<BREAK><CMD>008027000480</CMD>{秋|あき}のキノコなべ{大会|たいかい}<CMD>008027000180</CMD>じゃ",
			"この{時期|じき}に　{多|おお}くはえる<BREAK><CMD>008027000480</CMD>キノコ<CMD>008027000180</CMD>を　みんなでしゅうかくして",
			"<CMD>18802700729b27000180</CMD><CMD>17802700729b270001802700048027000280</CMD><CMD>16802700729b27005581</CMD><CMD>008027000480</CMD>キノコなべ{大会|たいかい}<CMD>008027000180</CMD>を<BREAK>たんのうするのじゃ！",
			"ただし　あくまで　じゅぎょうの<BREAK>いっかんである{事|こと}を<BREAK>{忘|わす}れてはだめじゃぞぃ？",
			"\f"
		]
	},
	{
		"Index": 2,
		"JPN": [
			"<CMD>18802700729b27000080</CMD><CMD>17802700729b2700088027000a8027000180</CMD><CMD>16802700729b27006981</CMD>{来月|らいげつ}の<BREAK><CMD>008027000480</CMD>キノコなべ{大会|たいかい}<CMD>008027000180</CMD>　にむけて<BREAK>じゅんびを　しておるか？",
			"<CMD>18802700729b27000680</CMD><CMD>17802700729b270001802700048027000080</CMD><CMD>16802700729b27007e81</CMD>{今|いま}のうちに　たくさんの<BREAK><CMD>008027000480</CMD>キノコ<CMD>008027000180</CMD>を　{集|あつ}めておくと",
			"{本番|ほんばん}で　あたふた<BREAK>しなくてすむぞ？",
			"<CMD>18802700729b27000180</CMD><CMD>17802700729b270001802700048027000280</CMD><CMD>16802700729b27005581</CMD>わしなんか　{今日|きょう}も　たくさんの<BREAK><CMD>008027000480</CMD>キノコ<CMD>008027000180</CMD>をとって　{本番|ほんばん}に<BREAK>ひかえておるわい！",
			"<CMD>18802700729b27000180</CMD><CMD>17802700729b270001802700048027000280</CMD><CMD>16802700729b27005581</CMD>ヒョッヒョッヒョッヒョッ！",
			"いまから<BREAK><CMD>008027000480</CMD>キノコなべ{大会|たいかい}<CMD>008027000180</CMD>が<BREAK>{楽|たの}しみじゃわい！",
			"\f"
		]
	},
	{
		"Index": 3,
		"JPN": [
			"<CMD>18802700729b27000680</CMD><CMD>17802700729b270001802700048027000080</CMD><CMD>16802700729b27007e81</CMD>さて　{間近|まぢか}にひかえておる<BREAK><CMD>008027000480</CMD>キノコなべ{大会|たいかい}<CMD>008027000180</CMD>のじゅんびの<BREAK>{方|ほう}は　だいじょうぶじゃろうな？",
			"こんかいの<BREAK>キノコなべ{大会|たいかい}の<BREAK>{会場|かいじょう}じゃが",
			"<CMD>18802700729b27000180</CMD><CMD>17802700729b270001802700048027000280</CMD><CMD>16802700729b27005581</CMD><CMD>008027000580</CMD>キノコの{森|もり}<CMD>008027000180</CMD>で<BREAK>かいさいすることになっておる",
			"この{大会|たいかい}に　ふさわしい<BREAK>{会場|かいじょう}じゃな！<BREAK>ヒョッヒョッヒョッヒョッ！",
			"<CMD>18802700729b27000180</CMD><CMD>17802700729b270001802700048027000280</CMD><CMD>16802700729b27005581</CMD>それでは<BREAK>みんなでよい{大会|たいかい}に<BREAK>なるよう　がんばるのじゃぞ！",
			"\f"
		]
	},
	{
		"Index": 4,
		"JPN": [
			"\f"
		]
	},
	{
		"Index": 5,
		"JPN": [
			"<CMD>18802700729b27000180</CMD><CMD>17802700729b270001802700048027000280</CMD><CMD>16802700729b27005581</CMD>それでは<BREAK>キノコなべ{大会|たいかい}の　せつめいを<BREAK>はじめるぞぃ！<CMD>49802700f68127000c8027000180</CMD>",
			"\f"
		]
	},
	{
		"Index": 6,
		"JPN": [
			"<CMD>18802700729b27000180</CMD><CMD>17802700729b270001802700048027000280</CMD><CMD>16802700729b27005581</CMD>みんなは　キノコをあつめて<BREAK>わしのところに<BREAK>もってくるのじゃ",
			"キノコを　なべにいれるのは<BREAK>わしの　やくめじゃぞ",
			"<CMD>18802700729b27000780</CMD><CMD>17802700729b2700088027000a8027000180</CMD>ヘンなキノコを{入|い}れると<BREAK>せっかくのなべが<BREAK>だいなしじゃからのう",
			"…わしのためにも…<BREAK>いやいやゴホン！<BREAK>みんなのためにも",
			"<CMD>18802700729b27000180</CMD><CMD>17802700729b270001802700048027000280</CMD><CMD>16802700729b27005581</CMD>うまそうなキノコを<BREAK>たくさん{手|て}に{入|い}れるのじゃ！",
			"\f"
		]
	},
	{
		"Index": 7,
		"JPN": [
			"<CMD>18802700729b27000080</CMD><CMD>17802700729b2700088027000a8027000180</CMD><CMD>16802700729b27006981</CMD><CMD>f481</CMD>や<BREAK>キノコあつめは<BREAK>じゅんちょうかの？",
			"<CMD>128027000180</CMD>",
			"\f"
		]
	},
	{
		"Index": 8,
		"JPN": [
			"<CMD>3780</CMD>",
			"もってきた<CMD>128027000180</CMD>",
			"たべる<CMD>128027000b80</CMD>",
			"やめる<CMD>128027000a80</CMD>",
			"\f"
		]
	},
	{
		"Index": 9,
		"JPN": [
			"<CMD>18802700729b27000180</CMD><CMD>17802700729b270001802700048027000280</CMD><CMD>16802700729b27005581</CMD>では　もってきた<BREAK>ざいりょうを<BREAK>わしに　くれんかね？<CMD>49802700f68127000d8027000180</CMD>",
			"\f"
		]
	},
	{
		"Index": 10,
		"JPN": [
			"<CMD>18802700729b27000180</CMD><CMD>17802700729b270001802700048027000280</CMD><CMD>16802700729b27005581</CMD>いいキノコを<BREAK>もってきたな<BREAK>かんしんじゃ！",
			"これでさらに<BREAK>おいしいなべに<BREAK>なりそうじゃわい！",
			"<CMD>18802700729b27000180</CMD><CMD>17802700729b270001802700048027000280</CMD><CMD>16802700729b27005581</CMD>ヒョッヒョッヒョッヒョッ！",
			"…おっふぉん",
			"では　さっそく<BREAK>なべに　いれると<BREAK>するかの",
			"\f"
		]
	},
	{
		"Index": 11,
		"JPN": [
			"<CMD>18802700729b27000080</CMD><CMD>17802700729b2700088027000a8027000180</CMD><CMD>16802700729b27006981</CMD>うむ　それを<BREAK>なべに　いれるのじゃな？",
			"\f"
		]
	},
	{
		"Index": 12,
		"JPN": [
			"<CMD>18802700729b27000280</CMD><CMD>17802700729b2700508027000a8027000280</CMD><CMD>16802700729b27007d81</CMD>ば…　ばかもの～～！！",
			"このキノコは<BREAK>とても　きけんな<BREAK>どくキノコじゃ！！",
			"<CMD>18802700729b27000580</CMD><CMD>17802700729b2700068027000a8027000280</CMD><CMD>16802700729b27002d81</CMD>そんなものを<BREAK>なべにいれたら<BREAK>わしが　たのしみに…",
			"いや　みんなで{作|つく}った<BREAK>キノコなべが　たべられなく<BREAK>なってしまうぞい！",
			"\f"
		]
	},
	{
		"Index": 13,
		"JPN": [
			"それは<BREAK>なべに　いれられないぞい",
			"\f"
		]
	},
	{
		"Index": 17,
		"JPN": [
			"<CMD>18802700729b27000180</CMD><CMD>17802700729b270001802700048027000280</CMD><CMD>16802700729b27005581</CMD>この{調子|ちょうし}で<BREAK>どんどん　キノコなべの<BREAK>ざいりょうを　もってくるのじゃ！",
			"\f"
		]
	},
	{
		"Index": 18,
		"JPN": [
			"また　なにかあったら<BREAK>わしに　{声|こえ}をかけるのじゃぞ",
			"\f"
		]
	},
	{
		"Index": 19,
		"JPN": [
			"<CMD>18802700729b27000080</CMD><CMD>17802700729b2700088027000a8027000180</CMD><CMD>16802700729b27006981</CMD>ざいりょうあつめを　やめて<BREAK>キノコなべを　たべるのじゃな？",
			"<CMD>128027000180</CMD>",
			"\f"
		]
	},
	{
		"Index": 20,
		"JPN": [
			"<CMD>3780</CMD>",
			"はい<CMD>128027000180</CMD>",
			"いいえ<CMD>128027000780</CMD>",
			"\f"
		]
	},
	{
		"Index": 21,
		"JPN": [
			"<CMD>18802700729b27000180</CMD><CMD>17802700729b270001802700048027000280</CMD><CMD>16802700729b27005581</CMD>それでは<BREAK>みんなを　あつめて<BREAK>さっそく　たべるぞい！",
			"どんな　なべになっているか<BREAK>たのしみじゃわい！<CMD>49802700f68127000e8027000180</CMD>",
			"\f"
		]
	},
	{
		"Index": 22,
		"JPN": [
			"それでは<BREAK>{今回|こんかい}の　キノコなべ{大会|たいかい}の<BREAK>けっかはっぴょう　じゃ！",
			"\f"
		]
	},
	{
		"Index": 23,
		"JPN": [
			"<CMD>18802700729b27000180</CMD><CMD>17802700729b270001802700048027000280</CMD><CMD>16802700729b27005581</CMD>ひじょうに　よい<BREAK>キノコなべ　じゃったわい！",
			"おいしいキノコが<BREAK>これでもか！っというくらい<BREAK>{入|はい}っておる",
			"もんくなしじゃ！<BREAK>さいこうのキノコなべ<BREAK>じゃったわい",
			"\f"
		]
	},
	{
		"Index": 24,
		"JPN": [
			"<CMD>18802700729b27000780</CMD><CMD>17802700729b2700088027000a8027000180</CMD>…とても　おいしい<BREAK>キノコなべ　じゃったの！",
			"ちょっとキノコが<BREAK>{少|すく}なかった{気|き}もするが…<BREAK>まぁ　よいじゃろう",
			"みんな<BREAK>ほんとうに　ごくろうじゃった！",
			"\f"
		]
	},
	{
		"Index": 25,
		"JPN": [
			"<CMD>18802700729b27000380</CMD><CMD>17802700729b270001802700048027000080</CMD><CMD>16802700729b27003081</CMD>うむ…<BREAK>キノコの{少|すく}ない　とてもさみしい<BREAK>なべになってしまったわい…",
			"<CMD>18802700729b27000280</CMD><CMD>17802700729b2700508027000a8027000280</CMD><CMD>16802700729b27007d81</CMD>あれほど<BREAK>たくさんキノコをもってきなさいと<BREAK>いったじゃろうが！",
			"<CMD>18802700729b27000380</CMD><CMD>17802700729b270001802700048027000080</CMD><CMD>16802700729b27003081</CMD>…しかたがないのう<BREAK>こんかいのしっぱいを<BREAK>{来年|らいねん}にいかすのじゃぞ？",
			"\f"
		]
	},
	{
		"Index": 26,
		"JPN": [
			"それでは<BREAK>{今年|ことし}のキノコなべ{大会|たいかい}は<BREAK>これにて　{終了|しゅうりょう}じゃ",
			"<CMD>18802700729b27000180</CMD><CMD>17802700729b270001802700048027000280</CMD><CMD>16802700729b27005581</CMD>また{来年|らいねん}に　おこなうから<BREAK>たのしみに　しておくのじゃぞ？",
			"\f"
		]
	},
	{
		"Index": 27,
		"JPN": [
			"また　なにかあったら<BREAK>わしに　{声|こえ}をかけるのじゃぞ？",
			"\f"
		]
	},
	{
		"Index": 28,
		"JPN": [
			"<CMD>18802700729b27000180</CMD><CMD>17802700729b270001802700048027000280</CMD><CMD>16802700729b27005581</CMD><CMD>f481</CMD>よ<BREAK>こんかいの　キノコなべ{大会|たいかい}<BREAK>ほんとうに　よくがんばった！",
			"とくに　がんばった<CMD>f481</CMD>に<BREAK>プレゼントがある<BREAK>あとでわしのところにくるのじゃ！",
			"みんなも<BREAK><CMD>f481</CMD>を<BREAK>みならうのじゃぞ？",
			"\f"
		]
	},
	{
		"Index": 29,
		"JPN": [
			"<CMD>18802700729b27000180</CMD><CMD>17802700729b270001802700048027000280</CMD><CMD>16802700729b27005581</CMD>{来年|らいねん}の<BREAK>キノコなべ{大会|たいかい}を<BREAK>{楽|たの}しみにしておくのじゃ！",
			"\f"
		]
	},
	{
		"Index": 30,
		"JPN": [
			"<CMD>18802700729b27000180</CMD><CMD>17802700729b270001802700048027000280</CMD><CMD>16802700729b27005581</CMD><CMD>f481</CMD><BREAK>こんかいのキノコなべ{大会|たいかい}<BREAK>ほんとうによくがんばったの！<CMD>49802700f68127000f8027000180</CMD>",
			"\f"
		]
	},
	{
		"Index": 31,
		"JPN": [
			"<CMD>18802700729b27000580</CMD><CMD>17802700729b270001802700048027000080</CMD><CMD>16802700729b27005681</CMD>おや？　<CMD>f481</CMD>よ<BREAK>もちものが　いっぱいじゃぞ？",
			"もちものを　{整理|せいり}してから<BREAK>また　わしのところに<BREAK>くるのじゃ",
			"\f"
		]
	},
	{
		"Index": 32,
		"JPN": [
			"<CMD>18802700729b27000180</CMD><CMD>17802700729b270001802700048027000280</CMD><CMD>16802700729b27005581</CMD>これからも<BREAK>さまざまな　ばめんで<BREAK>かつやくする　のじゃぞ！",
			"\f"
		]
	},
	{
		"Index": 33,
		"JPN": [
			"<CMD>18802700729b27000180</CMD><CMD>17802700729b270001802700048027000280</CMD><CMD>16802700729b27005581</CMD>とくに　がんばった<BREAK><CMD>f481</CMD>には　わしから<BREAK>とくべつ　プレゼントじゃ",
			"\f"
		]
	},
	{
		"Index": 35,
		"JPN": [
			"ヒョッヒョッヒョッ！<BREAK>みんな{集|あつ}まったようじゃな",
			"<CMD>18802700729b27000180</CMD><CMD>17802700729b270001802700048027000280</CMD><CMD>16802700729b27005581</CMD>では　さっそく<BREAK>キノコなべをたべるぞい！！",
			"\f"
		]
	}
]