[
	{
		"Index": 1,
		"JPN": [
			"<CMD>18802700729b27000180</CMD><CMD>17802700729b270001802700048027000280</CMD><CMD>16802700729b27005581</CMD>{来月|らいげつ}の{2日|ふつか}から1{週間|しゅうかん}<BREAK><CMD>008027000480</CMD>{春のお茶会|はるのおちゃかい}<CMD>008027000180</CMD>で<BREAK>みなさんの{評価|ひょうか}をしますぅ",
			"みなさんは<BREAK>お{友|とも}だちと　<CMD>008027000580</CMD>おんしつ<CMD>008027000180</CMD>で<BREAK>お{茶会|ちゃかい}をしているかしらぁ？",
			"<CMD>18802700729b27000180</CMD><CMD>17802700729b270001802700048027000280</CMD><CMD>16802700729b27005581</CMD>おもてなしする{心|こころ}を<BREAK>ふだんから　やしなっていて<BREAK>ほしいのですぅ",
			"そうそう<BREAK>{会場|かいじょう}は　<CMD>008027000580</CMD>{広場|ひろば}<CMD>008027000180</CMD>ですぅ",
			"\f"
		]
	},
	{
		"Index": 2,
		"JPN": [
			"<CMD>18802700729b27000180</CMD><CMD>17802700729b270001802700048027000280</CMD><CMD>16802700729b27005581</CMD>{毎年|まいとし}　こうれい<BREAK><CMD>008027000480</CMD>{春|はる}のお{茶会|ちゃかい}<CMD>008027000180</CMD>の　じきが<BREAK>せまってきましたねぇ",
			"みなさん　じゅんびは<BREAK>{出来|でき}ていますかぁ？",
			"<CMD>18802700729b27000780</CMD><CMD>17802700729b2700088027000a8027000180</CMD>ワタシは　{当日|とうじつ}が<BREAK>たのしみで　たのしみで<BREAK>{夜|よる}も　ねむれないんですぅ",
			"<CMD>18802700729b27000080</CMD><CMD>17802700729b2700088027000a8027000180</CMD><CMD>16802700729b27006981</CMD>みなさんは<BREAK>どうですかぁ？",
			"{会場|かいじょう}は<CMD>008027000580</CMD>{広場|ひろば}<CMD>008027000180</CMD>ですぅ",
			"\f"
		]
	},
	{
		"Index": 3,
		"JPN": [
			"<CMD>18802700729b27000180</CMD><CMD>17802700729b270001802700048027000280</CMD><CMD>16802700729b27005581</CMD>いよいよ　こうれいの<BREAK><CMD>008027000480</CMD>{春|はる}のお{茶会|ちゃかい}<CMD>008027000180</CMD>を　かいさい<BREAK>しますぅ",
			"<CMD>18802700729b27000780</CMD><CMD>17802700729b2700088027000a8027000180</CMD>みなさんに<BREAK>おもてなしをするため<BREAK>{お茶会|おちゃかい}をひらいていますぅ",
			"{会場|かいじょう}は<CMD>008027000580</CMD>{広場|ひろば}<CMD>008027000180</CMD><BREAK>なのぉ",
			"でも　{雨|あめ}の{日|ひ}は<BREAK>{お茶会|おちゃかい}をひらいてないから<BREAK>{注意|ちゅうい}してねぇ？",
			"ワタシと　いっしょに<BREAK>{お茶会|おちゃかい}をたのしみたいひとや",
			"<CMD>18802700729b27000180</CMD><CMD>17802700729b270001802700048027000280</CMD><CMD>16802700729b27005581</CMD>これまでの<BREAK>{お茶会|おちゃかい}のひょうかを<BREAK>うけたいひとは",
			"こえをかけてねぇ？",
			"\f"
		]
	},
	{
		"Index": 5,
		"JPN": [
			"<CMD>18802700729b27000080</CMD><CMD>17802700729b2700088027000a8027000180</CMD><CMD>16802700729b27006981</CMD>あら　<CMD>f481</CMD>さん<BREAK>ワタシに　{用|よう}かしらぁ？",
			"<CMD>138027002380</CMD>",
			"\f"
		]
	},
	{
		"Index": 6,
		"JPN": [
			"<CMD>3780</CMD>",
			"さんかする<CMD>128027000180</CMD>",
			"ひょうか<CMD>128027000480</CMD>",
			"やめる<CMD>138027001580</CMD>",
			"\f"
		]
	},
	{
		"Index": 7,
		"JPN": [
			"<CMD>18802700729b27000180</CMD><CMD>17802700729b270001802700048027000280</CMD><CMD>16802700729b27005581</CMD>あら　ほんとぉ？　うれしいわぁ<BREAK>それじゃぁ　じゅんびをするから<BREAK>ちょっとまっててねぇ",
			"ワタシの<BREAK>とくせいハーブティー<BREAK>とっても　おいしいわよぉ？",
			"\f"
		]
	},
	{
		"Index": 8,
		"JPN": [
			"<CMD>16802700d38727005681</CMD>みなさんのおかげで<BREAK>とってもたのしい<BREAK>お{茶会|ちゃかい}ができましたねぇ",
			"すこし　おなかが<BREAK>いっぱいになってしまいました",
			"<CMD>16802700d38727005681</CMD>{時間|じかん}をあけて<BREAK>また　おこないましょ",
			"\f"
		]
	},
	{
		"Index": 9,
		"JPN": [
			"<CMD>18802700729b27000780</CMD><CMD>17802700729b2700088027000a8027000180</CMD>あら　<CMD>f481</CMD>さん<BREAK>ごめんなさいねぇ…",
			"いま　ちょっぴり<BREAK>おなかがいっぱいなのぉ",
			"もうすこし<BREAK>{時間|じかん}を　おいてから<BREAK>また　いらっしゃいねぇ？",
			"\f"
		]
	},
	{
		"Index": 10,
		"JPN": [
			"<CMD>18802700729b27000080</CMD><CMD>17802700729b2700088027000a8027000180</CMD><CMD>16802700729b27006981</CMD>いままでの　お{茶会|ちゃかい}の<BREAK>そうごう　ひょうかを<BREAK>{知|し}りたいのねぇ？",
			"<CMD>138027000b80</CMD>",
			"\f"
		]
	},
	{
		"Index": 11,
		"JPN": [
			"<CMD>3780</CMD>",
			"はい<CMD>138027000c80</CMD>",
			"いいえ<CMD>138027001580</CMD>",
			"\f"
		]
	},
	{
		"Index": 12,
		"JPN": [
			"それでは　お{茶会|ちゃかい}の<BREAK>ひょうかを　{伝|つた}えちゃおうと<BREAK>おもいますぅ",
			"<CMD>f481</CMD>さんの<BREAK>ひょうかは……",
			"\f"
		]
	},
	{
		"Index": 13,
		"JPN": [
			"<CMD>18802700729b27000180</CMD><CMD>17802700729b270001802700048027000280</CMD><CMD>16802700729b27005581</CMD>たくさんの　お{友|とも}だちに<BREAK>{心|こころ}をこめて　おもてなしした<BREAK>みたいですねぇ！",
			"<CMD>f481</CMD>さんに　もてなされた<BREAK>お{友|とも}だちは　みんな<BREAK>だいまんぞくだったと{思|おも}いますぅ",
			"<CMD>18802700729b27000180</CMD><CMD>17802700729b270001802700048027000280</CMD><CMD>16802700729b27005581</CMD>これからも　おもてなしする<BREAK>やさしい　{心|こころ}を<BREAK>{忘|わす}れないでくださいねぇ",
			"\f"
		]
	},
	{
		"Index": 14,
		"JPN": [
			"<CMD>18802700729b27000180</CMD><CMD>17802700729b270001802700048027000280</CMD><CMD>16802700729b27005581</CMD>とても　がんばった<BREAK><CMD>f481</CMD>さんに<BREAK>ごほうびを　あげちゃいますぅ",
			"\f"
		]
	},
	{
		"Index": 15,
		"JPN": [
			"<CMD>18802700729b27000780</CMD><CMD>17802700729b2700088027000a8027000180</CMD>よく<BREAK>がんばったと<BREAK>おもいますよぉ！",
			"ただし　{気|き}くばりが<BREAK>ほんの{少|すこ}し<BREAK>{足|た}りなかったかもしれませんねぇ",
			"<CMD>18802700729b27000080</CMD><CMD>17802700729b2700088027000a8027000180</CMD><CMD>16802700729b27006981</CMD>お{友|とも}だちを　おこらせたり<BREAK>{物足|ものた}りない{気持|きも}ちに<BREAK>させてなかったですかぁ？",
			"おもてなしする　{相手|あいて}の{好|この}みも<BREAK>{考|かんが}えてあげないとダメよぉ？",
			"\f"
		]
	},
	{
		"Index": 16,
		"JPN": [
			"<CMD>18802700729b27000280</CMD><CMD>17802700729b2700508027000a8027000280</CMD><CMD>16802700729b27007d81</CMD>キーッ！<BREAK>ワタシの{話|はなし}を<BREAK>きいてたのかしらっ？",
			"<CMD>18802700729b27000280</CMD><CMD>17802700729b2700508027000a8027000280</CMD><CMD>16802700729b27007d81</CMD>そんなことじゃ<BREAK>りっぱな　まほう{使|つか}いに<BREAK>なれないわよっ！",
			"\f"
		]
	},
	{
		"Index": 17,
		"JPN": [
			"それでは　これで<BREAK>{終了|しゅうりょう}しますが",
			"<CMD>18802700729b27000180</CMD><CMD>17802700729b270001802700048027000280</CMD><CMD>16802700729b27005581</CMD>まだ<BREAK>しばらく　やっているから<BREAK>また　さんかしてねぇ",
			"\f"
		]
	},
	{
		"Index": 18,
		"JPN": [
			"もちものを<BREAK>{整理|せいり}してきましたかぁ？",
			"\f"
		]
	},
	{
		"Index": 19,
		"JPN": [
			"<CMD>18802700729b27000580</CMD><CMD>17802700729b270001802700048027000080</CMD><CMD>16802700729b27005681</CMD>あら？　<CMD>f481</CMD>さん<BREAK>もちものがいっぱいよぉ？",
			"もちものを{整理|せいり}して<BREAK>また　いらっしゃいねぇ？",
			"\f"
		]
	},
	{
		"Index": 20,
		"JPN": [
			"<CMD>18802700729b27000180</CMD><CMD>17802700729b270001802700048027000280</CMD><CMD>16802700729b27005581</CMD>とても　いっしょうけんめい<BREAK>がんばりましたねぇ<BREAK>おめでとう",
			"これからも<BREAK>その　やさしい{気持|きも}ちを<BREAK>{大切|たいせつ}にしてくださいねぇ",
			"\f"
		]
	},
	{
		"Index": 21,
		"JPN": [
			"あら　そう？<BREAK>また　なにかあったら<BREAK>ワタシにいってねぇ？",
			"\f"
		]
	},
	{
		"Index": 22,
		"JPN": [
			"<CMD>18802700729b27000180</CMD><CMD>17802700729b270001802700048027000280</CMD><CMD>16802700729b27005581</CMD>あら　<CMD>f481</CMD>さん<BREAK>ワタシのお{茶会|ちゃかい}<BREAK>いっしょにどうかしらぁ？",
			"<CMD>138027002480</CMD>",
			"\f"
		]
	},
	{
		"Index": 23,
		"JPN": [
			"<CMD>3780</CMD>",
			"さんかする<CMD>138027001880</CMD>",
			"やめる<CMD>138027001580</CMD>",
			"\f"
		]
	},
	{
		"Index": 24,
		"JPN": [
			"<CMD>18802700729b27000180</CMD><CMD>17802700729b270001802700048027000280</CMD><CMD>16802700729b27005581</CMD>あら　ほんとぉ？うれしいわぁ<BREAK>それじゃぁ　じゅんびをするから<BREAK>ちょっとまっててねぇ",
			"ワタシの<BREAK>とくせいハーブティー<BREAK>とっても　おいしいわよぉ？",
			"\f"
		]
	},
	{
		"Index": 25,
		"JPN": [
			"<CMD>16802700d38727005681</CMD>みなさんのおかげで<BREAK>とっても　たのしい<BREAK>お{茶会|ちゃかい}ができましたねぇ",
			"すこし　おなかが<BREAK>いっぱいに　なってしまいましたぁ",
			"<CMD>16802700d38727005681</CMD>{時間|じかん}をあけて<BREAK>また　おこないましょ",
			"\f"
		]
	},
	{
		"Index": 30,
		"JPN": [
			"<CMD>49802700f48127000380</CMD>",
			"\f"
		]
	},
	{
		"Index": 35,
		"JPN": [
			"<CMD>3780</CMD>",
			"おちゃかいをする<CMD>13802700ffff</CMD>",
			"ひょうかをうける<CMD>13802700ffff</CMD>",
			"やめる<CMD>13802700ffff</CMD>",
			"\f"
		]
	},
	{
		"Index": 36,
		"JPN": [
			"<CMD>3780</CMD>",
			"おちゃかいをする<CMD>13802700ffff</CMD>",
			"やめる<CMD>13802700ffff</CMD>",
			"\f"
		]
	},
	{
		"Index": 40,
		"JPN": [
			"<CMD>18802700729b27000080</CMD><CMD>17802700729b2700088027000a8027000180</CMD><CMD>16802700729b27006981</CMD>あら　<CMD>f481</CMD>さん<BREAK>ワタシに　どんな{用|よう}かしらぁ？",
			"<CMD>138027002380</CMD>",
			"\f"
		]
	},
	{
		"Index": 41,
		"JPN": [
			"<CMD>f481</CMD>さんに　もてなされた<BREAK>みなさんは　とても<BREAK>よろこんでいましたよぉ！",
			"<CMD>18802700729b27000180</CMD><CMD>17802700729b270001802700048027000280</CMD><CMD>16802700729b27005581</CMD>お{友|とも}だちを　おもてなしした<BREAK>その　やさしい{心|こころ}を<BREAK>{大切|たいせつ}にしてくださいねぇ",
			"\f"
		]
	},
	{
		"Index": 42,
		"JPN": [
			"<CMD>18802700729b27000780</CMD><CMD>17802700729b2700088027000a8027000180</CMD>それなりに<BREAK>がんばったと<BREAK>おもいますよぉ！",
			"ただし　{気|き}くばりが<BREAK>{足|た}りなかったかもしれませんねぇ",
			"<CMD>18802700729b27000080</CMD><CMD>17802700729b2700088027000a8027000180</CMD><CMD>16802700729b27006981</CMD>お{友|とも}だちを　おこらせたり<BREAK>{物足|ものた}りない{気持|きも}ちに<BREAK>させてなかったですかぁ？",
			"おもてなしする　{相手|あいて}の{好|この}みも<BREAK>{考|かんが}えてあげないとダメよぉ？",
			"\f"
		]
	}
]