[
	{
		"Index": 10,
		"JPN": [
			"ふしぎじかん　になると<BREAK>{町|まち}のどこかに　<CMD>008027000480</CMD>ある{生|い}き{物|もの}<CMD>008027000180</CMD>が<BREAK>{顔|かお}を　{出|だ}します",
			"まっ{黒|くろ}な{体|からだ}で<BREAK>ポヨンポヨンと　ジャンプしながら<BREAK>いどうしますよ",
			"<CMD>18802700729b27000180</CMD><CMD>17802700729b270001802700048027000280</CMD><CMD>16802700729b27005581</CMD>この{生|い}き{物|もの}を<BREAK>みつけてきてください<CMD>2b802700008027000080</CMD>",
			"\f"
		]
	},
	{
		"Index": 11,
		"JPN": [
			"ふしぎじかん　になると<BREAK>{町|まち}のどこかに　<CMD>008027000480</CMD>ある{生|い}き{物|もの}<CMD>008027000180</CMD>が<BREAK>{顔|かお}を　{出|だ}します",
			"ミミズのような　{体|からだ}に<BREAK>{大|おお}きな　{目|め}と<BREAK>みじかい　{手|て}が　とくちょうですよ",
			"<CMD>18802700729b27000180</CMD><CMD>17802700729b270001802700048027000280</CMD><CMD>16802700729b27005581</CMD>この{生|い}き{物|もの}を<BREAK>みつけてきてください<CMD>2b802700008027000080</CMD>",
			"\f"
		]
	},
	{
		"Index": 12,
		"JPN": [
			"このじき　になると<BREAK>{町|まち}のどこかに　<CMD>008027000480</CMD>ある{生|い}き{物|もの}<CMD>008027000180</CMD>が<BREAK>{顔|かお}を　{出|だ}します",
			"{花|はな}の　まわりに<BREAK>たくさんいるチョウで<BREAK>モンシロチョウより　{大|おお}きいです",
			"<CMD>18802700729b27000180</CMD><CMD>17802700729b270001802700048027000280</CMD><CMD>16802700729b27005581</CMD>この{生|い}き{物|もの}を<BREAK>みつけてきてください<CMD>2b802700008027000080</CMD>",
			"\f"
		]
	},
	{
		"Index": 13,
		"JPN": [
			"ふしぎじかん　になると<BREAK>{町|まち}のどこかに　<CMD>008027000480</CMD>ある{生|い}き{物|もの}<CMD>008027000180</CMD>が<BREAK>{顔|かお}を　{出|だ}します",
			"ふとめの　{小|ちい}さな<BREAK>ヘビにみえ　すばやく<BREAK>いどうするのが　とくちょうです",
			"<CMD>18802700729b27000180</CMD><CMD>17802700729b270001802700048027000280</CMD><CMD>16802700729b27005581</CMD>この{生|い}き{物|もの}を<BREAK>みつけてきてください<CMD>2b802700008027000080</CMD>",
			"\f"
		]
	},
	{
		"Index": 14,
		"JPN": [
			"ふしぎじかん　になると<BREAK>{町|まち}のどこかに　<CMD>008027000480</CMD>ある{生|い}き{物|もの}<CMD>008027000180</CMD>が<BREAK>{顔|かお}を　{出|だ}します",
			"ぼうじょうの　{体|からだ}に<BREAK>おびじょうの　ヒレをもち<BREAK>こうそくで　いどうします",
			"<CMD>18802700729b27000180</CMD><CMD>17802700729b270001802700048027000280</CMD><CMD>16802700729b27005581</CMD>この{生|い}き{物|もの}を<BREAK>みつけてきてください<CMD>2b802700008027000080</CMD>",
			"\f"
		]
	},
	{
		"Index": 15,
		"JPN": [
			"このじきになると<BREAK>{町|まち}のどこかに　<CMD>008027000480</CMD>ある{生|い}き{物|もの}<CMD>008027000180</CMD>が<BREAK>{顔|かお}を　{出|だ}します",
			"この{生|い}き{物|もの}は　{夜|よる}に{光|ひか}り<BREAK>きれいな　{水|みず}のある　ばしょに<BREAK>たくさん　あつまります",
			"<CMD>18802700729b27000180</CMD><CMD>17802700729b270001802700048027000280</CMD><CMD>16802700729b27005581</CMD>この{生|い}き{物|もの}を<BREAK>みつけてきてください<CMD>2b802700008027000080</CMD>",
			"\f"
		]
	},
	{
		"Index": 16,
		"JPN": [
			"このじきになると<BREAK>{町|まち}のどこかに　<CMD>008027000480</CMD>ある{生|い}き{物|もの}<CMD>008027000180</CMD>が<BREAK>{顔|かお}を　{出|だ}します",
			"この{生|い}き{物|もの}は　{力|ちから}もちで<BREAK>{神話|しんわ}の　エイユウの{名前|なまえ}が<BREAK>ついています",
			"<CMD>18802700729b27000180</CMD><CMD>17802700729b270001802700048027000280</CMD><CMD>16802700729b27005581</CMD>この{生|い}き{物|もの}を<BREAK>みつけてきてください<CMD>2b802700008027000080</CMD>",
			"\f"
		]
	},
	{
		"Index": 17,
		"JPN": [
			"このじきになると<BREAK>{町|まち}のどこかに　<CMD>008027000480</CMD>ある{生|い}き{物|もの}<CMD>008027000180</CMD>が<BREAK>{顔|かお}を　{出|だ}します",
			"ヒントはクワガタムシのなかまです<BREAK>しかのつの　のような<BREAK>{大|おお}きな　あごをもっています",
			"<CMD>18802700729b27000180</CMD><CMD>17802700729b270001802700048027000280</CMD><CMD>16802700729b27005581</CMD>この{生|い}き{物|もの}を<BREAK>みつけてきてください<CMD>2b802700008027000080</CMD>",
			"\f"
		]
	},
	{
		"Index": 18,
		"JPN": [
			"ふしぎじかん　になると<BREAK>{町|まち}のどこかに　<CMD>008027000480</CMD>ある{生|い}き{物|もの}<CMD>008027000180</CMD>が<BREAK>{顔|かお}を　{出|だ}します",
			"この{生|い}き{物|もの}は　ホンモノの<BREAK>ハサミを　もっているのが<BREAK>とくちょうです",
			"<CMD>18802700729b27000180</CMD><CMD>17802700729b270001802700048027000280</CMD><CMD>16802700729b27005581</CMD>この{生|い}き{物|もの}を<BREAK>みつけてきてください<CMD>2b802700008027000080</CMD>",
			"\f"
		]
	},
	{
		"Index": 19,
		"JPN": [
			"ふしぎじかん　になると<BREAK>{町|まち}のどこかに　<CMD>008027000480</CMD>ある{生|い}き{物|もの}<CMD>008027000180</CMD>が<BREAK>{顔|かお}を　{出|だ}します",
			"この{生|い}き{物|もの}は　タキシードを<BREAK>きていて　ぴょんぴょんと<BREAK>とんでいるのが　とくちょうです",
			"<CMD>18802700729b27000180</CMD><CMD>17802700729b270001802700048027000280</CMD><CMD>16802700729b27005581</CMD>この{生|い}き{物|もの}を<BREAK>みつけてきてください<CMD>2b802700008027000080</CMD>",
			"\f"
		]
	},
	{
		"Index": 20,
		"JPN": [
			"ふしぎじかん　になると<BREAK>{町|まち}のどこかに　<CMD>008027000480</CMD>ある{生|い}き{物|もの}<CMD>008027000180</CMD>が<BREAK>{顔|かお}を　{出|だ}します",
			"この{生|い}き{物|もの}は　ドラゴンのような<BREAK>{体|からだ}に　こんちゅうの　はねを<BREAK>もっているのが　とくちょうです",
			"<CMD>18802700729b27000180</CMD><CMD>17802700729b270001802700048027000280</CMD><CMD>16802700729b27005581</CMD>この{生|い}き{物|もの}を<BREAK>みつけてきてください<CMD>2b802700008027000080</CMD>",
			"\f"
		]
	},
	{
		"Index": 21,
		"JPN": [
			"ふしぎじかん　になると<BREAK>{町|まち}のどこかに　<CMD>008027000480</CMD>ある{生|い}き{物|もの}<CMD>008027000180</CMD>が<BREAK>{顔|かお}を　{出|だ}します",
			"この{生|い}き{物|もの}は　{白|しろ}い<BREAK>わた{毛|げ}のように　ふわふわしており<BREAK>{大|おお}きな　{目|め}が　とくちょうです",
			"<CMD>18802700729b27000180</CMD><CMD>17802700729b270001802700048027000280</CMD><CMD>16802700729b27005581</CMD>この{生|い}き{物|もの}を<BREAK>みつけてきてください<CMD>2b802700008027000080</CMD>",
			"\f"
		]
	},
	{
		"Index": 22,
		"JPN": [
			"このじきになると<BREAK>{海|うみ}に　<CMD>008027000480</CMD>ある{生|い}き{物|もの}<CMD>008027000180</CMD>が<BREAK>せいそくしています",
			"この{生|い}き{物|もの}は　ものすごく<BREAK>{小|ちい}さく　りゅうひょうのてんし<BREAK>とよばれています",
			"<CMD>18802700729b27000180</CMD><CMD>17802700729b270001802700048027000280</CMD><CMD>16802700729b27005581</CMD>この{生|い}き{物|もの}を<BREAK>みつけてきてください<CMD>2b802700008027000080</CMD>",
			"\f"
		]
	},
	{
		"Index": 23,
		"JPN": [
			"このじきになると<BREAK>{海|うみ}に　<CMD>008027000480</CMD>ある{生|い}き{物|もの}<CMD>008027000180</CMD>が<BREAK>せいそくしています",
			"この{生|い}き{物|もの}は　しんかいぎょで<BREAK>いきたかせき　として<BREAK>しられています",
			"<CMD>18802700729b27000180</CMD><CMD>17802700729b270001802700048027000280</CMD><CMD>16802700729b27005581</CMD>この{生|い}き{物|もの}を<BREAK>みつけてきてください<CMD>2b802700008027000080</CMD>",
			"\f"
		]
	},
	{
		"Index": 24,
		"JPN": [
			"このじきになると<BREAK>{海|うみ}に　<CMD>008027000480</CMD>ある{生|い}き{物|もの}<CMD>008027000180</CMD>が<BREAK>せいそくしています",
			"この{生|い}き{物|もの}は　しんかいぎょで<BREAK>{大|おお}きな{口|くち}を　していることから<BREAK>この{名前|なまえ}が　つきました",
			"<CMD>18802700729b27000180</CMD><CMD>17802700729b270001802700048027000280</CMD><CMD>16802700729b27005581</CMD>この{生|い}き{物|もの}を<BREAK>みつけてきてください<CMD>2b802700008027000080</CMD>",
			"\f"
		]
	},
	{
		"Index": 25,
		"JPN": [
			"このじきになると<BREAK>{海|うみ}に　<CMD>008027000480</CMD>ある{生|い}き{物|もの}<CMD>008027000180</CMD>が<BREAK>せいそくしています",
			"これは{魚|サカナ}というより　{虫|ムシ}に<BREAK>ちかいですね　キョウリュウの<BREAK>{時代|じだい}から　{生|い}きています",
			"<CMD>18802700729b27000180</CMD><CMD>17802700729b270001802700048027000280</CMD><CMD>16802700729b27005581</CMD>この{生|い}き{物|もの}を<BREAK>みつけてきてください<CMD>2b802700008027000080</CMD>",
			"\f"
		]
	},
	{
		"Index": 26,
		"JPN": [
			"このじきになると<BREAK>{川|かわ}に　<CMD>008027000480</CMD>ある{生|い}き{物|もの}<CMD>008027000180</CMD>が<BREAK>せいそくしています",
			"この{生|い}き{物|もの}は　{石|いし}で　できた<BREAK>{顔|かお}を　もっているのが<BREAK>とくちょうです",
			"<CMD>18802700729b27000180</CMD><CMD>17802700729b270001802700048027000280</CMD><CMD>16802700729b27005581</CMD>この{生|い}き{物|もの}を<BREAK>みつけてきてください<CMD>2b802700008027000080</CMD>",
			"\f"
		]
	},
	{
		"Index": 27,
		"JPN": [
			"このじきになると<BREAK>{海|うみ}に　<CMD>008027000480</CMD>ある{生|い}き{物|もの}<CMD>008027000180</CMD>が<BREAK>せいそくしています",
			"これは　{魚|サカナ}ではありません<BREAK>みずいろで　プヨプヨしています",
			"<CMD>18802700729b27000180</CMD><CMD>17802700729b270001802700048027000280</CMD><CMD>16802700729b27005581</CMD>この{生|い}き{物|もの}を<BREAK>みつけてきてください<CMD>2b802700008027000080</CMD>",
			"\f"
		]
	},
	{
		"Index": 28,
		"JPN": [
			"このじきになると<BREAK>{海|うみ}に　<CMD>008027000480</CMD>ある{生|い}き{物|もの}<CMD>008027000180</CMD>が<BREAK>せいそくしています",
			"このサカナは　ヌボーっとしており<BREAK>えんばんのような　{体|からだ}が<BREAK>とくちょうです",
			"<CMD>18802700729b27000180</CMD><CMD>17802700729b270001802700048027000280</CMD><CMD>16802700729b27005581</CMD>この{生|い}き{物|もの}を<BREAK>みつけてきてください<CMD>2b802700008027000080</CMD>",
			"\f"
		]
	},
	{
		"Index": 29,
		"JPN": [
			"このじきになると<BREAK>{海|うみ}に　<CMD>008027000480</CMD>ある{生|い}き{物|もの}<CMD>008027000180</CMD>が<BREAK>せいそくしています",
			"この{生|い}き{物|もの}は　あたまが<BREAK>かなづちの　かたちを<BREAK>しているのが　とくちょうです",
			"<CMD>18802700729b27000180</CMD><CMD>17802700729b270001802700048027000280</CMD><CMD>16802700729b27005581</CMD>この{生|い}き{物|もの}を<BREAK>みつけてきてください<CMD>2b802700008027000080</CMD>",
			"\f"
		]
	},
	{
		"Index": 30,
		"JPN": [
			"このじきになると<BREAK>{海|うみ}に　<CMD>008027000480</CMD>ある{生|い}き{物|もの}<CMD>008027000180</CMD>が<BREAK>せいそくしています",
			"これは　トゲトゲとした<BREAK>すがたが　とくちょうです",
			"<CMD>18802700729b27000180</CMD><CMD>17802700729b270001802700048027000280</CMD><CMD>16802700729b27005581</CMD>この{生|い}き{物|もの}を<BREAK>みつけてきてください<CMD>2b802700008027000080</CMD>",
			"\f"
		]
	},
	{
		"Index": 31,
		"JPN": [
			"このじきになると<BREAK>{川|かわ}に　<CMD>008027000480</CMD>ある{生|い}き{物|もの}<CMD>008027000180</CMD>が<BREAK>せいそくしています",
			"この{生|い}き{物|もの}は　{小|ちい}さいですが<BREAK>ひふは　とてもかたく<BREAK>かんづめに　にています",
			"<CMD>18802700729b27000180</CMD><CMD>17802700729b270001802700048027000280</CMD><CMD>16802700729b27005581</CMD>この{生|い}き{物|もの}を<BREAK>みつけてきてください<CMD>2b802700008027000080</CMD>",
			"\f"
		]
	},
	{
		"Index": 32,
		"JPN": [
			"このじきになると<BREAK>{海|うみ}に　<CMD>008027000480</CMD>ある{生|い}き{物|もの}<CMD>008027000180</CMD>が<BREAK>せいそくしています",
			"キョウリュウのじだいから<BREAK>{生|い}きており<BREAK>{大|おお}きな　からが　とくちょうです",
			"<CMD>18802700729b27000180</CMD><CMD>17802700729b270001802700048027000280</CMD><CMD>16802700729b27005581</CMD>この{生|い}き{物|もの}を<BREAK>みつけてきてください<CMD>2b802700008027000080</CMD>",
			"\f"
		]
	},
	{
		"Index": 33,
		"JPN": [
			"このじきになると<BREAK>{海|うみ}に　<CMD>008027000480</CMD>ある{生|い}き{物|もの}<CMD>008027000180</CMD>が<BREAK>せいそくしています",
			"キョウリュウのじだいから<BREAK>{生|い}きており<BREAK>イルカに　にています",
			"<CMD>18802700729b27000180</CMD><CMD>17802700729b270001802700048027000280</CMD><CMD>16802700729b27005581</CMD>この{生|い}き{物|もの}を<BREAK>みつけてきてください<CMD>2b802700008027000080</CMD>",
			"\f"
		]
	},
	{
		"Index": 34,
		"JPN": [
			"このじきになると<BREAK>{町|まち}に　<CMD>008027000480</CMD>あるキノコ<CMD>008027000180</CMD>が<BREAK>せいそくしています",
			"このキノコは　きのねもとに　はえ<BREAK>がっきのかたちに　にている<BREAK>ことから　{名前|なまえ}が　つきました",
			"<CMD>18802700729b27000180</CMD><CMD>17802700729b270001802700048027000280</CMD><CMD>16802700729b27005581</CMD>このキノコを<BREAK>みつけてきてください<CMD>2b802700008027000080</CMD>",
			"\f"
		]
	},
	{
		"Index": 35,
		"JPN": [
			"このじきになると<BREAK>{町|まち}に　<CMD>008027000480</CMD>あるキノコ<CMD>008027000180</CMD>が<BREAK>せいそくしています",
			"このキノコは<BREAK>{黒|くろ}いダイヤと<BREAK>よばれています",
			"<CMD>18802700729b27000180</CMD><CMD>17802700729b270001802700048027000280</CMD><CMD>16802700729b27005581</CMD>このキノコを<BREAK>みつけてきてください<CMD>2b802700008027000080</CMD>",
			"\f"
		]
	},
	{
		"Index": 36,
		"JPN": [
			"このじきになると<BREAK>{町|まち}に　<CMD>008027000480</CMD>あるキノコ<CMD>008027000180</CMD>が<BREAK>せいそくしています",
			"２センチから　４センチの　ときが<BREAK>しゅうかくじきで　{白|しろ}くて<BREAK>かわいい　かんじの　キノコです",
			"<CMD>18802700729b27000180</CMD><CMD>17802700729b270001802700048027000280</CMD><CMD>16802700729b27005581</CMD>このキノコを<BREAK>みつけてきてください<CMD>2b802700008027000080</CMD>",
			"\f"
		]
	},
	{
		"Index": 37,
		"JPN": [
			"このじきになると<BREAK>{町|まち}に　<CMD>008027000480</CMD>あるキノコ<CMD>008027000180</CMD>が<BREAK>せいそくしています",
			"にものに　{入|い}れたり<BREAK>ほしたものを<BREAK>{使|つか}ったりします",
			"<CMD>18802700729b27000180</CMD><CMD>17802700729b270001802700048027000280</CMD><CMD>16802700729b27005581</CMD>このキノコを<BREAK>みつけてきてください<CMD>2b802700008027000080</CMD>",
			"\f"
		]
	},
	{
		"Index": 38,
		"JPN": [
			"このじきになると<BREAK>{町|まち}に　<CMD>008027000480</CMD>あるキノコ<CMD>008027000180</CMD>が<BREAK>せいそくしています",
			"{色|いろ}に　かんけいする<BREAK>{名前|なまえ}の　キノコです",
			"<CMD>18802700729b27000180</CMD><CMD>17802700729b270001802700048027000280</CMD><CMD>16802700729b27005581</CMD>このキノコを<BREAK>みつけてきてください<CMD>2b802700008027000080</CMD>",
			"\f"
		]
	},
	{
		"Index": 39,
		"JPN": [
			"このじきになると<BREAK>{町|まち}に　<CMD>008027000480</CMD>あるキノコ<CMD>008027000180</CMD>が<BREAK>せいそくしています",
			"このキノコは<BREAK>{雨|あめ}の{日|ひ}に　つかう　{道具|どうぐ}の<BREAK>{名前|なまえ}が　ついています",
			"<CMD>18802700729b27000180</CMD><CMD>17802700729b270001802700048027000280</CMD><CMD>16802700729b27005581</CMD>このキノコを<BREAK>みつけてきてください<CMD>2b802700008027000080</CMD>",
			"\f"
		]
	},
	{
		"Index": 40,
		"JPN": [
			"このじきになると<BREAK>{町|まち}に　<CMD>008027000480</CMD>あるキノコ<CMD>008027000180</CMD>が<BREAK>せいそくしています",
			"このキノコは　{赤|あか}に<BREAK>かんけいする<BREAK>{名前|なまえ}が　ついています",
			"<CMD>18802700729b27000180</CMD><CMD>17802700729b270001802700048027000280</CMD><CMD>16802700729b27005581</CMD>このキノコを<BREAK>みつけてきてください<CMD>2b802700008027000080</CMD>",
			"\f"
		]
	},
	{
		"Index": 41,
		"JPN": [
			"このじきになると<BREAK>{町|まち}に　<CMD>008027000480</CMD>あるキノコ<CMD>008027000180</CMD>が<BREAK>せいそくしています",
			"{名前|なまえ}は　くすぐられると<BREAK>わかるかもしれません",
			"<CMD>18802700729b27000180</CMD><CMD>17802700729b270001802700048027000280</CMD><CMD>16802700729b27005581</CMD>このキノコを<BREAK>みつけてきてください<CMD>2b802700008027000080</CMD>",
			"\f"
		]
	},
	{
		"Index": 42,
		"JPN": [
			"このじきになると<BREAK>{町|まち}に　<CMD>008027000480</CMD>あるキノコ<CMD>008027000180</CMD>が<BREAK>せいそくしています",
			"みなさんも<BREAK>{知|し}っていると{思|おも}いますよ<BREAK>とっても　こうきゅうなキノコです",
			"<CMD>18802700729b27000180</CMD><CMD>17802700729b270001802700048027000280</CMD><CMD>16802700729b27005581</CMD>このキノコを<BREAK>みつけてきてください<CMD>2b802700008027000080</CMD>",
			"\f"
		]
	},
	{
		"Index": 43,
		"JPN": [
			"このじきになると<BREAK>{町|まち}に　<CMD>008027000480</CMD>あるキノコ<CMD>008027000180</CMD>が<BREAK>せいそくしています",
			"このキノコは　ヤサイみたいな<BREAK>{名前|なまえ}が　ついています",
			"<CMD>18802700729b27000180</CMD><CMD>17802700729b270001802700048027000280</CMD><CMD>16802700729b27005581</CMD>このキノコを<BREAK>みつけてきてください<CMD>2b802700008027000080</CMD>",
			"\f"
		]
	},
	{
		"Index": 44,
		"JPN": [
			"このじきになると<BREAK>{町|まち}に　<CMD>008027000480</CMD>あるキノコ<CMD>008027000180</CMD>が<BREAK>せいそくしています",
			"ヒントは<BREAK>うさぎのもちつき　です",
			"<CMD>18802700729b27000180</CMD><CMD>17802700729b270001802700048027000280</CMD><CMD>16802700729b27005581</CMD>このキノコを<BREAK>みつけてきてください<CMD>2b802700008027000080</CMD>",
			"\f"
		]
	},
	{
		"Index": 45,
		"JPN": [
			"このじきになると<BREAK>{町|まち}に　<CMD>008027000480</CMD>あるキノコ<CMD>008027000180</CMD>が<BREAK>せいそくしています",
			"おみそしるに　いれると<BREAK>おいしいキノコです",
			"<CMD>18802700729b27000180</CMD><CMD>17802700729b270001802700048027000280</CMD><CMD>16802700729b27005581</CMD>このキノコを<BREAK>みつけてきてください<CMD>2b802700008027000080</CMD>",
			"\f"
		]
	},
	{
		"Index": 46,
		"JPN": [
			"<CMD>008027000480</CMD>バラについたよつゆ<CMD>008027000180</CMD>を<BREAK>{使|つか}っておこなう　おまじないを…",
			"{自分|じぶん}で　{考|かんが}えて<BREAK>してきてください<CMD>4980270006822700018027000080</CMD>",
			"\f"
		]
	},
	{
		"Index": 47,
		"JPN": [
			"<CMD>008027000480</CMD>{黒|くろ}いマーガレット<CMD>008027000180</CMD>を<BREAK>{使|つか}っておこなう　おまじないを…",
			"{自分|じぶん}で　{考|かんが}えて<BREAK>してきてください<CMD>4980270006822700028027000080</CMD>",
			"\f"
		]
	},
	{
		"Index": 48,
		"JPN": [
			"<CMD>008027000480</CMD>きんこうせき<CMD>008027000180</CMD>を<BREAK>{使|つか}っておこなう　おまじないを…",
			"{自分|じぶん}で　{考|かんが}えて<BREAK>してきてください<CMD>4980270006822700038027000080</CMD>",
			"\f"
		]
	},
	{
		"Index": 49,
		"JPN": [
			"<CMD>008027000480</CMD>{赤|あか}いチューリップ<CMD>008027000180</CMD>を<BREAK>{使|つか}っておこなう　おまじないを…",
			"{自分|じぶん}で　{考|かんが}えて<BREAK>してきてください<CMD>4980270006822700048027000080</CMD>",
			"\f"
		]
	},
	{
		"Index": 50,
		"JPN": [
			"<CMD>008027000480</CMD>エメラルド<CMD>008027000180</CMD>を<BREAK>{使|つか}っておこなう　おまじないを…",
			"{自分|じぶん}で　{考|かんが}えて<BREAK>してきてください<CMD>4980270006822700058027000080</CMD>",
			"\f"
		]
	},
	{
		"Index": 51,
		"JPN": [
			"<CMD>008027000480</CMD>ながれぼしのカケラ<CMD>008027000180</CMD>を<BREAK>{使|つか}っておこなう　おまじないを…",
			"{自分|じぶん}で　{考|かんが}えて<BREAK>してきてください<CMD>4980270006822700068027000080</CMD>",
			"\f"
		]
	},
	{
		"Index": 52,
		"JPN": [
			"<CMD>008027000480</CMD>{白|しろ}いスズラン<CMD>008027000180</CMD>を<BREAK>{使|つか}っておこなう　おまじないを…",
			"{自分|じぶん}で　{考|かんが}えて<BREAK>してきてください<CMD>4980270006822700078027000080</CMD>",
			"\f"
		]
	},
	{
		"Index": 53,
		"JPN": [
			"<CMD>008027000480</CMD>アメジスト<CMD>008027000180</CMD>を<BREAK>{使|つか}っておこなう　おまじないを…",
			"{自分|じぶん}で　{考|かんが}えて<BREAK>してきてください<CMD>4980270006822700088027000080</CMD>",
			"\f"
		]
	},
	{
		"Index": 54,
		"JPN": [
			"<CMD>008027000480</CMD>キノコ<CMD>008027000180</CMD>を<BREAK>{使|つか}っておこなう　おまじないを…",
			"{自分|じぶん}で　{考|かんが}えて<BREAK>してきてください<CMD>4980270006822700098027000080</CMD>",
			"\f"
		]
	},
	{
		"Index": 55,
		"JPN": [
			"<CMD>008027000480</CMD>マーガレットを　ゆうびんきょく<CMD>008027000180</CMD>で<BREAK>{使|つか}っておこなう　おまじないを…",
			"{自分|じぶん}で　{考|かんが}えて<BREAK>してきてください<CMD>49802700068227000a8027000080</CMD>",
			"\f"
		]
	},
	{
		"Index": 56,
		"JPN": [
			"<CMD>008027000480</CMD>{赤|あか}いバラを　{恋人|こいびと}みさき<CMD>008027000180</CMD>で<BREAK>{使|つか}っておこなう　おまじないを…",
			"{自分|じぶん}で　{考|かんが}えて<BREAK>してきてください<CMD>49802700068227000b8027000080</CMD>",
			"\f"
		]
	},
	{
		"Index": 57,
		"JPN": [
			"<CMD>008027000480</CMD>お{金|かね}と　じめん<CMD>008027000180</CMD>を<BREAK>{使|つか}っておこなう　おまじないを…",
			"{自分|じぶん}で　{考|かんが}えて<BREAK>してきてください<CMD>49802700068227000c8027000080</CMD>",
			"\f"
		]
	},
	{
		"Index": 58,
		"JPN": [
			"このじきになると<BREAK>{川|かわ}に<CMD>008027000480</CMD>ある{生|い}き{物|もの}<CMD>008027000180</CMD>が<BREAK>せいそくしています",
			"この{生|い}き{物|もの}は<BREAK>とても{大|おお}きく{用心深|ようじんぶか}い<BREAK>{性格|せいかく}をしています",
			"<CMD>18802700729b27000180</CMD><CMD>17802700729b270001802700048027000280</CMD><CMD>16802700729b27005581</CMD>この{生|い}き{物|もの}を<BREAK>みつけてきてください<CMD>2b802700008027000080</CMD>",
			"\f"
		]
	},
	{
		"Index": 59,
		"JPN": [
			"ふしぎじかんになると<BREAK>{森|もり}のどこかに<CMD>008027000480</CMD>ある{生|い}き{物|もの}<CMD>008027000180</CMD>が<BREAK>{顔|かお}を{出|だ}します",
			"この{生|い}き{物|もの}は<BREAK>{体|からだ}が{雪|ゆき}で{出来|でき}ていて<BREAK>とびはねます",
			"<CMD>18802700729b27000180</CMD><CMD>17802700729b270001802700048027000280</CMD><CMD>16802700729b27005581</CMD>この{生|い}き{物|もの}を<BREAK>みつけてきてください<CMD>2b802700008027000080</CMD>",
			"\f"
		]
	},
	{
		"Index": 60,
		"JPN": [
			"このじきになると<BREAK>{海|うみ}に<CMD>008027000480</CMD>ある{生|い}き{物|もの}<CMD>008027000180</CMD>が<BREAK>せいそくしています",
			"この{魚|さかな}は{体|からだ}が<BREAK>{金色|きんいろ}をしていて<BREAK>{反り返った|そりかえった}ポーズをしています",
			"<CMD>18802700729b27000180</CMD><CMD>17802700729b270001802700048027000280</CMD><CMD>16802700729b27005581</CMD>この{生|い}き{物|もの}を<BREAK>みつけてきてください<CMD>2b802700008027000080</CMD>",
			"\f"
		]
	},
	{
		"Index": 61,
		"JPN": [
			"ふしぎじかんになると<BREAK>{町|まち}のどこかに<CMD>008027000480</CMD>ある{生|い}き{物|もの}<CMD>008027000180</CMD>が<BREAK>{顔を出|かおをだ}します",
			"この{生|い}き{物|もの}は<BREAK>ブタのようでブタではありません<BREAK>{目|め}が{見|み}えないですが",
			"<CMD>18802700729b27000180</CMD><CMD>17802700729b270001802700048027000280</CMD><CMD>16802700729b27005581</CMD>この{生|い}き{物|もの}を<BREAK>みつけてきてください<CMD>2b802700008027000080</CMD>",
			"\f"
		]
	},
	{
		"Index": 62,
		"JPN": [
			"<CMD>008027000480</CMD>さとう<CMD>008027000180</CMD>を<BREAK>{使|つか}っておこなう　おまじないを…",
			"{自分|じぶん}で　{考|かんが}えて<BREAK>してきてください<CMD>4980270064852700328027000080</CMD>",
			"\f"
		]
	},
	{
		"Index": 63,
		"JPN": [
			"このじきになると<BREAK>{海|うみ}に<CMD>008027000480</CMD>ある{生|い}き{物|もの}<CMD>008027000180</CMD>が<BREAK>せいそくしています",
			"この{生|い}き{物|もの}は<BREAK>しましまのもようが{目|め}だち<BREAK>まるまるとしゃりんにみえます",
			"<CMD>18802700729b27000180</CMD><CMD>17802700729b270001802700048027000280</CMD><CMD>16802700729b27005581</CMD>この{生|い}き{物|もの}を<BREAK>みつけてきてください<CMD>2b802700008027000080</CMD>",
			"\f"
		]
	},
	{
		"Index": 64,
		"JPN": [
			"ふしぎじかんになると<BREAK>{町|まち}のどこかに<CMD>008027000480</CMD>ある{生|い}き{物|もの}<CMD>008027000180</CMD>が<BREAK>{顔|かお}を{出|だ}します",
			"この{生|い}き{物|もの}は<BREAK>ほのおで{体|からだ}が{出来|でき}ていて<BREAK>{風|かぜ}がおきると{消|き}えてしまいます",
			"<CMD>18802700729b27000180</CMD><CMD>17802700729b270001802700048027000280</CMD><CMD>16802700729b27005581</CMD>この{生|い}き{物|もの}を<BREAK>みつけてきてください<CMD>2b802700008027000080</CMD>",
			"\f"
		]
	},
	{
		"Index": 65,
		"JPN": [
			"<CMD>008027000480</CMD>１００リッチ<CMD>008027000180</CMD>を<BREAK>{使|つか}っておこなう　おまじないを…",
			"{自分|じぶん}で　{考|かんが}えて<BREAK>してきてください<CMD>4980270064852700338027000080</CMD>",
			"\f"
		]
	},
	{
		"Index": 66,
		"JPN": [
			"このじきになると<BREAK>{海|うみ}に<CMD>008027000480</CMD>ある{生|い}き{物|もの}<CMD>008027000180</CMD>が<BREAK>せいそくしています",
			"この{生|い}き{物|もの}は<BREAK>やいて{食|た}べるとおいしく<BREAK>カタナのような{体|からだ}をしています",
			"<CMD>18802700729b27000180</CMD><CMD>17802700729b270001802700048027000280</CMD><CMD>16802700729b27005581</CMD>この{生|い}き{物|もの}を<BREAK>みつけてきてください<CMD>2b802700008027000080</CMD>",
			"\f"
		]
	},
	{
		"Index": 67,
		"JPN": [
			"このじきになると<BREAK>{池|いけ}に　<CMD>008027000480</CMD>ある{生|い}き{物|もの}<CMD>008027000180</CMD>が<BREAK>せいそくしています",
			"この{生|い}き{物|もの}は<BREAK>きれいな{水|みず}にしか{生|い}きられなく<BREAK>{丸い形|まるいかたち}をしています",
			"<CMD>18802700729b27000180</CMD><CMD>17802700729b270001802700048027000280</CMD><CMD>16802700729b27005581</CMD>この{生|い}き{物|もの}を<BREAK>みつけてきてください<CMD>2b802700008027000080</CMD>",
			"\f"
		]
	},
	{
		"Index": 68,
		"JPN": [
			"ふしぎじかんになると<BREAK>{町|まち}のどこかに<CMD>008027000480</CMD>ある{生|い}き{物|もの}<CMD>008027000180</CMD>が<BREAK>{顔|かお}を{出|だ}します",
			"この{生|い}き{物|もの}は<BREAK>ほのおのようなもようが<BREAK>{体|からだ}にあります",
			"<CMD>18802700729b27000180</CMD><CMD>17802700729b270001802700048027000280</CMD><CMD>16802700729b27005581</CMD>この{生|い}き{物|もの}を<BREAK>みつけてきてください<CMD>2b802700008027000080</CMD>",
			"\f"
		]
	},
	{
		"Index": 69,
		"JPN": [
			"このじきになると<BREAK>{海|うみ}に<CMD>008027000480</CMD>ある{生|い}き{物|もの}<CMD>008027000180</CMD>が<BREAK>せいそくしています",
			"この{魚|さかな}は　{体|からだ}が<BREAK>こむぎことアンコで<BREAK>{出来|でき}ています",
			"<CMD>18802700729b27000180</CMD><CMD>17802700729b270001802700048027000280</CMD><CMD>16802700729b27005581</CMD>この{生|い}き{物|もの}を<BREAK>みつけてきてください<CMD>2b802700008027000080</CMD>",
			"\f"
		]
	},
	{
		"Index": 70,
		"JPN": [
			"では　もってきたものを<BREAK>みせてください<CMD>4980270000822700018027000080</CMD>",
			"\f"
		]
	},
	{
		"Index": 71,
		"JPN": [
			"では　もってきたものを<BREAK>みせてください<CMD>4980270000822700028027000080</CMD>",
			"\f"
		]
	},
	{
		"Index": 72,
		"JPN": [
			"では　もってきたものを<BREAK>みせてください<CMD>4980270000822700038027000080</CMD>",
			"\f"
		]
	},
	{
		"Index": 73,
		"JPN": [
			"では　もってきたものを<BREAK>みせてください<CMD>4980270000822700048027000080</CMD>",
			"\f"
		]
	},
	{
		"Index": 74,
		"JPN": [
			"では　もってきたものを<BREAK>みせてください<CMD>4980270000822700058027000080</CMD>",
			"\f"
		]
	},
	{
		"Index": 75,
		"JPN": [
			"では　もってきたものを<BREAK>みせてください<CMD>4980270000822700068027000080</CMD>",
			"\f"
		]
	},
	{
		"Index": 76,
		"JPN": [
			"では　もってきたものを<BREAK>みせてください<CMD>4980270000822700078027000080</CMD>",
			"\f"
		]
	},
	{
		"Index": 77,
		"JPN": [
			"では　もってきたものを<BREAK>みせてください<CMD>4980270000822700088027000080</CMD>",
			"\f"
		]
	},
	{
		"Index": 78,
		"JPN": [
			"では　もってきたものを<BREAK>みせてください<CMD>4980270000822700098027000080</CMD>",
			"\f"
		]
	},
	{
		"Index": 79,
		"JPN": [
			"では　もってきたものを<BREAK>みせてください<CMD>49802700008227000a8027000080</CMD>",
			"\f"
		]
	},
	{
		"Index": 80,
		"JPN": [
			"では　もってきたものを<BREAK>みせてください<CMD>49802700008227000b8027000080</CMD>",
			"\f"
		]
	},
	{
		"Index": 81,
		"JPN": [
			"では　もってきたものを<BREAK>みせてください<CMD>49802700008227000c8027000080</CMD>",
			"\f"
		]
	},
	{
		"Index": 82,
		"JPN": [
			"では　もってきたものを<BREAK>みせてください<CMD>4980270002822700018027000080</CMD>",
			"\f"
		]
	},
	{
		"Index": 83,
		"JPN": [
			"では　もってきたものを<BREAK>みせてください<CMD>4980270002822700028027000080</CMD>",
			"\f"
		]
	},
	{
		"Index": 84,
		"JPN": [
			"では　もってきたものを<BREAK>みせてください<CMD>4980270002822700038027000080</CMD>",
			"\f"
		]
	},
	{
		"Index": 85,
		"JPN": [
			"では　もってきたものを<BREAK>みせてください<CMD>4980270002822700048027000080</CMD>",
			"\f"
		]
	},
	{
		"Index": 86,
		"JPN": [
			"では　もってきたものを<BREAK>みせてください<CMD>4980270002822700058027000080</CMD>",
			"\f"
		]
	},
	{
		"Index": 87,
		"JPN": [
			"では　もってきたものを<BREAK>みせてください<CMD>4980270002822700068027000080</CMD>",
			"\f"
		]
	},
	{
		"Index": 88,
		"JPN": [
			"では　もってきたものを<BREAK>みせてください<CMD>4980270002822700078027000080</CMD>",
			"\f"
		]
	},
	{
		"Index": 89,
		"JPN": [
			"では　もってきたものを<BREAK>みせてください<CMD>4980270002822700088027000080</CMD>",
			"\f"
		]
	},
	{
		"Index": 90,
		"JPN": [
			"では　もってきたものを<BREAK>みせてください<CMD>4980270002822700098027000080</CMD>",
			"\f"
		]
	},
	{
		"Index": 91,
		"JPN": [
			"では　もってきたものを<BREAK>みせてください<CMD>49802700028227000a8027000080</CMD>",
			"\f"
		]
	},
	{
		"Index": 92,
		"JPN": [
			"では　もってきたものを<BREAK>みせてください<CMD>49802700028227000b8027000080</CMD>",
			"\f"
		]
	},
	{
		"Index": 93,
		"JPN": [
			"では　もってきたものを<BREAK>みせてください<CMD>49802700028227000c8027000080</CMD>",
			"\f"
		]
	},
	{
		"Index": 94,
		"JPN": [
			"では　もってきたものを<BREAK>みせてください<CMD>4980270004822700018027000080</CMD>",
			"\f"
		]
	},
	{
		"Index": 95,
		"JPN": [
			"では　もってきたものを<BREAK>みせてください<CMD>4980270004822700028027000080</CMD>",
			"\f"
		]
	},
	{
		"Index": 96,
		"JPN": [
			"では　もってきたものを<BREAK>みせてください<CMD>4980270004822700038027000080</CMD>",
			"\f"
		]
	},
	{
		"Index": 97,
		"JPN": [
			"では　もってきたものを<BREAK>みせてください<CMD>4980270004822700048027000080</CMD>",
			"\f"
		]
	},
	{
		"Index": 98,
		"JPN": [
			"では　もってきたものを<BREAK>みせてください<CMD>4980270004822700058027000080</CMD>",
			"\f"
		]
	},
	{
		"Index": 99,
		"JPN": [
			"では　もってきたものを<BREAK>みせてください<CMD>4980270004822700068027000080</CMD>",
			"\f"
		]
	}
]