[
	{
		"Index": 0,
		"JPN": [
			"では　もってきたものを<BREAK>みせてください<CMD>4980270004822700078027000080</CMD>",
			"\f"
		]
	},
	{
		"Index": 1,
		"JPN": [
			"では　もってきたものを<BREAK>みせてください<CMD>4980270004822700088027000080</CMD>",
			"\f"
		]
	},
	{
		"Index": 2,
		"JPN": [
			"では　もってきたものを<BREAK>みせてください<CMD>4980270004822700098027000080</CMD>",
			"\f"
		]
	},
	{
		"Index": 3,
		"JPN": [
			"では　もってきたものを<BREAK>みせてください<CMD>49802700048227000a8027000080</CMD>",
			"\f"
		]
	},
	{
		"Index": 4,
		"JPN": [
			"では　もってきたものを<BREAK>みせてください<CMD>49802700048227000b8027000080</CMD>",
			"\f"
		]
	},
	{
		"Index": 5,
		"JPN": [
			"では　もってきたものを<BREAK>みせてください<CMD>49802700048227000c8027000080</CMD>",
			"\f"
		]
	},
	{
		"Index": 6,
		"JPN": [
			"<CMD>4980270007822700018027000080</CMD>",
			"\f"
		]
	},
	{
		"Index": 7,
		"JPN": [
			"<CMD>4980270007822700028027000080</CMD>",
			"\f"
		]
	},
	{
		"Index": 8,
		"JPN": [
			"<CMD>4980270007822700038027000080</CMD>",
			"\f"
		]
	},
	{
		"Index": 9,
		"JPN": [
			"<CMD>4980270007822700048027000080</CMD>",
			"\f"
		]
	},
	{
		"Index": 10,
		"JPN": [
			"<CMD>4980270007822700058027000080</CMD>",
			"\f"
		]
	},
	{
		"Index": 11,
		"JPN": [
			"<CMD>4980270007822700068027000080</CMD>",
			"\f"
		]
	},
	{
		"Index": 12,
		"JPN": [
			"<CMD>4980270007822700078027000080</CMD>",
			"\f"
		]
	},
	{
		"Index": 13,
		"JPN": [
			"<CMD>4980270007822700088027000080</CMD>",
			"\f"
		]
	},
	{
		"Index": 14,
		"JPN": [
			"<CMD>4980270007822700098027000080</CMD>",
			"\f"
		]
	},
	{
		"Index": 15,
		"JPN": [
			"<CMD>49802700078227000a8027000080</CMD>",
			"\f"
		]
	},
	{
		"Index": 16,
		"JPN": [
			"<CMD>49802700078227000b8027000080</CMD>",
			"\f"
		]
	},
	{
		"Index": 17,
		"JPN": [
			"<CMD>49802700078227000c8027000080</CMD>",
			"\f"
		]
	},
	{
		"Index": 18,
		"JPN": [
			"では　もってきたものを<BREAK>みせてください<CMD>49802700648527001e8027000080</CMD>",
			"\f"
		]
	},
	{
		"Index": 19,
		"JPN": [
			"では　もってきたものを<BREAK>みせてください<CMD>49802700648527001f8027000080</CMD>",
			"\f"
		]
	},
	{
		"Index": 20,
		"JPN": [
			"では　もってきたものを<BREAK>みせてください<CMD>4980270064852700208027000080</CMD>",
			"\f"
		]
	},
	{
		"Index": 21,
		"JPN": [
			"では　もってきたものを<BREAK>みせてください<CMD>4980270064852700218027000080</CMD>",
			"\f"
		]
	},
	{
		"Index": 22,
		"JPN": [
			"<CMD>4980270064852700228027000080</CMD>",
			"\f"
		]
	},
	{
		"Index": 23,
		"JPN": [
			"では　もってきたものを<BREAK>みせてください<CMD>4980270064852700238027000080</CMD>",
			"\f"
		]
	},
	{
		"Index": 24,
		"JPN": [
			"では　もってきたものを<BREAK>みせてください<CMD>4980270064852700248027000080</CMD>",
			"\f"
		]
	},
	{
		"Index": 25,
		"JPN": [
			"<CMD>4980270064852700258027000080</CMD>",
			"\f"
		]
	},
	{
		"Index": 26,
		"JPN": [
			"では　もってきたものを<BREAK>みせてください<CMD>4980270064852700268027000080</CMD>",
			"\f"
		]
	},
	{
		"Index": 27,
		"JPN": [
			"では　もってきたものを<BREAK>みせてください<CMD>4980270064852700278027000080</CMD>",
			"\f"
		]
	},
	{
		"Index": 28,
		"JPN": [
			"では　もってきたものを<BREAK>みせてください<CMD>4980270064852700288027000080</CMD>",
			"\f"
		]
	},
	{
		"Index": 29,
		"JPN": [
			"では　もってきたものを<BREAK>みせてください<CMD>4980270064852700298027000080</CMD>",
			"\f"
		]
	},
	{
		"Index": 50,
		"JPN": [
			"<CMD>f481</CMD>くん<BREAK>{先生|せんせい}の　どのじゅぎょうを<BREAK>{受|う}けたくて？<CMD>2b802700008027000080</CMD>",
			"<CMD>13802700a587</CMD>",
			"\f"
		]
	},
	{
		"Index": 51,
		"JPN": [
			"<CMD>f481</CMD>くん<BREAK>{先生|せんせい}の　どのじゅぎょうを<BREAK>{受|う}けたくて？<CMD>2b802700008027000080</CMD>",
			"<CMD>13802700a587</CMD>",
			"\f"
		]
	},
	{
		"Index": 52,
		"JPN": [
			"<CMD>f481</CMD>くん<BREAK>{先生|せんせい}の　どのじゅぎょうを<BREAK>{受|う}けたくて？<CMD>2b802700008027000080</CMD>",
			"<CMD>13802700a587</CMD>",
			"\f"
		]
	},
	{
		"Index": 53,
		"JPN": [
			"<CMD>f481</CMD>くん<BREAK><CMD>008027000380</CMD>{王|おう}さま<CMD>008027000180</CMD>からいただいた<BREAK>お{店|みせ}には{行|い}ってきたかしら？",
			"まずは　お{店|みせ}のじゅんびを<BREAK>{終|お}わらせてね",
			"じゅぎょうをうけるのは<BREAK>それからでもおそくないってワケ",
			"\f"
		]
	},
	{
		"Index": 54,
		"JPN": [
			"それで　{先生|せんせい}に<BREAK>どんなようじなのかしら？",
			"<CMD>13802700a387</CMD>",
			"\f"
		]
	},
	{
		"Index": 55,
		"JPN": [
			"<CMD>3780</CMD>",
			"おはなしする<CMD>11802700cba9270001aa</CMD>",
			"しゅっせきひょう<CMD>13802700a487</CMD>",
			"やめる<CMD>1380270006aa</CMD>",
			"\f"
		]
	},
	{
		"Index": 56,
		"JPN": [
			"{出席表|しゅっせきひょう}のかくにんね<BREAK>こんなかんじかしら？<CMD>498027000a802700218027000180</CMD>",
			"\f"
		]
	},
	{
		"Index": 57,
		"JPN": [
			"<CMD>318027000480</CMD>",
			"\f"
		]
	},
	{
		"Index": 59,
		"JPN": [
			"<CMD>f481</CMD>は<BREAK>どのじゅぎょうを{受|う}けたいのかな？<CMD>2b802700008027000080</CMD>",
			"<CMD>318027000580</CMD>",
			"\f"
		]
	}
]