[
	{
		"Index": 0,
		"JPN": [
			"<CMD>49802700358027000280</CMD>",
			"\f"
		]
	},
	{
		"Index": 1,
		"JPN": [
			"<CMD>49802700358027000280</CMD>",
			"\f"
		]
	},
	{
		"Index": 2,
		"JPN": [
			"<CMD>18802700729b27000080</CMD><CMD>17802700729b2700088027000a8027000180</CMD><CMD>16802700729b27006981</CMD>おい！　チミ！<BREAK>チミだチミ！<CMD>f481</CMD>だろ？",
			"<CMD>18802700729b27000180</CMD><CMD>17802700729b270001802700048027000280</CMD><CMD>16802700729b27005581</CMD>ワシは　せかいじゅ<BREAK>よろしくなぁ！<BREAK>ウヒャヒャヒャヒャ！",
			"…あ～　ワシは<BREAK>この{町|まち}の　かんきょうを<BREAK>{見守|みまも}っている",
			"きれいにする{人|ひと}…<BREAK>よごす{人|ひと}…<BREAK>ワシはすべておみとおしだ！",
			"…もちろん<CMD>f481</CMD>の<BREAK>こともな！<BREAK>ウヒャヒャヒャヒャ！",
			"…あ～　まぁ<BREAK>その　{話|はなし}は<BREAK>{今度|こんど}するとして…",
			"\f"
		]
	},
	{
		"Index": 3,
		"JPN": [
			"<CMD>18802700729b27000080</CMD><CMD>17802700729b2700088027000a8027000180</CMD><CMD>16802700729b27006981</CMD>…ところで　{何|なに}を　{聞|き}きに<BREAK>きたんだ？　ん？",
			"<CMD>13802700158e</CMD>",
			"\f"
		]
	},
	{
		"Index": 4,
		"JPN": [
			"<CMD>18802700729b27000180</CMD><CMD>17802700729b270001802700048027000280</CMD><CMD>16802700729b27005581</CMD>ヨッ！<CMD>f481</CMD>！",
			"<CMD>18802700729b27000080</CMD><CMD>17802700729b2700088027000a8027000180</CMD><CMD>16802700729b27006981</CMD>…ところで　{何|なに}を　{聞|き}きに<BREAK>きたんだ？　ん？",
			"<CMD>13802700158e</CMD>",
			"\f"
		]
	},
	{
		"Index": 5,
		"JPN": [
			"<CMD>3780</CMD>",
			"しょくぶつのこえ<CMD>13802700ffff</CMD>",
			"やめる<CMD>13802700ffff</CMD>",
			"\f"
		]
	},
	{
		"Index": 6,
		"JPN": [
			"<CMD>18802700729b27000180</CMD><CMD>17802700729b270001802700048027000280</CMD><CMD>16802700729b27005581</CMD>{植物|しょくぶつ}たちの　こえを<BREAK>{聞|き}きたいってかい？<BREAK>ウヒャヒャヒャヒャ！",
			"…あ～　まぁ<BREAK>{聞|き}いてみっか",
			"\f"
		]
	},
	{
		"Index": 7,
		"JPN": [
			"<CMD>18802700729b27000680</CMD><CMD>17802700729b270001802700048027000080</CMD><CMD>16802700729b27007e81</CMD>…ふ～ん？<BREAK>…うんうん…あ～<BREAK>なるへそねぇ～　ウヒャヒャ！",
			"\f"
		]
	},
	{
		"Index": 8,
		"JPN": [
			"<CMD>18802700729b27000180</CMD><CMD>17802700729b270001802700048027000280</CMD><CMD>16802700729b27005581</CMD>あ～<BREAK>{木|き}や　{花|はな}の<BREAK>ウケはいいみたいだな",
			"<CMD>18802700729b27000180</CMD><CMD>17802700729b270001802700048027000280</CMD><CMD>16802700729b27005581</CMD>チミのおかげで<BREAK>イケテルかんきょうだってよ！<BREAK>ウヒャヒャヒャヒャ！",
			"…あ～　まぁ<BREAK>ワシからも　いちおう<BREAK>お{礼|れい}しとかんとね…",
			"<CMD>18802700729b27000180</CMD><CMD>17802700729b270001802700048027000280</CMD><CMD>16802700729b27005581</CMD>んじゃ　これな！　ほんのお{礼|れい}<BREAK>な！　えんりょしないで！　ホレ！<BREAK>ウヒャヒャヒャヒャ！",
			"\f"
		]
	},
	{
		"Index": 9,
		"JPN": [
			"…あ～　まぁ<BREAK>これからもがんばってくれや…",
			"\f"
		]
	},
	{
		"Index": 10,
		"JPN": [
			"<CMD>18802700729b27000780</CMD><CMD>17802700729b2700088027000a8027000180</CMD>あ～<BREAK>とびきり　{良|い}いわけでも<BREAK>{悪|わる}いわけでもねぇなあ…",
			"<CMD>18802700729b27000680</CMD><CMD>17802700729b270001802700048027000080</CMD><CMD>16802700729b27007e81</CMD>なんていうの？<BREAK>「イイヒトなんだけど…<BREAK>ものたりないのよね…」",
			"<CMD>18802700729b27000180</CMD><CMD>17802700729b270001802700048027000280</CMD><CMD>16802700729b27005581</CMD>…ってか？　てか？<BREAK>ウヒャヒャヒャヒャ！",
			"…あ～　まぁ<BREAK>もちっとだけキヅカイちゅうもんが<BREAK>ほしいわな…もちっとだけな",
			"\f"
		]
	},
	{
		"Index": 11,
		"JPN": [
			"<CMD>18802700729b27000280</CMD><CMD>17802700729b2700508027000a8027000280</CMD><CMD>16802700729b27007d81</CMD>あ～……<BREAK>…………………<BREAK>はなしにならねえ！！！！！！",
			"ゴミはすてる…<BREAK>くさは　のびほうだいだあ……？",
			"<CMD>f481</CMD>もなあ…<BREAK>もし　{自分|じぶん}の　{家|いえ}が<BREAK>きたなくされたらイヤだろ　なあ？",
			"{花|はな}や　{木|き}だって　おなじだ！！！",
			"<CMD>18802700729b27000680</CMD><CMD>17802700729b270001802700048027000080</CMD><CMD>16802700729b27007e81</CMD>…しっかりしてくれや<BREAK><CMD>f481</CMD>さんよ……？",
			"\f"
		]
	},
	{
		"Index": 12,
		"JPN": [
			"<CMD>18802700729b27000180</CMD><CMD>17802700729b270001802700048027000280</CMD><CMD>16802700729b27005581</CMD>そうか？<BREAK>また　{何|なに}かあったら<BREAK>いってくれや　ウヒャヒャ！",
			"\f"
		]
	},
	{
		"Index": 13,
		"JPN": [
			"<CMD>18802700729b27000180</CMD><CMD>17802700729b270001802700048027000280</CMD><CMD>16802700729b27005581</CMD>…ん？<BREAK>{持|も}ち{物|もの}いっぱいムネいっぱい<BREAK>ってか？てか？　ウヒャヒャ！",
			"あ～<BREAK>{持|も}ち{物|もの}を　{整理|せいり}してから<BREAK>また　{声|こえ}かけてくれや",
			"\f"
		]
	},
	{
		"Index": 14,
		"JPN": [
			"ちゃんと　{持|も}ち{物|もの}<BREAK>{整理|せいり}してきたか？　ん？",
			"\f"
		]
	},
	{
		"Index": 15,
		"JPN": [
			"<CMD>18802700729b27000180</CMD><CMD>17802700729b270001802700048027000280</CMD><CMD>16802700729b27005581</CMD>んじゃ　これな！　ほんのお{礼|れい}！<BREAK>な！　えんりょしないで！　ホレ！<BREAK>ウヒャヒャヒャヒャ！",
			"\f"
		]
	},
	{
		"Index": 16,
		"JPN": [
			"<CMD>18802700729b27000180</CMD><CMD>17802700729b270001802700048027000280</CMD><CMD>16802700729b27005581</CMD>あ～<BREAK>{木|き}や　{花|はな}の<BREAK>ウケはいいみたいだな",
			"<CMD>18802700729b27000180</CMD><CMD>17802700729b270001802700048027000280</CMD><CMD>16802700729b27005581</CMD>チミのおかげで<BREAK>イケテルかんきょうだってよ！<BREAK>ウヒャヒャヒャヒャ！",
			"\f"
		]
	}
]