[
	{
		"Index": 0,
		"JPN": [
			"<CMD>6480</CMD>耂聞",
			"\f"
		]
	},
	{
		"Index": 1,
		"JPN": [
			"<CMD>6480</CMD>耂聲聰",
			"\f"
		]
	},
	{
		"Index": 2,
		"JPN": [
			"<CMD>6480</CMD>耂肴聘",
			"\f"
		]
	},
	{
		"Index": 3,
		"JPN": [
			"<CMD>6480</CMD>耂耒聮",
			"\f"
		]
	},
	{
		"Index": 4,
		"JPN": [
			"<CMD>6480</CMD>耂胔耈",
			"\f"
		]
	},
	{
		"Index": 5,
		"JPN": [
			"<CMD>6480</CMD>耂耏聦",
			"\f"
		]
	},
	{
		"Index": 6,
		"JPN": [
			"<CMD>6480</CMD>聸耊",
			"\f"
		]
	},
	{
		"Index": 7,
		"JPN": [
			"<CMD>648027000180</CMD>聯腼腡",
			"<CMD>138027001390</CMD>",
			"\f"
		]
	},
	{
		"Index": 8,
		"JPN": [
			"<CMD>648027000180</CMD>聶腼腢",
			"<CMD>138027001490</CMD>",
			"\f"
		]
	},
	{
		"Index": 9,
		"JPN": [
			"<CMD>648027000180</CMD>聱腼腟",
			"<CMD>138027001590</CMD>",
			"\f"
		]
	},
	{
		"Index": 10,
		"JPN": [
			"<CMD>648027000180</CMD>肉腼腠",
			"<CMD>138027001690</CMD>",
			"\f"
		]
	},
	{
		"Index": 11,
		"JPN": [
			"<CMD>648027000180</CMD>腻腼腡",
			"<CMD>138027001790</CMD>",
			"\f"
		]
	},
	{
		"Index": 12,
		"JPN": [
			"<CMD>648027000180</CMD>腻腼腢",
			"<CMD>138027001890</CMD>",
			"\f"
		]
	},
	{
		"Index": 13,
		"JPN": [
			"<CMD>648027000180</CMD>腻腼腠",
			"<CMD>138027001990</CMD>",
			"\f"
		]
	},
	{
		"Index": 14,
		"JPN": [
			"<CMD>648027000180</CMD>腻腼腟",
			"<CMD>138027001a90</CMD>",
			"\f"
		]
	},
	{
		"Index": 15,
		"JPN": [
			"<CMD>378027000180</CMD>",
			"しおアイス<CMD>13802700ffff</CMD>",
			"イチゴジャム<CMD>13802700ffff</CMD>",
			"しおシャケ<CMD>13802700ffff</CMD>",
			"\f"
		]
	},
	{
		"Index": 16,
		"JPN": [
			"<CMD>378027000180</CMD>",
			"キムチ<CMD>13802700ffff</CMD>",
			"アップルパイ<CMD>13802700ffff</CMD>",
			"すづけキノコ<CMD>13802700ffff</CMD>",
			"\f"
		]
	},
	{
		"Index": 17,
		"JPN": [
			"<CMD>378027000180</CMD>",
			"レモンアイス<CMD>13802700ffff</CMD>",
			"キムチ<CMD>13802700ffff</CMD>",
			"イチゴジャム<CMD>13802700ffff</CMD>",
			"\f"
		]
	},
	{
		"Index": 18,
		"JPN": [
			"<CMD>378027000180</CMD>",
			"レモン<CMD>13802700ffff</CMD>",
			"しおシャケ<CMD>13802700ffff</CMD>",
			"キムチ<CMD>13802700ffff</CMD>",
			"\f"
		]
	},
	{
		"Index": 19,
		"JPN": [
			"<CMD>378027000180</CMD>",
			"しおシャケ<CMD>13802700ffff</CMD>",
			"イチゴジャム<CMD>13802700ffff</CMD>",
			"しおアイス<CMD>13802700ffff</CMD>",
			"\f"
		]
	},
	{
		"Index": 20,
		"JPN": [
			"<CMD>378027000180</CMD>",
			"キムチ<CMD>13802700ffff</CMD>",
			"イチゴジャム<CMD>13802700ffff</CMD>",
			"レモンアイス<CMD>13802700ffff</CMD>",
			"\f"
		]
	},
	{
		"Index": 21,
		"JPN": [
			"<CMD>378027000180</CMD>",
			"キムチ<CMD>13802700ffff</CMD>",
			"レモンアイス<CMD>13802700ffff</CMD>",
			"わさびクレープ<CMD>13802700ffff</CMD>",
			"\f"
		]
	},
	{
		"Index": 22,
		"JPN": [
			"<CMD>378027000180</CMD>",
			"しおアイス<CMD>13802700ffff</CMD>",
			"しおシャケ<CMD>13802700ffff</CMD>",
			"アップルパイ<CMD>13802700ffff</CMD>",
			"\f"
		]
	},
	{
		"Index": 23,
		"JPN": [
			"<CMD>6480</CMD>聘聟耊",
			"\f"
		]
	},
	{
		"Index": 24,
		"JPN": [
			"<CMD>6480</CMD>耉耉耉",
			"\f"
		]
	},
	{
		"Index": 25,
		"JPN": [
			"<CMD>6480</CMD>耆耆耆",
			"\f"
		]
	},
	{
		"Index": 26,
		"JPN": [
			"<CMD>6480</CMD>耇耇耇",
			"\f"
		]
	},
	{
		"Index": 27,
		"JPN": [
			"<CMD>6480</CMD>耈耈耈",
			"\f"
		]
	},
	{
		"Index": 28,
		"JPN": [
			"<CMD>6480</CMD>耇耇耇",
			"\f"
		]
	},
	{
		"Index": 29,
		"JPN": [
			"<CMD>6480</CMD>肤聩",
			"\f"
		]
	},
	{
		"Index": 30,
		"JPN": [
			"<CMD>6480</CMD>耂聞",
			"\f"
		]
	},
	{
		"Index": 31,
		"JPN": [
			"<CMD>6480</CMD>耂聲聰",
			"\f"
		]
	},
	{
		"Index": 32,
		"JPN": [
			"<CMD>6480</CMD>耂肴聘",
			"\f"
		]
	},
	{
		"Index": 33,
		"JPN": [
			"<CMD>6480</CMD>耂耒聮",
			"\f"
		]
	},
	{
		"Index": 34,
		"JPN": [
			"<CMD>6480</CMD>耂胔耈",
			"\f"
		]
	},
	{
		"Index": 35,
		"JPN": [
			"<CMD>6480</CMD>耂耏聦",
			"\f"
		]
	},
	{
		"Index": 36,
		"JPN": [
			"<CMD>6480</CMD>聸耊",
			"\f"
		]
	},
	{
		"Index": 37,
		"JPN": [
			"<CMD>648027000180</CMD>聯腼腡",
			"<CMD>138027001390</CMD>",
			"\f"
		]
	},
	{
		"Index": 38,
		"JPN": [
			"<CMD>648027000180</CMD>聶腼腢",
			"<CMD>138027001490</CMD>",
			"\f"
		]
	},
	{
		"Index": 39,
		"JPN": [
			"<CMD>648027000180</CMD>聱腼腟",
			"<CMD>138027001590</CMD>",
			"\f"
		]
	},
	{
		"Index": 40,
		"JPN": [
			"<CMD>648027000180</CMD>肉腼腠",
			"<CMD>138027001690</CMD>",
			"\f"
		]
	},
	{
		"Index": 41,
		"JPN": [
			"<CMD>648027000180</CMD>腻腼腡",
			"<CMD>138027001790</CMD>",
			"\f"
		]
	},
	{
		"Index": 42,
		"JPN": [
			"<CMD>648027000180</CMD>腻腼腢",
			"<CMD>138027001890</CMD>",
			"\f"
		]
	},
	{
		"Index": 43,
		"JPN": [
			"<CMD>648027000180</CMD>腻腼腠",
			"<CMD>138027001990</CMD>",
			"\f"
		]
	},
	{
		"Index": 44,
		"JPN": [
			"<CMD>648027000180</CMD>腻腼腟",
			"<CMD>138027001a90</CMD>",
			"\f"
		]
	},
	{
		"Index": 45,
		"JPN": [
			"<CMD>378027000180</CMD>",
			"しおアイス<CMD>13802700ffff</CMD>",
			"イチゴジャム<CMD>13802700ffff</CMD>",
			"しおシャケ<CMD>13802700ffff</CMD>",
			"\f"
		]
	},
	{
		"Index": 46,
		"JPN": [
			"<CMD>378027000180</CMD>",
			"キムチ<CMD>13802700ffff</CMD>",
			"アップルパイ<CMD>13802700ffff</CMD>",
			"すづけキノコ<CMD>13802700ffff</CMD>",
			"\f"
		]
	},
	{
		"Index": 47,
		"JPN": [
			"<CMD>378027000180</CMD>",
			"レモンアイス<CMD>13802700ffff</CMD>",
			"キムチ<CMD>13802700ffff</CMD>",
			"イチゴジャム<CMD>13802700ffff</CMD>",
			"\f"
		]
	},
	{
		"Index": 48,
		"JPN": [
			"<CMD>378027000180</CMD>",
			"レモン<CMD>13802700ffff</CMD>",
			"しおシャケ<CMD>13802700ffff</CMD>",
			"キムチ<CMD>13802700ffff</CMD>",
			"\f"
		]
	},
	{
		"Index": 49,
		"JPN": [
			"<CMD>378027000180</CMD>",
			"しおシャケ<CMD>13802700ffff</CMD>",
			"イチゴジャム<CMD>13802700ffff</CMD>",
			"しおアイス<CMD>13802700ffff</CMD>",
			"\f"
		]
	},
	{
		"Index": 50,
		"JPN": [
			"<CMD>378027000180</CMD>",
			"キムチ<CMD>13802700ffff</CMD>",
			"イチゴジャム<CMD>13802700ffff</CMD>",
			"レモンアイス<CMD>13802700ffff</CMD>",
			"\f"
		]
	},
	{
		"Index": 51,
		"JPN": [
			"<CMD>378027000180</CMD>",
			"キムチ<CMD>13802700ffff</CMD>",
			"レモンアイス<CMD>13802700ffff</CMD>",
			"わさびクレープ<CMD>13802700ffff</CMD>",
			"\f"
		]
	},
	{
		"Index": 52,
		"JPN": [
			"<CMD>378027000180</CMD>",
			"しおアイス<CMD>13802700ffff</CMD>",
			"しおシャケ<CMD>13802700ffff</CMD>",
			"アップルパイ<CMD>13802700ffff</CMD>",
			"\f"
		]
	},
	{
		"Index": 53,
		"JPN": [
			"<CMD>6480</CMD>聘聟耊",
			"\f"
		]
	},
	{
		"Index": 54,
		"JPN": [
			"<CMD>6480</CMD>耉耉耉",
			"\f"
		]
	},
	{
		"Index": 55,
		"JPN": [
			"<CMD>6480</CMD>耆耆耆",
			"\f"
		]
	},
	{
		"Index": 56,
		"JPN": [
			"<CMD>6480</CMD>耇耇耇",
			"\f"
		]
	},
	{
		"Index": 57,
		"JPN": [
			"<CMD>6480</CMD>耈耈耈",
			"\f"
		]
	},
	{
		"Index": 58,
		"JPN": [
			"<CMD>6480</CMD>耇耇耇",
			"\f"
		]
	},
	{
		"Index": 59,
		"JPN": [
			"<CMD>6480</CMD>肤聩",
			"\f"
		]
	},
	{
		"Index": 65,
		"JPN": [
			"{子|こ}どもたちとはぐれてしまった…",
			"\f"
		]
	},
	{
		"Index": 66,
		"JPN": [
			"もう　{日|ひ}がくれる{時間|じかん}だ…",
			"\f"
		]
	},
	{
		"Index": 67,
		"JPN": [
			"{日|ひ}がくれてしまった…",
			"\f"
		]
	}
]