[
	{
		"Index": 0,
		"JPN": [
			"<CMD>118027009e932700a393</CMD>",
			"\f"
		]
	},
	{
		"Index": 1,
		"JPN": [
			"<CMD>118027009e932700a393</CMD>",
			"\f"
		]
	},
	{
		"Index": 2,
		"JPN": [
			"<CMD>118027009e932700a393</CMD>",
			"\f"
		]
	},
	{
		"Index": 3,
		"JPN": [
			"<CMD>118027009e932700a393</CMD>",
			"\f"
		]
	},
	{
		"Index": 4,
		"JPN": [
			"<CMD>118027009e932700a393</CMD>",
			"\f"
		]
	},
	{
		"Index": 5,
		"JPN": [
			"<CMD>118027009e932700a393</CMD>",
			"\f"
		]
	},
	{
		"Index": 6,
		"JPN": [
			"<CMD>118027009e932700a393</CMD>",
			"\f"
		]
	},
	{
		"Index": 7,
		"JPN": [
			"<CMD>118027009e932700a393</CMD>",
			"\f"
		]
	},
	{
		"Index": 8,
		"JPN": [
			"<CMD>118027009e932700a393</CMD>",
			"\f"
		]
	},
	{
		"Index": 9,
		"JPN": [
			"<CMD>118027009e932700a393</CMD>",
			"\f"
		]
	},
	{
		"Index": 10,
		"JPN": [
			"<CMD>118027009e932700a393</CMD>",
			"\f"
		]
	},
	{
		"Index": 11,
		"JPN": [
			"<CMD>118027009e932700a393</CMD>",
			"\f"
		]
	},
	{
		"Index": 12,
		"JPN": [
			"<CMD>118027009e932700a393</CMD>",
			"\f"
		]
	},
	{
		"Index": 13,
		"JPN": [
			"<CMD>118027009e932700a393</CMD>",
			"\f"
		]
	},
	{
		"Index": 14,
		"JPN": [
			"<CMD>118027001c9427001d94</CMD>",
			"\f"
		]
	},
	{
		"Index": 15,
		"JPN": [
			"<CMD>118027009e932700a393</CMD>",
			"\f"
		]
	},
	{
		"Index": 16,
		"JPN": [
			"<CMD>118027009e932700a393</CMD>",
			"\f"
		]
	},
	{
		"Index": 17,
		"JPN": [
			"<CMD>118027009e932700a393</CMD>",
			"\f"
		]
	},
	{
		"Index": 18,
		"JPN": [
			"<CMD>118027009e932700a393</CMD>",
			"\f"
		]
	},
	{
		"Index": 19,
		"JPN": [
			"<CMD>118027009e932700a393</CMD>",
			"\f"
		]
	},
	{
		"Index": 20,
		"JPN": [
			"<CMD>118027009e932700a393</CMD>",
			"\f"
		]
	},
	{
		"Index": 21,
		"JPN": [
			"<CMD>118027009e932700a393</CMD>",
			"\f"
		]
	},
	{
		"Index": 22,
		"JPN": [
			"<CMD>118027009e932700a393</CMD>",
			"\f"
		]
	},
	{
		"Index": 23,
		"JPN": [
			"<CMD>118027009e932700a393</CMD>",
			"\f"
		]
	},
	{
		"Index": 24,
		"JPN": [
			"<CMD>118027009e932700a393</CMD>",
			"\f"
		]
	},
	{
		"Index": 25,
		"JPN": [
			"<CMD>118027009e932700a393</CMD>",
			"\f"
		]
	},
	{
		"Index": 26,
		"JPN": [
			"<CMD>118027009e932700a393</CMD>",
			"\f"
		]
	},
	{
		"Index": 27,
		"JPN": [
			"<CMD>118027009e932700a393</CMD>",
			"\f"
		]
	},
	{
		"Index": 28,
		"JPN": [
			"<CMD>118027009e932700a393</CMD>",
			"\f"
		]
	},
	{
		"Index": 29,
		"JPN": [
			"<CMD>118027009e932700a393</CMD>",
			"\f"
		]
	},
	{
		"Index": 30,
		"JPN": [
			"<CMD>118027009e932700a393</CMD>",
			"\f"
		]
	},
	{
		"Index": 31,
		"JPN": [
			"<CMD>118027009e932700a393</CMD>",
			"\f"
		]
	},
	{
		"Index": 32,
		"JPN": [
			"<CMD>118027009e932700a393</CMD>",
			"\f"
		]
	},
	{
		"Index": 33,
		"JPN": [
			"<CMD>118027009e932700a393</CMD>",
			"\f"
		]
	},
	{
		"Index": 34,
		"JPN": [
			"<CMD>118027009e932700a393</CMD>",
			"\f"
		]
	},
	{
		"Index": 35,
		"JPN": [
			"<CMD>118027009e932700a393</CMD>",
			"\f"
		]
	},
	{
		"Index": 36,
		"JPN": [
			"<CMD>118027009e932700a393</CMD>",
			"\f"
		]
	},
	{
		"Index": 37,
		"JPN": [
			"<CMD>11802700929327009793</CMD>",
			"\f"
		]
	},
	{
		"Index": 38,
		"JPN": [
			"<CMD>11802700929327009793</CMD>",
			"\f"
		]
	},
	{
		"Index": 39,
		"JPN": [
			"<CMD>118027001c9427001d94</CMD>",
			"\f"
		]
	},
	{
		"Index": 40,
		"JPN": [
			"<CMD>11802700929327009793</CMD>",
			"\f"
		]
	},
	{
		"Index": 41,
		"JPN": [
			"<CMD>11802700989327009d93</CMD>",
			"\f"
		]
	},
	{
		"Index": 42,
		"JPN": [
			"<CMD>11802700989327009d93</CMD>",
			"\f"
		]
	},
	{
		"Index": 43,
		"JPN": [
			"<CMD>118027001c9427001d94</CMD>",
			"\f"
		]
	},
	{
		"Index": 44,
		"JPN": [
			"<CMD>11802700989327009d93</CMD>",
			"\f"
		]
	},
	{
		"Index": 46,
		"JPN": [
			"<CMD>11802700209427002394</CMD>",
			"\f"
		]
	},
	{
		"Index": 47,
		"JPN": [
			"{今|いま}の{流行|りゅうこう}でございますか？<BREAK>やはり　{当店|とうてん}のイチオシは<BREAK>ソウルミュージックでございますね",
			"まさに<BREAK>たましいが　ゆさぶられる<BREAK>{一曲|１きょく}でございます",
			"ひとたび{聞|き}けば<BREAK>はずかしながら　このわたくしも<BREAK>ついおどりだしてしまうほどですよ",
			"ぜひ　おためしくださいませ<BREAK>ぜったいに　ソンはさせません",
			"\f"
		]
	},
	{
		"Index": 48,
		"JPN": [
			"<CMD>11802700209427002394</CMD>",
			"\f"
		]
	},
	{
		"Index": 49,
		"JPN": [
			"ああ　<CMD>f481</CMD>さん<BREAK><CMD>008027000480</CMD><CMD>fb8127005483</CMD><CMD>008027000180</CMD><BREAK>の　じゅんびはできましたか？",
			"わたくしは　もちろん<BREAK>じゅんびばんたんですよ",
			"\f"
		]
	},
	{
		"Index": 50,
		"JPN": [
			"もうしわけございません<BREAK>{通信|つうしん}{中|ちゅう}は<BREAK>ご{利用|りよう}できません",
			"\f"
		]
	},
	{
		"Index": 52,
		"JPN": [
			"<CMD>18802700729b27000180</CMD><CMD>17802700729b270001802700048027000280</CMD><CMD>16802700729b27005581</CMD>こちらではさまざまな<BREAK>しゅるいのがっきを<BREAK>{取|と}りあつかっております",
			"お{客|きゃく}さまの{大切|たいせつ}な{人|ひと}に<BREAK>{音楽|おんがく}のプレゼントなどは<BREAK>いかがでしょうか？",
			"\f"
		]
	},
	{
		"Index": 53,
		"JPN": [
			"<CMD>18802700729b27000080</CMD><CMD>17802700729b2700088027000a8027000180</CMD><CMD>16802700729b27006981</CMD>お{客|きゃく}さまはさいきん<BREAK>おつかれではありませんか？",
			"ご{自分|じぶん}のお{部屋|へや}で<BREAK>のんびり{音楽|おんがく}をきいて<BREAK>リラックスされてはいかがでしょう",
			"\f"
		]
	},
	{
		"Index": 54,
		"JPN": [
			"{当店|とうてん}では<BREAK>ＣＤのごちゅうもんも<BREAK>うけたまわって　おります",
			"<CMD>18802700729b27000180</CMD><CMD>17802700729b270001802700048027000280</CMD><CMD>16802700729b27005581</CMD>{気|き}になるＣＤがありましたら<BREAK>なんなりとおもうしつけください",
			"\f"
		]
	},
	{
		"Index": 55,
		"JPN": [
			"<CMD>18802700729b27000080</CMD><CMD>17802700729b2700088027000a8027000180</CMD><CMD>16802700729b27006981</CMD>お{友|とも}だちといっしょに<BREAK>{新|あたら}しいがっきでセッション<BREAK>というのはどうでしょう？",
			"<CMD>18802700729b27000180</CMD><CMD>17802700729b270001802700048027000280</CMD><CMD>16802700729b27005581</CMD>お{友|とも}だちとの<BREAK>かんけいもふかまるに<BREAK>ちがいありません",
			"\f"
		]
	},
	{
		"Index": 69,
		"JPN": [
			"おや？ごちゅうもんの<BREAK>キャンセルですね？",
			"それではお{預|あず}かりしていた<BREAK>1000リッチを<BREAK>お{返|かえ}しいたしますね",
			"\f"
		]
	},
	{
		"Index": 70,
		"JPN": [
			"<CMD>3780</CMD>",
			"おはなしする<CMD>11802700db9327001094</CMD>",
			"この{曲|きょく}ほしい<CMD>108027003d9427001e94</CMD>",
			"やめる<CMD>138027004d94</CMD>",
			"\f"
		]
	},
	{
		"Index": 71,
		"JPN": [
			"<CMD>3780</CMD>",
			"おはなしする<CMD>11802700db9327001094</CMD>",
			"{曲|きょく}の{受|う}け{取|と}り<CMD>10802700379427001e94</CMD>",
			"やめる<CMD>138027004d94</CMD>",
			"\f"
		]
	},
	{
		"Index": 72,
		"JPN": [
			"{曲|きょく}の{受|う}け{取|と}りですね？<BREAK>お{待|ま}ちしておりました",
			"こちらがごちゅうもんの<BREAK><CMD>218227000180</CMD><BREAK>になります",
			"\f"
		]
	},
	{
		"Index": 73,
		"JPN": [
			"<CMD>18802700729b27000180</CMD><CMD>17802700729b270001802700048027000280</CMD><CMD>16802700729b27005581</CMD>またのご{利用|りよう}<BREAK>お{待|ま}ちしております",
			"\f"
		]
	},
	{
		"Index": 74,
		"JPN": [
			"<CMD>18802700729b27000580</CMD><CMD>17802700729b270001802700048027000080</CMD><CMD>16802700729b27005681</CMD>おや？<BREAK>すでにそのＣＤは<BREAK>お{持|も}ちみたいですよ？",
			"\f"
		]
	},
	{
		"Index": 75,
		"JPN": [
			"<CMD>49802700d3802700608027000180</CMD>",
			"\f"
		]
	},
	{
		"Index": 79,
		"JPN": [
			"<CMD>158027001882</CMD>それでは<BREAK><CMD>008027000480</CMD>1000<CMD>008027000180</CMD>リッチいただきます",
			"\f"
		]
	},
	{
		"Index": 80,
		"JPN": [
			"<CMD>18802700729b27000080</CMD><CMD>17802700729b2700088027000a8027000180</CMD><CMD>16802700729b27006981</CMD>そちらのしょうひんを<BREAK>お{買|か}い{求|もと}めでしょうか？",
			"そちらは<BREAK><CMD>218227000080</CMD>で<BREAK><CMD>008027000480</CMD>1000<CMD>008027000180</CMD>リッチでございます",
			"<CMD>138027004794</CMD>",
			"\f"
		]
	},
	{
		"Index": 81,
		"JPN": [
			"<CMD>18802700729b27000780</CMD><CMD>17802700729b2700088027000a8027000180</CMD>もうしわけございません<BREAK>ただいま{別|べつ}のＣＤを<BREAK>とりよせちゅうです",
			"\f"
		]
	},
	{
		"Index": 82,
		"JPN": [
			"<CMD>18802700729b27000180</CMD><CMD>17802700729b270001802700048027000280</CMD><CMD>16802700729b27005581</CMD>ここのフロアでは<BREAK>かべがみじゅうたんを<BREAK>{取|と}りあつかっております",
			"\f"
		]
	},
	{
		"Index": 83,
		"JPN": [
			"<CMD>18802700729b27000180</CMD><CMD>17802700729b270001802700048027000280</CMD><CMD>16802700729b27005581</CMD>このフロアでは<BREAK>がっきＣＤなどを<BREAK>{取|と}りあつかっております",
			"\f"
		]
	},
	{
		"Index": 84,
		"JPN": [
			"<CMD>18802700729b27000180</CMD><CMD>17802700729b270001802700048027000280</CMD><CMD>16802700729b27005581</CMD>ほんじつの<BREAK>ご{来店|らいてん}まことに<BREAK>ありがとうございました",
			"<CMD>18802700729b27000780</CMD><CMD>17802700729b2700088027000a8027000180</CMD>{大変|たいへん}もうしわけございませんが<BREAK>ほんじつは　えいぎょうを<BREAK>しゅうりょうさせていただきます",
			"<CMD>18802700729b27000180</CMD><CMD>17802700729b270001802700048027000280</CMD><CMD>16802700729b27005581</CMD>またのご{来店|らいてん}<BREAK>こころよりおまちしております",
			"\f"
		]
	},
	{
		"Index": 85,
		"JPN": [
			"<CMD>18802700729b27000080</CMD><CMD>17802700729b2700088027000a8027000180</CMD><CMD>16802700729b27006981</CMD>ＣＤのちゅうもんで<BREAK>ございますね？<CMD>49802700d38027005f8027000180</CMD>",
			"\f"
		]
	},
	{
		"Index": 86,
		"JPN": [
			"<CMD>18802700729b27000080</CMD><CMD>17802700729b2700088027000a8027000180</CMD><CMD>16802700729b27006981</CMD>ＣＤのちゅうもんは<BREAK><CMD>008027000480</CMD>1000<CMD>008027000180</CMD>リッチですが<BREAK>よろしいでしょうか？",
			"<CMD>138027004394</CMD>",
			"\f"
		]
	},
	{
		"Index": 87,
		"JPN": [
			"<CMD>3780</CMD>",
			"ちゅうもんする<CMD>13802700ffff</CMD>",
			"やめる<CMD>13802700ffff</CMD>",
			"\f"
		]
	},
	{
		"Index": 88,
		"JPN": [
			"<CMD>18802700729b27000080</CMD><CMD>17802700729b2700088027000a8027000180</CMD><CMD>16802700729b27006981</CMD>それでは　どちらの{曲|きょく}を<BREAK>ちゅうもんいたしますか？",
			"\f"
		]
	},
	{
		"Index": 89,
		"JPN": [
			"<CMD>18802700729b27000080</CMD><CMD>17802700729b2700088027000a8027000180</CMD><CMD>16802700729b27006981</CMD>その{曲|きょく}は…<BREAK><CMD>218227000080</CMD>ですね？",
			"<CMD>158027001882</CMD><CMD>3a80270018fc</CMD>それでは<BREAK><CMD>218227000080</CMD>を<BREAK>ちゅうもんいたします",
			"\f"
		]
	},
	{
		"Index": 90,
		"JPN": [
			"<CMD>18802700729b27000080</CMD><CMD>17802700729b2700088027000a8027000180</CMD><CMD>16802700729b27006981</CMD>そちらのしょうひんを<BREAK>お{買|か}い{求|もと}めでしょうか？",
			"そちらは<BREAK><CMD>1c8227000480</CMD>で<BREAK><CMD>1d8227000480</CMD>リッチでございます",
			"<CMD>138027004794</CMD>",
			"\f"
		]
	},
	{
		"Index": 91,
		"JPN": [
			"<CMD>3780</CMD>",
			"かう<CMD>13802700ffff</CMD>",
			"かわない<CMD>138027004b94</CMD>",
			"\f"
		]
	},
	{
		"Index": 92,
		"JPN": [
			"<CMD>18802700729b27000180</CMD><CMD>17802700729b270001802700048027000280</CMD><CMD>16802700729b27005581</CMD>お{買|か}い{求|もと}めですね<BREAK>ありがとうございます",
			"\f"
		]
	},
	{
		"Index": 93,
		"JPN": [
			"<CMD>158027001882</CMD>それでは<BREAK><CMD>1d8227000480</CMD>リッチいただきます",
			"\f"
		]
	},
	{
		"Index": 94,
		"JPN": [
			"<CMD>18802700729b27000380</CMD><CMD>17802700729b270001802700048027000080</CMD><CMD>16802700729b27003081</CMD>おや？<BREAK>リッチが　たりないようですね",
			"たいへんもうしわけありませんが<BREAK>それではお{売|う}りすることが<BREAK>できません",
			"\f"
		]
	},
	{
		"Index": 95,
		"JPN": [
			"そうですか<BREAK>ほかにご{用|よう}がありましたら<BREAK>おこえをかけてください",
			"\f"
		]
	},
	{
		"Index": 96,
		"JPN": [
			"おや？<BREAK>{持|も}ち{物|もの}がいっぱいのようですね",
			"<CMD>18802700729b27000180</CMD><CMD>17802700729b270001802700048027000280</CMD><CMD>16802700729b27005581</CMD>{持|も}ち{物|もの}をどこかに<BREAK>おいてきてはいかがでしょうか？",
			"\f"
		]
	},
	{
		"Index": 97,
		"JPN": [
			"<CMD>18802700729b27000380</CMD><CMD>17802700729b270001802700048027000080</CMD><CMD>16802700729b27003081</CMD>そうですか<BREAK>ゆっくりごらんに<BREAK>なってください",
			"\f"
		]
	},
	{
		"Index": 98,
		"JPN": [
			"<CMD>18802700729b27000180</CMD><CMD>17802700729b270001802700048027000280</CMD><CMD>16802700729b27005581</CMD>いらっしゃいませ<BREAK><CMD>008027000580</CMD>ハロゲンデパート<CMD>008027000180</CMD>へ<BREAK>ようこそ",
			"\f"
		]
	},
	{
		"Index": 99,
		"JPN": [
			"<CMD>18802700729b27000180</CMD><CMD>17802700729b270001802700048027000280</CMD><CMD>16802700729b27005581</CMD>おかえりですか？<BREAK>またのご{利用|りよう}を<BREAK>おまちしております",
			"\f"
		]
	}
]