[
	{
		"Index": 0,
		"JPN": [
			"<CMD>18802700729b27000180</CMD><CMD>17802700729b270001802700048027000280</CMD><CMD>16802700729b27005581</CMD>あけまして　おめでとうさぁ<BREAK><CMD>f481</CMD>",
			"そうそう",
			"はい<BREAK><CMD>158027001882</CMD>お{年玉|としだま}さぁ<CMD>3a8027006480</CMD>",
			"<CMD>18802700729b27000180</CMD><CMD>17802700729b270001802700048027000280</CMD><CMD>16802700729b27005581</CMD>{今年|ことし}も<BREAK>たくさん　{買|か}い{物|もの}に<BREAK>{来|き}てくれよぉ<CMD>4d8027000181270031832700038127004083</CMD>",
			"\f"
		]
	},
	{
		"Index": 3,
		"JPN": [
			"<CMD>18802700729b27000080</CMD><CMD>17802700729b2700088027000a8027000180</CMD><CMD>16802700729b27006981</CMD>さてさて<BREAK>きょうは　どうしたのかねぇ？",
			"<CMD>128027000180</CMD>",
			"\f"
		]
	},
	{
		"Index": 4,
		"JPN": [
			"<CMD>3780</CMD>",
			"おはなしする<CMD>11802700559427006294</CMD>",
			"うりたい<CMD>138027000a95</CMD>",
			"ほしい<CMD>13802700ee94</CMD>",
			"バイトする<CMD>10802700d9942700e994</CMD>",
			"やめる<CMD>138027001595</CMD>",
			"\f"
		]
	},
	{
		"Index": 5,
		"JPN": [
			"<CMD>11802700aa942700d194</CMD>",
			"\f"
		]
	},
	{
		"Index": 6,
		"JPN": [
			"<CMD>11802700929427009594</CMD>",
			"\f"
		]
	},
	{
		"Index": 7,
		"JPN": [
			"<CMD>11802700929427009594</CMD>",
			"\f"
		]
	},
	{
		"Index": 8,
		"JPN": [
			"<CMD>11802700929427009594</CMD>",
			"\f"
		]
	},
	{
		"Index": 9,
		"JPN": [
			"<CMD>11802700969427009794</CMD>",
			"\f"
		]
	},
	{
		"Index": 10,
		"JPN": [
			"<CMD>118027009a9427009b94</CMD>",
			"\f"
		]
	},
	{
		"Index": 11,
		"JPN": [
			"<CMD>11802700989427009994</CMD>",
			"\f"
		]
	},
	{
		"Index": 12,
		"JPN": [
			"<CMD>11802700aa942700d194</CMD>",
			"\f"
		]
	},
	{
		"Index": 15,
		"JPN": [
			"<CMD>18802700729b27000080</CMD><CMD>17802700729b2700088027000a8027000180</CMD><CMD>16802700729b27006981</CMD>いらっしゃい<BREAK>なにかおさがしかい？",
			"\f"
		]
	},
	{
		"Index": 16,
		"JPN": [
			"<CMD>18802700729b27000180</CMD><CMD>17802700729b270001802700048027000280</CMD><CMD>16802700729b27005581</CMD>はい　ありがとう",
			"\f"
		]
	},
	{
		"Index": 19,
		"JPN": [
			"いま<CMD>008027000480</CMD><CMD>fb812700f383</CMD><CMD>008027000180</CMD>を<BREAK>{作|つく}るのに",
			"ひつような　ざいりょうが<BREAK>{足|た}りなくてこまっているんだよぉ",
			"<CMD>008027000480</CMD><CMD>fb812700f581</CMD><CMD>008027000180</CMD>と<BREAK><CMD>008027000480</CMD><CMD>fb812700f781</CMD><CMD>008027000180</CMD>と<BREAK><CMD>008027000480</CMD><CMD>fb8127000982</CMD><CMD>008027000180</CMD>",
			"\f"
		]
	},
	{
		"Index": 20,
		"JPN": [
			"いま<CMD>008027000480</CMD><CMD>fb812700f383</CMD><CMD>008027000180</CMD>を<BREAK>{作|つく}るのに",
			"ひつような　ざいりょうが<BREAK>{足|た}りなくてこまっているんだよぉ",
			"<CMD>008027000480</CMD><CMD>fb812700f581</CMD><CMD>008027000180</CMD>と<BREAK><CMD>008027000480</CMD><CMD>fb8127000982</CMD><CMD>008027000180</CMD>と<BREAK><CMD>008027000480</CMD><CMD>fb8127000882</CMD><CMD>008027000180</CMD>",
			"\f"
		]
	},
	{
		"Index": 21,
		"JPN": [
			"いま<CMD>008027000480</CMD><CMD>fb812700f383</CMD><CMD>008027000180</CMD>を<BREAK>{作|つく}るのに",
			"ひつような　ざいりょうが<BREAK>{足|た}りなくてこまっているんだよぉ",
			"<CMD>008027000480</CMD><CMD>fb8127000082</CMD><CMD>008027000180</CMD>と<BREAK><CMD>008027000480</CMD><CMD>fb8127000982</CMD><CMD>008027000180</CMD>と<BREAK><CMD>008027000480</CMD><CMD>fb8127000482</CMD><CMD>008027000180</CMD>",
			"\f"
		]
	},
	{
		"Index": 22,
		"JPN": [
			"いま<CMD>008027000480</CMD><CMD>fb812700f383</CMD><CMD>008027000180</CMD>を<BREAK>{作|つく}るのに",
			"ひつような　ざいりょうが<BREAK>{足|た}りなくてこまっているんだよぉ",
			"<CMD>008027000480</CMD><CMD>fb812700f581</CMD><CMD>008027000180</CMD>と<BREAK><CMD>008027000480</CMD><CMD>fb8127000482</CMD><CMD>008027000180</CMD>と<BREAK><CMD>008027000480</CMD><CMD>fb8127000882</CMD><CMD>008027000180</CMD>",
			"\f"
		]
	},
	{
		"Index": 23,
		"JPN": [
			"いま<CMD>008027000480</CMD><CMD>fb812700f483</CMD><CMD>008027000180</CMD>を<BREAK>{作|つく}るのに",
			"ひつような　ざいりょうが<BREAK>{足|た}りなくてこまっているんだよぉ",
			"<CMD>008027000480</CMD><CMD>fb812700fa81</CMD><CMD>008027000180</CMD>と<BREAK><CMD>008027000480</CMD><CMD>fb812700ff81</CMD><CMD>008027000180</CMD>と<BREAK><CMD>008027000480</CMD><CMD>fb8127000182</CMD><CMD>008027000180</CMD>",
			"\f"
		]
	},
	{
		"Index": 24,
		"JPN": [
			"いま<CMD>008027000480</CMD><CMD>fb812700f483</CMD><CMD>008027000180</CMD>を<BREAK>{作|つく}るのに",
			"ひつような　ざいりょうが<BREAK>{足|た}りなくてこまっているんだよぉ",
			"<CMD>008027000480</CMD><CMD>fb812700fa81</CMD><CMD>008027000180</CMD>と<BREAK><CMD>008027000480</CMD><CMD>fb812700ff81</CMD><CMD>008027000180</CMD>と<BREAK><CMD>008027000480</CMD><CMD>fb8127000182</CMD><CMD>008027000180</CMD>",
			"\f"
		]
	},
	{
		"Index": 25,
		"JPN": [
			"いま<CMD>008027000480</CMD><CMD>fb812700f483</CMD><CMD>008027000180</CMD>を<BREAK>{作|つく}るのに",
			"ひつような　ざいりょうが<BREAK>{足|た}りなくてこまっているんだよぉ",
			"<CMD>008027000480</CMD><CMD>fb812700f681</CMD><CMD>008027000180</CMD>と<BREAK><CMD>008027000480</CMD><CMD>fb812700f881</CMD><CMD>008027000180</CMD>と<BREAK><CMD>008027000480</CMD><CMD>fb812700fe81</CMD><CMD>008027000180</CMD>",
			"\f"
		]
	},
	{
		"Index": 26,
		"JPN": [
			"いま<CMD>008027000480</CMD><CMD>fb812700f483</CMD><CMD>008027000180</CMD>を<BREAK>{作|つく}るのに",
			"ひつような　ざいりょうが<BREAK>{足|た}りなくてこまっているんだよぉ",
			"<CMD>008027000480</CMD><CMD>fb812700f881</CMD><CMD>008027000180</CMD>と<BREAK><CMD>008027000480</CMD><CMD>fb812700fe81</CMD><CMD>008027000180</CMD>と<BREAK><CMD>008027000480</CMD><CMD>fb8127000182</CMD><CMD>008027000180</CMD>",
			"\f"
		]
	},
	{
		"Index": 27,
		"JPN": [
			"いま<CMD>008027000480</CMD><CMD>fb812700f583</CMD><CMD>008027000180</CMD>を<BREAK>{作|つく}るのに",
			"ひつような　ざいりょうが<BREAK>{足|た}りなくてこまっているんだよぉ",
			"<CMD>008027000480</CMD><CMD>fb812700f981</CMD><CMD>008027000180</CMD>と<BREAK><CMD>008027000480</CMD><CMD>fb812700fb81</CMD><CMD>008027000180</CMD>と<BREAK><CMD>008027000480</CMD><CMD>fb8127000382</CMD><CMD>008027000180</CMD>",
			"\f"
		]
	},
	{
		"Index": 28,
		"JPN": [
			"いま<CMD>008027000480</CMD><CMD>fb812700f583</CMD><CMD>008027000180</CMD>を<BREAK>{作|つく}るのに",
			"ひつような　ざいりょうが<BREAK>{足|た}りなくてこまっているんだよぉ",
			"<CMD>008027000480</CMD><CMD>fb8127000b82</CMD><CMD>008027000180</CMD>と<BREAK><CMD>008027000480</CMD><CMD>fb8127000282</CMD><CMD>008027000180</CMD>と<BREAK><CMD>008027000480</CMD><CMD>fb8127000382</CMD><CMD>008027000180</CMD>",
			"\f"
		]
	},
	{
		"Index": 29,
		"JPN": [
			"いま<CMD>008027000480</CMD><CMD>fb812700f583</CMD><CMD>008027000180</CMD>を<BREAK>{作|つく}るのに",
			"ひつような　ざいりょうが<BREAK>{足|た}りなくてこまっているんだよぉ",
			"<CMD>008027000480</CMD><CMD>fb812700f481</CMD><CMD>008027000180</CMD>と<BREAK><CMD>008027000480</CMD><CMD>fb812700fb81</CMD><CMD>008027000180</CMD>と<BREAK><CMD>008027000480</CMD><CMD>fb8127000b82</CMD><CMD>008027000180</CMD>",
			"\f"
		]
	},
	{
		"Index": 30,
		"JPN": [
			"いま<CMD>008027000480</CMD><CMD>fb812700f583</CMD><CMD>008027000180</CMD>を<BREAK>{作|つく}るのに",
			"ひつような　ざいりょうが<BREAK>{足|た}りなくてこまっているんだよぉ",
			"<CMD>008027000480</CMD><CMD>fb812700f481</CMD><CMD>008027000180</CMD>と<BREAK><CMD>008027000480</CMD><CMD>fb812700f981</CMD><CMD>008027000180</CMD>と<BREAK><CMD>008027000480</CMD><CMD>fb8127000382</CMD><CMD>008027000180</CMD>",
			"\f"
		]
	},
	{
		"Index": 31,
		"JPN": [
			"いま<CMD>008027000480</CMD><CMD>fb812700f683</CMD><CMD>008027000180</CMD>を<BREAK>{作|つく}るのに",
			"ひつような　ざいりょうが<BREAK>{足|た}りなくてこまっているんだよぉ",
			"<CMD>008027000480</CMD><CMD>fb8127009081</CMD><CMD>008027000180</CMD>と<BREAK><CMD>008027000480</CMD><CMD>fb8127009781</CMD><CMD>008027000180</CMD>と<BREAK><CMD>008027000480</CMD><CMD>fb8127009681</CMD><CMD>008027000180</CMD>",
			"\f"
		]
	},
	{
		"Index": 32,
		"JPN": [
			"いま<CMD>008027000480</CMD><CMD>fb812700f683</CMD><CMD>008027000180</CMD>を<BREAK>{作|つく}るのに",
			"ひつような　ざいりょうが<BREAK>{足|た}りなくてこまっているんだよぉ",
			"<CMD>008027000480</CMD><CMD>fb8127009781</CMD><CMD>008027000180</CMD>と<BREAK><CMD>008027000480</CMD><CMD>fb8127009681</CMD><CMD>008027000180</CMD>と<BREAK><CMD>008027000480</CMD><CMD>fb8127009981</CMD><CMD>008027000180</CMD>",
			"\f"
		]
	},
	{
		"Index": 33,
		"JPN": [
			"いま<CMD>008027000480</CMD><CMD>fb812700f683</CMD><CMD>008027000180</CMD>を<BREAK>{作|つく}るのに",
			"ひつような　ざいりょうが<BREAK>{足|た}りなくてこまっているんだよぉ",
			"<CMD>008027000480</CMD><CMD>fb8127009681</CMD><CMD>008027000180</CMD>と<BREAK><CMD>008027000480</CMD><CMD>fb8127009981</CMD><CMD>008027000180</CMD>と<BREAK><CMD>008027000480</CMD><CMD>fb8127009c81</CMD><CMD>008027000180</CMD>",
			"\f"
		]
	},
	{
		"Index": 34,
		"JPN": [
			"いま<CMD>008027000480</CMD><CMD>fb812700f683</CMD><CMD>008027000180</CMD>を<BREAK>{作|つく}るのに",
			"ひつような　ざいりょうが<BREAK>{足|た}りなくてこまっているんだよぉ",
			"<CMD>008027000480</CMD><CMD>fb8127009981</CMD><CMD>008027000180</CMD>と<BREAK><CMD>008027000480</CMD><CMD>fb8127009c81</CMD><CMD>008027000180</CMD>と<BREAK><CMD>008027000480</CMD><CMD>fb812700a181</CMD><CMD>008027000180</CMD>",
			"\f"
		]
	},
	{
		"Index": 35,
		"JPN": [
			"いま<CMD>008027000480</CMD><CMD>fb812700b683</CMD><CMD>008027000180</CMD>を<BREAK>{作|つく}るのに",
			"ひつような　ざいりょうが<BREAK>{足|た}りなくてこまっているんだよぉ",
			"<CMD>008027000480</CMD><CMD>fb8127009181</CMD><CMD>008027000180</CMD>と<BREAK><CMD>008027000480</CMD><CMD>fb8127009381</CMD><CMD>008027000180</CMD>と<BREAK><CMD>008027000480</CMD><CMD>fb8127009581</CMD><CMD>008027000180</CMD>",
			"\f"
		]
	},
	{
		"Index": 36,
		"JPN": [
			"いま<CMD>008027000480</CMD><CMD>fb812700b683</CMD><CMD>008027000180</CMD>を<BREAK>{作|つく}るのに",
			"ひつような　ざいりょうが<BREAK>{足|た}りなくてこまっているんだよぉ",
			"<CMD>008027000480</CMD><CMD>fb8127009381</CMD><CMD>008027000180</CMD>と<BREAK><CMD>008027000480</CMD><CMD>fb8127009581</CMD><CMD>008027000180</CMD>と<BREAK><CMD>008027000480</CMD><CMD>fb8127009881</CMD><CMD>008027000180</CMD>",
			"\f"
		]
	},
	{
		"Index": 37,
		"JPN": [
			"いま<CMD>008027000480</CMD><CMD>fb812700b683</CMD><CMD>008027000180</CMD>を<BREAK>{作|つく}るのに",
			"ひつような　ざいりょうが<BREAK>{足|た}りなくてこまっているんだよぉ",
			"<CMD>008027000480</CMD><CMD>fb8127009581</CMD><CMD>008027000180</CMD>と<BREAK><CMD>008027000480</CMD><CMD>fb8127009881</CMD><CMD>008027000180</CMD>と<BREAK><CMD>008027000480</CMD><CMD>fb8127009e81</CMD><CMD>008027000180</CMD>",
			"\f"
		]
	},
	{
		"Index": 38,
		"JPN": [
			"いま<CMD>008027000480</CMD><CMD>fb812700b683</CMD><CMD>008027000180</CMD>を<BREAK>{作|つく}るのに",
			"ひつような　ざいりょうが<BREAK>{足|た}りなくてこまっているんだよぉ",
			"<CMD>008027000480</CMD><CMD>fb8127009881</CMD><CMD>008027000180</CMD>と<BREAK><CMD>008027000480</CMD><CMD>fb8127009e81</CMD><CMD>008027000180</CMD>と<BREAK><CMD>008027000480</CMD><CMD>fb812700ab81</CMD><CMD>008027000180</CMD>",
			"\f"
		]
	},
	{
		"Index": 39,
		"JPN": [
			"いま<CMD>008027000480</CMD><CMD>fb812700b783</CMD><CMD>008027000180</CMD>を<BREAK>{作|つく}るのに",
			"ひつような　ざいりょうが<BREAK>{足|た}りなくてこまっているんだよぉ",
			"<CMD>008027000480</CMD><CMD>fb8127009f81</CMD><CMD>008027000180</CMD>と<BREAK><CMD>008027000480</CMD><CMD>fb812700a881</CMD><CMD>008027000180</CMD>と<BREAK><CMD>008027000480</CMD><CMD>fb8127005882</CMD><CMD>008027000180</CMD>",
			"\f"
		]
	},
	{
		"Index": 40,
		"JPN": [
			"いま<CMD>008027000480</CMD><CMD>fb812700b783</CMD><CMD>008027000180</CMD>を<BREAK>{作|つく}るのに",
			"ひつような　ざいりょうが<BREAK>{足|た}りなくてこまっているんだよぉ",
			"<CMD>008027000480</CMD><CMD>fb812700a881</CMD><CMD>008027000180</CMD>と<BREAK><CMD>008027000480</CMD><CMD>fb8127005882</CMD><CMD>008027000180</CMD>と<BREAK><CMD>008027000480</CMD><CMD>fb8127005982</CMD><CMD>008027000180</CMD>",
			"\f"
		]
	},
	{
		"Index": 41,
		"JPN": [
			"いま<CMD>008027000480</CMD><CMD>fb812700b783</CMD><CMD>008027000180</CMD>を<BREAK>{作|つく}るのに",
			"ひつような　ざいりょうが<BREAK>{足|た}りなくてこまっているんだよぉ",
			"<CMD>008027000480</CMD><CMD>fb8127005882</CMD><CMD>008027000180</CMD>と<BREAK><CMD>008027000480</CMD><CMD>fb8127005982</CMD><CMD>008027000180</CMD>と<BREAK><CMD>008027000480</CMD><CMD>fb8127005a82</CMD><CMD>008027000180</CMD>",
			"\f"
		]
	},
	{
		"Index": 42,
		"JPN": [
			"いま<CMD>008027000480</CMD><CMD>fb812700b783</CMD><CMD>008027000180</CMD>を<BREAK>{作|つく}るのに",
			"ひつような　ざいりょうが<BREAK>{足|た}りなくてこまっているんだよぉ",
			"<CMD>008027000480</CMD><CMD>fb8127005a82</CMD><CMD>008027000180</CMD>と<BREAK><CMD>008027000480</CMD><CMD>fb8127005b82</CMD><CMD>008027000180</CMD>と<BREAK><CMD>008027000480</CMD><CMD>fb8127005c82</CMD><CMD>008027000180</CMD>",
			"\f"
		]
	},
	{
		"Index": 43,
		"JPN": [
			"いま<CMD>008027000480</CMD><CMD>fb812700b883</CMD><CMD>008027000180</CMD>を<BREAK>{作|つく}るのに",
			"ひつような　ざいりょうが<BREAK>{足|た}りなくてこまっているんだよぉ",
			"<CMD>008027000480</CMD><CMD>fb8127008583</CMD><CMD>008027000180</CMD>と<BREAK><CMD>008027000480</CMD><CMD>fb8127008783</CMD><CMD>008027000180</CMD>と<BREAK><CMD>008027000480</CMD><CMD>fb8127008983</CMD><CMD>008027000180</CMD>",
			"\f"
		]
	},
	{
		"Index": 44,
		"JPN": [
			"いま<CMD>008027000480</CMD><CMD>fb812700b983</CMD><CMD>008027000180</CMD>を<BREAK>{作|つく}るのに",
			"ひつような　ざいりょうが<BREAK>{足|た}りなくてこまっているんだよぉ",
			"<CMD>008027000480</CMD><CMD>fb8127008483</CMD><CMD>008027000180</CMD>と<BREAK><CMD>008027000480</CMD><CMD>fb8127008683</CMD><CMD>008027000180</CMD>と<BREAK><CMD>008027000480</CMD><CMD>fb8127008c83</CMD><CMD>008027000180</CMD>",
			"\f"
		]
	},
	{
		"Index": 45,
		"JPN": [
			"いま<CMD>008027000480</CMD><CMD>fb812700ba83</CMD><CMD>008027000180</CMD>を<BREAK>{作|つく}るのに",
			"ひつような　ざいりょうが<BREAK>{足|た}りなくてこまっているんだよぉ",
			"<CMD>008027000480</CMD><CMD>fb8127008883</CMD><CMD>008027000180</CMD>と<BREAK><CMD>008027000480</CMD><CMD>fb8127008a83</CMD><CMD>008027000180</CMD>と<BREAK><CMD>008027000480</CMD><CMD>fb8127008b83</CMD><CMD>008027000180</CMD>",
			"\f"
		]
	},
	{
		"Index": 46,
		"JPN": [
			"いま<CMD>008027000480</CMD><CMD>fb812700bb83</CMD><CMD>008027000180</CMD>を<BREAK>{作|つく}るのに",
			"ひつような　ざいりょうが<BREAK>{足|た}りなくてこまっているんだよぉ",
			"<CMD>008027000480</CMD><CMD>fb8127008d83</CMD><CMD>008027000180</CMD>と<BREAK><CMD>008027000480</CMD><CMD>fb8127008e83</CMD><CMD>008027000180</CMD>と<BREAK><CMD>008027000480</CMD><CMD>fb8127008f83</CMD><CMD>008027000180</CMD>",
			"\f"
		]
	},
	{
		"Index": 47,
		"JPN": [
			"いま<CMD>008027000480</CMD><CMD>fb812700f283</CMD><CMD>008027000180</CMD>を<BREAK>{作|つく}るのに",
			"ひつような　ざいりょうが<BREAK>{足|た}りなくてこまっているんだよぉ",
			"<CMD>008027000480</CMD><CMD>fb812700fd81</CMD><CMD>008027000180</CMD>と<BREAK><CMD>008027000480</CMD><CMD>fb8127000582</CMD><CMD>008027000180</CMD>と<BREAK><CMD>008027000480</CMD><CMD>fb8127000682</CMD><CMD>008027000180</CMD>",
			"\f"
		]
	},
	{
		"Index": 48,
		"JPN": [
			"いま<CMD>008027000480</CMD><CMD>fb812700f283</CMD><CMD>008027000180</CMD>を<BREAK>{作|つく}るのに",
			"ひつような　ざいりょうが<BREAK>{足|た}りなくてこまっているんだよぉ",
			"<CMD>008027000480</CMD><CMD>fb812700fc81</CMD><CMD>008027000180</CMD>と<BREAK><CMD>008027000480</CMD><CMD>fb812700fd81</CMD><CMD>008027000180</CMD>と<BREAK><CMD>008027000480</CMD><CMD>fb8127000582</CMD><CMD>008027000180</CMD>",
			"\f"
		]
	},
	{
		"Index": 49,
		"JPN": [
			"いま<CMD>008027000480</CMD><CMD>fb812700f283</CMD><CMD>008027000180</CMD>を<BREAK>{作|つく}るのに",
			"ひつような　ざいりょうが<BREAK>{足|た}りなくてこまっているんだよぉ",
			"<CMD>008027000480</CMD><CMD>fb812700fc81</CMD><CMD>008027000180</CMD>と<BREAK><CMD>008027000480</CMD><CMD>fb8127000782</CMD><CMD>008027000180</CMD>と<BREAK><CMD>008027000480</CMD><CMD>fb8127000a82</CMD><CMD>008027000180</CMD>",
			"\f"
		]
	},
	{
		"Index": 50,
		"JPN": [
			"いま<CMD>008027000480</CMD><CMD>fb812700f283</CMD><CMD>008027000180</CMD>を<BREAK>{作|つく}るのに",
			"ひつような　ざいりょうが<BREAK>{足|た}りなくてこまっているんだよぉ",
			"<CMD>008027000480</CMD><CMD>fb8127000582</CMD><CMD>008027000180</CMD>と<BREAK><CMD>008027000480</CMD><CMD>fb8127000682</CMD><CMD>008027000180</CMD>と<BREAK><CMD>008027000480</CMD><CMD>fb8127000782</CMD><CMD>008027000180</CMD>",
			"\f"
		]
	},
	{
		"Index": 51,
		"JPN": [
			"いま<CMD>008027000480</CMD><CMD>fb812700f783</CMD><CMD>008027000180</CMD>を<BREAK>{作|つく}るのに",
			"ひつような　ざいりょうが<BREAK>{足|た}りなくてこまっているんだよぉ",
			"<CMD>008027000480</CMD><CMD>fb8127009281</CMD><CMD>008027000180</CMD>と<BREAK><CMD>008027000480</CMD><CMD>fb8127009481</CMD><CMD>008027000180</CMD>と<BREAK><CMD>008027000480</CMD><CMD>fb8127009a81</CMD><CMD>008027000180</CMD>",
			"\f"
		]
	},
	{
		"Index": 52,
		"JPN": [
			"いま<CMD>008027000480</CMD><CMD>fb812700f783</CMD><CMD>008027000180</CMD>を<BREAK>{作|つく}るのに",
			"ひつような　ざいりょうが<BREAK>{足|た}りなくてこまっているんだよぉ",
			"<CMD>008027000480</CMD><CMD>fb8127009481</CMD><CMD>008027000180</CMD>と<BREAK><CMD>008027000480</CMD><CMD>fb8127009a81</CMD><CMD>008027000180</CMD>と<BREAK><CMD>008027000480</CMD><CMD>fb8127009b81</CMD><CMD>008027000180</CMD>",
			"\f"
		]
	},
	{
		"Index": 53,
		"JPN": [
			"いま<CMD>008027000480</CMD><CMD>fb812700f783</CMD><CMD>008027000180</CMD>を<BREAK>{作|つく}るのに",
			"ひつような　ざいりょうが<BREAK>{足|た}りなくてこまっているんだよぉ",
			"<CMD>008027000480</CMD><CMD>fb8127009a81</CMD><CMD>008027000180</CMD>と<BREAK><CMD>008027000480</CMD><CMD>fb8127009b81</CMD><CMD>008027000180</CMD>と<BREAK><CMD>008027000480</CMD><CMD>fb8127009d81</CMD><CMD>008027000180</CMD>",
			"\f"
		]
	},
	{
		"Index": 54,
		"JPN": [
			"いま<CMD>008027000480</CMD><CMD>fb812700f783</CMD><CMD>008027000180</CMD>を<BREAK>{作|つく}るのに",
			"ひつような　ざいりょうが<BREAK>{足|た}りなくてこまっているんだよぉ",
			"<CMD>008027000480</CMD><CMD>fb8127009b81</CMD><CMD>008027000180</CMD>と<BREAK><CMD>008027000480</CMD><CMD>fb8127009d81</CMD><CMD>008027000180</CMD>と<BREAK><CMD>008027000480</CMD><CMD>fb812700a381</CMD><CMD>008027000180</CMD>",
			"\f"
		]
	},
	{
		"Index": 55,
		"JPN": [
			"まあ　{今言|いまい}った{三|３}つのうち<BREAK>どれかひとつでもあれば<BREAK>だいたいは{出来|でき}るんだけどねぇ",
			"<CMD>18802700729b27000180</CMD><CMD>17802700729b270001802700048027000280</CMD><CMD>16802700729b27005581</CMD><CMD>f481</CMD>やぁ…<BREAK>ちょいと　たのむよぉ",
			"とってきてくれれば<BREAK>いつもより{高|たか}いねだんで<BREAK>{買|か}いとるからねぇ",
			"\f"
		]
	},
	{
		"Index": 56,
		"JPN": [
			"ただし　{商品|しょうひん}を<BREAK>{置|お}くばしょがなかったら<BREAK>お{店|みせ}にはならばないし",
			"{作|つく}るのに１{日|にち}かかるから<BREAK>{次|つぎ}の{日|ひ}に{売|う}っていなかったら<BREAK>また　たくさん{売|う}りにきておくれ",
			"\f"
		]
	},
	{
		"Index": 57,
		"JPN": [
			"\f"
		]
	},
	{
		"Index": 58,
		"JPN": [
			"{持|も}ち{物|もの}をせいりしたら<BREAK>またおいで",
			"くすりがほしいって<BREAK>{言|い}ってくれれば<BREAK>すぐにわたしてあげるからねぇ",
			"\f"
		]
	},
	{
		"Index": 61,
		"JPN": [
			"<CMD>18802700729b27000080</CMD><CMD>17802700729b2700088027000a8027000180</CMD><CMD>16802700729b27006981</CMD>さてさて<BREAK>ふくぶくろを<BREAK>{買う|かう}かねぇ？",
			"<CMD>138027008e94</CMD>",
			"\f"
		]
	},
	{
		"Index": 62,
		"JPN": [
			"<CMD>3780</CMD>",
			"はい<CMD>138027009194</CMD>",
			"ふくぶくろって？<CMD>138027009094</CMD>",
			"いいえ<CMD>138027008f94</CMD>",
			"\f"
		]
	},
	{
		"Index": 63,
		"JPN": [
			"おや　じゃあ{他の用事|ほかのようじ}かねぇ？",
			"<CMD>138027005494</CMD>",
			"\f"
		]
	},
	{
		"Index": 64,
		"JPN": [
			"ふくぶくろというのはね　なかみは<BREAK>わからないけど　たくさんアイテム<BREAK>が{入って|はいって}いるものなのよぉ",
			"なんと５こも{入って|はいって}るねぇ<BREAK>すごくトクしたきぶんに<BREAK>なるでしょぉ？",
			"<CMD>008027000580</CMD>ショッピングモール<CMD>008027000180</CMD>のお{店|みせ}　ぜんぶで<BREAK>やってるイベントなのよぉ<BREAK>ふくろのしゅるいは３つでねぇ",
			"インテリア　ふく　アイテム<BREAK>そしてふくろの{色|いろ}も<BREAK>えらべるのよぉ",
			"えらんだ{色|いろ}のアイテムが<BREAK>{入って|はいって}るから<BREAK>{好き|スキ}な{色|いろ}をえらぶといいのよぉ",
			"ねだんは<BREAK>インテリアが１００００リッチ<BREAK>ふくは５０００リッチ…",
			"アイテムは　とってもやすくて<BREAK>１０００リッチなのよぉ",
			"そしてね　このふくぶくろの<BREAK>いちばんのとくちょうは…",
			"{買った人|かったひと}がほしいと{思|おも}ってる<BREAK>アイテムが　{入|はい}るように<BREAK>なってるのよぉ",
			"{本当|ホント}に{入って|はいって}るかどうかは<BREAK>おまえさんの{運|ウン}しだいだけどねぇ",
			"それじゃあ　もう{一度|いちど}<BREAK>きくよぉ",
			"<CMD>138027008d94</CMD>",
			"\f"
		]
	},
	{
		"Index": 65,
		"JPN": [
			"<CMD>498027003b862700148027000180</CMD>",
			"\f"
		]
	},
	{
		"Index": 66,
		"JPN": [
			"<CMD>11802700059527000895</CMD>",
			"\f"
		]
	},
	{
		"Index": 67,
		"JPN": [
			"<CMD>008027000380</CMD>オオカミ{男|おとこ}<CMD>008027000180</CMD>のことについて<BREAK>{知|し}りたいのかねぇ？",
			"<CMD>008027000380</CMD>オオカミ{男|おとこ}<CMD>008027000180</CMD>とは<BREAK>{呪|のろ}いでオオカミの{姿|すがた}となった<BREAK>ニンゲンのことだよぉ",
			"オオカミにキズつけられると<BREAK><CMD>008027000380</CMD>オオカミ{男|おとこ}<CMD>008027000180</CMD>になるという<BREAK>やっかいな{呪|のろ}いさぁ…",
			"そうなった{者|もの}をすくうには<BREAK><CMD>008027000480</CMD>オオカミおとこのおまじない<CMD>008027000180</CMD>と<BREAK><CMD>008027000480</CMD>{銀|ぎん}のスカラべ<CMD>008027000180</CMD>が{必要|ひつよう}なのさ",
			"ここに{売|う}っているかって？",
			"タナに{並|なら}んでりゃあ　{売|う}ってるし<BREAK>{並|なら}んでなきゃ　{売|う}ってないわい",
			"{売|う}ってないものが{欲|ほ}しいのなら<BREAK>{材料|ざいりょう}になるものを<BREAK>{集|あつ}めといでぇ<CMD>49802700528027003280</CMD>",
			"\f"
		]
	},
	{
		"Index": 68,
		"JPN": [
			"<CMD>008027000380</CMD>オオカミ{男|おとこ}<CMD>008027000180</CMD>に{効|き}き{目|め}のある<BREAK>おまじないを{教|おし}えとこうかねぇ",
			"ちゃぁんと<BREAK>{覚|おぼ}えていくんだよぉ？",
			"<CMD>6480</CMD>考耠聞聠",
			"<CMD>008027000380</CMD>オオカミ{男|おとこ}<CMD>008027000180</CMD>の{前|まえ}で<BREAK>この　おまじないを<BREAK>となえるんだよぉ<CMD>49802700528027003380</CMD>",
			"\f"
		]
	},
	{
		"Index": 69,
		"JPN": [
			"おまじないを{成功|せいこう}させるには<BREAK>{先|さき}に　{相手|あいて}に{銀|ぎん}のスカラベを<BREAK>{持|も}ってもらわなきゃいけない",
			"<CMD>008027000380</CMD>オオカミ{男|おとこ}<CMD>008027000180</CMD>になる{前|まえ}に<BREAK>{渡|わた}しておくことだねぇ",
			"あやしい{人|ひと}の{目|め}の{前|まえ}に<BREAK>さしだせば<BREAK>キョウミを{持|も}って{受|う}け{取|と}るだろうよ",
			"{気|き}をつけていくんだよぉ？<CMD>49802700528027003480</CMD>",
			"\f"
		]
	},
	{
		"Index": 70,
		"JPN": [
			"<CMD>11802700059527000895</CMD>",
			"\f"
		]
	},
	{
		"Index": 71,
		"JPN": [
			"おや　おまえさんかい<BREAK>あたしに　なにか<BREAK>{聞|き}きたいことでも　あるのかい？",
			"ふむ…<BREAK>おきのことうの<BREAK>{人魚|にんぎょ}の{話|はなし}かえ？",
			"あの{人魚|にんぎょ}は　{王子|おうじ}さまに<BREAK>{会|あ}うために　{声|こえ}を{失|うしな}ったと<BREAK>{聞|き}いたことがあるよ",
			"まぁ　いっしゅの<BREAK>おまじないじょうたいさね",
			"ある{液体|えきたい}を　{飲|の}ませると<BREAK>{声|こえ}がもどるはずなんだけどねぇ…",
			"…はて　{年|とし}のせいかのう<BREAK>なんじゃったか<BREAK>わすれてしもうたわ",
			"まぁ　いろいろ　ためして<BREAK>みるんじゃねぇ",
			"\f"
		]
	},
	{
		"Index": 72,
		"JPN": [
			"<CMD>11802700059527000895</CMD>",
			"\f"
		]
	},
	{
		"Index": 73,
		"JPN": [
			"<CMD>4980270073802700058027000180</CMD>",
			"\f"
		]
	},
	{
		"Index": 74,
		"JPN": [
			"<CMD>11802700059527000895</CMD>",
			"\f"
		]
	},
	{
		"Index": 75,
		"JPN": [
			"さぁてと<BREAK><CMD>008027000480</CMD><CMD>fb8127005483</CMD><CMD>008027000180</CMD><BREAK>は　これでいいかねぇ",
			"ショウユせんべいに<BREAK>コンブアメに…<BREAK>イカのすづけに…",
			"<CMD>18802700729b27000080</CMD><CMD>17802700729b2700088027000a8027000180</CMD><CMD>16802700729b27006981</CMD>そんなの<BREAK><CMD>008027000480</CMD><CMD>fb8127005483</CMD><CMD>008027000180</CMD><BREAK>じゃない？",
			"むむ？　{食|た}べてみれば<BREAK>うまいんじゃがねぇ…",
			"{今|いま}の{子|こ}どもはぜいたくだねぇ",
			"\f"
		]
	},
	{
		"Index": 76,
		"JPN": [
			"<CMD>3780</CMD>",
			"わかった<CMD>13802700ffff</CMD>",
			"いまはちょっと<CMD>13802700ffff</CMD>",
			"\f"
		]
	},
	{
		"Index": 77,
		"JPN": [
			"ざいりょうを　{持|も}って{来|き}てくれれば<BREAK>{作|つく}ってあげるから<BREAK>またいらっしゃいねぇ？",
			"\f"
		]
	},
	{
		"Index": 78,
		"JPN": [
			"<CMD>18802700729b27000080</CMD><CMD>17802700729b2700088027000a8027000180</CMD><CMD>16802700729b27006981</CMD><CMD>fb812700f283</CMD>が<BREAK>ほしいのかい？ それを<BREAK>お{店|みせ}にならべるにはねぇ…",
			"<CMD>fb812700fc81</CMD>や<BREAK><CMD>fb812700fd81</CMD>や<BREAK><CMD>fb8127000582</CMD>",
			"<CMD>fb8127000682</CMD>や<BREAK><CMD>fb8127000782</CMD>や<BREAK><CMD>fb8127000a82</CMD>",
			"…を　あたしに<BREAK>たくさん{売|う}ってくれれば<BREAK>{作|つく}っておくよぉ",
			"どれか{一|１}つを　たくさんでも<BREAK>いいし　いくつかのしゅるいを<BREAK>{集|あつ}めてもいいよぉ～",
			"<CMD>18802700729b27000780</CMD><CMD>17802700729b2700088027000a8027000180</CMD>ただ…<BREAK>ひとつ　いっておくけどねぇ",
			"<CMD>fb812700f283</CMD>の{材料|ざいりょう}<BREAK>いがいのものを{売|う}りにくるのは<BREAK>しばらくまっとくれ",
			"あたしゃ　{年|とし}だからねぇ<BREAK>{何|なに}をつくったらいいのか<BREAK>わからなくなっちまうのさ",
			"できあがったら<BREAK>{店|みせ}にならべるから<BREAK>{買|か}いにきておくれ",
			"\f"
		]
	},
	{
		"Index": 79,
		"JPN": [
			"<CMD>18802700729b27000080</CMD><CMD>17802700729b2700088027000a8027000180</CMD><CMD>16802700729b27006981</CMD><CMD>fb812700f383</CMD>が<BREAK>ほしいのかい？ それを<BREAK>お{店|みせ}にならべるにはねぇ…",
			"<CMD>fb812700f581</CMD>や<BREAK><CMD>fb812700f781</CMD>や<BREAK><CMD>fb8127000082</CMD>",
			"<CMD>fb8127000982</CMD>や<BREAK><CMD>fb8127000482</CMD>や<BREAK><CMD>fb8127000882</CMD>",
			"…を　あたしに<BREAK>たくさん{売|う}ってくれれば<BREAK>{作|つく}っておくよぉ",
			"どれか{一|１}つを　たくさんでも<BREAK>いいし　いくつかのしゅるいを<BREAK>{集|あつ}めてもいいよぉ～",
			"<CMD>18802700729b27000780</CMD><CMD>17802700729b2700088027000a8027000180</CMD>ただ…<BREAK>ひとつ　いっておくけどねぇ",
			"<CMD>fb812700f383</CMD>の{材料|ざいりょう}<BREAK>いがいのものを{売|う}りにくるのは<BREAK>しばらくまっとくれ",
			"あたしゃ　{年|とし}だからねぇ<BREAK>{何|なに}をつくったらいいのか<BREAK>わからなくなっちまうのさ",
			"できあがったら<BREAK>{店|みせ}にならべるから<BREAK>{買|か}いにきておくれ",
			"\f"
		]
	},
	{
		"Index": 80,
		"JPN": [
			"<CMD>18802700729b27000080</CMD><CMD>17802700729b2700088027000a8027000180</CMD><CMD>16802700729b27006981</CMD><CMD>fb812700f483</CMD>が<BREAK>ほしいのかい？ それを<BREAK>お{店|みせ}にならべるにはねぇ…",
			"<CMD>fb812700f681</CMD>や<BREAK><CMD>fb812700f881</CMD>や<BREAK><CMD>fb812700fa81</CMD>",
			"<CMD>fb812700fe81</CMD>や<BREAK><CMD>fb812700ff81</CMD>や<BREAK><CMD>fb8127000182</CMD>",
			"…を　あたしに<BREAK>たくさん{売|う}ってくれれば<BREAK>{作|つく}っておくよぉ",
			"どれか{一|１}つを　たくさんでも<BREAK>いいし　いくつかのしゅるいを<BREAK>{集|あつ}めてもいいよぉ～",
			"<CMD>18802700729b27000780</CMD><CMD>17802700729b2700088027000a8027000180</CMD>ただ…<BREAK>ひとつ　いっておくけどねぇ",
			"<CMD>fb812700f483</CMD>の{材料|ざいりょう}<BREAK>いがいのものを{売|う}りにくるのは<BREAK>しばらくまっとくれ",
			"あたしゃ　{年|とし}だからねぇ<BREAK>{何|なに}をつくったらいいのか<BREAK>わからなくなっちまうのさ",
			"できあがったら<BREAK>{店|みせ}にならべるから<BREAK>{買|か}いにきておくれ",
			"\f"
		]
	},
	{
		"Index": 81,
		"JPN": [
			"<CMD>18802700729b27000080</CMD><CMD>17802700729b2700088027000a8027000180</CMD><CMD>16802700729b27006981</CMD><CMD>fb812700f583</CMD>が<BREAK>ほしいのかい？ それを<BREAK>お{店|みせ}にならべるにはねぇ…",
			"<CMD>fb812700f481</CMD>や<BREAK><CMD>fb812700f981</CMD>や<BREAK><CMD>fb812700fb81</CMD>",
			"<CMD>fb8127000b82</CMD>や<BREAK><CMD>fb8127000282</CMD>や<BREAK><CMD>fb8127000382</CMD>",
			"…を　あたしに<BREAK>たくさん{売|う}ってくれれば<BREAK>{作|つく}っておくよぉ",
			"どれか{一|１}つを　たくさんでも<BREAK>いいし　いくつかのしゅるいを<BREAK>{集|あつ}めてもいいよぉ～",
			"<CMD>18802700729b27000780</CMD><CMD>17802700729b2700088027000a8027000180</CMD>ただ…<BREAK>ひとつ　いっておくけどねぇ",
			"<CMD>fb812700f583</CMD>の{材料|ざいりょう}<BREAK>いがいのものを{売|う}りにくるのは<BREAK>しばらくまっとくれ",
			"あたしゃ　{年|とし}だからねぇ<BREAK>{何|なに}をつくったらいいのか<BREAK>わからなくなっちまうのさ",
			"できあがったら<BREAK>{店|みせ}にならべるから<BREAK>{買|もら}いにきておくれ",
			"\f"
		]
	},
	{
		"Index": 82,
		"JPN": [
			"<CMD>18802700729b27000080</CMD><CMD>17802700729b2700088027000a8027000180</CMD><CMD>16802700729b27006981</CMD><CMD>fb812700f683</CMD>が<BREAK>ほしいのかい？ それを<BREAK>お{店|みせ}にならべるにはねぇ…",
			"<CMD>fb8127009081</CMD>や<BREAK><CMD>fb8127009781</CMD>や<BREAK><CMD>fb8127009681</CMD>",
			"<CMD>fb8127009981</CMD>や<BREAK><CMD>fb8127009c81</CMD>や<BREAK><CMD>fb812700a181</CMD>",
			"…を　あたしに<BREAK>たくさん{売|う}ってくれれば<BREAK>{作|つく}っておくよぉ",
			"どれか{一|１}つを　たくさんでも<BREAK>いいし　いくつかのしゅるいを<BREAK>{集|あつ}めてもいいよぉ～",
			"<CMD>18802700729b27000780</CMD><CMD>17802700729b2700088027000a8027000180</CMD>ただ…<BREAK>ひとつ　いっておくけどねぇ",
			"<CMD>fb812700f683</CMD>の{材料|ざいりょう}<BREAK>いがいのものを{売|う}りにくるのは<BREAK>しばらくまっとくれ",
			"あたしゃ　{年|とし}だからねぇ<BREAK>{何|なに}をつくったらいいのか<BREAK>わからなくなっちまうのさ",
			"できあがったら<BREAK>{店|みせ}にならべるから<BREAK>{買|か}いにきておくれ",
			"\f"
		]
	},
	{
		"Index": 83,
		"JPN": [
			"<CMD>18802700729b27000080</CMD><CMD>17802700729b2700088027000a8027000180</CMD><CMD>16802700729b27006981</CMD><CMD>fb812700f783</CMD>が<BREAK>ほしいのかい？ それを<BREAK>お{店|みせ}にならべるにはねぇ…",
			"<CMD>fb8127009281</CMD>や<BREAK><CMD>fb8127009481</CMD>や<BREAK><CMD>fb8127009a81</CMD>",
			"<CMD>fb8127009b81</CMD>や<BREAK><CMD>fb8127009d81</CMD>や<BREAK><CMD>fb812700a381</CMD>",
			"…を　あたしに<BREAK>たくさん{売|う}ってくれれば<BREAK>{作|つく}っておくよぉ",
			"どれか{一|１}つを　たくさんでも<BREAK>いいし　いくつかのしゅるいを<BREAK>{集|あつ}めてもいいよぉ～",
			"<CMD>18802700729b27000780</CMD><CMD>17802700729b2700088027000a8027000180</CMD>ただ…<BREAK>ひとつ　いっておくけどねぇ",
			"<CMD>fb812700f783</CMD>の{材料|ざいりょう}<BREAK>いがいのものを{売|う}りにくるのは<BREAK>しばらくまっとくれ",
			"あたしゃ　{年|とし}だからねぇ<BREAK>{何|なに}をつくったらいいのか<BREAK>わからなくなっちまうのさ",
			"できあがったら<BREAK>{店|みせ}にならべるから<BREAK>{買|か}いにきておくれ",
			"\f"
		]
	},
	{
		"Index": 84,
		"JPN": [
			"<CMD>18802700729b27000080</CMD><CMD>17802700729b2700088027000a8027000180</CMD><CMD>16802700729b27006981</CMD><CMD>fb812700b683</CMD>が<BREAK>ほしいのかい？ それを<BREAK>お{店|みせ}にならべるにはねぇ…",
			"<CMD>fb8127009181</CMD>や<BREAK><CMD>fb8127009381</CMD>や<BREAK><CMD>fb8127009581</CMD>",
			"<CMD>fb8127009881</CMD>や<BREAK><CMD>fb8127009e81</CMD>や<BREAK><CMD>fb812700ab81</CMD>",
			"…を　あたしに<BREAK>たくさん{売|う}ってくれれば<BREAK>{作|つく}っておくよぉ",
			"どれか{一|１}つを　たくさんでも<BREAK>いいし　いくつかのしゅるいを<BREAK>{集|あつ}めてもいいよぉ～",
			"<CMD>18802700729b27000780</CMD><CMD>17802700729b2700088027000a8027000180</CMD>ただ…<BREAK>ひとつ　いっておくけどねぇ",
			"<CMD>fb812700b683</CMD>の{材料|ざいりょう}<BREAK>いがいのものを{売|う}りにくるのは<BREAK>しばらくまっとくれ",
			"あたしゃ　{年|っとし}だからねぇ<BREAK>{何|なに}をつくったらいいのか<BREAK>わからなくなっちまうのさ",
			"できあがったら<BREAK>{店|みせ}にならべるから<BREAK>{買|か}いにきておくれ",
			"\f"
		]
	},
	{
		"Index": 85,
		"JPN": [
			"<CMD>18802700729b27000080</CMD><CMD>17802700729b2700088027000a8027000180</CMD><CMD>16802700729b27006981</CMD><CMD>fb812700b783</CMD>が<BREAK>ほしいのかい？ それを<BREAK>お{店|みせ}にならべるにはねぇ…",
			"<CMD>fb8127009f81</CMD>や<BREAK><CMD>fb812700a881</CMD>や<BREAK>いろいろなベリー",
			"…を　あたしに<BREAK>たくさん{売|う}ってくれれば<BREAK>{作|つく}っておくよぉ",
			"どれか{一|１}つを　たくさんでも<BREAK>いいし　いくつかのしゅるいを<BREAK>{集|あつ}めてもいいよぉ～",
			"<CMD>18802700729b27000780</CMD><CMD>17802700729b2700088027000a8027000180</CMD>ただ…<BREAK>ひとつ　いっておくけどねぇ",
			"<CMD>fb812700b783</CMD>の{材料|ざいりょう}<BREAK>いがいのものを{売|う}りにくるのは<BREAK>しばらくまっとくれ",
			"あたしゃ　{年|とし}だからねぇ<BREAK>{何|なに}をつくったらいいのか<BREAK>わからなくなっちまうのさ",
			"できあがったら<BREAK>{店|みせ}にならべるから<BREAK>{買|か}いにきておくれ",
			"\f"
		]
	},
	{
		"Index": 86,
		"JPN": [
			"<CMD>18802700729b27000080</CMD><CMD>17802700729b2700088027000a8027000180</CMD><CMD>16802700729b27006981</CMD><CMD>fb812700b883</CMD>が<BREAK>ほしいのかい？ それを<BREAK>お{店|みせ}にならべるにはねぇ…",
			"<CMD>fb8127008583</CMD>や<BREAK><CMD>fb8127008783</CMD>や<BREAK><CMD>fb8127008983</CMD>",
			"…を　あたしに<BREAK>たくさん{売|う}ってくれれば<BREAK>{作|つく}っておくよぉ",
			"どれか{一|１}つを　たくさんでも<BREAK>いいし　いくつかのしゅるいを<BREAK>{集|あつ}めてもいいよぉ～",
			"<CMD>18802700729b27000780</CMD><CMD>17802700729b2700088027000a8027000180</CMD>ただ…<BREAK>ひとつ　いっておくけどねぇ",
			"<CMD>fb812700b883</CMD>の{材料|ざいりょう}<BREAK>いがいのものを{売|う}りにくるのは<BREAK>しばらくまっとくれ",
			"あたしゃ　{年|とし}だからねぇ<BREAK>{何|なに}をつくったらいいのか<BREAK>わからなくなっちまうのさ",
			"できあがったら<BREAK>{店|みせ}にならべるから<BREAK>{買|もら}いにきておくれ",
			"\f"
		]
	},
	{
		"Index": 87,
		"JPN": [
			"<CMD>18802700729b27000080</CMD><CMD>17802700729b2700088027000a8027000180</CMD><CMD>16802700729b27006981</CMD><CMD>fb812700b983</CMD>が<BREAK>ほしいのかい？ それを<BREAK>お{店|みせ}にならべるにはねぇ…",
			"<CMD>fb8127008483</CMD>や<BREAK><CMD>fb8127008683</CMD>や<BREAK><CMD>fb8127008c83</CMD>",
			"…を　あたしに<BREAK>たくさん{売|う}ってくれれば<BREAK>{作|つく}っておくよぉ",
			"どれか{一|１}つを　たくさんでも<BREAK>いいし　いくつかのしゅるいを<BREAK>{集|あつ}めてもいいよぉ～",
			"<CMD>18802700729b27000780</CMD><CMD>17802700729b2700088027000a8027000180</CMD>ただ…<BREAK>ひとつ　いっておくけどねぇ",
			"<CMD>fb812700b983</CMD>の{材料|ざいりょう}<BREAK>いがいのものを{売|う}りにくるのは<BREAK>しばらくまっとくれ",
			"あたしゃ　{年|とし}だからねぇ<BREAK>{何|なに}をつくったらいいのか<BREAK>わからなくなっちまうのさ",
			"できあがったら<BREAK>{店|みせ}にならべるから<BREAK>{買|か}いにきておくれ",
			"\f"
		]
	},
	{
		"Index": 88,
		"JPN": [
			"<CMD>18802700729b27000080</CMD><CMD>17802700729b2700088027000a8027000180</CMD><CMD>16802700729b27006981</CMD><CMD>fb812700ba83</CMD>が<BREAK>ほしいのかい？ それを<BREAK>お{店|みせ}にならべるにはねぇ…",
			"<CMD>fb8127008883</CMD>や<BREAK><CMD>fb8127008a83</CMD>や<BREAK><CMD>fb8127008b83</CMD>",
			"…を　あたしに<BREAK>たくさん{売|う}ってくれれば<BREAK>{作|つく}っておくよぉ",
			"どれか{一|１}つを　たくさんでも<BREAK>いいし　いくつかのしゅるいを<BREAK>{集|あつ}めてもいいよぉ～",
			"<CMD>18802700729b27000780</CMD><CMD>17802700729b2700088027000a8027000180</CMD>ただ…<BREAK>ひとつ　いっておくけどねぇ",
			"<CMD>fb812700ba83</CMD>の{材料|ざいりょう}<BREAK>いがいのものを{売|う}りにくるのは<BREAK>しばらくまっとくれ",
			"あたしゃ　{年|とし}だからねぇ<BREAK>{何|なに}をつくったらいいのか<BREAK>わからなくなっちまうのさ",
			"できあがったら<BREAK>{店|みせ}にならべるから<BREAK>{買|か}いにきておくれ",
			"\f"
		]
	},
	{
		"Index": 89,
		"JPN": [
			"<CMD>18802700729b27000080</CMD><CMD>17802700729b2700088027000a8027000180</CMD><CMD>16802700729b27006981</CMD><CMD>fb812700bb83</CMD>が<BREAK>ほしいのかい？ それを<BREAK>お{店|みせ}にならべるにはねぇ…",
			"<CMD>fb8127008d83</CMD>や<BREAK><CMD>fb8127008e83</CMD>や<BREAK><CMD>fb8127008f83</CMD>",
			"<CMD>fb8127009083</CMD>や<BREAK><CMD>fb8127009183</CMD>や<BREAK><CMD>fb8127009283</CMD>",
			"<CMD>fb8127009383</CMD>",
			"…を　あたしに<BREAK>たくさん{売|う}ってくれれば<BREAK>{作|つく}っておくよぉ",
			"どれか{一|１}つを　たくさんでも<BREAK>いいし　いくつかのしゅるいを<BREAK>{集|あつ}めてもいいよぉ～",
			"<CMD>18802700729b27000780</CMD><CMD>17802700729b2700088027000a8027000180</CMD>ただ…<BREAK>ひとつ　いっておくけどねぇ",
			"<CMD>fb812700bb83</CMD>の{材料|ざいりょう}<BREAK>いがいのものを{売|う}りにくるのは<BREAK>しばらくまっとくれ",
			"あたしゃ　{年|とし}だからねぇ<BREAK>{何|なに}をつくったらいいのか<BREAK>わからなくなっちまうのさ",
			"できあがったら<BREAK>{店|みせ}にならべるから<BREAK>{買|か}いにきておくれ",
			"\f"
		]
	},
	{
		"Index": 90,
		"JPN": [
			"<CMD>11802700d4942700d494</CMD>",
			"\f"
		]
	},
	{
		"Index": 91,
		"JPN": [
			"<CMD>11802700d5942700d594</CMD>",
			"\f"
		]
	},
	{
		"Index": 92,
		"JPN": [
			"<CMD>11802700d6942700d694</CMD>",
			"\f"
		]
	},
	{
		"Index": 93,
		"JPN": [
			"<CMD>11802700d2942700d294</CMD>",
			"\f"
		]
	},
	{
		"Index": 94,
		"JPN": [
			"<CMD>11802700d3942700d394</CMD>",
			"\f"
		]
	},
	{
		"Index": 95,
		"JPN": [
			"<CMD>11802700059527000895</CMD>",
			"\f"
		]
	},
	{
		"Index": 96,
		"JPN": [
			"<CMD>11802700059527000895</CMD>",
			"\f"
		]
	}
]