[
	{
		"Index": 10,
		"JPN": [
			"<CMD>118027003e9727003e97</CMD>",
			"\f"
		]
	},
	{
		"Index": 11,
		"JPN": [
			"<CMD>118027003f9727003f97</CMD>",
			"\f"
		]
	},
	{
		"Index": 12,
		"JPN": [
			"<CMD>11802700409727004097</CMD>",
			"\f"
		]
	},
	{
		"Index": 13,
		"JPN": [
			"<CMD>118027005c9727005f97</CMD>",
			"\f"
		]
	},
	{
		"Index": 14,
		"JPN": [
			"<CMD>118027005c9727005f97</CMD>",
			"\f"
		]
	},
	{
		"Index": 50,
		"JPN": [
			"わたしは　{自分|じぶん}では<BREAK>そうは{思|おも}っていないのですが",
			"ひとさまから　{言|い}わせると<BREAK>けっぺきしょう　らしいのです",
			"<CMD>18802700729b27000780</CMD><CMD>17802700729b2700088027000a8027000180</CMD>ええ　たしかに<BREAK>わたしはキレイ{好|ず}きですし<BREAK>{整理|せいり}せいとんも　{大好|だいす}きです",
			"たとえば　{本|ほん}だなの<BREAK>{本|ほん}なども　{巻数|かんすう}じゅんに<BREAK>ならんでなかったり…",
			"<CMD>18802700729b27000180</CMD><CMD>17802700729b270001802700048027000280</CMD><CMD>16802700729b27005581</CMD>となりあった{本|ほん}の{高|たか}さが<BREAK>そろっていないと<BREAK>{気|き}がすまなかったりします",
			"<CMD>18802700729b27000080</CMD><CMD>17802700729b2700088027000a8027000180</CMD><CMD>16802700729b27006981</CMD>しかし　これを<BREAK>けっぺきしょうと<BREAK>{言|い}うのでしょうか？",
			"わたしとしては<BREAK>{当|あ}たり{前|まえ}のことを　している<BREAK>だけの　つもりなのですが…<CMD>49802700df8027000280</CMD>",
			"\f"
		]
	},
	{
		"Index": 51,
		"JPN": [
			"<CMD>008027000380</CMD>{校長先生|こうちょうせんせい}<CMD>008027000180</CMD>は<BREAK>いだいな　{方|かた}だと{思|おも}います",
			"まほうも　ちしきも　ひとがらも<BREAK>たいへん　そんけいできると<BREAK>{思|おも}っています",
			"<CMD>18802700729b27000380</CMD><CMD>17802700729b270001802700048027000080</CMD><CMD>16802700729b27003081</CMD>ただ…　たった{一|ひと}つ<BREAK>ゆるせない…　というか<BREAK>ふしぎに{思|おも}うことがあります",
			"<CMD>18802700729b27000280</CMD><CMD>17802700729b2700508027000a8027000280</CMD><CMD>16802700729b27007d81</CMD>それは…　<CMD>008027000580</CMD>としょかん<CMD>008027000180</CMD>の{本|ほん}を<BREAK>ちゃんと　{整理|せいり}しないことです！",
			"<CMD>008027000580</CMD>としょかん<CMD>008027000180</CMD>の{本|ほん}は<BREAK><CMD>008027000580</CMD>{学校|がっこう}<CMD>008027000180</CMD>のずのうと{言|い}っていい<BREAK>{大切|たいせつ}なもの",
			"<CMD>18802700729b27000280</CMD><CMD>17802700729b2700508027000a8027000280</CMD><CMD>16802700729b27007d81</CMD>それを　あんな　ずさんな<BREAK>じょうたいで　ほうちしておいて<BREAK>よいものでしょうか？",
			"ちゃんと　{整理|せいり}しなければ<BREAK>みんなが　{必要|ひつよう}な{本|ほん}を<BREAK>{探|さが}しにくいではありませんか！",
			"わたしは　{休|やす}みの{日|ひ}に<BREAK><CMD>008027000580</CMD>としょかん<CMD>008027000180</CMD>などに{行|い}くと<BREAK>{整理|せいり}したくてしかたなくなります",
			"<CMD>18802700729b27000780</CMD><CMD>17802700729b2700088027000a8027000180</CMD>この　ゆうわくを<BREAK>おさえるのには　たいへんな<BREAK>{努力|どりょく}が　{必要|ひつよう}なのです…<CMD>49802700df8027000280</CMD>",
			"\f"
		]
	},
	{
		"Index": 52,
		"JPN": [
			"<CMD>18802700729b27000080</CMD><CMD>17802700729b2700088027000a8027000180</CMD><CMD>16802700729b27006981</CMD>わたしが　<CMD>008027000580</CMD>としょかん<CMD>008027000180</CMD>の<BREAK>{本|ほん}を　{整理|せいり}しない<BREAK>{理由|りゆう}ですか？",
			"<CMD>18802700729b27000380</CMD><CMD>17802700729b270001802700048027000080</CMD><CMD>16802700729b27003081</CMD>たしかに　わたしも<BREAK>{何度|なんど}　そうしようと<BREAK>{思|おも}ったかわかりません",
			"でも　そのたびに<BREAK>もし…　と{思|おも}うのです",
			"もし　<CMD>008027000380</CMD>{校長先生|こうちょうせんせい}<CMD>008027000180</CMD>が<BREAK>わざと　<CMD>008027000580</CMD>としょかん<CMD>008027000180</CMD>を　ずさんに<BREAK>{管理|かんり}しているのであれば　と",
			"<CMD>008027000380</CMD>{校長先生|こうちょうせんせい}<CMD>008027000180</CMD>は<BREAK>いだいな{方|かた}です<BREAK>{心|こころ}からそんけいしています",
			"その{先生|せんせい}が　{大切|たいせつ}な<BREAK><CMD>008027000580</CMD>としょかん<CMD>008027000180</CMD>を　あんな{形|かたち}で<BREAK>ほうちしているのには…",
			"なにかしらの<BREAK>{意味|いみ}があるのかもしれない<BREAK>…と　そう{思|おも}えてならないのです",
			"<CMD>18802700729b27000380</CMD><CMD>17802700729b270001802700048027000080</CMD><CMD>16802700729b27003081</CMD>とすれば　わたしが{手|て}を{出|だ}せば<BREAK><CMD>008027000380</CMD>{校長先生|こうちょうせんせい}<CMD>008027000180</CMD>のお{考|かんが}えが<BREAK>{無意味|むいみ}になってしまう…",
			"だから　わたしは<BREAK>{本|ほん}を{整理|せいり}したい{気持|きも}ちを<BREAK>おさえているのです",
			"<CMD>008027000380</CMD>{校長先生|こうちょうせんせい}<CMD>008027000180</CMD>の<BREAK>お{考|かんが}えが　{一日|１にち}も{早|はや}く<BREAK>{実|み}を{結|むす}ぶことを　{祈|いの}りつつ…<CMD>49802700df8027000280</CMD>",
			"\f"
		]
	},
	{
		"Index": 80,
		"JPN": [
			"<CMD>008027000580</CMD>ぎんこう<CMD>008027000180</CMD>にリッチをあずけると<BREAK>りしがついて<BREAK>すこしずつ　ふえていきます",
			"まるで　まほうのようですね？<BREAK>ですので　リッチをたくさん<BREAK><CMD>008027000580</CMD>ぎんこう<CMD>008027000180</CMD>にあずけに　きてください<CMD>49802700d68027005f80</CMD>",
			"\f"
		]
	},
	{
		"Index": 81,
		"JPN": [
			"<CMD>008027000580</CMD>ぎんこう<CMD>008027000180</CMD>では<BREAK>きんこをつかうこともできます",
			"きんこには<BREAK>ようふくや　インテリアなどを<BREAK>おいておくことができるのです",
			"{大切|たいせつ}なものは<BREAK>きんこにあずけたほうが<BREAK>なくしませんし{安心|あんしん}ですよ<CMD>49802700d68027005f80</CMD>",
			"\f"
		]
	},
	{
		"Index": 82,
		"JPN": [
			"<CMD>008027000580</CMD>ぎんこう<CMD>008027000180</CMD>はリッチを<BREAK>あずけたりひきだすことが<BREAK>できる{場所|ばしょ}です",
			"しょうらいのために<BREAK>しっかり{預金|よきん}をしたほうが<BREAK>いいですよ？<CMD>49802700d68027005f80</CMD>",
			"\f"
		]
	},
	{
		"Index": 83,
		"JPN": [
			"あまり{預金|よきん}から<BREAK>リッチを{引|ひ}き{出|だ}さないほうが<BREAK>いいですよ？",
			"{気|き}がつくとあっという{間|ま}に<BREAK>なくなってしまいますから",
			"ムダづかい　しないように<BREAK>しましょう<CMD>49802700d68027005f80</CMD>",
			"\f"
		]
	},
	{
		"Index": 86,
		"JPN": [
			"{閉店|へいてん}のお{時間|じかん}となりました<BREAK>またのご{来店|らいてん}こころより<BREAK>おまちもうしあげております",
			"\f"
		]
	},
	{
		"Index": 87,
		"JPN": [
			"<CMD>18802700729b27000080</CMD><CMD>17802700729b2700088027000a8027000180</CMD><CMD>16802700729b27006981</CMD>きんこのごりようですね？<CMD>49802700d6802700048027000180</CMD>",
			"\f"
		]
	},
	{
		"Index": 88,
		"JPN": [
			"ごりようありがとうございました",
			"\f"
		]
	},
	{
		"Index": 89,
		"JPN": [
			"おやめになるのですね？<BREAK>またのごりよう<BREAK>おまちしております",
			"\f"
		]
	},
	{
		"Index": 90,
		"JPN": [
			"<CMD>18802700729b27000080</CMD><CMD>17802700729b2700088027000a8027000180</CMD><CMD>16802700729b27006981</CMD>おあずかりですね<BREAK>いくら　おあずかりしましょうか？<CMD>49802700d6802700028027000180</CMD>",
			"\f"
		]
	},
	{
		"Index": 91,
		"JPN": [
			"ごりよう<BREAK>ありがとうございました",
			"\f"
		]
	},
	{
		"Index": 92,
		"JPN": [
			"おや？お{客|きゃく}さま<BREAK>{大変|たいへん}もうしあげ<BREAK>にくいのですが…",
			"リッチが　たらないようです…",
			"<CMD>138027002495</CMD>",
			"\f"
		]
	},
	{
		"Index": 93,
		"JPN": [
			"<CMD>18802700729b27000080</CMD><CMD>17802700729b2700088027000a8027000180</CMD><CMD>16802700729b27006981</CMD>おひきだしですね<BREAK>おいくらひきだしますか？<CMD>49802700d6802700038027000180</CMD>",
			"\f"
		]
	},
	{
		"Index": 94,
		"JPN": [
			"ごりよう<BREAK>ありがとうございました",
			"\f"
		]
	},
	{
		"Index": 95,
		"JPN": [
			"おや？お{客|きゃく}さま<BREAK>{大変|たいへん}もうしあげ<BREAK>にくいのですが…",
			"リッチをおあずけに<BREAK>なっていないようです…",
			"<CMD>138027002495</CMD>",
			"\f"
		]
	},
	{
		"Index": 96,
		"JPN": [
			"<CMD>18802700729b27000080</CMD><CMD>17802700729b2700088027000a8027000180</CMD><CMD>16802700729b27006981</CMD>ほかにごようは<BREAK>ございますか？",
			"<CMD>13802700ac96</CMD>",
			"\f"
		]
	},
	{
		"Index": 97,
		"JPN": [
			"またのごりようを<BREAK>おまちしております<CMD>49802700d68027005f80</CMD>",
			"\f"
		]
	},
	{
		"Index": 98,
		"JPN": [
			"いらっしゃいませ<BREAK>こちらは<CMD>008027000580</CMD>ぎんこう<CMD>008027000180</CMD><BREAK>でございます",
			"\f"
		]
	},
	{
		"Index": 99,
		"JPN": [
			"またのごりようを<BREAK>おまちしております",
			"\f"
		]
	}
]