[
	{
		"Index": 0,
		"JPN": [
			"<CMD>18802700729b27000180</CMD><CMD>17802700729b2700ad802700068027000280</CMD><CMD>16802700729b27005581</CMD>そうそう<BREAK>あけまして　おめでと<BREAK><CMD>f481</CMD>",
			"{今年|ことし}も　ヨロシク～！みたいな<BREAK>うんうん…",
			"<CMD>18802700729b27000580</CMD><CMD>17802700729b270001802700048027000080</CMD><CMD>16802700729b27005681</CMD>あっ　そうだ！",
			"<CMD>18802700729b27000180</CMD><CMD>17802700729b270001802700048027000280</CMD><CMD>16802700729b27005581</CMD>はい　お{年玉|としだま}～<CMD>158027001882</CMD><BREAK>{大切|たいせつ}に{使|つか}えってカンジ？<CMD>3a8027006480</CMD>",
			"<CMD>18802700729b27000080</CMD><CMD>17802700729b2700b28027000a8027000180</CMD><CMD>16802700729b27006981</CMD>そうね～？<BREAK>さっそく<BREAK>ウチで{何|なに}か　{買|か}ってく！？<CMD>4d8027000681270041832700038127004083</CMD>",
			"\f"
		]
	},
	{
		"Index": 4,
		"JPN": [
			"{私|わたし}たちが{売|う}るふくぶくろはね<BREAK>なかみはおしえられないけど<BREAK>５こもアイテムが{入|はい}ってるのよ",
			"チョーおトクじゃない？",
			"ふくろは　インテリア　ふく<BREAK>そしてアイテムの３つがあってね<BREAK>{色|いろ}もえらべちゃうのよ～？",
			"あたしなら{好き|スキ}な{色|いろ}の<BREAK>インテリアが{入|はい}ったふくろを<BREAK>{買|か}っちゃうぞ～みたいな",
			"ねだんはそれぞれちがってさ<BREAK>インテリアが１００００リッチ<BREAK>ふくは５０００リッチ…",
			"アイテムは１０００リッチね<BREAK>なかみをかんがえたら<BREAK>{安|やす}いもんよね～",
			"そんでさ　いちばんスゴイのは<BREAK>ふくろにかけられたまほう！",
			"なんとね　ほしいとねがってる<BREAK>{商品|しょうひん}が<BREAK>{入|はい}ってるんだって！",
			"ふくろをあけるしゅんかん<BREAK>ドッキドキだよね～",
			"そんじゃ　もう{一度|いちど}きくけどっ",
			"<CMD>138027001d95</CMD>",
			"\f"
		]
	},
	{
		"Index": 5,
		"JPN": [
			"ハーイ<BREAK>ふくぶくろ　{買|か}う～？",
			"<CMD>138027001e95</CMD>",
			"\f"
		]
	},
	{
		"Index": 6,
		"JPN": [
			"<CMD>3780</CMD>",
			"{買|か}う<CMD>138027001f95</CMD>",
			"ふくぶくろって？<CMD>138027001c95</CMD>",
			"{買|か}わない<CMD>138027002095</CMD>",
			"\f"
		]
	},
	{
		"Index": 7,
		"JPN": [
			"<CMD>498027003b8627001e8027000180</CMD>",
			"\f"
		]
	},
	{
		"Index": 8,
		"JPN": [
			"あらら　{買|か}わないのね",
			"<CMD>138027002195</CMD>",
			"\f"
		]
	},
	{
		"Index": 9,
		"JPN": [
			"<CMD>11802700559527007c95</CMD>",
			"\f"
		]
	},
	{
		"Index": 10,
		"JPN": [
			"<CMD>11802700559527007c95</CMD>",
			"\f"
		]
	},
	{
		"Index": 11,
		"JPN": [
			"<CMD>11802700559527007c95</CMD>",
			"\f"
		]
	},
	{
		"Index": 12,
		"JPN": [
			"<CMD>11802700559527007c95</CMD>",
			"\f"
		]
	},
	{
		"Index": 13,
		"JPN": [
			"<CMD>11802700559527007c95</CMD>",
			"\f"
		]
	},
	{
		"Index": 14,
		"JPN": [
			"<CMD>11802700559527007c95</CMD>",
			"\f"
		]
	},
	{
		"Index": 15,
		"JPN": [
			"<CMD>11802700559527007c95</CMD>",
			"\f"
		]
	},
	{
		"Index": 16,
		"JPN": [
			"<CMD>11802700559527007c95</CMD>",
			"\f"
		]
	},
	{
		"Index": 17,
		"JPN": [
			"<CMD>11802700559527007c95</CMD>",
			"\f"
		]
	},
	{
		"Index": 18,
		"JPN": [
			"<CMD>11802700559527007c95</CMD>",
			"\f"
		]
	},
	{
		"Index": 19,
		"JPN": [
			"<CMD>11802700559527007c95</CMD>",
			"\f"
		]
	},
	{
		"Index": 20,
		"JPN": [
			"<CMD>11802700559527007c95</CMD>",
			"\f"
		]
	},
	{
		"Index": 21,
		"JPN": [
			"<CMD>11802700559527007c95</CMD>",
			"\f"
		]
	},
	{
		"Index": 22,
		"JPN": [
			"<CMD>11802700559527007c95</CMD>",
			"\f"
		]
	},
	{
		"Index": 23,
		"JPN": [
			"<CMD>11802700559527007c95</CMD>",
			"\f"
		]
	},
	{
		"Index": 24,
		"JPN": [
			"<CMD>11802700559527007c95</CMD>",
			"\f"
		]
	},
	{
		"Index": 25,
		"JPN": [
			"<CMD>11802700559527007c95</CMD>",
			"\f"
		]
	},
	{
		"Index": 26,
		"JPN": [
			"<CMD>11802700559527007c95</CMD>",
			"\f"
		]
	},
	{
		"Index": 27,
		"JPN": [
			"<CMD>11802700559527007c95</CMD>",
			"\f"
		]
	},
	{
		"Index": 28,
		"JPN": [
			"<CMD>11802700559527007c95</CMD>",
			"\f"
		]
	},
	{
		"Index": 29,
		"JPN": [
			"<CMD>11802700559527007c95</CMD>",
			"\f"
		]
	},
	{
		"Index": 30,
		"JPN": [
			"<CMD>11802700559527007c95</CMD>",
			"\f"
		]
	},
	{
		"Index": 31,
		"JPN": [
			"<CMD>11802700ae952700af95</CMD>",
			"\f"
		]
	},
	{
		"Index": 32,
		"JPN": [
			"<CMD>11802700559527007c95</CMD>",
			"\f"
		]
	},
	{
		"Index": 33,
		"JPN": [
			"<CMD>11802700559527007c95</CMD>",
			"\f"
		]
	},
	{
		"Index": 34,
		"JPN": [
			"<CMD>11802700559527007c95</CMD>",
			"\f"
		]
	},
	{
		"Index": 35,
		"JPN": [
			"<CMD>11802700559527007c95</CMD>",
			"\f"
		]
	},
	{
		"Index": 36,
		"JPN": [
			"<CMD>11802700559527007c95</CMD>",
			"\f"
		]
	},
	{
		"Index": 37,
		"JPN": [
			"<CMD>11802700559527007c95</CMD>",
			"\f"
		]
	},
	{
		"Index": 38,
		"JPN": [
			"<CMD>11802700559527007c95</CMD>",
			"\f"
		]
	},
	{
		"Index": 39,
		"JPN": [
			"<CMD>11802700549527007c95</CMD>",
			"\f"
		]
	},
	{
		"Index": 40,
		"JPN": [
			"<CMD>11802700559527007c95</CMD>",
			"\f"
		]
	},
	{
		"Index": 41,
		"JPN": [
			"<CMD>11802700559527007c95</CMD>",
			"\f"
		]
	},
	{
		"Index": 42,
		"JPN": [
			"<CMD>11802700559527007c95</CMD>",
			"\f"
		]
	},
	{
		"Index": 43,
		"JPN": [
			"<CMD>11802700559527007c95</CMD>",
			"\f"
		]
	},
	{
		"Index": 44,
		"JPN": [
			"<CMD>11802700559527007c95</CMD>",
			"\f"
		]
	},
	{
		"Index": 45,
		"JPN": [
			"<CMD>11802700559527007c95</CMD>",
			"\f"
		]
	},
	{
		"Index": 46,
		"JPN": [
			"<CMD>11802700559527007c95</CMD>",
			"\f"
		]
	},
	{
		"Index": 47,
		"JPN": [
			"<CMD>11802700559527007c95</CMD>",
			"\f"
		]
	},
	{
		"Index": 48,
		"JPN": [
			"<CMD>11802700559527007c95</CMD>",
			"\f"
		]
	},
	{
		"Index": 49,
		"JPN": [
			"<CMD>11802700559527007c95</CMD>",
			"\f"
		]
	},
	{
		"Index": 50,
		"JPN": [
			"<CMD>11802700559527007c95</CMD>",
			"\f"
		]
	},
	{
		"Index": 51,
		"JPN": [
			"<CMD>11802700559527007c95</CMD>",
			"\f"
		]
	},
	{
		"Index": 52,
		"JPN": [
			"<CMD>11802700559527007c95</CMD>",
			"\f"
		]
	},
	{
		"Index": 53,
		"JPN": [
			"<CMD>11802700559527007c95</CMD>",
			"\f"
		]
	},
	{
		"Index": 54,
		"JPN": [
			"<CMD>11802700559527007c95</CMD>",
			"\f"
		]
	},
	{
		"Index": 55,
		"JPN": [
			"<CMD>11802700559527007c95</CMD>",
			"\f"
		]
	},
	{
		"Index": 60,
		"JPN": [
			"<CMD>49802700c78b2700078027000180</CMD>",
			"\f"
		]
	},
	{
		"Index": 61,
		"JPN": [
			"<CMD>11802700859527008595</CMD>",
			"\f"
		]
	},
	{
		"Index": 62,
		"JPN": [
			"<CMD>11802700869527008695</CMD>",
			"\f"
		]
	},
	{
		"Index": 63,
		"JPN": [
			"<CMD>118027009b9527009e95</CMD>",
			"\f"
		]
	},
	{
		"Index": 64,
		"JPN": [
			"<CMD>118027007d9527007d95</CMD>",
			"\f"
		]
	},
	{
		"Index": 65,
		"JPN": [
			"<CMD>118027007e9527007e95</CMD>",
			"\f"
		]
	},
	{
		"Index": 66,
		"JPN": [
			"<CMD>118027009b9527009e95</CMD>",
			"\f"
		]
	},
	{
		"Index": 67,
		"JPN": [
			"<CMD>118027009b9527009e95</CMD>",
			"\f"
		]
	},
	{
		"Index": 68,
		"JPN": [
			"<CMD>118027009b9527009e95</CMD>",
			"\f"
		]
	},
	{
		"Index": 69,
		"JPN": [
			"<CMD>118027007f9527007f95</CMD>",
			"\f"
		]
	},
	{
		"Index": 70,
		"JPN": [
			"<CMD>11802700839527008395</CMD>",
			"\f"
		]
	},
	{
		"Index": 71,
		"JPN": [
			"<CMD>11802700849527008495</CMD>",
			"\f"
		]
	},
	{
		"Index": 72,
		"JPN": [
			"<CMD>118027009b9527009e95</CMD>",
			"\f"
		]
	},
	{
		"Index": 75,
		"JPN": [
			"<CMD>118027009b9527009e95</CMD>",
			"\f"
		]
	}
]