[
	{
		"Index": 0,
		"JPN": [
			"<CMD>18802700729b27000180</CMD><CMD>17802700729b270001802700048027000280</CMD><CMD>16802700729b27005581</CMD><CMD>f481</CMD>さん<BREAK>あけまして　おめでとう<BREAK>ございます",
			"<CMD>18802700729b27000080</CMD><CMD>17802700729b2700088027000a8027000180</CMD><CMD>16802700729b27006981</CMD><CMD>f481</CMD>さんは<BREAK>お{年玉|としだま}を<BREAK>{頂|いただ}きましたか？",
			"もし　よろしければ<BREAK>{当銀行|とうぎんこう}へ　{預金|よきん}しては<BREAK>いかがでしょうか？",
			"それでは　ご{利用|りよう}<BREAK>お{待|ま}ちしております<CMD>4d8027000781270021832700038127004083</CMD>",
			"\f"
		]
	},
	{
		"Index": 4,
		"JPN": [
			"ほんじつは　どのような<BREAK>ごようけんでしょうか？",
			"<CMD>128027000380</CMD>",
			"\f"
		]
	},
	{
		"Index": 5,
		"JPN": [
			"ほんじつは　どのような<BREAK>ごようけんでしょうか？",
			"<CMD>128027000280</CMD>",
			"\f"
		]
	},
	{
		"Index": 6,
		"JPN": [
			"ほんじつは　どのような<BREAK>ごようけんでしょうか？",
			"<CMD>128027000280</CMD>",
			"\f"
		]
	},
	{
		"Index": 7,
		"JPN": [
			"<CMD>3780</CMD>",
			"おはなしする<CMD>11802700b2962700e396</CMD>",
			"あずける<CMD>138027006697</CMD>",
			"ひきだす<CMD>138027006997</CMD>",
			"きんこをつかう<CMD>138027006397</CMD>",
			"やめる<CMD>138027006d97</CMD>",
			"\f"
		]
	},
	{
		"Index": 8,
		"JPN": [
			"<CMD>3780</CMD>",
			"おはなしする<CMD>11802700b2962700e396</CMD>",
			"あずける<CMD>13802700e496</CMD>",
			"ひきだす<CMD>13802700e496</CMD>",
			"きんこをつかう<CMD>13802700e496</CMD>",
			"やめる<CMD>138027006d97</CMD>",
			"\f"
		]
	},
	{
		"Index": 10,
		"JPN": [
			"<CMD>11802700169727003d97</CMD>",
			"\f"
		]
	},
	{
		"Index": 11,
		"JPN": [
			"<CMD>11802700169727003d97</CMD>",
			"\f"
		]
	},
	{
		"Index": 12,
		"JPN": [
			"<CMD>11802700169727003d97</CMD>",
			"\f"
		]
	},
	{
		"Index": 13,
		"JPN": [
			"<CMD>11802700169727003d97</CMD>",
			"\f"
		]
	},
	{
		"Index": 14,
		"JPN": [
			"<CMD>11802700169727003d97</CMD>",
			"\f"
		]
	},
	{
		"Index": 15,
		"JPN": [
			"<CMD>11802700169727003d97</CMD>",
			"\f"
		]
	},
	{
		"Index": 16,
		"JPN": [
			"<CMD>11802700169727003d97</CMD>",
			"\f"
		]
	},
	{
		"Index": 17,
		"JPN": [
			"<CMD>11802700ea962700eb96</CMD>",
			"\f"
		]
	},
	{
		"Index": 18,
		"JPN": [
			"<CMD>11802700169727003d97</CMD>",
			"\f"
		]
	},
	{
		"Index": 19,
		"JPN": [
			"<CMD>11802700169727003d97</CMD>",
			"\f"
		]
	},
	{
		"Index": 20,
		"JPN": [
			"<CMD>11802700169727003d97</CMD>",
			"\f"
		]
	},
	{
		"Index": 21,
		"JPN": [
			"<CMD>11802700169727003d97</CMD>",
			"\f"
		]
	},
	{
		"Index": 22,
		"JPN": [
			"<CMD>11802700169727003d97</CMD>",
			"\f"
		]
	},
	{
		"Index": 23,
		"JPN": [
			"<CMD>11802700169727003d97</CMD>",
			"\f"
		]
	},
	{
		"Index": 24,
		"JPN": [
			"<CMD>11802700169727003d97</CMD>",
			"\f"
		]
	},
	{
		"Index": 25,
		"JPN": [
			"<CMD>11802700169727003d97</CMD>",
			"\f"
		]
	},
	{
		"Index": 26,
		"JPN": [
			"<CMD>11802700169727003d97</CMD>",
			"\f"
		]
	},
	{
		"Index": 27,
		"JPN": [
			"<CMD>11802700169727003d97</CMD>",
			"\f"
		]
	},
	{
		"Index": 28,
		"JPN": [
			"<CMD>11802700169727003d97</CMD>",
			"\f"
		]
	},
	{
		"Index": 29,
		"JPN": [
			"<CMD>11802700169727003d97</CMD>",
			"\f"
		]
	},
	{
		"Index": 30,
		"JPN": [
			"<CMD>11802700169727003d97</CMD>",
			"\f"
		]
	},
	{
		"Index": 31,
		"JPN": [
			"<CMD>11802700169727003d97</CMD>",
			"\f"
		]
	},
	{
		"Index": 32,
		"JPN": [
			"<CMD>11802700169727003d97</CMD>",
			"\f"
		]
	},
	{
		"Index": 33,
		"JPN": [
			"<CMD>11802700169727003d97</CMD>",
			"\f"
		]
	},
	{
		"Index": 34,
		"JPN": [
			"<CMD>11802700169727003d97</CMD>",
			"\f"
		]
	},
	{
		"Index": 35,
		"JPN": [
			"<CMD>11802700169727003d97</CMD>",
			"\f"
		]
	},
	{
		"Index": 36,
		"JPN": [
			"<CMD>11802700ec962700ed96</CMD>",
			"\f"
		]
	},
	{
		"Index": 37,
		"JPN": [
			"<CMD>11802700169727003d97</CMD>",
			"\f"
		]
	},
	{
		"Index": 38,
		"JPN": [
			"<CMD>11802700169727003d97</CMD>",
			"\f"
		]
	},
	{
		"Index": 39,
		"JPN": [
			"<CMD>11802700169727003d97</CMD>",
			"\f"
		]
	},
	{
		"Index": 40,
		"JPN": [
			"<CMD>11802700169727003d97</CMD>",
			"\f"
		]
	},
	{
		"Index": 41,
		"JPN": [
			"<CMD>11802700169727003d97</CMD>",
			"\f"
		]
	},
	{
		"Index": 42,
		"JPN": [
			"<CMD>11802700169727003d97</CMD>",
			"\f"
		]
	},
	{
		"Index": 43,
		"JPN": [
			"<CMD>11802700169727003d97</CMD>",
			"\f"
		]
	},
	{
		"Index": 44,
		"JPN": [
			"<CMD>11802700169727003d97</CMD>",
			"\f"
		]
	},
	{
		"Index": 45,
		"JPN": [
			"<CMD>11802700169727003d97</CMD>",
			"\f"
		]
	},
	{
		"Index": 46,
		"JPN": [
			"<CMD>11802700169727003d97</CMD>",
			"\f"
		]
	},
	{
		"Index": 47,
		"JPN": [
			"<CMD>11802700169727003d97</CMD>",
			"\f"
		]
	},
	{
		"Index": 48,
		"JPN": [
			"<CMD>11802700169727003d97</CMD>",
			"\f"
		]
	},
	{
		"Index": 49,
		"JPN": [
			"<CMD>11802700169727003d97</CMD>",
			"\f"
		]
	},
	{
		"Index": 50,
		"JPN": [
			"<CMD>11802700169727003d97</CMD>",
			"\f"
		]
	},
	{
		"Index": 51,
		"JPN": [
			"<CMD>11802700169727003d97</CMD>",
			"\f"
		]
	},
	{
		"Index": 52,
		"JPN": [
			"<CMD>11802700169727003d97</CMD>",
			"\f"
		]
	},
	{
		"Index": 53,
		"JPN": [
			"<CMD>11802700169727003d97</CMD>",
			"\f"
		]
	},
	{
		"Index": 54,
		"JPN": [
			"<CMD>11802700169727003d97</CMD>",
			"\f"
		]
	},
	{
		"Index": 55,
		"JPN": [
			"<CMD>11802700169727003d97</CMD>",
			"\f"
		]
	},
	{
		"Index": 56,
		"JPN": [
			"<CMD>11802700169727003d97</CMD>",
			"\f"
		]
	},
	{
		"Index": 57,
		"JPN": [
			"<CMD>11802700169727003d97</CMD>",
			"\f"
		]
	},
	{
		"Index": 58,
		"JPN": [
			"<CMD>11802700169727003d97</CMD>",
			"\f"
		]
	},
	{
		"Index": 59,
		"JPN": [
			"<CMD>11802700169727003d97</CMD>",
			"\f"
		]
	},
	{
		"Index": 60,
		"JPN": [
			"もうしわけありません<BREAK>{通信|つうしん}{中|ちゅう}はサービスを<BREAK>{停止|ていし}しております",
			"\f"
		]
	},
	{
		"Index": 66,
		"JPN": [
			"<CMD>118027005c9727005f97</CMD>",
			"\f"
		]
	},
	{
		"Index": 67,
		"JPN": [
			"<CMD>18802700729b27000480</CMD><CMD>17802700729b2700ab8027000a8027000180</CMD><CMD>16802700729b27007f81</CMD>さいきん　みょうなのです<BREAK>ときどき　{家|いえ}に{帰|かえ}ってからの<BREAK>きおくが　ないのです",
			"いしきがとぎれて<BREAK>{気|き}がついてみると<BREAK>{朝|あさ}になっていたりするのです",
			"しかも　{道|みち}ばたで<BREAK>{倒|たお}れてたり…",
			"わたしの{身|み}に<BREAK>なにかが{起|お}きている…",
			"なのに　わたしには<BREAK>それを{確|たし}かめる{方法|ほうほう}が<BREAK>ないのです",
			"<CMD>18802700729b27000580</CMD><CMD>17802700729b2700aa8027000a8027000180</CMD><CMD>16802700729b27002d81</CMD>わたしは　いったい<BREAK>どうしてしまったのでしょう…？",
			"\f"
		]
	},
	{
		"Index": 68,
		"JPN": [
			"<CMD>118027005c9727005f97</CMD>",
			"\f"
		]
	},
	{
		"Index": 69,
		"JPN": [
			"<CMD>18802700729b27000580</CMD><CMD>17802700729b2700068027000a8027000280</CMD><CMD>16802700729b27002d81</CMD>ああ　{早|はや}く<BREAK><CMD>008027000480</CMD><CMD>fb8127005483</CMD><CMD>008027000180</CMD><BREAK>を　{用意|ようい}しないと",
			"<CMD>18802700729b27000080</CMD><CMD>17802700729b270001802700048027000080</CMD><CMD>008027000380</CMD>ジャックランタン<CMD>008027000180</CMD>に<BREAK>イタズラされては<BREAK>たまりませんからね！",
			"{買|か}い{物|もの}にいくためには<BREAK>いそいで　この{仕事|しごと}を<BREAK>{終|お}わりにしなければ！",
			"\f"
		]
	}
]