[
	{
		"Index": 0,
		"JPN": [
			"<CMD>11802700c19a2700c19a</CMD>",
			"\f"
		]
	},
	{
		"Index": 1,
		"JPN": [
			"<CMD>11802700c29a2700c29a</CMD>",
			"\f"
		]
	},
	{
		"Index": 2,
		"JPN": [
			"<CMD>11802700c39a2700c39a</CMD>",
			"\f"
		]
	},
	{
		"Index": 3,
		"JPN": [
			"<CMD>11802700b89a2700b89a</CMD>",
			"\f"
		]
	},
	{
		"Index": 4,
		"JPN": [
			"<CMD>11802700b99a2700b99a</CMD>",
			"\f"
		]
	},
	{
		"Index": 5,
		"JPN": [
			"<CMD>11802700ba9a2700ba9a</CMD>",
			"\f"
		]
	},
	{
		"Index": 6,
		"JPN": [
			"<CMD>11802700bb9a2700bb9a</CMD>",
			"\f"
		]
	},
	{
		"Index": 7,
		"JPN": [
			"<CMD>11802700bc9a2700bc9a</CMD>",
			"\f"
		]
	},
	{
		"Index": 8,
		"JPN": [
			"<CMD>11802700c09a2700c09a</CMD>",
			"\f"
		]
	},
	{
		"Index": 9,
		"JPN": [
			"<CMD>11802700d69a2700d99a</CMD>",
			"\f"
		]
	},
	{
		"Index": 10,
		"JPN": [
			"<CMD>11802700d69a2700d99a</CMD>",
			"\f"
		]
	},
	{
		"Index": 11,
		"JPN": [
			"<CMD>11802700d69a2700d99a</CMD>",
			"\f"
		]
	},
	{
		"Index": 12,
		"JPN": [
			"<CMD>11802700d69a2700d99a</CMD>",
			"\f"
		]
	},
	{
		"Index": 40,
		"JPN": [
			"<CMD>18802700729b27000080</CMD><CMD>17802700729b2700088027000a8027000180</CMD><CMD>16802700729b27006981</CMD>ほう　<CMD>f481</CMD>くんは<BREAK>この<CMD>008027000580</CMD>{学校|がっこう}<CMD>008027000180</CMD>のむかし{話|ばなし}が<BREAK>{聞|き}きたいのですかな？",
			"<CMD>18802700729b27000180</CMD><CMD>17802700729b270001802700048027000280</CMD><CMD>16802700729b27005581</CMD>むかしのことを　{知|し}ることは<BREAK>{今|いま}と{未来|みらい}を　{考|かんが}える{上|うえ}で<BREAK>とても　{大切|たいせつ}なことですね",
			"そもそも　この<CMD>008027000580</CMD>{町|まち}<CMD>008027000180</CMD>と　<CMD>008027000580</CMD>{学校|がっこう}<CMD>008027000180</CMD>を<BREAK>つくったのは　わたしの<BREAK>{遠|とお}い{遠|とお}い　ごせんぞ{様|さま}でした",
			"それ{以来|いらい}<BREAK>わたしの<CMD>008027000580</CMD>{家|いえ}<CMD>008027000180</CMD>の{者|もの}が{代々|だいだい}<BREAK>{校長|こうちょう}をつとめてきたのです",
			"{全|すべ}ては　この{世界|せかい}を<BREAK>より{良|よ}くする　すぐれた<BREAK>まほう{使|つか}いたちを{育|そだ}てるため…",
			"<CMD>18802700729b27000180</CMD><CMD>17802700729b270001802700048027000280</CMD><CMD>16802700729b27005581</CMD>もちろん　それは<BREAK>まほうの{力|ちから}が　{強|つよ}ければよい<BREAK>というものではないのですぞ？",
			"まほうの{力|ちから}を　あやつるのは<BREAK>ニンゲンの{心|こころ}なのです",
			"どれほど　{力|ちから}があっても<BREAK>{心|こころ}のない{人|ひと}に　{世|よ}の{中|なか}を<BREAK>{良|よ}くすることなど　できません",
			"<CMD>f481</CMD>くんたちには<BREAK>ぜひ　そのことを　わすれず<BREAK>いっしょうけんめい　{学|まな}び…",
			"<CMD>18802700729b27000180</CMD><CMD>17802700729b270001802700048027000280</CMD><CMD>16802700729b27005581</CMD>そして　{友|とも}だちと<BREAK>たくさん　あそんで<BREAK>{心|こころ}を{育|そだ}てて{欲|ほ}しいのです<CMD>49802700df8027000280</CMD>",
			"\f"
		]
	},
	{
		"Index": 41,
		"JPN": [
			"<CMD>18802700729b27000180</CMD><CMD>17802700729b270001802700048027000280</CMD><CMD>16802700729b27005581</CMD>この{世界|せかい}は　みんなが<BREAK>まほうを{信|しん}じる{心|こころ}によって<BREAK>さかえてきたのですぞ",
			"{世|よ}の{中|なか}の　ふしぎな{力|ちから}や<BREAK>{目|め}に{見|み}えない{存在|そんざい}を<BREAK>{想像|そうぞう}し　{信|しん}じる{心|こころ}…",
			"<CMD>18802700729b27000180</CMD><CMD>17802700729b270001802700048027000280</CMD><CMD>16802700729b27005581</CMD>そんな　{心|こころ}の{力|ちから}が<BREAK>まほうを　たしかなものにし<BREAK>この{世界|せかい}を{支|ささ}えてきたのです",
			"{卵|たまご}が{先|さき}か　ニワトリが{先|さき}か<BREAK>みたいな{話|はなし}ですが<BREAK>{本当|ほんとう}のことなのですぞ？",
			"もし　みんなが<BREAK>まほうを{信|しん}じる{心|こころ}を<BREAK>なくしてしまったら…",
			"<CMD>18802700729b27000380</CMD><CMD>17802700729b270001802700048027000080</CMD><CMD>16802700729b27003081</CMD>それは　それは<BREAK>おそろしいことが<BREAK>おこってしまうのです…",
			"この<CMD>008027000580</CMD>{学校|がっこう}<CMD>008027000180</CMD>は　まほうや<BREAK>ふしぎなできごとが<BREAK>どれだけ{身近|みぢか}なものか",
			"いろいろな{世界|せかい}の<BREAK>みなさんに{知|し}ってもらう<BREAK>{役目|やくめ}もあるのですぞ",
			"まほうの{力|ちから}のあまりない<BREAK>{遠|とお}い{遠|とお}い　{国|くに}からも<BREAK>たくさんの{生徒|せいと}がやってきて",
			"<CMD>18802700729b27000180</CMD><CMD>17802700729b270001802700048027000280</CMD><CMD>16802700729b27005581</CMD>ともに　まほうを{学|まな}び<BREAK>ふしぎにふれることは<BREAK>たいへん　{意味|いみ}のあることなのです<CMD>49802700df8027000280</CMD>",
			"\f"
		]
	},
	{
		"Index": 42,
		"JPN": [
			"<CMD>18802700729b27000080</CMD><CMD>17802700729b2700088027000a8027000180</CMD><CMD>16802700729b27006981</CMD>だれも　まほうを<BREAK>{信|しん}じなくなったら<BREAK>どうなるのか…　ですと？",
			"<CMD>18802700729b27000580</CMD><CMD>17802700729b2700068027000a8027000280</CMD><CMD>16802700729b27002d81</CMD>そのとき　この{世|よ}は<BREAK>なにもかもが　{色|いろ}あせた<BREAK>さみしい{世界|せかい}となるのですぞ",
			"{遠|とお}い{遠|とお}い　むかし<BREAK>この<CMD>008027000580</CMD>{町|まち}<CMD>008027000180</CMD>と<CMD>008027000580</CMD>{学校|がっこう}<CMD>008027000180</CMD>が<BREAK>できる{前|まえ}の{時代|じだい}がそうでした",
			"<CMD>18802700729b27000380</CMD><CMD>17802700729b270001802700048027000080</CMD><CMD>16802700729b27003081</CMD>そこには　{春|はる}のよろこびも<BREAK>{夏|なつ}のまぶしさもなく",
			"{秋|あき}よりも　さみしく<BREAK>{冬|ふゆ}よりも{心|こころ}がいてつく…<BREAK>そんな{世|よ}の{中|なか}だったのです",
			"もし　もう{一度|１ど}<BREAK>そんな{時代|じだい}が　おとずれ<BREAK>{人々|ひとびと}が　{希望|きぼう}を{失|うしな}えば…",
			"<CMD>18802700729b27000380</CMD><CMD>17802700729b270001802700048027000080</CMD><CMD>16802700729b27003081</CMD>{最後|さいご}には　なにも{残|のこ}らない…<BREAK>{無|む}の{世界|せかい}が{待|ま}っている<BREAK>ことでしょう",
			"ごせんぞ{様|さま}たちは　そんな{中|なか}<BREAK>{必死|ひっし}に　まほうの{力|ちから}と<BREAK>{人々|ひとびと}の{心|こころ}を{育|はぐく}み…",
			"{無|む}の{世界|せかい}の　{直前|ちょくぜん}から<BREAK>{世界|せかい}を　{今|いま}ある{形|かたち}にまで<BREAK>{育|そだ}てたあげたのですぞ",
			"<CMD>18802700729b27000180</CMD><CMD>17802700729b270001802700048027000280</CMD><CMD>16802700729b27005581</CMD>ふたたび　かなしい{世界|せかい}が<BREAK>やってこないようにすることが<BREAK>わたしたちの{使命|しめい}なのです<CMD>49802700df8027000280</CMD>",
			"\f"
		]
	},
	{
		"Index": 43,
		"JPN": [
			"<CMD>18802700729b27000480</CMD><CMD>17802700729b27000a8027000a8027000180</CMD><CMD>16802700729b27007f81</CMD>うーむ…<BREAK>だいじょうぶでしょうかね…",
			"いえ　{少々|しょうしょう}<BREAK><CMD>008027000580</CMD>かめや<CMD>008027000180</CMD>の<CMD>008027000380</CMD>トメさん<CMD>008027000180</CMD>のことが<BREAK>{心配|しんぱい}でしてね…",
			"<CMD>18802700729b27000080</CMD><CMD>17802700729b2700088027000a8027000180</CMD><CMD>16802700729b27006981</CMD><CMD>008027000380</CMD>トメさん<CMD>008027000180</CMD>は　お{歳|とし}なのに<BREAK>ひとりぐらしですからね…<BREAK>なにか　こまってないでしょうか",
			"じつは　そのむかし<BREAK><CMD>008027000380</CMD>トメさん<CMD>008027000180</CMD>は　わたしの<CMD>008027000580</CMD>{家|いえ}<CMD>008027000180</CMD>の<BREAK>お{手伝|てつだ}いさんをしていたのですよ",
			"<CMD>18802700729b27000180</CMD><CMD>17802700729b270001802700048027000280</CMD><CMD>16802700729b27005581</CMD>{子|こ}どものころは　いそがしい<BREAK>{母|はは}の{代|か}わりに　いつも<BREAK>やさしくしてもらっていたものです",
			"だから　{今度|こんど}は<BREAK>わたしが　<CMD>008027000380</CMD>トメさん<CMD>008027000180</CMD>に<BREAK>おん{返|がえ}しをする{番|ばん}なのです",
			"<CMD>18802700729b27000580</CMD><CMD>17802700729b27000a8027000a8027000180</CMD><CMD>16802700729b27002d81</CMD>ですが　どうしたら<BREAK>いいでしょうかねぇ…<CMD>49802700df8027000480</CMD>",
			"\f"
		]
	},
	{
		"Index": 44,
		"JPN": [
			"わたしはね<BREAK>むかしとても　からだが{弱|よわ}くて<BREAK>よく　ねこんだものです",
			"そんなとき　<CMD>008027000380</CMD>トメさん<CMD>008027000180</CMD>には<BREAK>{薬|くすり}を{作|つく}ってもらったり<BREAK>かんびょうしてもらったのです",
			"だから　わたしは<BREAK>あの{人|ひと}には　{今|いま}でも<BREAK>{頭|あたま}が{上|あ}がらないのですよ",
			"しかし　<CMD>008027000380</CMD>トメさん<CMD>008027000180</CMD>も<BREAK>そろそろ　よいお{歳|とし}です",
			"{今度|こんど}は　わたしが<BREAK>お{世話|せわ}をする{番|ばん}だと<BREAK>{思|おも}っているのですよ",
			"<CMD>18802700729b27000080</CMD><CMD>17802700729b2700088027000a8027000180</CMD><CMD>16802700729b27006981</CMD><CMD>008027000380</CMD>トメさん<CMD>008027000180</CMD>は　なにか<BREAK>こまってたりしませんかね？",
			"<CMD>13802700bd9a</CMD>",
			"\f"
		]
	},
	{
		"Index": 45,
		"JPN": [
			"<CMD>3780</CMD>",
			"あるみたい<CMD>13802700be9a</CMD>",
			"ないとおもう<CMD>13802700bf9a</CMD>",
			"\f"
		]
	},
	{
		"Index": 46,
		"JPN": [
			"なんですって？<BREAK><CMD>008027000380</CMD>トメさん<CMD>008027000180</CMD>に{心配事|しんぱいごと}ですと？<BREAK>う～む…　いけませんね…",
			"{今度|こんど}　{会|あ}いにいって<BREAK>みることにしましょうか<CMD>49802700df8027000480</CMD>",
			"\f"
		]
	},
	{
		"Index": 47,
		"JPN": [
			"そうですか…<BREAK>いえ　わたしの{考|かんが}えすぎなら<BREAK>いいのですがね…",
			"\f"
		]
	},
	{
		"Index": 48,
		"JPN": [
			"やあ　<CMD>f481</CMD>くん",
			"きみに{聞|き}いたことが<BREAK>{気|き}になって　このあいだ<BREAK><CMD>008027000380</CMD>トメさん<CMD>008027000180</CMD>に　{会|あ}ってきましたよ",
			"…いやはや　これは<BREAK><CMD>008027000580</CMD>{学校|がっこう}<CMD>008027000180</CMD>の{勉強|べんきょう}よりも<BREAK>むずかしい{問題|もんだい}ですな",
			"<CMD>18802700729b27000580</CMD><CMD>17802700729b27000a8027000a8027000180</CMD><CMD>16802700729b27002d81</CMD>あ　いや　これは<BREAK>きみに　{相談|そうだん}するのは<BREAK>ちょっと{早|はや}いですかね",
			"<CMD>18802700729b27000480</CMD><CMD>17802700729b27000a8027000a8027000180</CMD><CMD>16802700729b27007f81</CMD>しかし…<BREAK>ははは…<BREAK>こまったものです",
			"{気|き}にかけていただけるのは<BREAK>ありがたいのですが…<BREAK>どうしたものでしょうかね<CMD>49802700df8027000480</CMD>",
			"\f"
		]
	},
	{
		"Index": 49,
		"JPN": [
			"<CMD>18802700729b27000180</CMD><CMD>17802700729b270001802700048027000280</CMD><CMD>16802700729b27005581</CMD><CMD>f481</CMD>くん<BREAK>{今日|きょう}も　がんばって<BREAK>いるようですね",
			"{勉強熱心|べんきょうねっしん}なのは<BREAK>たいへん　けっこうですが<BREAK>こんをつめすぎてもいけませんぞ？",
			"いだいな　まほう{使|つか}いに<BREAK>なるためには<BREAK>{勉強|べんきょう}は{大切|たいせつ}ですが",
			"それでは　{頭|あたま}でっかちで<BREAK>{心|こころ}のない　まほう{使|つか}いに<BREAK>なってしまいますぞ",
			"まじめに{勉強|べんきょう}するだけでは<BREAK>わからない　たいせつなことが<BREAK>{世|よ}の{中|なか}　たくさんあるのですぞ？",
			"{意味|いみ}が　わかりませんか？",
			"<CMD>18802700729b27000180</CMD><CMD>17802700729b270001802700048027000280</CMD><CMD>16802700729b27005581</CMD>ふふふ…<BREAK>まあ　{今|いま}のきみには　まだ<BREAK>むずかしいかも　しれませんね<CMD>49802700df8027000380</CMD>",
			"\f"
		]
	},
	{
		"Index": 50,
		"JPN": [
			"<CMD>18802700729b27000080</CMD><CMD>17802700729b2700088027000a8027000180</CMD><CMD>16802700729b27006981</CMD>おや　<CMD>f481</CMD>くん<BREAK>このあいだの　わたしの{話|はなし}を<BREAK>{考|かんが}えていたのですか？",
			"…ここだけの{話|はなし}ですがね<BREAK>こう{見|み}えて　わたしも<BREAK>むかしは　ヤンチャしたものです",
			"てつやで　あそびほうけて<BREAK><CMD>008027000580</CMD>{町|まち}<CMD>008027000180</CMD>{中|じゅう}　イタズラまほうを<BREAK>{乱射|らんしゃ}して{大|おお}さわぎしたりね",
			"そんなことは　{人生|じんせい}のムダ<BREAK>まわりみちだ　という{人|ひと}も<BREAK>{多|おお}いでしょう",
			"けれど　{今|いま}にして　{思|おも}えば<BREAK>そんなことも　ムダではなかったと<BREAK>そう　{思|おも}えるのです",
			"さまざまな{物|もの}を　{見聞|みき}きし<BREAK>{良|よ}いことも　{悪|わる}いことも{知|し}り<BREAK>いろいろな{人|ひ}と{知|とし}り{合|あ}ったことが",
			"<CMD>18802700729b27000180</CMD><CMD>17802700729b270001802700048027000280</CMD><CMD>16802700729b27005581</CMD>わたしの{考|かんが}え{方|かた}や<BREAK>{人|ひと}とのつきあいかたの　{幅|はば}を<BREAK>{広|ひろ}げてくれたと{思|おも}うのです",
			"べつに　{悪|わる}いことを<BREAK>やりなさいと<BREAK>{言|い}っているのではありません",
			"ただ　<CMD>f481</CMD>くんも<BREAK>もっと　{自由|じゆう}にふるまうと<BREAK>いいと{思|おも}うのです",
			"<CMD>18802700729b27000180</CMD><CMD>17802700729b270001802700048027000280</CMD><CMD>16802700729b27005581</CMD>それが{意味|いみ}のあることだったと<BREAK>{思|おも}える{日|ひ}が　いつか<BREAK>きっとくるはずですぞ<CMD>49802700df8027000380</CMD>",
			"\f"
		]
	},
	{
		"Index": 51,
		"JPN": [
			"<CMD>18802700729b27000580</CMD><CMD>17802700729b270001802700048027000080</CMD><CMD>16802700729b27005681</CMD>ああ　<CMD>f481</CMD>くん",
			"<CMD>18802700729b27000580</CMD><CMD>17802700729b27000a8027000a8027000180</CMD><CMD>16802700729b27002d81</CMD>このあいだの　{話|はなし}ですけど<BREAK>だれかに　{話|はな}したりは<BREAK>しては　いないですよね？",
			"わたしが　むかし<BREAK>イタズラしたという{話|はなし}は<BREAK>ぜったいに　ひみつですぞ？",
			"<CMD>18802700729b27000580</CMD><CMD>17802700729b27000a8027000a8027000180</CMD><CMD>16802700729b27002d81</CMD>とくに<BREAK><CMD>008027000380</CMD>ドルイドン{先生|せんせい}<CMD>008027000180</CMD>には<BREAK>ひみつ　にしてほしいのです",
			"<CMD>008027000380</CMD>ドルイドン{先生|せんせい}<CMD>008027000180</CMD>には<BREAK>むかしから　お{世話|せわ}になって<BREAK>{頭|あたま}が{上|あ}がらないのです",
			"だから　あの{人|ひと}にだけは<BREAK>{悪|わる}さをしていたことは<BREAK>{知|し}られたくないのですよ",
			"どんな{体験|たいけん}にも<BREAK>{意味|いみ}があると　{言|い}いましたが",
			"<CMD>18802700729b27000480</CMD><CMD>17802700729b27000a8027000a8027000180</CMD><CMD>16802700729b27007f81</CMD>そんけいする{人|ひと}には<BREAK>がっかりされたくない<BREAK>ものなのです",
			"こんなのは<BREAK>{勝手|かって}な　{言|い}い{分|ぶん}だと<BREAK>{思|おも}うかも　しれませんがね",
			"どうか　くれぐれも<BREAK>おねがいしましたよ<CMD>49802700df8027000380</CMD>",
			"\f"
		]
	},
	{
		"Index": 52,
		"JPN": [
			"\f"
		]
	},
	{
		"Index": 53,
		"JPN": [
			"\f"
		]
	},
	{
		"Index": 54,
		"JPN": [
			"\f"
		]
	},
	{
		"Index": 55,
		"JPN": [
			"\f"
		]
	},
	{
		"Index": 56,
		"JPN": [
			"\f"
		]
	},
	{
		"Index": 57,
		"JPN": [
			"\f"
		]
	},
	{
		"Index": 58,
		"JPN": [
			"\f"
		]
	},
	{
		"Index": 59,
		"JPN": [
			"\f"
		]
	},
	{
		"Index": 60,
		"JPN": [
			"\f"
		]
	},
	{
		"Index": 61,
		"JPN": [
			"\f"
		]
	},
	{
		"Index": 62,
		"JPN": [
			"\f"
		]
	},
	{
		"Index": 63,
		"JPN": [
			"\f"
		]
	},
	{
		"Index": 64,
		"JPN": [
			"\f"
		]
	},
	{
		"Index": 65,
		"JPN": [
			"\f"
		]
	},
	{
		"Index": 66,
		"JPN": [
			"\f"
		]
	},
	{
		"Index": 67,
		"JPN": [
			"\f"
		]
	},
	{
		"Index": 68,
		"JPN": [
			"\f"
		]
	},
	{
		"Index": 69,
		"JPN": [
			"\f"
		]
	},
	{
		"Index": 70,
		"JPN": [
			"<CMD>18802700729b27000080</CMD><CMD>17802700729b2700088027000a8027000180</CMD><CMD>16802700729b27006981</CMD>ずかんに<BREAK>{虫|むし}や{魚|さかな}を<BREAK>とうろくしたことはありますか？",
			"<CMD>18802700729b27000780</CMD><CMD>17802700729b2700088027000a8027000180</CMD>かたほうのずかんは<BREAK>{少々|しょうしょう}あらっぽくて<BREAK>{困|こま}ってるんですよ…",
			"もしまんがいち<BREAK>せいとの{手|て}にでも<BREAK>かみついたりしたら…と",
			"ずかんのとりあつかいには<BREAK>じゅうぶん{気|き}をつけて<BREAK>くださいね？",
			"\f"
		]
	},
	{
		"Index": 71,
		"JPN": [
			"<CMD>18802700729b27000180</CMD><CMD>17802700729b270001802700048027000280</CMD><CMD>16802700729b27005581</CMD>このとしょかんでは<BREAK>{多|おお}くのしりょうを<BREAK>ほかんしています",
			"めずらしいしりょうから<BREAK>{開|あ}けてはならない<BREAK>おそろしい{本|ほん}まで…",
			"ですから<BREAK>{本|ほん}のあつかいは<BREAK>しんちょうにしてくださいね？",
			"\f"
		]
	},
	{
		"Index": 72,
		"JPN": [
			"ここにある{本|ほん}の{中|なか}には<BREAK>わたしが{生|う}まれるずっと{前|まえ}から",
			"おいてあるものも<BREAK>すくなくありません",
			"このさきも<BREAK>ずっと　うけつがれて{行|い}くのです",
			"\f"
		]
	},
	{
		"Index": 73,
		"JPN": [
			"ふだんじゅぎょうをすることは<BREAK>ほとんどありませんが",
			"せいとのことは<BREAK>すべて{先生|せんせい}がたから<BREAK>きいています",
			"もちろん<CMD>f481</CMD>くん<BREAK>あなたのことも<BREAK>ちゃんとしっていますよ",
			"これからも　しっかり<BREAK>がんばってくださいね",
			"\f"
		]
	},
	{
		"Index": 74,
		"JPN": [
			"{夜空|よぞら}は<BREAK>すべてをうつしだす<BREAK>かがみです",
			"{星|ほし}たちのささやきに<BREAK>{耳|みみ}をかたむけてみるのも<BREAK>よいものですよ",
			"さて　{何|なに}か{聞|き}きたいことは<BREAK>ありますか？",
			"<CMD>13802700de9a</CMD>",
			"\f"
		]
	},
	{
		"Index": 75,
		"JPN": [
			"{夜空|よぞら}は<BREAK>すべてをうつしだす<BREAK>かがみです",
			"{星|ほし}たちのささやきに<BREAK>{耳|みみ}をかたむけてみるのも<BREAK>よいものですよ",
			"さて　{何|なに}か{聞|き}きたいことは<BREAK>ありますか？",
			"<CMD>13802700de9a</CMD>",
			"\f"
		]
	},
	{
		"Index": 76,
		"JPN": [
			"{夜空|よぞら}は<BREAK>すべてをうつしだす<BREAK>かがみです",
			"{星|ほし}たちのささやきに<BREAK>{耳|みみ}をかたむけてみるのも<BREAK>よいものですよ",
			"さて　{何|なに}か{聞|き}きたいことは<BREAK>ありますか？",
			"<CMD>13802700de9a</CMD>",
			"\f"
		]
	},
	{
		"Index": 77,
		"JPN": [
			"きみたちには<BREAK>りっぱなまほう{使|つか}いに<BREAK>なってもらいたいのです",
			"でもわたしには　もうひとつ<BREAK>{楽|たの}しみがふえました",
			"きみたちが<BREAK>どのように　おしゃれをするかが<BREAK>とても{楽|たの}しみなのです<CMD>4c80270078822700618327000180</CMD>",
			"\f"
		]
	},
	{
		"Index": 78,
		"JPN": [
			"<CMD>3780</CMD>",
			"おはなし<CMD>11802700df9a27001b9b</CMD>",
			"ほしのささやき<CMD>13802700b99b</CMD>",
			"こんごのうんせい<CMD>13802700ba9b</CMD>",
			"かぎについて<CMD>13802700869a</CMD>",
			"やめる<CMD>13802700bb9b</CMD>",
			"\f"
		]
	},
	{
		"Index": 79,
		"JPN": [
			"<CMD>118027001c9b2700439b</CMD>",
			"\f"
		]
	},
	{
		"Index": 81,
		"JPN": [
			"<CMD>118027001c9b2700439b</CMD>",
			"\f"
		]
	},
	{
		"Index": 82,
		"JPN": [
			"<CMD>118027001c9b2700439b</CMD>",
			"\f"
		]
	},
	{
		"Index": 83,
		"JPN": [
			"<CMD>118027001c9b2700439b</CMD>",
			"\f"
		]
	},
	{
		"Index": 84,
		"JPN": [
			"<CMD>118027001c9b2700439b</CMD>",
			"\f"
		]
	},
	{
		"Index": 85,
		"JPN": [
			"<CMD>118027001c9b2700439b</CMD>",
			"\f"
		]
	},
	{
		"Index": 86,
		"JPN": [
			"<CMD>118027001c9b2700439b</CMD>",
			"\f"
		]
	},
	{
		"Index": 87,
		"JPN": [
			"<CMD>118027001c9b2700439b</CMD>",
			"\f"
		]
	},
	{
		"Index": 88,
		"JPN": [
			"<CMD>118027001c9b2700439b</CMD>",
			"\f"
		]
	},
	{
		"Index": 89,
		"JPN": [
			"<CMD>118027001c9b2700439b</CMD>",
			"\f"
		]
	},
	{
		"Index": 90,
		"JPN": [
			"<CMD>11802700559a27005a9a</CMD>",
			"\f"
		]
	},
	{
		"Index": 91,
		"JPN": [
			"<CMD>118027001c9b2700439b</CMD>",
			"\f"
		]
	},
	{
		"Index": 92,
		"JPN": [
			"<CMD>118027001c9b2700439b</CMD>",
			"\f"
		]
	},
	{
		"Index": 93,
		"JPN": [
			"<CMD>118027001c9b2700439b</CMD>",
			"\f"
		]
	},
	{
		"Index": 94,
		"JPN": [
			"<CMD>118027001c9b2700439b</CMD>",
			"\f"
		]
	},
	{
		"Index": 95,
		"JPN": [
			"<CMD>118027001c9b2700439b</CMD>",
			"\f"
		]
	},
	{
		"Index": 96,
		"JPN": [
			"<CMD>118027001c9b2700439b</CMD>",
			"\f"
		]
	},
	{
		"Index": 97,
		"JPN": [
			"<CMD>118027001c9b2700439b</CMD>",
			"\f"
		]
	},
	{
		"Index": 98,
		"JPN": [
			"<CMD>118027001c9b2700439b</CMD>",
			"\f"
		]
	},
	{
		"Index": 99,
		"JPN": [
			"<CMD>118027001c9b2700439b</CMD>",
			"\f"
		]
	}
]