[
	{
		"Index": 0,
		"JPN": [
			"<CMD>18802700729b27000180</CMD><CMD>17802700729b270001802700048027000280</CMD><CMD>16802700729b27005581</CMD><CMD>f481</CMD>くん　{新年|しんねん}<BREAK>あけまして　おめでとう",
			"{今年|ことし}も　すばらしい<BREAK>まほう{使|つか}い　になるために<BREAK>がんばるのですぞ",
			"それでは…",
			"はい<BREAK><CMD>158027001882</CMD>お{年玉|としだま}です<CMD>3a8027006480</CMD><CMD>4d8027000d81270031832700038127004083</CMD>",
			"\f"
		]
	},
	{
		"Index": 1,
		"JPN": [
			"<CMD>18802700729b27000180</CMD><CMD>17802700729b270001802700048027000280</CMD><CMD>16802700729b27005581</CMD><CMD>f481</CMD>くん　{新年|しんねん}<BREAK>あけまして　おめでとう",
			"{今年|ことし}も　すばらしい<BREAK>まほう{使|つか}い　になるために<BREAK>がんばるのですぞ",
			"それでは…",
			"はい<BREAK><CMD>158027001882</CMD>お{年玉|としだま}です<CMD>3a8027006480</CMD><CMD>4d8027000d81270031832700038127004083</CMD>",
			"\f"
		]
	},
	{
		"Index": 2,
		"JPN": [
			"きみたちには<BREAK>りっぱなまほう{使|つか}いに<BREAK>なってもらいたいです",
			"でもわたしは　またひとつ<BREAK>{楽|たの}しみがふえました",
			"それは　きみたちが<BREAK>どのように　おしゃれをするかです<BREAK>{今|いま}から　とても{楽|たの}しみです<CMD>4c80270078822700618327000180</CMD>",
			"\f"
		]
	},
	{
		"Index": 3,
		"JPN": [
			"よくきました<CMD>49802700fa8027000e8027000080</CMD>",
			"\f"
		]
	},
	{
		"Index": 4,
		"JPN": [
			"<CMD>18802700729b27000080</CMD><CMD>17802700729b270001802700048027000080</CMD><CMD>f481</CMD>くん<BREAK>どのじゅぎょうを<BREAK>うけるのですか？<CMD>2b802700008027000080</CMD>",
			"<CMD>13802700d099</CMD>",
			"\f"
		]
	},
	{
		"Index": 5,
		"JPN": [
			"きょうは<BREAK>どんなようかな？",
			"<CMD>128027000280</CMD>",
			"\f"
		]
	},
	{
		"Index": 7,
		"JPN": [
			"<CMD>3780</CMD>",
			"おはなしする<CMD>11802700d2992700099a</CMD>",
			"かぎについて<CMD>13802700869a</CMD>",
			"やめる<CMD>13802700bb9b</CMD>",
			"\f"
		]
	},
	{
		"Index": 8,
		"JPN": [
			"<CMD>318027000080</CMD>",
			"\f"
		]
	},
	{
		"Index": 10,
		"JPN": [
			"<CMD>11802700909a2700b79a</CMD>",
			"\f"
		]
	},
	{
		"Index": 11,
		"JPN": [
			"<CMD>11802700909a2700b79a</CMD>",
			"\f"
		]
	},
	{
		"Index": 12,
		"JPN": [
			"<CMD>11802700909a2700b79a</CMD>",
			"\f"
		]
	},
	{
		"Index": 13,
		"JPN": [
			"<CMD>11802700909a2700b79a</CMD>",
			"\f"
		]
	},
	{
		"Index": 14,
		"JPN": [
			"<CMD>11802700909a2700b79a</CMD>",
			"\f"
		]
	},
	{
		"Index": 15,
		"JPN": [
			"<CMD>11802700909a2700b79a</CMD>",
			"\f"
		]
	},
	{
		"Index": 16,
		"JPN": [
			"<CMD>118027000a9a27000f9a</CMD>",
			"\f"
		]
	},
	{
		"Index": 17,
		"JPN": [
			"<CMD>11802700909a2700b79a</CMD>",
			"\f"
		]
	},
	{
		"Index": 18,
		"JPN": [
			"<CMD>11802700909a2700b79a</CMD>",
			"\f"
		]
	},
	{
		"Index": 19,
		"JPN": [
			"<CMD>11802700909a2700b79a</CMD>",
			"\f"
		]
	},
	{
		"Index": 20,
		"JPN": [
			"<CMD>11802700909a2700b79a</CMD>",
			"\f"
		]
	},
	{
		"Index": 21,
		"JPN": [
			"<CMD>11802700909a2700b79a</CMD>",
			"\f"
		]
	},
	{
		"Index": 22,
		"JPN": [
			"<CMD>11802700909a2700b79a</CMD>",
			"\f"
		]
	},
	{
		"Index": 23,
		"JPN": [
			"<CMD>11802700909a2700b79a</CMD>",
			"\f"
		]
	},
	{
		"Index": 24,
		"JPN": [
			"<CMD>11802700909a2700b79a</CMD>",
			"\f"
		]
	},
	{
		"Index": 25,
		"JPN": [
			"<CMD>11802700909a2700b79a</CMD>",
			"\f"
		]
	},
	{
		"Index": 26,
		"JPN": [
			"<CMD>11802700909a2700b79a</CMD>",
			"\f"
		]
	},
	{
		"Index": 27,
		"JPN": [
			"<CMD>11802700909a2700b79a</CMD>",
			"\f"
		]
	},
	{
		"Index": 28,
		"JPN": [
			"<CMD>11802700909a2700b79a</CMD>",
			"\f"
		]
	},
	{
		"Index": 29,
		"JPN": [
			"<CMD>11802700909a2700b79a</CMD>",
			"\f"
		]
	},
	{
		"Index": 30,
		"JPN": [
			"<CMD>11802700909a2700b79a</CMD>",
			"\f"
		]
	},
	{
		"Index": 31,
		"JPN": [
			"<CMD>11802700909a2700b79a</CMD>",
			"\f"
		]
	},
	{
		"Index": 32,
		"JPN": [
			"<CMD>11802700909a2700b79a</CMD>",
			"\f"
		]
	},
	{
		"Index": 33,
		"JPN": [
			"<CMD>11802700909a2700b79a</CMD>",
			"\f"
		]
	},
	{
		"Index": 34,
		"JPN": [
			"<CMD>11802700909a2700b79a</CMD>",
			"\f"
		]
	},
	{
		"Index": 35,
		"JPN": [
			"<CMD>11802700109a2700139a</CMD>",
			"\f"
		]
	},
	{
		"Index": 36,
		"JPN": [
			"<CMD>118027004e9a2700509a</CMD>",
			"\f"
		]
	},
	{
		"Index": 37,
		"JPN": [
			"<CMD>11802700909a2700b79a</CMD>",
			"\f"
		]
	},
	{
		"Index": 38,
		"JPN": [
			"<CMD>11802700169a27001e9a</CMD>",
			"\f"
		]
	},
	{
		"Index": 39,
		"JPN": [
			"<CMD>11802700909a2700b79a</CMD>",
			"\f"
		]
	},
	{
		"Index": 40,
		"JPN": [
			"<CMD>11802700909a2700b79a</CMD>",
			"\f"
		]
	},
	{
		"Index": 41,
		"JPN": [
			"<CMD>11802700909a2700b79a</CMD>",
			"\f"
		]
	},
	{
		"Index": 42,
		"JPN": [
			"<CMD>11802700909a2700b79a</CMD>",
			"\f"
		]
	},
	{
		"Index": 43,
		"JPN": [
			"<CMD>11802700909a2700b79a</CMD>",
			"\f"
		]
	},
	{
		"Index": 44,
		"JPN": [
			"<CMD>11802700909a2700b79a</CMD>",
			"\f"
		]
	},
	{
		"Index": 45,
		"JPN": [
			"<CMD>11802700909a2700b79a</CMD>",
			"\f"
		]
	},
	{
		"Index": 46,
		"JPN": [
			"<CMD>11802700909a2700b79a</CMD>",
			"\f"
		]
	},
	{
		"Index": 47,
		"JPN": [
			"<CMD>11802700909a2700b79a</CMD>",
			"\f"
		]
	},
	{
		"Index": 48,
		"JPN": [
			"<CMD>11802700909a2700b79a</CMD>",
			"\f"
		]
	},
	{
		"Index": 49,
		"JPN": [
			"<CMD>11802700909a2700b79a</CMD>",
			"\f"
		]
	},
	{
		"Index": 50,
		"JPN": [
			"<CMD>11802700909a2700b79a</CMD>",
			"\f"
		]
	},
	{
		"Index": 51,
		"JPN": [
			"<CMD>11802700909a2700b79a</CMD>",
			"\f"
		]
	},
	{
		"Index": 52,
		"JPN": [
			"<CMD>11802700909a2700b79a</CMD>",
			"\f"
		]
	},
	{
		"Index": 53,
		"JPN": [
			"<CMD>11802700909a2700b79a</CMD>",
			"\f"
		]
	},
	{
		"Index": 54,
		"JPN": [
			"<CMD>11802700909a2700b79a</CMD>",
			"\f"
		]
	},
	{
		"Index": 55,
		"JPN": [
			"<CMD>11802700249a2700399a</CMD>",
			"\f"
		]
	},
	{
		"Index": 56,
		"JPN": [
			"<CMD>11802700909a2700b79a</CMD>",
			"\f"
		]
	},
	{
		"Index": 57,
		"JPN": [
			"<CMD>11802700909a2700b79a</CMD>",
			"\f"
		]
	},
	{
		"Index": 58,
		"JPN": [
			"<CMD>11802700909a2700b79a</CMD>",
			"\f"
		]
	},
	{
		"Index": 59,
		"JPN": [
			"<CMD>4b802700328427000a8027000180</CMD>",
			"\f"
		]
	},
	{
		"Index": 60,
		"JPN": [
			"<CMD>11802700909a2700b79a</CMD>",
			"\f"
		]
	},
	{
		"Index": 61,
		"JPN": [
			"<CMD>4b80270060842700328027000180</CMD>",
			"\f"
		]
	},
	{
		"Index": 62,
		"JPN": [
			"<CMD>11802700909a2700b79a</CMD>",
			"\f"
		]
	},
	{
		"Index": 63,
		"JPN": [
			"<CMD>11802700909a2700b79a</CMD>",
			"\f"
		]
	},
	{
		"Index": 64,
		"JPN": [
			"<CMD>11802700909a2700b79a</CMD>",
			"\f"
		]
	},
	{
		"Index": 65,
		"JPN": [
			"<CMD>118027004e9a2700509a</CMD>",
			"\f"
		]
	},
	{
		"Index": 66,
		"JPN": [
			"<CMD>11802700d69a2700dc9a</CMD>",
			"\f"
		]
	},
	{
		"Index": 67,
		"JPN": [
			"<CMD>4b80270051802700148027000180</CMD>",
			"\f"
		]
	},
	{
		"Index": 68,
		"JPN": [
			"<CMD>4b80270051802700158027000180</CMD>",
			"\f"
		]
	},
	{
		"Index": 69,
		"JPN": [
			"<CMD>4b80270051802700168027000180</CMD>",
			"\f"
		]
	},
	{
		"Index": 70,
		"JPN": [
			"ドッペルゲンガー<BREAK>{会話枠|かいわわく}",
			"\f"
		]
	},
	{
		"Index": 71,
		"JPN": [
			"ドッペルゲンガー<BREAK>{会話枠|かいわわく}",
			"\f"
		]
	},
	{
		"Index": 72,
		"JPN": [
			"<CMD>11802700d69a2700dc9a</CMD>",
			"\f"
		]
	},
	{
		"Index": 73,
		"JPN": [
			"<CMD>4b80270064802700028027000180</CMD>",
			"\f"
		]
	},
	{
		"Index": 74,
		"JPN": [
			"<CMD>4b80270064802700038027000180</CMD>",
			"\f"
		]
	},
	{
		"Index": 75,
		"JPN": [
			"<CMD>4b80270064802700048027000180</CMD>",
			"\f"
		]
	},
	{
		"Index": 76,
		"JPN": [
			"<CMD>11802700d69a2700dc9a</CMD>",
			"\f"
		]
	},
	{
		"Index": 77,
		"JPN": [
			"みんな　このごろ<BREAK><CMD>008027000580</CMD>はじまりとおわりのとびら<CMD>008027000180</CMD>のことを<BREAK>うわさしているようですな",
			"<CMD>008027000380</CMD>テツさん<CMD>008027000180</CMD>のなくしたカギは<BREAK>この　<CMD>008027000580</CMD>はじまりとおわりのとびら<CMD>008027000180</CMD>の<BREAK>カギのひとつ",
			"それも<BREAK>どこにつながるか　わからない<BREAK>なぞのカギなのです",
			"<CMD>18802700729b27000580</CMD><CMD>17802700729b27000a8027000a8027000180</CMD><CMD>16802700729b27002d81</CMD>もし　カギをひろっても<BREAK>{使|つか}おうなどと<BREAK>{考|かんが}えてはいけませんぞ？",
			"<CMD>18802700729b27000080</CMD><CMD>17802700729b270001802700048027000080</CMD>いいですか？<BREAK>ヤクソクですよ？",
			"\f"
		]
	},
	{
		"Index": 78,
		"JPN": [
			"<CMD>11802700d69a2700dc9a</CMD>",
			"\f"
		]
	},
	{
		"Index": 79,
		"JPN": [
			"<CMD>4980270067802700018027000180</CMD>",
			"\f"
		]
	},
	{
		"Index": 80,
		"JPN": [
			"<CMD>18802700729b27000180</CMD><CMD>17802700729b270001802700048027000280</CMD><CMD>16802700729b27005581</CMD>おお<BREAK>よく　{来|き}てくれましたね<BREAK>{待|ま}っていましたぞ",
			"<CMD>18802700729b27000580</CMD><CMD>17802700729b27000a8027000a8027000180</CMD><CMD>16802700729b27002d81</CMD><CMD>f481</CMD>くんを<BREAK>{呼|よ}んだのは<BREAK>ほかでもありません",
			"<CMD>18802700729b27000380</CMD><CMD>17802700729b270001802700048027000080</CMD><CMD>16802700729b27003081</CMD>じつは<BREAK>タイヘンなことがおこったのです",
			"\f"
		]
	},
	{
		"Index": 81,
		"JPN": [
			"<CMD>18802700729b27000380</CMD><CMD>17802700729b270001802700048027000080</CMD><CMD>16802700729b27003081</CMD><CMD>f481</CMD>くんと<BREAK>いちばん　なかよしの{子|こ}が<BREAK>{事件|じけん}にあったようなのです",
			"<CMD>18802700729b27000080</CMD><CMD>17802700729b270001802700048027000080</CMD>なんでも　きゅうに<BREAK>いなくなってしまった<BREAK>らしいのですぞ",
			"<CMD>18802700729b27000080</CMD><CMD>17802700729b270001802700048027000080</CMD>いわゆる<BREAK><CMD>008027000380</CMD>かみかくし<CMD>008027000180</CMD>　というものですな",
			"<CMD>18802700729b27000080</CMD><CMD>17802700729b270001802700048027000080</CMD>タイヘンな{事件|じけん}ですが<BREAK>{元|もと}にもどす{方法|ほうほう}が　まったく<BREAK>ないわけでは　ありません",
			"<CMD>18802700729b27000080</CMD><CMD>17802700729b270001802700048027000080</CMD><CMD>f481</CMD>くん　きみが<BREAK><CMD>008027000380</CMD>かみかくし<CMD>008027000180</CMD>の{世界|せかい}へ{行|い}って<BREAK>その{子|こ}を{探|さが}すのです",
			"<CMD>18802700729b27000180</CMD><CMD>17802700729b270001802700048027000280</CMD><CMD>16802700729b27005581</CMD>むこうの{世界|せかい}へは<BREAK>わたしが　{送|おく}ってあげましょう",
			"<CMD>18802700729b27000180</CMD><CMD>17802700729b270001802700048027000280</CMD><CMD>16802700729b27005581</CMD>いちばん　なかのよいきみなら<BREAK>きっと　その{子|こ}を<BREAK>みつけることが　できるはず",
			"<CMD>18802700729b27000080</CMD><CMD>17802700729b270001802700048027000080</CMD>ぶじ　その{子|こ}を{見|み}つけたら<BREAK>わたしを{呼|よ}んでください",
			"<CMD>18802700729b27000080</CMD><CMD>17802700729b270001802700048027000080</CMD>すかさず　こちらの{世界|せかい}に<BREAK>ふたりを{呼|よ}びもどしましょう",
			"\f"
		]
	},
	{
		"Index": 82,
		"JPN": [
			"<CMD>18802700729b27000080</CMD><CMD>17802700729b2700088027000a8027000180</CMD><CMD>16802700729b27006981</CMD>むこうの{世界|せかい}に　なにがあるかは<BREAK>わたしにも　まったくわかりません",
			"<CMD>18802700729b27000080</CMD><CMD>17802700729b270001802700048027000080</CMD><CMD>008027000380</CMD>かみかくし<CMD>008027000180</CMD>の{世界|せかい}へ{行|い}く<BREAK>{決心|けっしん}がついたら　わたしの<BREAK>ところへ{来|き}てください",
			"<CMD>18802700729b27000080</CMD><CMD>17802700729b2700088027000a8027000180</CMD><CMD>16802700729b27006981</CMD>そうそう<BREAK>だれを{探|さが}しに{行|い}くのかも<BREAK>たしかめておくのですぞ？",
			"<CMD>18802700729b27000080</CMD><CMD>17802700729b270001802700048027000080</CMD>じゅんびができたら<BREAK>むこうの{世界|せかい}に{送|おく}って<BREAK>あげましょう",
			"\f"
		]
	},
	{
		"Index": 83,
		"JPN": [
			"<CMD>18802700729b27000180</CMD><CMD>17802700729b270001802700048027000280</CMD><CMD>16802700729b27005581</CMD>もどってきましたね",
			"<CMD>18802700729b27000080</CMD><CMD>17802700729b2700088027000a8027000180</CMD><CMD>16802700729b27006981</CMD>むこうの{世界|せかい}へ{行|い}く<BREAK>じゅんびはできましたかな？",
			"<CMD>138027001c9a</CMD>",
			"\f"
		]
	},
	{
		"Index": 84,
		"JPN": [
			"<CMD>3780</CMD>",
			"はい<CMD>138027001d9a</CMD>",
			"いいえ<CMD>138027001f9a</CMD>",
			"\f"
		]
	},
	{
		"Index": 85,
		"JPN": [
			"<CMD>18802700729b27000080</CMD><CMD>17802700729b270001802700048027000080</CMD>よし　それでは<BREAK>むこうの{世界|せかい}へ{送|おく}りましょう",
			"<CMD>18802700729b27000080</CMD><CMD>17802700729b270001802700048027000080</CMD>いなくなった{子|こ}を<BREAK>ぶじに　つれて{帰|かえ}ってください",
			"<CMD>18802700729b27000180</CMD><CMD>17802700729b270001802700048027000280</CMD><CMD>16802700729b27005581</CMD>ぶじを　{祈|いの}ってますぞ！",
			"\f"
		]
	},
	{
		"Index": 86,
		"JPN": [
			"<CMD>18802700729b27000080</CMD><CMD>17802700729b270001802700048027000080</CMD>むこうの{世界|せかい}には<BREAK>こちらの{世界|せかい}に{来|き}たがっている<BREAK>なにものかが　いるようですな",
			"<CMD>18802700729b27000280</CMD><CMD>17802700729b2700508027000a8027000280</CMD><CMD>16802700729b27007d81</CMD>その{者|もの}が　わたしたちの<BREAK>ジャマをしているようです",
			"<CMD>18802700729b27000080</CMD><CMD>17802700729b2700088027000a8027000180</CMD><CMD>16802700729b27006981</CMD><CMD>f481</CMD>くん　くれぐれも<BREAK>{気|き}をつけてゆくのですぞ？",
			"\f"
		]
	},
	{
		"Index": 87,
		"JPN": [
			"<CMD>18802700729b27000080</CMD><CMD>17802700729b270001802700048027000080</CMD>そうですか<BREAK>じゅんびができたら<BREAK>{声|こえ}をかけてください",
			"<CMD>18802700729b27000080</CMD><CMD>17802700729b2700088027000a8027000180</CMD><CMD>16802700729b27006981</CMD>なるべく　いそいだほうが<BREAK>いいですぞ",
			"<CMD>18802700729b27000380</CMD><CMD>17802700729b270001802700048027000080</CMD><CMD>16802700729b27003081</CMD>きっと　ひとりぼっちで<BREAK>さびしがっているでしょうからね",
			"\f"
		]
	},
	{
		"Index": 88,
		"JPN": [
			"<CMD>18802700729b27000180</CMD><CMD>17802700729b270001802700048027000280</CMD><CMD>16802700729b27005581</CMD>どうやら　{友|とも}だちを<BREAK>{見|み}つけられたようですな",
			"<CMD>18802700729b27000180</CMD><CMD>17802700729b270001802700048027000280</CMD><CMD>16802700729b27005581</CMD>{今|いま}から　こちらの{世界|せかい}に<BREAK>{呼|よ}びもどしましょう",
			"<CMD>18802700729b27000180</CMD><CMD>17802700729b270001802700048027000280</CMD><CMD>16802700729b27005581</CMD>さあ　じっとして<BREAK>{動|うご}かずに　まっているのですぞ",
			"\f"
		]
	},
	{
		"Index": 89,
		"JPN": [
			"<CMD>18802700729b27000180</CMD><CMD>17802700729b270001802700048027000280</CMD><CMD>16802700729b27005581</CMD>おお　{帰|かえ}ってきましたね",
			"<CMD>18802700729b27000080</CMD><CMD>17802700729b2700088027000a8027000180</CMD><CMD>16802700729b27006981</CMD>おや？<BREAK><CMD>008027000380</CMD>かみかくし<CMD>008027000180</CMD>にあった{子|こ}が<BREAK>いないでは　ありませんか",
			"<CMD>18802700729b27000080</CMD><CMD>17802700729b2700088027000a8027000180</CMD><CMD>16802700729b27006981</CMD>たしかに<BREAK>つれて{帰|かえ}ってきたはずですと？",
			"<CMD>18802700729b27000280</CMD><CMD>17802700729b2700508027000a8027000280</CMD><CMD>16802700729b27007d81</CMD>うーむ…<BREAK>どうやら　むこうの{世界|せかい}の<BREAK>{悪|わる}いヤツにだまされたようですね",
			"<CMD>18802700729b27000080</CMD><CMD>17802700729b270001802700048027000080</CMD>{今度|こんど}こそ<BREAK><CMD>008027000380</CMD>かみかくし<CMD>008027000180</CMD>にあった{子|こ}を<BREAK>つれもどしましょう",
			"<CMD>18802700729b27000280</CMD><CMD>17802700729b2700508027000a8027000280</CMD><CMD>16802700729b27007d81</CMD>ひとすじなわでは<BREAK>いかないみたいようですが<BREAK>がんばってくださいね",
			"<CMD>18802700729b27000280</CMD><CMD>17802700729b2700508027000a8027000280</CMD><CMD>16802700729b27007d81</CMD>これは　<CMD>f481</CMD>くんにしか<BREAK>できないことなのですから！",
			"\f"
		]
	},
	{
		"Index": 90,
		"JPN": [
			"<CMD>18802700729b27000180</CMD><CMD>17802700729b270001802700048027000280</CMD><CMD>16802700729b27005581</CMD>おお　ふたりとも<BREAK>ぶじに{帰|かえ}ってきたようですね",
			"<CMD>18802700729b27000180</CMD><CMD>17802700729b270001802700048027000280</CMD><CMD>16802700729b27005581</CMD>さすが　<CMD>f481</CMD>くん<BREAK>よくやってくれました",
			"<CMD>18802700729b27000180</CMD><CMD>17802700729b270001802700048027000280</CMD><CMD>16802700729b27005581</CMD>わたしの{見|み}こんだとおりですね",
			"\f"
		]
	},
	{
		"Index": 91,
		"JPN": [
			"<CMD>18802700729b27000180</CMD><CMD>17802700729b270001802700048027000280</CMD><CMD>16802700729b27005581</CMD>ｌきみは　<CMD>008027000380</CMD>かみかくし<CMD>008027000180</CMD>にあって<BREAK>むこうの{世界|せかい}へ<BREAK>つれ{去|さ}られていたのです",
			"<CMD>f481</CMD>くんが<BREAK>むかえに{行|い}ってくれなかったら<BREAK>どうなっていたか　わかりませんよ",
			"<CMD>f481</CMD>くんに<BREAK>カンシャするのですぞ？",
			"\f"
		]
	},
	{
		"Index": 92,
		"JPN": [
			"<CMD>11802700d69a2700dc9a</CMD>",
			"\f"
		]
	},
	{
		"Index": 93,
		"JPN": [
			"<CMD>4980270078802700028027000180</CMD>",
			"\f"
		]
	},
	{
		"Index": 94,
		"JPN": [
			"ああ　よく　{来|き}ましたね<BREAK><CMD>f481</CMD>くん",
			"じつは　{近々|ちかぢか}<BREAK><CMD>008027000380</CMD>ゴーレム<CMD>008027000180</CMD>コンクールが<BREAK>{開|ひら}かれるのですが",
			"いい{機会|きかい}なので<BREAK>わたしたちの<CMD>008027000580</CMD>{学校|がっこう}<CMD>008027000180</CMD>からも<BREAK>{出品|しゅっぴん}しようと{思|おも}うのです",
			"そこで　<CMD>008027000580</CMD>{学校|がっこう}<CMD>008027000180</CMD>のみんなに<BREAK>{協力|きょうりょく}を　{呼|よ}びかけている<BREAK>のですが…",
			"<CMD>f481</CMD>くん<BREAK>きみも　{手伝|てつだ}っては<BREAK>くれませんか？",
			"きみたちに<BREAK>おねがいしたいのは<BREAK>{材料集|ざいりょうあつ}めです",
			"いろいろな　コウセキを",
			"わたしの　ところへ<BREAK>{持|も}ってきてくれれば",
			"それを　{使|つか}って<BREAK>わたしが　<CMD>008027000380</CMD>ゴーレム<CMD>008027000180</CMD>を<BREAK>{組|く}みあげます",
			"よろしく　おねがいしますね",
			"\f"
		]
	},
	{
		"Index": 95,
		"JPN": [
			"{材料|ざいりょう}は　{今|いま}　みんなに<BREAK>{手分|てわ}けして　{集|あつ}めて<BREAK>もらっています",
			"<CMD>f481</CMD>くんに<BREAK>{担当|たんとう}してもらいたいのは<BREAK>{頭|あたま}のパーツです",
			"{頭|あたま}は　<CMD>008027000380</CMD>ゴーレム<CMD>008027000180</CMD>{全体|ぜんたい}の<BREAK>{出来|でき}を{左右|さゆう}する<BREAK>たいへん{重要|じゅうよう}な{部分|ぶぶん}です",
			"なかなか<BREAK>セキニン{重大|じゅうだい}ですぞ？",
			"{使|つか}えそうな　コウセキを<BREAK>{見|み}つけたら　わたしのところへ<BREAK>{持|も}ってきてください",
			"よろしく　お{願|ねが}いしましたぞ",
			"みんなで　がんばって<BREAK>コンクールで　よい<BREAK>セイセキをおさめましょう",
			"そうそう　せいさく{中|ちゅう}の<BREAK><CMD>008027000380</CMD>ゴーレム<CMD>008027000180</CMD>は　<CMD>008027000580</CMD>こうどう<CMD>008027000180</CMD>　に<BREAK>おいてあります",
			"{他|ほか}の{人|ひと}たちが　もってきて<BREAK>くれた{材料|ざいりょう}で　だいぶ<BREAK>{形|かたち}に　なってきてますぞ",
			"{一度|１ど}　{見|み}てみては<BREAK>いかがですかな？",
			"\f"
		]
	},
	{
		"Index": 96,
		"JPN": [
			"これは　なかなか　よい<BREAK>かたいコウセキ　ですな",
			"これを{使|つか}えば<BREAK>とても　がんじょうな<BREAK><CMD>008027000380</CMD>ゴーレム<CMD>008027000180</CMD>が　できそうですぞ",
			"{力強|ちからづよ}い<CMD>008027000380</CMD>ゴーレム<CMD>008027000180</CMD>を{好|この}む<BREAK>{人|ひと}も{少|すく}なくないですから",
			"ありがたく　{使|つか}わせて<BREAK>もらいましょう",
			"\f"
		]
	},
	{
		"Index": 97,
		"JPN": [
			"これは　なかなか　よい<BREAK>やわらかいコウセキ　ですな",
			"これを{使|つか}えば<BREAK>せんさいで　やわらかい<BREAK><CMD>008027000380</CMD>ゴーレム<CMD>008027000180</CMD>が　できそうですぞ",
			"ニンゲンみのある<BREAK>あたたかさを<CMD>008027000380</CMD>ゴーレム<CMD>008027000180</CMD>に<BREAK>{求|もと}める{人|ひと}もいますからな",
			"ありがたく　{使|つか}わせて<BREAK>もらいましょう",
			"\f"
		]
	},
	{
		"Index": 98,
		"JPN": [
			"これはまた　すばらしく<BREAK>きらびやかなコウセキ　ですな",
			"これを{使|つか}えば<BREAK>きらびやかで　ゴウカな<BREAK><CMD>008027000380</CMD>ゴーレム<CMD>008027000180</CMD>が　できそうですぞ",
			"コンクールでは<BREAK>{人|ひと}の{目|め}をひきつける{外見|がいけん}も<BREAK>{重要|じゅうよう}ですからな",
			"ありがたく　{使|つか}わせて<BREAK>もらいましょう",
			"\f"
		]
	},
	{
		"Index": 99,
		"JPN": [
			"<CMD>008027000380</CMD>ゴーレム<CMD>008027000180</CMD>の{完成|かんせい}には<BREAK>まだまだコウセキが<BREAK>{必要|ひつよう}ですな",
			"もっと　コウセキを<BREAK>{持|も}ってきてくれませんかな？",
			"\f"
		]
	}
]