[
	{
		"Index": 0,
		"JPN": [
			"もう　<CMD>008027000580</CMD>{学生|がくせい}りょう<CMD>008027000180</CMD>を<BREAK>{見|み}てまわるのはいいのか？",
			"<CMD>1380270073a0</CMD>",
			"\f"
		]
	},
	{
		"Index": 1,
		"JPN": [
			"{帰って来|かえってき}た<CMD>008027000380</CMD>ひめさま<CMD>008027000180</CMD>は<BREAK>がんばってるみたいだな",
			"この{町|まち}も<BREAK>{変わって|かわって　}いくといいけどな<CMD>4c80270078822700718327000180</CMD>",
			"<CMD>138027000ba0</CMD>",
			"\f"
		]
	},
	{
		"Index": 2,
		"JPN": [
			"<CMD>18802700729b27000680</CMD><CMD>17802700729b270001802700048027000080</CMD><CMD>16802700729b27007e81</CMD>お　{来|き}たな！",
			"<CMD>008027000480</CMD><CMD>fb8127005483</CMD><CMD>008027000180</CMD>だろ？<BREAK>{用意|ようい}してあるぜ",
			"<CMD>18802700729b27000580</CMD><CMD>17802700729b270001802700048027000080</CMD><CMD>16802700729b27005681</CMD>なに？<BREAK>いらねぇのか？",
			"<CMD>18802700729b27000080</CMD><CMD>17802700729b270001802700048027000080</CMD>どっかちょうしでも<BREAK>わるいのか？",
			"\f"
		]
	},
	{
		"Index": 3,
		"JPN": [
			"ところで<BREAK>きょうはどんな<BREAK>{用事|ようじ}だ？",
			"<CMD>138027000ca0</CMD>",
			"\f"
		]
	},
	{
		"Index": 4,
		"JPN": [
			"<CMD>3780</CMD>",
			"おはなしする<CMD>118027000da0270043a0</CMD>",
			"いろいろしりたい<CMD>13802700cba0</CMD>",
			"ダウンロード<CMD>10802700a4a027006ca0</CMD>",
			"やめる<CMD>13802700bba0</CMD>",
			"\f"
		]
	},
	{
		"Index": 5,
		"JPN": [
			"<CMD>18802700729b27000580</CMD><CMD>17802700729b270001802700048027000080</CMD><CMD>16802700729b27005681</CMD>……<CMD>f481</CMD><BREAK>こいつを{忘|わす}れてたぜ",
			"<CMD>18802700729b27000180</CMD><CMD>17802700729b270001802700048027000280</CMD><CMD>16802700729b27005581</CMD>あけまして　おめでとうだ！",
			"<CMD>18802700729b27000080</CMD><CMD>17802700729b2700088027000a8027000180</CMD><CMD>16802700729b27006981</CMD>ん？　お{年玉|としだま}だぁ？！<BREAK>…しょうがねぇな",
			"ほらよ　<CMD>158027001882</CMD>100リッチ<CMD>3a8027006480</CMD>",
			"<CMD>18802700729b27000280</CMD><CMD>16802700729b27007d81</CMD>{少|すく}ないって？！<BREAK>ガキは　これくれぇで<BREAK>じゅうぶんだろっ！<CMD>18802700729b27000080</CMD><CMD>17802700729b270001802700048027000080</CMD><CMD>4d8027000781270001832700038127004083</CMD>",
			"\f"
		]
	},
	{
		"Index": 6,
		"JPN": [
			"<CMD>1180270076a027009da0</CMD>",
			"\f"
		]
	},
	{
		"Index": 7,
		"JPN": [
			"<CMD>1180270076a027009da0</CMD>",
			"\f"
		]
	},
	{
		"Index": 8,
		"JPN": [
			"<CMD>1180270076a027009da0</CMD>",
			"\f"
		]
	},
	{
		"Index": 9,
		"JPN": [
			"<CMD>1180270076a027009da0</CMD>",
			"\f"
		]
	},
	{
		"Index": 10,
		"JPN": [
			"<CMD>1180270076a027009da0</CMD>",
			"\f"
		]
	},
	{
		"Index": 11,
		"JPN": [
			"<CMD>1180270076a027009da0</CMD>",
			"\f"
		]
	},
	{
		"Index": 12,
		"JPN": [
			"<CMD>1180270076a027009da0</CMD>",
			"\f"
		]
	},
	{
		"Index": 13,
		"JPN": [
			"<CMD>1180270076a027009da0</CMD>",
			"\f"
		]
	},
	{
		"Index": 14,
		"JPN": [
			"<CMD>1180270076a027009da0</CMD>",
			"\f"
		]
	},
	{
		"Index": 15,
		"JPN": [
			"<CMD>1180270076a027009da0</CMD>",
			"\f"
		]
	},
	{
		"Index": 16,
		"JPN": [
			"<CMD>1180270076a027009da0</CMD>",
			"\f"
		]
	},
	{
		"Index": 17,
		"JPN": [
			"<CMD>1180270076a027009da0</CMD>",
			"\f"
		]
	},
	{
		"Index": 18,
		"JPN": [
			"<CMD>1180270076a027009da0</CMD>",
			"\f"
		]
	},
	{
		"Index": 19,
		"JPN": [
			"<CMD>1180270076a027009da0</CMD>",
			"\f"
		]
	},
	{
		"Index": 20,
		"JPN": [
			"<CMD>1180270076a027009da0</CMD>",
			"\f"
		]
	},
	{
		"Index": 21,
		"JPN": [
			"<CMD>1180270076a027009da0</CMD>",
			"\f"
		]
	},
	{
		"Index": 22,
		"JPN": [
			"<CMD>1180270076a027009da0</CMD>",
			"\f"
		]
	},
	{
		"Index": 23,
		"JPN": [
			"<CMD>1180270076a027009da0</CMD>",
			"\f"
		]
	},
	{
		"Index": 24,
		"JPN": [
			"<CMD>1180270076a027009da0</CMD>",
			"\f"
		]
	},
	{
		"Index": 25,
		"JPN": [
			"<CMD>1180270076a027009da0</CMD>",
			"\f"
		]
	},
	{
		"Index": 26,
		"JPN": [
			"<CMD>1180270076a027009da0</CMD>",
			"\f"
		]
	},
	{
		"Index": 27,
		"JPN": [
			"<CMD>1180270076a027009da0</CMD>",
			"\f"
		]
	},
	{
		"Index": 28,
		"JPN": [
			"<CMD>1180270076a027009da0</CMD>",
			"\f"
		]
	},
	{
		"Index": 29,
		"JPN": [
			"<CMD>1180270076a027009da0</CMD>",
			"\f"
		]
	},
	{
		"Index": 30,
		"JPN": [
			"<CMD>1180270076a027009da0</CMD>",
			"\f"
		]
	},
	{
		"Index": 31,
		"JPN": [
			"<CMD>1180270076a027009da0</CMD>",
			"\f"
		]
	},
	{
		"Index": 32,
		"JPN": [
			"<CMD>1180270076a027009da0</CMD>",
			"\f"
		]
	},
	{
		"Index": 33,
		"JPN": [
			"<CMD>1180270076a027009da0</CMD>",
			"\f"
		]
	},
	{
		"Index": 34,
		"JPN": [
			"<CMD>1180270076a027009da0</CMD>",
			"\f"
		]
	},
	{
		"Index": 35,
		"JPN": [
			"<CMD>1180270076a027009da0</CMD>",
			"\f"
		]
	},
	{
		"Index": 36,
		"JPN": [
			"<CMD>118027004ea027004fa0</CMD>",
			"\f"
		]
	},
	{
		"Index": 37,
		"JPN": [
			"<CMD>118027004aa027004ba0</CMD>",
			"\f"
		]
	},
	{
		"Index": 38,
		"JPN": [
			"<CMD>1180270076a027009da0</CMD>",
			"\f"
		]
	},
	{
		"Index": 39,
		"JPN": [
			"<CMD>1180270076a027009da0</CMD>",
			"\f"
		]
	},
	{
		"Index": 40,
		"JPN": [
			"<CMD>1180270076a027009da0</CMD>",
			"\f"
		]
	},
	{
		"Index": 41,
		"JPN": [
			"<CMD>1180270076a027009da0</CMD>",
			"\f"
		]
	},
	{
		"Index": 42,
		"JPN": [
			"<CMD>1180270076a027009da0</CMD>",
			"\f"
		]
	},
	{
		"Index": 43,
		"JPN": [
			"<CMD>1180270076a027009da0</CMD>",
			"\f"
		]
	},
	{
		"Index": 44,
		"JPN": [
			"<CMD>1180270076a027009da0</CMD>",
			"\f"
		]
	},
	{
		"Index": 45,
		"JPN": [
			"<CMD>1180270076a027009da0</CMD>",
			"\f"
		]
	},
	{
		"Index": 46,
		"JPN": [
			"<CMD>1180270076a027009da0</CMD>",
			"\f"
		]
	},
	{
		"Index": 47,
		"JPN": [
			"<CMD>1180270076a027009da0</CMD>",
			"\f"
		]
	},
	{
		"Index": 48,
		"JPN": [
			"<CMD>1180270076a027009da0</CMD>",
			"\f"
		]
	},
	{
		"Index": 49,
		"JPN": [
			"<CMD>1180270076a027009da0</CMD>",
			"\f"
		]
	},
	{
		"Index": 50,
		"JPN": [
			"<CMD>118027004ca027004da0</CMD>",
			"\f"
		]
	},
	{
		"Index": 51,
		"JPN": [
			"<CMD>1180270076a027009da0</CMD>",
			"\f"
		]
	},
	{
		"Index": 52,
		"JPN": [
			"<CMD>1180270076a027009da0</CMD>",
			"\f"
		]
	},
	{
		"Index": 53,
		"JPN": [
			"<CMD>1180270076a027009da0</CMD>",
			"\f"
		]
	},
	{
		"Index": 54,
		"JPN": [
			"<CMD>1180270076a027009da0</CMD>",
			"\f"
		]
	},
	{
		"Index": 55,
		"JPN": [
			"<CMD>1180270076a027009da0</CMD>",
			"\f"
		]
	},
	{
		"Index": 56,
		"JPN": [
			"<CMD>1180270076a027009da0</CMD>",
			"\f"
		]
	},
	{
		"Index": 57,
		"JPN": [
			"<CMD>1180270076a027009da0</CMD>",
			"\f"
		]
	},
	{
		"Index": 58,
		"JPN": [
			"<CMD>1180270076a027009da0</CMD>",
			"\f"
		]
	},
	{
		"Index": 59,
		"JPN": [
			"<CMD>1180270076a027009da0</CMD>",
			"\f"
		]
	},
	{
		"Index": 66,
		"JPN": [
			"<CMD>11802700bca02700bfa0</CMD>",
			"\f"
		]
	},
	{
		"Index": 67,
		"JPN": [
			"<CMD>18802700729b27000380</CMD><CMD>17802700729b270001802700048027000080</CMD><CMD>16802700729b27003081</CMD>…いや　じつはな<BREAK>だいじな　カギを<BREAK>なくしちまってよ",
			"<CMD>18802700729b27000080</CMD><CMD>17802700729b270001802700048027000080</CMD><CMD>fb812700f892</CMD><BREAK>っていうんだけどな…",
			"<CMD>18802700729b27000580</CMD><CMD>17802700729b27000a8027000a8027000180</CMD><CMD>16802700729b27002d81</CMD>もし　だれかが<BREAK>カギをひろって<BREAK>あのとびらを{開|あ}けたりしたら…",
			"<CMD>18802700729b27000580</CMD><CMD>17802700729b2700068027000a8027000280</CMD><CMD>16802700729b27002f81</CMD>それを　{考|かんが}えると<BREAK>{夜|よる}も　ねむれねぇんだ",
			"<CMD>18802700729b27000480</CMD><CMD>17802700729b27000a8027000a8027000180</CMD><CMD>16802700729b27007f81</CMD>ああ　まずいことになったぜ…",
			"<CMD>18802700729b27000380</CMD><CMD>17802700729b270001802700048027000080</CMD><CMD>16802700729b27003081</CMD>…はぁ<BREAK>どこにいっちまったんだ？<BREAK>よわったなぁ……<CMD>18802700729b27000080</CMD><CMD>17802700729b270001802700048027000080</CMD>",
			"\f"
		]
	},
	{
		"Index": 68,
		"JPN": [
			"<CMD>11802700bca02700bfa0</CMD>",
			"\f"
		]
	},
	{
		"Index": 69,
		"JPN": [
			"<CMD>18802700729b27000380</CMD><CMD>17802700729b2700ab8027000a8027000180</CMD><CMD>16802700729b27003081</CMD>おう　<CMD>f481</CMD>か<BREAK>キゲン{悪|わる}そうだって？<BREAK>そりゃ　まぁそうだろうな",
			"さいきん　<CMD>008027000580</CMD>きのこの{森|もり}<CMD>008027000180</CMD>の<BREAK>キノコがとれなくなってんのは<BREAK>{知|し}ってっか？",
			"<CMD>008027000380</CMD>マンティコア<CMD>008027000180</CMD>って　ヤツが<BREAK>オレの　{大好物|だいこうぶつ}の<BREAK>キノコを{食|く}いあらしてんだ",
			"<CMD>18802700729b27000280</CMD><CMD>17802700729b27001c802700088027000480</CMD><CMD>16802700729b27007d81</CMD>やめさせようとしたんだが<BREAK>アイツ　{人|ひと}の{話|はなし}なんか<BREAK>{聞|き}きゃしねぇ",
			"しかたねぇから　ヤツを<BREAK>ふんづかまえるために<BREAK><CMD>008027000580</CMD>きのこの{森|もり}<CMD>008027000180</CMD>に<CMD>008027000480</CMD>ワナ<CMD>008027000180</CMD>をしかけたんだ",
			"スイッチをおしたら<BREAK>{上|うえ}から{落|お}ちるタイプのオリなんだ<BREAK>たんじゅんだけど　かくじつだろ？",
			"だけど　うまくあいつを<BREAK>おびきよせることが<BREAK>できねぇんだ",
			"そこで　なにか　うまい{方法|ほうほう}を<BREAK><CMD>008027000380</CMD>トメさん<CMD>008027000180</CMD>に{考|かんが}えてくれるように<BREAK>たのんでいるんだけどな",
			"ちょうどいいから　<CMD>f481</CMD><BREAK><CMD>008027000380</CMD>トメさん<CMD>008027000180</CMD>から　その{方法|ほうほう}を<BREAK>{聞|き}いて　ためしてみて<CMD>ff8127000480</CMD>",
			"オレのキノコのためにも<BREAK>ひとつ　がんばって<CMD>ff8127000480</CMD><CMD>49802700738027000180</CMD>",
			"\f"
		]
	},
	{
		"Index": 70,
		"JPN": [
			"<CMD>11802700bca02700bfa0</CMD>",
			"\f"
		]
	},
	{
		"Index": 71,
		"JPN": [
			"ぼちぼち<BREAK><CMD>008027000380</CMD>ジャックランタン<CMD>008027000180</CMD>の<BREAK>{来|く}るころか…",
			"ちっ<BREAK>めんどくせえな",
			"ひさしぶりに<BREAK><CMD>008027000480</CMD><CMD>fb8127005483</CMD><CMD>008027000180</CMD><BREAK>を　{買|か}わないとダメなのかよ",
			"\f"
		]
	},
	{
		"Index": 72,
		"JPN": [
			"おう　<CMD>f481</CMD>",
			"<CMD>008027000580</CMD>おしろ<CMD>008027000180</CMD>から　しょうたいじょうが<BREAK>とどいてるぞ",
			"\f"
		]
	},
	{
		"Index": 73,
		"JPN": [
			"<CMD>18802700729b27000680</CMD><CMD>17802700729b270001802700048027000080</CMD><CMD>16802700729b27007e81</CMD>まぁ　その　なんだ<BREAK><CMD>008027000380</CMD>{王|おう}さま<CMD>008027000180</CMD>に　しつれいのないように<BREAK>{急いで|いそいで}　{行|い}ってきな",
			"\f"
		]
	},
	{
		"Index": 74,
		"JPN": [
			"<CMD>008027000380</CMD>へいか<CMD>008027000180</CMD>からの　おふれである<BREAK>{店を開いている者|みせをひらいているもの}は<BREAK>{急|いそ}いで　<CMD>008027000580</CMD>おしろ<CMD>008027000180</CMD>へ{集|あつ}まるように",
			"\f"
		]
	},
	{
		"Index": 75,
		"JPN": [
			"おう　<CMD>f481</CMD><BREAK>いいところに{来|き}たな",
			"さがす{手間|テマ}が<BREAK>はぶけたってもんだ",
			"\f"
		]
	},
	{
		"Index": 76,
		"JPN": [
			"<CMD>18802700729b27000680</CMD><CMD>17802700729b270001802700048027000080</CMD><CMD>16802700729b27007e81</CMD>まぁ　そのなんだ<BREAK>{用|よう}があるのはおれじゃねえ",
			"さっき　<CMD>008027000380</CMD>{校長先生|こうちょうせんせい}<CMD>008027000180</CMD>から<BREAK>おまえあてに　{伝言|でんごん}されてよ<BREAK>すぐにとうへ{来|こ}い　だとさ",
			"<CMD>18802700729b27000680</CMD><CMD>17802700729b270001802700048027000080</CMD><CMD>16802700729b27007e81</CMD>なんだか　{急|いそ}いでたみたいだぜ<BREAK>できるだけ{早く行った|はやくいった}ほうが<BREAK>いいんじゃねえか？",
			"じゃ　たしかに{伝|つた}えたぜ",
			"\f"
		]
	},
	{
		"Index": 80,
		"JPN": [
			"おう<BREAK><CMD>f481</CMD>",
			"<CMD>18802700729b27000080</CMD><CMD>17802700729b2700088027000a8027000180</CMD><CMD>16802700729b27006981</CMD>{今|いま}　<CMD>f481</CMD>の{部屋|へや}から<BREAK>だれか{出|で}ていったみてえだが<BREAK>だれかいたのか？",
			"<CMD>18802700729b27000580</CMD><CMD>17802700729b270001802700048027000080</CMD><CMD>16802700729b27005681</CMD>なに？<BREAK><CMD>008027000380</CMD>サンタクロース<CMD>008027000180</CMD>だと？",
			"…へえ…<BREAK>そんなことが<BREAK>あったのか",
			"ま　{考|かんが}えてもみりゃ<BREAK>この{時期|じき}　<CMD>008027000380</CMD>サンタクロース<CMD>008027000180</CMD>は<BREAK>すげえいそがしいもんな",
			"{手|て}ちがいの１つや２つは<BREAK>あるだろうよ",
			"とにかく　<CMD>008027000380</CMD>サンタクロース<CMD>008027000180</CMD>は<BREAK>{明日|あした}　また<CMD>f481</CMD>の<BREAK>{部屋|へや}に{来|く}るわけだな？",
			"そりゃ　ちょうどいいきかいだ<BREAK>{実|じつ}は　おれは<BREAK>{前|まえ}から{思|おも}ってたんだがな…",
			"みんなクリスマスに<BREAK><CMD>008027000380</CMD>サンタクロース<CMD>008027000180</CMD>から<BREAK>プレゼントをもらうばかりだ",
			"たまにはぎゃくにみんなから<BREAK><CMD>008027000380</CMD>サンタクロース<CMD>008027000180</CMD>にプレゼントを<BREAK>おくっちゃどうだろう　ってな",
			"みんなからのプレゼントを<BREAK>{集|あつ}めておいて　<CMD>008027000380</CMD>サンタクロース<CMD>008027000180</CMD>が<BREAK>{来|き}たらわたすんだ",
			"<CMD>18802700729b27000180</CMD><CMD>17802700729b270001802700048027000280</CMD><CMD>16802700729b27005581</CMD>いい{考|かんが}えだろ？",
			"\f"
		]
	},
	{
		"Index": 81,
		"JPN": [
			"よし　じゃあ<BREAK><CMD>f481</CMD>　おまえさんが<BREAK>その{係|かかり}をやれ",
			"クラスのみんなにこの{話|はなし}を<BREAK>して　<CMD>008027000380</CMD>サンタクロース<CMD>008027000180</CMD>への<BREAK>プレゼントを{集|あつ}めてこい",
			"<CMD>18802700729b27000080</CMD><CMD>17802700729b2700088027000a8027000180</CMD><CMD>16802700729b27006981</CMD>なんだ？<BREAK>{言|い}いだしっぺのおれが<BREAK>なぜやらないのかって？",
			"そりゃ　おれには<BREAK>このりょうのかんり{人|にん}の<BREAK>{仕事|しごと}があるからよ",
			"じゃ　まかせたぜ<BREAK><CMD>f481</CMD>",
			"\f"
		]
	},
	{
		"Index": 82,
		"JPN": [
			"<CMD>18802700729b27000080</CMD><CMD>17802700729b2700088027000a8027000180</CMD><CMD>16802700729b27006981</CMD>おう　<CMD>f481</CMD><BREAK>プレゼント{集|あつ}めは<BREAK>じゅんちょうか？",
			"<CMD>008027000380</CMD>サンタクロース<CMD>008027000180</CMD>にプレゼントを<BREAK>わたすチャンスはたぶん<BREAK>１{度|ど}しかないからな",
			"みんなからのプレゼントは<BREAK>なるべく{多|おお}く{集|あつ}めて<BREAK>まとめてわたした{方|ほう}がいい",
			"\f"
		]
	},
	{
		"Index": 83,
		"JPN": [
			"<CMD>f481</CMD><BREAK><CMD>008027000380</CMD>サンタクロース<CMD>008027000180</CMD>ならまだ<BREAK>{来|き}てないみたいぜ",
			"<CMD>18802700729b27000080</CMD><CMD>17802700729b2700088027000a8027000180</CMD><CMD>16802700729b27006981</CMD>アイテムのせいりとか<BREAK>{自分|じぶん}の{用事|ようじ}のために{部屋|へや}に<BREAK>もどって{来|き}たのか？",
			"それとも　もう{十分|じゅうぶん}<BREAK><CMD>008027000380</CMD>サンタクロース<CMD>008027000180</CMD>へのプレゼントが<BREAK>{集|あつ}まったからもどって{来|き}たのか？",
			"<CMD>128027000180</CMD>",
			"\f"
		]
	},
	{
		"Index": 84,
		"JPN": [
			"<CMD>3780</CMD>",
			"はい",
			"いいえ",
			"\f"
		]
	},
	{
		"Index": 85,
		"JPN": [
			"どれ　{見|み}せてみろ",
			"<CMD>18802700729b27000580</CMD><CMD>17802700729b270001802700048027000080</CMD><CMD>16802700729b27005681</CMD>おお　がんばったな<BREAK>これだけあれば<BREAK>{十分|じゅうぶん}だ",
			"\f"
		]
	},
	{
		"Index": 86,
		"JPN": [
			"どれ　{見|み}せてみろ",
			"<CMD>18802700729b27000180</CMD><CMD>17802700729b270001802700048027000280</CMD><CMD>16802700729b27005581</CMD>まあこんなもんかな<BREAK>いいんじゃねえか",
			"\f"
		]
	},
	{
		"Index": 87,
		"JPN": [
			"どれ　{見|み}せてみろ",
			"<CMD>18802700729b27000080</CMD><CMD>17802700729b2700088027000a8027000180</CMD><CMD>16802700729b27006981</CMD>おい　プレゼントは<BREAK>どうしたんだ？",
			"{早|はや}く{集|あつ}めて<BREAK>{出直|でなお}してこい",
			"\f"
		]
	},
	{
		"Index": 88,
		"JPN": [
			"じゃあ<BREAK>{部屋|へや}で{待|ま}つとしようぜ",
			"なあに　そんなに<BREAK>{待|ま}つこたあないと{思|おも}うぜ",
			"<CMD>18802700729b27000180</CMD><CMD>17802700729b270001802700048027000280</CMD><CMD>16802700729b27005581</CMD>おれのカンでは<BREAK>そろそろ<CMD>008027000380</CMD>サンタクロース<CMD>008027000180</CMD>が<BREAK>{来|く}るころさ",
			"\f"
		]
	},
	{
		"Index": 89,
		"JPN": [
			"ああ　じゃあ{自分|じぶん}の{用事|ようじ}の<BREAK>ためだったのか<BREAK>よびとめて{悪|わる}かったな",
			"プレゼントが{集|あつ}まったら<BREAK>{声|こえ}をかけてくれ",
			"\f"
		]
	},
	{
		"Index": 90,
		"JPN": [
			"その　なんだ…<BREAK>メリークリスマス",
			"{実|じつ}は<CMD>f481</CMD>からも<BREAK><CMD>008027000380</CMD>サンタクロース<CMD>008027000180</CMD>に<BREAK>サプライズがあってよ",
			"ほら　<CMD>f481</CMD><BREAK>はやく{出|だ}してやれ",
			"\f"
		]
	},
	{
		"Index": 91,
		"JPN": [
			"それとこれはおれから",
			"\f"
		]
	},
	{
		"Index": 92,
		"JPN": [
			"そういや　<CMD>f481</CMD><BREAK>{今|いま}わたしたのは　みんなからの<BREAK>プレゼントだよな？",
			"<CMD>18802700729b27000080</CMD><CMD>17802700729b2700088027000a8027000180</CMD><CMD>16802700729b27006981</CMD><CMD>f481</CMD>からは<BREAK>プレゼントはないのかい？",
			"…なんだ　みんなからプレゼントを<BREAK>あずかることにいそがしくて<BREAK>わすれていたのか",
			"\f"
		]
	},
	{
		"Index": 93,
		"JPN": [
			"<CMD>18802700729b27000080</CMD><CMD>17802700729b2700088027000a8027000180</CMD><CMD>16802700729b27006981</CMD><CMD>008027000380</CMD>サンタクロース<CMD>008027000180</CMD>は<BREAK>ああ{言|い}ってるけど<BREAK>どうする？",
			"<CMD>128027000180</CMD>",
			"\f"
		]
	},
	{
		"Index": 94,
		"JPN": [
			"<CMD>3780</CMD>",
			"プレゼントをする",
			"しない",
			"\f"
		]
	},
	{
		"Index": 95,
		"JPN": [
			"<CMD>f481</CMD><BREAK><CMD>008027000380</CMD>サンタクロース<CMD>008027000180</CMD>は<BREAK>{歌|うた}をごしょもうだ",
			"なんでもいいから<BREAK>{一曲|いっきょく}　{歌|うた}ってやれ",
			"\f"
		]
	},
	{
		"Index": 96,
		"JPN": [
			"よかったな<BREAK>それじゃおれももどるとするか",
			"\f"
		]
	},
	{
		"Index": 97,
		"JPN": [
			"<CMD>18802700729b27000580</CMD><CMD>17802700729b270001802700048027000080</CMD><CMD>16802700729b27005681</CMD>おーい！<BREAK><CMD>f481</CMD>！",
			"ぐずぐずしているから<BREAK><CMD>008027000380</CMD>サンタクロース<CMD>008027000180</CMD>はもう{来|き}て<BREAK>{帰|かえ}っちまったぞ",
			"ちょくせつ<CMD>008027000380</CMD>サンタクロース<CMD>008027000180</CMD>に<BREAK>プレゼントをわたす{計画|けいかく}は<BREAK>しっぱいだ",
			"まあ　<CMD>008027000380</CMD>{校長先生|こうちょうせんせい}<CMD>008027000180</CMD>は<BREAK><CMD>008027000380</CMD>サンタクロース<CMD>008027000180</CMD>の{家|いえ}を<BREAK>{知|し}ってるそうだから…",
			"{集|あつ}めたプレゼントがあったら<BREAK><CMD>008027000380</CMD>{校長先生|こうちょうせんせい}<CMD>008027000180</CMD>から<BREAK>とどけてもらうとしようぜ",
			"というわけで　{集|あつ}まった<BREAK>プレゼントを{出|だ}しな",
			"おれがせきにんをもって<BREAK><CMD>008027000380</CMD>{校長先生|こうちょうせんせい}<CMD>008027000180</CMD>に<BREAK>あずけるからよ",
			"\f"
		]
	},
	{
		"Index": 98,
		"JPN": [
			"じゃあこの{話|はなし}は<BREAK>これまでだ",
			"\f"
		]
	}
]