[
	{
		"Index": 0,
		"JPN": [
			"<CMD>09802700018027004180</CMD>",
			"うむ？<BREAK>そこのお{前|まえ}！",
			"われの{声|こえ}が<BREAK>{聞|き}こえるのか？",
			"\f"
		]
	},
	{
		"Index": 1,
		"JPN": [
			"<CMD>09802700018027004180</CMD>",
			"ん？　お{前|まえ}は<BREAK>まほう{使|つか}いだな…",
			"まあよい<BREAK>われの{話|はなし}を<BREAK>{聞|き}かせてやろう",
			"<CMD>1380270062a2</CMD>",
			"\f"
		]
	},
	{
		"Index": 2,
		"JPN": [
			"<CMD>3780</CMD>",
			"きく<CMD>13802700ffff</CMD>",
			"きかない<CMD>13802700ffff</CMD>",
			"\f"
		]
	},
	{
		"Index": 3,
		"JPN": [
			"<CMD>09802700018027004180</CMD>",
			"まあ{待|ま}て！<BREAK>そんなに{長|なが}くないぞ",
			"<CMD>1380270064a2</CMD>",
			"\f"
		]
	},
	{
		"Index": 4,
		"JPN": [
			"<CMD>3780</CMD>",
			"きく<CMD>13802700ffff</CMD>",
			"きかない<CMD>13802700ffff</CMD>",
			"\f"
		]
	},
	{
		"Index": 5,
		"JPN": [
			"<CMD>09802700018027002380</CMD>",
			"お{願|ねが}い！<BREAK>{聞|き}いてください！",
			"<CMD>1380270066a2</CMD>",
			"\f"
		]
	},
	{
		"Index": 6,
		"JPN": [
			"<CMD>3780</CMD>",
			"きく<CMD>13802700ffff</CMD>",
			"きかない<CMD>13802700ffff</CMD>",
			"\f"
		]
	},
	{
		"Index": 7,
		"JPN": [
			"<CMD>09802700018027004180</CMD>",
			"ふふふっ…<BREAK>{話|はなし}の{分|わ}かるやつだ",
			"\f"
		]
	},
	{
		"Index": 8,
		"JPN": [
			"<CMD>09802700018027004180</CMD>",
			"われは<BREAK>かつて　この{世界|せかい}を<BREAK>{支配|しはい}していた　<CMD>008027000380</CMD>まおう<CMD>008027000180</CMD>だ",
			"どうだ<BREAK>コワイだろう！",
			"\f"
		]
	},
	{
		"Index": 9,
		"JPN": [
			"<CMD>09802700088027004180</CMD>",
			"だが　ある{時|とき}…<BREAK>とある　まほう{使|つか}いが",
			"われの{支配|しはい}から<BREAK>この{世界|せかい}を{解放|かいほう}するために<BREAK>{立|た}ち{向|む}かってきた",
			"\f"
		]
	},
	{
		"Index": 10,
		"JPN": [
			"<CMD>09802700088027004180</CMD>",
			"{長|なが}きに{渡|わた}る{戦|たたか}いの{末|すえ}<BREAK>われは　ヤツに<BREAK>この{身|み}を　ふうじられたのだ…",
			"\f"
		]
	},
	{
		"Index": 11,
		"JPN": [
			"<CMD>09802700088027004180</CMD>",
			"あれから　われは<BREAK>ここで<BREAK>{眠|ねむ}り{続|つづ}けている",
			"{肉体|にくたい}を{失|うしな}い<BREAK>ゆうきゅうの{時|とき}を　{過|す}ごす{中|なか}で<BREAK>われは{考|かんが}えた…",
			"なぜ　ヤツに<BREAK>{敗|やぶ}れたのかを……",
			"\f"
		]
	},
	{
		"Index": 12,
		"JPN": [
			"<CMD>09802700088027004180</CMD>",
			"あの　まほう{使|つか}いは<BREAK>この{世界|せかい}の{自由|じゆう}のために",
			"この{世界|せかい}に{住|す}む<BREAK>{人々|ひとびと}の{笑顔|えがお}のために<BREAK>{戦|たたか}った",
			"\f"
		]
	},
	{
		"Index": 13,
		"JPN": [
			"<CMD>09802700088027004180</CMD>",
			"だれかのために<BREAK>{戦|たたか}う{勇気|ゆうき}<BREAK>それこそが",
			"ヤツの<BREAK>{強|つよ}さだったのではと<BREAK>われは{考|かんが}えた…",
			"\f"
		]
	},
	{
		"Index": 14,
		"JPN": [
			"<CMD>09802700088027004180</CMD>",
			"われは　{今|いま}までの<BREAK>つみを　つぐないたいと<BREAK>{思|おも}っている",
			"{再|ふたた}び　この{世界|せかい}を<BREAK>{支配|しはい}するなど<BREAK>{考|かんが}えてはいない…",
			"{心|こころ}を　{入|い}れかえて<BREAK>{人々|ひとびと}のために　つくしたいと<BREAK>{考|かんが}えている",
			"\f"
		]
	},
	{
		"Index": 15,
		"JPN": [
			"<CMD>09802700088027004180</CMD>",
			"だが　{今|いま}のままでは<BREAK>われは　{何|なに}もする{事|こと}が<BREAK>{出来|でき}ない……",
			"\f"
		]
	},
	{
		"Index": 16,
		"JPN": [
			"<CMD>09802700088027004180</CMD>",
			"そこで　お{前|まえ}に<BREAK>{頼|たの}みたい{事|こと}が<BREAK>ひとつあるのだよ",
			"この{世界|せかい}に　{散|ち}らばる<BREAK><CMD>fb8127000485</CMD>を<BREAK>{集|あつ}めてきては　くれぬか？",
			"\f"
		]
	},
	{
		"Index": 17,
		"JPN": [
			"<CMD>09802700088027004180</CMD>",
			"もし　１０{個|コ}の<BREAK><CMD>fb8127000485</CMD>を<BREAK>そろえる{事|こと}ができたのなら",
			"われは　{再|ふたた}び<BREAK>まりょく　を{取|と}り{戻|もど}し<BREAK>{肉体|にくたい}を{手|て}に{入|い}れるだろう！",
			"\f"
		]
	},
	{
		"Index": 18,
		"JPN": [
			"<CMD>09802700088027004180</CMD>",
			"もちろん<BREAK>{復活|ふっかつ}の{手伝|てつだ}いをした<BREAK>お{前|まえ}には",
			"{何|なに}か　{願|ねが}いを<BREAK>ひとつだけ　かなえてやろう",
			"\f"
		]
	},
	{
		"Index": 19,
		"JPN": [
			"<CMD>09802700088027004180</CMD>",
			"どうだ？　<CMD>fb8127000485</CMD>を<BREAK>{集|あつ}めては<BREAK>くれぬか？？",
			"<CMD>1380270074a2</CMD>",
			"\f"
		]
	},
	{
		"Index": 20,
		"JPN": [
			"<CMD>3780</CMD>",
			"あつめる<CMD>13802700ffff</CMD>",
			"あつめない<CMD>13802700ffff</CMD>",
			"\f"
		]
	},
	{
		"Index": 21,
		"JPN": [
			"<CMD>09802700088027002380</CMD>",
			"{待|ま}って！",
			"ちょっとした<BREAK>ヒマつぶしになるしぃ<BREAK>{人助|ひとだす}けだしぃ…",
			"\f"
		]
	},
	{
		"Index": 22,
		"JPN": [
			"<CMD>09802700088027002380</CMD>",
			"そんなこと{言|い}わないでぇ…<BREAK>やってみようよぉ！",
			"<CMD>1380270077a2</CMD>",
			"\f"
		]
	},
	{
		"Index": 23,
		"JPN": [
			"<CMD>3780</CMD>",
			"あつめる<CMD>13802700ffff</CMD>",
			"あつめない<CMD>13802700ffff</CMD>",
			"\f"
		]
	},
	{
		"Index": 24,
		"JPN": [
			"<CMD>09802700088027004180</CMD>",
			"ふっ…<BREAK>ならばしかたない",
			"もし　{考|かんが}えなおしたのならば<BREAK>{再|ふたた}び　ここに{来|き}てくれ<BREAK>われはいつまでも　{待|ま}っているぞ…",
			"\f"
		]
	},
	{
		"Index": 25,
		"JPN": [
			"<CMD>09802700088027004180</CMD>",
			"ふふふっ…そうか<BREAK>とても　{素直|すなお}な<BREAK>よい　まほう{使|つか}いだ…",
			"それでは<BREAK><CMD>fb8127000485</CMD>を<BREAK>{集|あつ}めてきてくれ",
			"たのんだぞ…",
			"\f"
		]
	},
	{
		"Index": 26,
		"JPN": [
			"<CMD>09802700088027004180</CMD>",
			"よく{来|き}てくれた<BREAK>まほう{使|つか}い…",
			"<CMD>fb8127000485</CMD>を<BREAK>{集|あつ}めては<BREAK>くれぬか？？",
			"\f"
		]
	},
	{
		"Index": 27,
		"JPN": [
			"<CMD>09802700088027004180</CMD>",
			"もちろん<BREAK>{復活|ふっかつ}の{手伝|てつだ}いをした<BREAK>お{前|まえ}には",
			"{何|なに}か　{願|ねが}いを<BREAK>ひとつだけ　かなえてやろう",
			"<CMD>138027007ca2</CMD>",
			"\f"
		]
	},
	{
		"Index": 28,
		"JPN": [
			"<CMD>3780</CMD>",
			"あつめる<CMD>13802700ffff</CMD>",
			"あつめない<CMD>13802700ffff</CMD>",
			"\f"
		]
	},
	{
		"Index": 29,
		"JPN": [
			"<CMD>09802700088027004180</CMD>",
			"おお　お{前|まえ}か<BREAK><CMD>fb8127000485</CMD>を<BREAK>{持|も}って{来|き}てくれたか？",
			"\f"
		]
	},
	{
		"Index": 30,
		"JPN": [
			"<CMD>09802700088027004180</CMD>",
			"なに？<BREAK>{持|も}って{来|き}ていないだと？？",
			"\f"
		]
	},
	{
		"Index": 31,
		"JPN": [
			"<CMD>09802700088027004180</CMD>",
			"…まぁよい",
			"<CMD>fb8127000485</CMD>を<BREAK>{見付|みつ}けたならば<BREAK>{持|も}って{来|き}てくれ",
			"われはここで<BREAK>{待|ま}っているぞ…",
			"\f"
		]
	},
	{
		"Index": 32,
		"JPN": [
			"<CMD>09802700088027004180</CMD>",
			"ん？<BREAK>これは…",
			"\f"
		]
	},
	{
		"Index": 33,
		"JPN": [
			"<CMD>09802700088027004180</CMD>",
			"<CMD>048027005a80</CMD><CMD>fb8127000485</CMD>ではないぞ！",
			"\f"
		]
	},
	{
		"Index": 34,
		"JPN": [
			"<CMD>09802700088027004180</CMD>",
			"いいか？<BREAK>いまいちど<BREAK>よく{聞|き}け　まほう{使|つか}い",
			"<CMD>fb8127000485</CMD>だ…<BREAK>{分|わ}かったな？",
			"\f"
		]
	},
	{
		"Index": 35,
		"JPN": [
			"<CMD>09802700088027004180</CMD>",
			"おぉ…<BREAK>まさしくこれは<BREAK><CMD>fb8127000485</CMD>！！",
			"\f"
		]
	},
	{
		"Index": 36,
		"JPN": [
			"<CMD>09802700088027004180</CMD>",
			"われの{復活|ふっかつ}には<BREAK>１０{個|コ}の<CMD>fb8127000485</CMD>が<BREAK>{必要|ひつよう}なのだ…",
			"まほう{使|つか}いよ…この{調子|ちょうし}で<BREAK>{残|のこ}りの<CMD>fb8127000485</CMD>を<BREAK>{集|あつ}めてくれ…",
			"\f"
		]
	},
	{
		"Index": 37,
		"JPN": [
			"<CMD>09802700088027004180</CMD>",
			"これは<BREAK>まさしく<CMD>fb8127000485</CMD>！！",
			"\f"
		]
	},
	{
		"Index": 38,
		"JPN": [
			"<CMD>09802700088027004180</CMD>",
			"まほう{使|つか}いよ<BREAK><CMD>fb8127000485</CMD>は<BREAK>あと<CMD>4e822700008027000281</CMD>{個必要|コひつよう}だ…",
			"われの<BREAK>{復活|ふっかつ}まで<BREAK>もう{少|すこ}しだ…",
			"\f"
		]
	},
	{
		"Index": 39,
		"JPN": [
			"<CMD>09802700088027004180</CMD>",
			"<CMD>048027007880</CMD>ふふふっ　はーはっはっはっ！",
			"\f"
		]
	},
	{
		"Index": 40,
		"JPN": [
			"<CMD>09802700088027004180</CMD>",
			"ついに<BREAK>ついに<CMD>fb8127000485</CMD>が<BREAK>そろったっ！！",
			"これで…<BREAK>われは{再|ふたた}び{力|チカラ}を<BREAK>{取|と}り{戻|もど}すことができるぞ！",
			"\f"
		]
	},
	{
		"Index": 41,
		"JPN": [
			"<CMD>09802700088027004180</CMD>",
			"{復活|ふっかつ}に{必要|ひつよう}な<BREAK>まりょくは<BREAK>{手|て}に{入|い}れた",
			"{礼|れい}を{言|い}うぞ<BREAK>まほう{使|つか}い…",
			"\f"
		]
	},
	{
		"Index": 42,
		"JPN": [
			"<CMD>09802700088027004180</CMD>",
			"われの{完全|かんぜん}なる<BREAK>{復活|ふっかつ}の{前|まえ}に<BREAK>お{前|まえ}に　{礼|れい}をせねばな…",
			"\f"
		]
	},
	{
		"Index": 43,
		"JPN": [
			"<CMD>09802700088027004180</CMD>",
			"…では<BREAK>この<CMD>008027000580</CMD>{町|まち}<CMD>008027000180</CMD>にはびこる<BREAK>ボーボーの{草|くさ}と",
			"{部屋|へや}に{生|は}える<BREAK>じゃまな　キノコを<BREAK>{消|け}し{去|さ}ってやろうぞ！！",
			"なぁに　{気|き}にするな<BREAK>この{程度|ていど}の{事|こと}<BREAK>{造作|ぞうさ}もない{事|こと}だ",
			"\f"
		]
	},
	{
		"Index": 44,
		"JPN": [
			"<CMD>09802700088027004180</CMD>",
			"ゆくぞ！",
			"\f"
		]
	},
	{
		"Index": 45,
		"JPN": [
			"<CMD>09802700088027004180</CMD>",
			"うむ？<BREAK>{効果|こうか}がないようだな…",
			"…なに　{心配|しんぱい}するな<BREAK>{久|ひさ}しぶりの　まほうで<BREAK>{上手|うま}く　いかぬだけよっ！",
			"\f"
		]
	},
	{
		"Index": 46,
		"JPN": [
			"<CMD>09802700088027004180</CMD>",
			"では　もう{一度|いちど}！！",
			"\f"
		]
	},
	{
		"Index": 47,
		"JPN": [
			"<CMD>09802700088027004180</CMD>",
			"……はぁはぁ<BREAK>どうだ…？<BREAK>これでしばらくは",
			"{草|くさ}ボーボーや　キノコに<BREAK>なやまされる{事|こと}も<BREAK>ないだろう！",
			"\f"
		]
	},
	{
		"Index": 48,
		"JPN": [
			"<CMD>09802700088027004180</CMD>",
			"ふふふっ<BREAK>では　そろそろ<BREAK>{復活|ふっかつ}といこうではないか！！",
			"\f"
		]
	},
	{
		"Index": 49,
		"JPN": [
			"<CMD>09802700088027004180</CMD>",
			"<CMD>048027007880</CMD>はーっはっはっはーっ！",
			"われ　{復活|ふっかつ}しせり！<BREAK>この{世界|せかい}に　{再|ふたた}び<BREAK>きょうふと　こんらんを！！",
			"\f"
		]
	},
	{
		"Index": 50,
		"JPN": [
			"<CMD>09802700088027004180</CMD>",
			"ふふふっ　だまして<BREAK>わるかったな<BREAK>まほう{使|つか}い",
			"<CMD>008027000380</CMD>まおう<CMD>008027000180</CMD>　であるわれが<BREAK>そう　やすやすと　{心|こころ}を<BREAK>{入|い}れ{替|か}えると　{思|おも}ったのか？",
			"ふははははっー！！<BREAK>これで　いまいちど<BREAK>{世界|せかい}をわが{手|て}に…ん？",
			"\f"
		]
	},
	{
		"Index": 51,
		"JPN": [
			"<CMD>09802700088027004180</CMD>",
			"…あれれ？<BREAK>かっ　からだがないっ！！",
			"それに…<BREAK>なぜだ？<BREAK>まりょくも　{消|き}えて{行|い}く……",
			"\f"
		]
	},
	{
		"Index": 52,
		"JPN": [
			"<CMD>09802700088027004180</CMD>",
			"まさか？<BREAK>あの{程度|ていど}の　まほうで",
			"まりょくを<BREAK>つかい　はたして<BREAK>しまったというのか…？",
			"…われとした{事|こと}が……",
			"\f"
		]
	},
	{
		"Index": 53,
		"JPN": [
			"<CMD>09802700088027004180</CMD>",
			"…おのれ　まほう{使|つか}い！<BREAK>だが…　われは{必|かなら}ず<BREAK>{復活|ふっかつ}してみせるぞ！！",
			"せいぜい…<BREAK>つかの{間|ま}の<BREAK>{平和|へいわ}を…{楽|たの}しむが{良|よ}い……",
			"\f"
		]
	},
	{
		"Index": 54,
		"JPN": [
			"<CMD>09802700088027004180</CMD>",
			"Zzzzzz……",
			"\f"
		]
	},
	{
		"Index": 55,
		"JPN": [
			"<CMD>09802700088027004180</CMD>",
			"Zzzzzz…",
			"\f"
		]
	},
	{
		"Index": 56,
		"JPN": [
			"<CMD>09802700088027004180</CMD>",
			"よく{来|き}たな<BREAK>ん？　お{前|まえ}とは<BREAK>どこかで……",
			"まあよい<BREAK>われの{話|はなし}を<BREAK>{聞|き}かせてやろう",
			"<CMD>1380270099a2</CMD>",
			"\f"
		]
	},
	{
		"Index": 57,
		"JPN": [
			"<CMD>3780</CMD>",
			"きく<CMD>13802700ffff</CMD>",
			"きかない<CMD>13802700ffff</CMD>",
			"\f"
		]
	},
	{
		"Index": 59,
		"JPN": [
			"<CMD>09802700088027004180</CMD>",
			"まあ{待|ま}て！<BREAK>そんなに{長|なが}くないぞ",
			"<CMD>1380270064a2</CMD>",
			"\f"
		]
	},
	{
		"Index": 60,
		"JPN": [
			"<CMD>09802700088027002380</CMD>",
			"お{願|ねが}い！<BREAK>{聞|き}いてください！",
			"<CMD>1380270066a2</CMD>",
			"\f"
		]
	},
	{
		"Index": 61,
		"JPN": [
			"<CMD>09802700088027004180</CMD>",
			"うむ？<BREAK>そこのお{前|まえ}！",
			"われの{声|こえ}が<BREAK>{聞|き}こえるのか？",
			"\f"
		]
	},
	{
		"Index": 62,
		"JPN": [
			"………",
			"……",
			"…",
			"\f"
		]
	},
	{
		"Index": 63,
		"JPN": [
			"<CMD>09802700088027004180</CMD>",
			"ふふふっ…<BREAK>{話|はなし}の{分|わ}かるやつだ",
			"\f"
		]
	},
	{
		"Index": 64,
		"JPN": [
			"<CMD>09802700088027004180</CMD>",
			"われは<BREAK>かつて　この{世界|せかい}を<BREAK>{支配|しはい}していた　<CMD>008027000380</CMD>まおう<CMD>008027000180</CMD>だ",
			"どうだ<BREAK>コワイだろう！",
			"\f"
		]
	},
	{
		"Index": 67,
		"JPN": [
			"このさき　もり<BREAK>ゆうれいやしきは　たちいりきんし！",
			"\f"
		]
	},
	{
		"Index": 68,
		"JPN": [
			"このさき<BREAK>がっこうと　ショッピングモール",
			"\f"
		]
	},
	{
		"Index": 69,
		"JPN": [
			"このさき　がくせいりょう",
			"\f"
		]
	},
	{
		"Index": 70,
		"JPN": [
			"ここは<BREAK>ホウキ{乗|の}り{入|い}れ{禁止|きんし}！　<BREAK><CMD>f881</CMD>まほう{学校|がっこう}",
			"\f"
		]
	},
	{
		"Index": 80,
		"JPN": [
			"あら　お{二人|ふたり}さん<BREAK>{仲|なか}が{良|い}いわね",
			"<CMD>128027000180</CMD>",
			"\f"
		]
	},
	{
		"Index": 81,
		"JPN": [
			"<CMD>3780</CMD>",
			"きょうの{一杯|いっぱい}<CMD>13802700ffff</CMD>",
			"やめる<CMD>13802700ffff</CMD>",
			"\f"
		]
	},
	{
		"Index": 82,
		"JPN": [
			"<CMD>18802700729b27000080</CMD><CMD>17802700729b2700088027000a8027000180</CMD><CMD>16802700729b27006981</CMD>お{二人|ふたり}でジュース<BREAK><CMD>008027000480</CMD>400<CMD>008027000180</CMD>リッチよ<BREAK>いいかしら？",
			"<CMD>128027000180</CMD>",
			"\f"
		]
	},
	{
		"Index": 83,
		"JPN": [
			"<CMD>3780</CMD>",
			"はい<CMD>13802700ffff</CMD>",
			"やめる<CMD>13802700ffff</CMD>",
			"\f"
		]
	},
	{
		"Index": 84,
		"JPN": [
			"<CMD>18802700729b27000080</CMD><CMD>17802700729b2700088027000a8027000180</CMD><CMD>16802700729b27006981</CMD>あらいやだ<BREAK>リッチが{足|た}りないみたいよ？",
			"\f"
		]
	},
	{
		"Index": 85,
		"JPN": [
			"<CMD>158027001882</CMD>きょうは<BREAK>ブラックベリージュースが<BREAK>おいしいわよ<CMD>3a80270070fe</CMD>",
			"\f"
		]
	},
	{
		"Index": 86,
		"JPN": [
			"<CMD>158027001882</CMD>きょうは<BREAK>ラズベリージュースが<BREAK>おいしいわよ<CMD>3a80270070fe</CMD>",
			"\f"
		]
	},
	{
		"Index": 87,
		"JPN": [
			"<CMD>158027001882</CMD>きょうは<BREAK>ストロベリージュースが<BREAK>おいしいわよ<CMD>3a80270070fe</CMD>",
			"\f"
		]
	},
	{
		"Index": 89,
		"JPN": [
			"ふふふ…<BREAK>いいわねえ　あなたたち<BREAK>とっても{仲良|なかよ}さそうだわ",
			"よければ<BREAK>あなたたちのことを<BREAK>{聞|き}かせてくれるかしら？",
			"<CMD>128027000180</CMD>",
			"\f"
		]
	},
	{
		"Index": 90,
		"JPN": [
			"<CMD>3780</CMD>",
			"はい<CMD>13802700ffff</CMD>",
			"ダメ<CMD>13802700ffff</CMD>",
			"\f"
		]
	},
	{
		"Index": 91,
		"JPN": [
			"あら<BREAK>ざんねんだわ…",
			"\f"
		]
	},
	{
		"Index": 92,
		"JPN": [
			"<CMD>f481</CMD>って<BREAK>{聞|き}いている{感|かん}じだと…",
			"\f"
		]
	},
	{
		"Index": 93,
		"JPN": [
			"どちらかというと<BREAK>せっきょくてきに<BREAK>{関係|かんけい}を{進|すす}めていくタイプね",
			"\f"
		]
	},
	{
		"Index": 94,
		"JPN": [
			"<CMD>f7812700dd9f</CMD>とは<BREAK>{同|おな}じタイプだから<BREAK>ときどきぶつかることもあるかも",
			"でも　だいじょうぶ<BREAK>そこそこうまくいくわよ",
			"\f"
		]
	},
	{
		"Index": 95,
		"JPN": [
			"<CMD>f7812700dd9f</CMD>はうけ{身|み}なタイプよね<BREAK>せっきょくてきな<CMD>f481</CMD>と<BREAK>{相性|あいしょう}いいみたい",
			"<CMD>18802700729b27000180</CMD><CMD>17802700729b270001802700048027000280</CMD><CMD>16802700729b27005581</CMD>フフフ…じしんをもちなさい<BREAK>とってもうまくいくわよ",
			"\f"
		]
	},
	{
		"Index": 96,
		"JPN": [
			"<CMD>f7812700dd9f</CMD>は<BREAK>マイペースなタイプだから<BREAK>ときどき{合|あ}わないこともあるかも…",
			"でも　だいじょうぶ<BREAK>そこそこうまくいくわよ",
			"\f"
		]
	},
	{
		"Index": 97,
		"JPN": [
			"<CMD>f7812700dd9f</CMD>は{相手|あいて}にも<BREAK>{変化|へんか}を{求|もと}めるタイプね<BREAK>{相性|あいしょう}が{良|よ}くないかも",
			"でもだいじょうぶ<BREAK>{努力|どりょく}しだいでうまくいくわよ<BREAK>しっかりなさいな",
			"\f"
		]
	},
	{
		"Index": 98,
		"JPN": [
			"やさしくて　{相手|あいて}のことを<BREAK>ゆうせんして<BREAK>{付|つ}き{合|あ}っていくタイプね",
			"\f"
		]
	},
	{
		"Index": 99,
		"JPN": [
			"<CMD>f7812700dd9f</CMD>は　とっても<BREAK>せっきょくてきなタイプだから<BREAK><CMD>f481</CMD>と{相性|あいしょう}いいわよ",
			"<CMD>18802700729b27000180</CMD><CMD>17802700729b270001802700048027000280</CMD><CMD>16802700729b27005581</CMD>フフフ…じしんをもちなさい<BREAK>とってもうまくいくわよ",
			"\f"
		]
	}
]