[
	{
		"Index": 0,
		"JPN": [
			"おっと　すまねえ<BREAK>{通信|つうしん}{中|ちゅう}は<BREAK>ダウンロードできねーぜ",
			"\f"
		]
	},
	{
		"Index": 2,
		"JPN": [
			"<CMD>18802700729b27000180</CMD><CMD>17802700729b270001802700048027000280</CMD><CMD>16802700729b27005581</CMD>お　もちものを{整理|せいり}してきたな<BREAK>せっかくだ　どんなプレゼントか<BREAK>おれにも　おがませてくれ",
			"\f"
		]
	},
	{
		"Index": 4,
		"JPN": [
			"<CMD>3780</CMD>",
			"やってみる<CMD>1380270071a0</CMD>",
			"いまはちょっと<CMD>1380270072a0</CMD>",
			"\f"
		]
	},
	{
		"Index": 5,
		"JPN": [
			"そうか　やってくれるか！",
			"それなら　さっそく{行|い}くか<BREAK>ついてこい<CMD>f481</CMD><CMD>4980270002802700028027000080</CMD>",
			"\f"
		]
	},
	{
		"Index": 6,
		"JPN": [
			"そうか…",
			"ざんねんだがしかたねえ<BREAK>{気|き}が{変|か}わったら{声|こえ}をかけてくれ<CMD>4980270002802700638027000080</CMD>",
			"\f"
		]
	},
	{
		"Index": 7,
		"JPN": [
			"<CMD>3780</CMD>",
			"はい<CMD>1380270074a0</CMD>",
			"いいえ<CMD>1380270075a0</CMD>",
			"\f"
		]
	},
	{
		"Index": 8,
		"JPN": [
			"じゃあ　これから<BREAK><CMD>008027000580</CMD>おしろ<CMD>008027000180</CMD>へ　{行|い}くから<BREAK>ついてきな<CMD>49802700e9832700038027000080</CMD>",
			"\f"
		]
	},
	{
		"Index": 9,
		"JPN": [
			"そうか　<CMD>008027000580</CMD>おしろ<CMD>008027000180</CMD>に{行|い}く<BREAK>じゅんびが　できたら<BREAK>{話|はな}しかけてくれ<CMD>49802700e9832700058027000080</CMD>",
			"\f"
		]
	},
	{
		"Index": 10,
		"JPN": [
			"<CMD>118027009ea027009ea0</CMD>",
			"\f"
		]
	},
	{
		"Index": 11,
		"JPN": [
			"<CMD>118027009fa027009fa0</CMD>",
			"\f"
		]
	},
	{
		"Index": 12,
		"JPN": [
			"<CMD>11802700a0a02700a0a0</CMD>",
			"\f"
		]
	},
	{
		"Index": 13,
		"JPN": [
			"<CMD>11802700bca02700bfa0</CMD>",
			"\f"
		]
	},
	{
		"Index": 14,
		"JPN": [
			"<CMD>11802700bca02700bfa0</CMD>",
			"\f"
		]
	},
	{
		"Index": 50,
		"JPN": [
			"<CMD>18802700729b27000280</CMD><CMD>17802700729b2700508027000a8027000280</CMD><CMD>16802700729b27007d81</CMD>なにか{用|よう}か？<BREAK>ちょろちょろしてねぇで<BREAK>{生徒|せいと}は{勉強|べんきょう}してろ！",
			"たっくよぉ　オマエら<BREAK>じぶんが　めぐまれてるって<BREAK>わかってんのかよ？",
			"<CMD>18802700729b27000480</CMD><CMD>17802700729b27000a8027000a8027000180</CMD><CMD>16802700729b27007f81</CMD>おれだってなぁ　むかしは<BREAK>すごい　まほう{使|つか}いになるのが<BREAK>{夢|ゆめ}だったんだぜ",
			"<CMD>18802700729b27000380</CMD><CMD>17802700729b270001802700048027000080</CMD><CMD>16802700729b27003081</CMD>けどよ　あいにく<BREAK>まほう{使|つか}いに{必要|ひつよう}なまりょく<BREAK>ってもんを　{持|も}っていなかった…",
			"<CMD>18802700729b27000580</CMD><CMD>17802700729b27000a8027000a8027000180</CMD><CMD>16802700729b27002d81</CMD>ま　そんなこって　ミゴト<BREAK><CMD>008027000580</CMD>{学校|がっこう}<CMD>008027000180</CMD>の{入学試験|にゅうがくしけん}に<BREAK>ラクダイしたってワケよ",
			"<CMD>18802700729b27000280</CMD><CMD>17802700729b2700508027000a8027000280</CMD><CMD>16802700729b27007d81</CMD>お{前|まえ}は　ソシツがあんだから<BREAK>もっと　しっかり　がんばれよ<CMD>49802700df8027000280</CMD>",
			"\f"
		]
	},
	{
		"Index": 51,
		"JPN": [
			"<CMD>18802700729b27000280</CMD><CMD>17802700729b2700508027000a8027000280</CMD><CMD>16802700729b27007d81</CMD>また　ぷらぷら　あそんでんのか？<BREAK>ヒマなら{勉強|べんきょう}でもしてろって",
			"おれとちがって<BREAK>{頭|アタマ}のできは<BREAK>{悪|わる}くないんだからよ",
			"<CMD>18802700729b27000580</CMD><CMD>17802700729b27000a8027000a8027000180</CMD><CMD>16802700729b27002d81</CMD>おれみたいに　できが{悪|わる}いのは<BREAK>いくら{勉強|べんきょう}したところで<BREAK>たかが{知|し}れてらぁ",
			"<CMD>18802700729b27000780</CMD><CMD>17802700729b2700088027000a8027000180</CMD>そのショウコに<BREAK>{何度|なんど}も　{何度|なんど}も<BREAK>{入学試験|にゅうがくしけん}で{落|お}ちたぜ…",
			"けっきょく　{最後|さいご}にゃ<BREAK>{入学|にゅうがく}をあきらめることに<BREAK>なっちまったけどな…",
			"ま　まりょくうんぬんの{前|まえ}に<BREAK>ふつうの{勉強|べんきょう}もできなきゃ<BREAK>ダメだってこった",
			"ああ？<BREAK>そんな{顔|かお}してみるんじゃねぇよ！<BREAK>どーせ　{昔|むかし}のことだからよ",
			"<CMD>18802700729b27000580</CMD><CMD>17802700729b27000a8027000a8027000180</CMD><CMD>16802700729b27002d81</CMD>ま　その　なんだ…<BREAK>オマエは　おれみてーに<BREAK>おちこぼれんじゃねーぞ？<CMD>49802700df8027000280</CMD>",
			"\f"
		]
	},
	{
		"Index": 52,
		"JPN": [
			"<CMD>18802700729b27000280</CMD><CMD>17802700729b2700508027000a8027000280</CMD><CMD>16802700729b27007d81</CMD>なに　フラフラしてやがる！？",
			"<CMD>18802700729b27000280</CMD><CMD>17802700729b2700508027000a8027000280</CMD><CMD>16802700729b27007d81</CMD>ジャマくせぇから<BREAK><CMD>008027000580</CMD>{部屋|へや}<CMD>008027000180</CMD>で{勉強|べんきょう}でもしてろ！",
			"ったく　こんなところで<BREAK>あそんでいても<BREAK>なんのトクにもなんねぇぞ",
			"せっかく　こんな<BREAK>いい<CMD>008027000580</CMD>{学校|がっこう}<CMD>008027000180</CMD>に{入|はい}れたんだ",
			"シッカリ{勉強|べんきょう}して<BREAK>えらいまほう{使|つか}いサマにでも<BREAK>なりやがれってんだ",
			"<CMD>18802700729b27000680</CMD><CMD>17802700729b270001802700048027000080</CMD><CMD>16802700729b27007e81</CMD>ま　まぁ<BREAK>お{前|まえ}なんかにゃ<BREAK>ムリだろうけどな",
			"<CMD>18802700729b27000280</CMD><CMD>17802700729b2700508027000a8027000280</CMD><CMD>16802700729b27007d81</CMD>くやしかったら<BREAK>えらくなって<BREAK>おれを　{見返|みかえ}してみやがれ<CMD>49802700df8027000280</CMD>",
			"\f"
		]
	},
	{
		"Index": 56,
		"JPN": [
			"<CMD>16802700dd8727006981</CMD>おまえさんに<BREAK>とどいてる{荷物|にもつ}は…<CMD>49802700e0842700008027000180</CMD>",
			"\f"
		]
	},
	{
		"Index": 57,
		"JPN": [
			"{今|いま}は{何|なに}もないみたいだな",
			"\f"
		]
	},
	{
		"Index": 58,
		"JPN": [
			"<CMD>16802700dd8727005681</CMD>ほらよ　<CMD>008027000880</CMD>アイテム<CMD>008027000180</CMD>がとどいてるぜ<BREAK>{受|う}けとりな！",
			"\f"
		]
	},
	{
		"Index": 59,
		"JPN": [
			"<CMD>16802700dd8727005681</CMD>ほらよ　<CMD>008027000880</CMD>レシピ<CMD>008027000180</CMD>がとどいてるぜ<BREAK>{受|う}けとりな！",
			"\f"
		]
	},
	{
		"Index": 60,
		"JPN": [
			"あとは…",
			"\f"
		]
	},
	{
		"Index": 61,
		"JPN": [
			"もう　ないみたいだな",
			"\f"
		]
	},
	{
		"Index": 62,
		"JPN": [
			"<CMD>3780</CMD>",
			"へやについて<CMD>13802700aba0</CMD>",
			"かぐについて<CMD>13802700b9a0</CMD>",
			"ふしぎなとびら<CMD>13802700aca0</CMD>",
			"やめる<CMD>13802700caa0</CMD>",
			"\f"
		]
	},
	{
		"Index": 63,
		"JPN": [
			"<CMD>16802700dd8727005681</CMD>へやは<BREAK>{自由|じゆう}に{使|つか}ってもらっていいぜ",
			"それから　この<CMD>008027000580</CMD>{学生|がくせい}りょう<CMD>008027000180</CMD>の<BREAK>{屋上|おくじょう}にある<CMD>008027000580</CMD>おんしつ<CMD>008027000180</CMD>は",
			"{共同|きょうどう}になっちまうが<BREAK>{自由|じゆう}に{使|つか}えるぞ",
			"じぶんの<CMD>008027000580</CMD>{部屋|へや}<CMD>008027000180</CMD>と{同|おな}じように<BREAK>{家具|かぐ}もおけるぜ",
			"<CMD>16802700dd8727005881</CMD>{友|とも}だちをつれてくれば<BREAK>いっしょに{遊|あそ}べるんじゃねえか？",
			"<CMD>13802700caa0</CMD>",
			"\f"
		]
	},
	{
		"Index": 64,
		"JPN": [
			"この{学生|がくせい}りょうは<BREAK>ふつうとはちがうとびらが<BREAK>いくつかあってな",
			"<CMD>f481</CMD>たちのへやの<BREAK>となりのとびらも<BREAK>ふつうとはちょっとちがうぜ",
			"<CMD>16802700dd8727005881</CMD>どこがちがうかって{言|い}うとな<BREAK>その　まあ　なんだ",
			"そのときどきで<BREAK>つながるへやが　かわるってわけだ",
			"{短|みじか}い{時間|じかん}とはいえ<BREAK>おとなりさんだからな",
			"となりからへんな{物音|ものおと}が<BREAK>{聞|き}こえたら　たずねてみるのも<BREAK>いいかもしれないぜ",
			"<CMD>18802700729b27000680</CMD><CMD>17802700729b270001802700048027000080</CMD><CMD>16802700729b27007e81</CMD>それと　となりをたずねた{時|とき}には<BREAK>{注意|ちゅうい}がひつようだな",
			"{出|で}る{時|とき}は　{入|はい}った{所|ところ}と<BREAK>ちがう{場所|ばしょ}に{出|で}るからな",
			"ビックリするだろうが<BREAK>おぼえておくと　いどうが<BREAK>{楽|らく}になるかもしれねえぜ",
			"<CMD>138027000aa3</CMD>",
			"\f"
		]
	},
	{
		"Index": 65,
		"JPN": [
			"{通信|つうしん}も<BREAK><CMD>008027000580</CMD>はじまりとおわりのとびら<CMD>008027000180</CMD>が<BREAK>{重要|じゅうよう}だぜ",
			"<CMD>16802700dd8727005681</CMD>「<CMD>008027000880</CMD>ともだちコード<CMD>008027000180</CMD>」を{使|つか}って<BREAK>{他|ほか}の{町|まち}の<CMD>008027000580</CMD>{学生|がくせい}りょう<CMD>008027000180</CMD>と<BREAK>つなぐことができる",
			"{遊|あそ}びに{行|い}きたいときや<BREAK>{来|き}てもらうときは<BREAK>ダイヤルを{合|あ}わせるんだぞ",
			"<CMD>13802700caa0</CMD>",
			"\f"
		]
	},
	{
		"Index": 66,
		"JPN": [
			"<CMD>3780</CMD>",
			"じゅぎょうのこと<CMD>13802700afa0</CMD>",
			"かがいじゅぎょう<CMD>13802700b0a0</CMD>",
			"ひょうかについて<CMD>13802700b1a0</CMD>",
			"やめる<CMD>13802700caa0</CMD>",
			"\f"
		]
	},
	{
		"Index": 67,
		"JPN": [
			"<CMD>16802700dd8727005681</CMD>{本分|ホンブン}は{勉強|べんきょう}だぜ！<BREAK>たいしたことは{言|い}えねぇが<BREAK>ちょっとだけ{助言|ジョゲン}してやる！",
			"{勉強|べんきょう}するのはかったるいが<BREAK>{友|とも}だちをさそえば<BREAK>{少|すこ}しは{楽|たの}しいもんだぜ",
			"{相手|あいて}に{向|む}かって<CMD>008027000880</CMD>Ｘボタン<CMD>008027000180</CMD>をおせば<BREAK>{呼|よ}びかけることができるから<BREAK>そこでさそってやれ！",
			"ただし！<BREAK>{友|とも}だちでもなんでもないヤツだと<BREAK>{断|ことわ}られることもあるぜ",
			"<CMD>16802700dd8727005881</CMD>そんなときは<BREAK>まずはなかよくなってからだな",
			"じゅぎょうでとなりにすわれたり<BREAK>かっこよく{答|こた}えているところを<BREAK>{見|み}せられれば…",
			"おまえのことを{見直|みなお}して<BREAK>もっとなかよくなれるかもな！",
			"<CMD>16802700dd8727005681</CMD>ともだちをいっぱい{作|つく}ることも<BREAK>りっぱな{勉強|べんきょう}だと{思|おも}うぜ！<BREAK>がんばりな！",
			"<CMD>13802700caa0</CMD>",
			"\f"
		]
	},
	{
		"Index": 68,
		"JPN": [
			"ふしぎ{時間|じかん}になると<CMD>008027000580</CMD>{学校|がっこう}<CMD>008027000180</CMD>での<BREAK>じゅぎょうはないが<BREAK>かわりに{外|そと}で",
			"かがいじゅぎょうっていう<BREAK>ちょっと{変|か}わったじゅぎょうを<BREAK>やってるな",
			"<CMD>008027000580</CMD>{学校|がっこう}<CMD>008027000180</CMD>のじゅぎょうとちがって<BREAK>{外|そと}をかけまわるような{感|かん}じの<BREAK>{勉強|べんきょう}が{多|おお}いな",
			"ふしぎ{時間|じかん}には　{変|へん}な{虫|ムシ}や<BREAK>{魚|サカナ}が{出|で}ることが{多|おお}いから<BREAK>そいつらの{勉強|べんきょう}って{感|かん}じだ",
			"おれのジダイにも<BREAK>あんなじゅぎょうがあったらな<BREAK>{一番|いちばん}になれたんだがな",
			"<CMD>16802700dd8727005881</CMD>まったくくやしいぜ<BREAK>コンチクショー！",
			"<CMD>008027000480</CMD>まほう{大会|たいかい}<CMD>008027000180</CMD>や<BREAK><CMD>008027000480</CMD>おまじないしけん<CMD>008027000180</CMD>とかを<BREAK>やってる{場合|ばあい}もあって",
			"そこでいいところを{見|み}せれば<BREAK><CMD>008027000580</CMD>{学校|がっこう}<CMD>008027000180</CMD>でのひょうかも<BREAK>{上|あ}がるらしいぜ",
			"<CMD>16802700dd8727005681</CMD>ふしぎ{時間|じかん}になったら<BREAK>{外|そと}でかがいじゅぎょうってな！<BREAK>おぼえとけよ！",
			"<CMD>13802700caa0</CMD>",
			"\f"
		]
	},
	{
		"Index": 69,
		"JPN": [
			"１{週間|しゅうかん}に１{回|かい}くらいは<BREAK><CMD>008027000580</CMD>おしろ<CMD>008027000180</CMD>にいる<BREAK><CMD>008027000380</CMD>だいじん<CMD>008027000180</CMD>のところへ…",
			"{行|い}くようにした{方|ほう}がいいな",
			"<CMD>16802700dd8727005881</CMD>そうすれば　まほう{使|つか}いとして<BREAK>どれだけがんばったかを<BREAK>ひょうかしてもらえるハズだぜ！",
			"ひょうかが{高|たか}まれば<BREAK>よりスゴイしょうごうが<BREAK>もらえるだろう",
			"<CMD>16802700dd8727005881</CMD>それがまほう{使|つか}いとして<BREAK>{成長|せいちょう}するってことさ！",
			"スゴイまほう{使|つか}いとして<BREAK>{成長|せいちょう}すればみんなも<BREAK>みとめてくれるし",
			"<CMD>f481</CMD>だって<BREAK>うれしいだろう？",
			"そうだな…　あと…",
			"まほう{使|つか}いとして<BREAK>みとめられるには<BREAK>{勉強|べんきょう}だけじゃなくってな",
			"<CMD>16802700dd8727005881</CMD>ひごろの{行|おこな}いも<BREAK>よくなくちゃならねえ！",
			"{勉強|べんきょう}だけしてれば<BREAK>いいってワケじゃねぇんだぜ",
			"{友|とも}だちをたくさんつくったり<BREAK><CMD>008027000580</CMD>{町|まち}<CMD>008027000180</CMD>をキレイにすることだって<BREAK>りっぱなまほう{使|つか}いのつとめだぜ",
			"<CMD>16802700dd8727005681</CMD>がんばるんだぜ！<BREAK><CMD>f481</CMD>！",
			"<CMD>13802700caa0</CMD>",
			"\f"
		]
	},
	{
		"Index": 70,
		"JPN": [
			"<CMD>3780</CMD>",
			"うれるばしょ<CMD>13802700b3a0</CMD>",
			"バイトについて<CMD>13802700b4a0</CMD>",
			"リッチをかせぐ<CMD>13802700b5a0</CMD>",
			"ゆうれいやしき<CMD>138027000ba3</CMD>",
			"やめる<CMD>13802700caa0</CMD>",
			"\f"
		]
	},
	{
		"Index": 71,
		"JPN": [
			"なにか{売|う}りたいものがあるときは<BREAK>まずは　<CMD>008027000580</CMD>かめや<CMD>008027000180</CMD>に{持|も}っていきな",
			"ただし　{家具|かぐ}とか{服|ふく}は<BREAK>あつかってないぞ<BREAK>{家具|かぐ}や{服|ふく}を{売|う}りたいときは…",
			"<CMD>008027000580</CMD>ゆうれいやしき<CMD>008027000180</CMD>にたまにいる<BREAK>{行商人|ぎょうしょうにん}を<BREAK>たずねるといいんだが…",
			"ちょっとあそこは　{危|あぶ}ないからな<BREAK>{行|い}くときは{気|き}をつけて<BREAK>いくんだぜ",
			"それでよ　その{行商人|ぎょうしょうにん}も<BREAK>いつもいるわけじゃねぇ<BREAK>たまにしかいないからな",
			"ま　こまめに{行|い}ってみるこった",
			"<CMD>16802700dd8727005881</CMD>そのかわり　わりと{高|たか}めで<BREAK>{買|か}い{取|と}ってくれるみたいだぜ",
			"<CMD>13802700caa0</CMD>",
			"\f"
		]
	},
	{
		"Index": 72,
		"JPN": [
			"<CMD>008027000380</CMD>トメばあさん<CMD>008027000180</CMD>の{手伝|てつだ}いをすると<BREAK>ふつうより{高|たか}く{買|か}い{取|と}って<BREAK>くれるだけじゃなくてだな",
			"<CMD>16802700dd8727005681</CMD>おだちんももらえて<BREAK>できあがったそざいも<BREAK>もらえるんだぜ！",
			"できるだけ{手伝|てつだ}いをするのが<BREAK>いいまほう{使|つか}いってもんだぜ",
			"<CMD>16802700dd8727005681</CMD>{手|て}に{入|い}れにくいそざいも<BREAK>{手|て}に{入|はい}ることもあるからな<BREAK>{覚|おぼ}えとくといいぜ！",
			"<CMD>13802700caa0</CMD>",
			"\f"
		]
	},
	{
		"Index": 73,
		"JPN": [
			"{何|なに}か{手|て}に{入|はい}ったら<BREAK>まずは{売|う}りに{行|い}ってみると<BREAK>いいかもな",
			"<CMD>16802700dd8727005881</CMD>{意外|いがい}なものが<BREAK>{高|たか}く{売|う}れたりするんだぜ！",
			"{魚|サカナ}や{虫|ムシ}なんかは<BREAK><CMD>008027000580</CMD>としょかん<CMD>008027000180</CMD>のずかんにわたすと",
			"お{礼|れい}にコウセキや<BREAK>まほうのそざいをもらえるぜ",
			"コウセキは{地面|じめん}を{掘|ほ}っても<BREAK>{手|て}に{入|い}れることができるが",
			"<CMD>008027000580</CMD>{学校|がっこう}<CMD>008027000180</CMD>で{教|おし}えてもらえる<BREAK><CMD>008027000480</CMD>たからさがしのまほう<CMD>008027000180</CMD>をおぼえれば<BREAK>さがすのがぐっと{楽|らく}になるぜ",
			"そうやって{手|て}に{入|い}れた<BREAK>コウセキや{花|はな}を{使|つか}って<BREAK>{商品|しょうひん}を{作|つく}り",
			"<CMD>18802700729b27000680</CMD><CMD>17802700729b270001802700048027000080</CMD><CMD>16802700729b27007e81</CMD>{自分|じぶん}の{店|みせ}で{売|う}ってみな！<BREAK>{元手|もとで}がかかってないぶん<BREAK>まるもうけできるぜ！",
			"<CMD>13802700caa0</CMD>",
			"\f"
		]
	},
	{
		"Index": 74,
		"JPN": [
			"<CMD>3780</CMD>",
			"ムシとりのコツ<CMD>13802700b7a0</CMD>",
			"サカナつりのコツ<CMD>13802700b8a0</CMD>",
			"よびかけについて<CMD>138027000ca3</CMD>",
			"かんけいについて<CMD>138027000da3</CMD>",
			"やめる<CMD>13802700caa0</CMD>",
			"\f"
		]
	},
	{
		"Index": 75,
		"JPN": [
			"まず　<CMD>008027000880</CMD>Ｒボタン<CMD>008027000180</CMD>かタッチペンで<BREAK>つえをあみにかえるんだ",
			"とんでいる{虫|ムシ}のちかくで<BREAK><CMD>008027000880</CMD>Ｘボタン<CMD>008027000180</CMD>をおすと<BREAK>つかまえることができるぞ",
			"{木|き}にとまっている{虫|ムシ}を<BREAK>つかまえるには　{木|き}を<CMD>008027000880</CMD>Ａボタン<CMD>008027000180</CMD>で<BREAK>ゆするんだ",
			"そうすると{虫|ムシ}がおちてくるから<BREAK>とんでいかないうちに<BREAK>あみでつかまえるのさ",
			"どうだい？<BREAK>かんたんだろ？",
			"<CMD>13802700caa0</CMD>",
			"\f"
		]
	},
	{
		"Index": 76,
		"JPN": [
			"まず　<CMD>008027000880</CMD>Ｒボタン<CMD>008027000180</CMD>かタッチペンで<BREAK>つえをつりざおにかえるんだ",
			"{川|かわ}や{海|うみ}のちかくで<CMD>008027000880</CMD>Ｘボタン<CMD>008027000180</CMD>を<BREAK>おすと　ルアーがとぶぜ",
			"とおくにとばしたいときは<BREAK><CMD>008027000880</CMD>Ｘボタン<CMD>008027000180</CMD>をすこし<BREAK>ながくおしてから　はなしてみな",
			"ちかくに{魚|サカナ}がいるときは<BREAK>はもんがひろがるぜ",
			"はもんがルアーにちかづいて<BREAK>ルアーがしずんだら<BREAK>すばやく<CMD>008027000880</CMD>Ｘボタン<CMD>008027000180</CMD>をおせよ",
			"{魚|サカナ}がハリにかかったら<BREAK><CMD>008027000880</CMD>Ｘボタン<CMD>008027000180</CMD>をすばやく<BREAK>なんかいもおすんだ",
			"そうすりゃ<BREAK>えものがつれるはずだぜ",
			"ただ　あんまり{引|ひ}いているときは<BREAK>すこしやすまないと<BREAK>{糸|いと}が{切|き}れちまうから{気|き}をつけろよ",
			"つりをやめたいときは<BREAK><CMD>008027000880</CMD>Ｂボタン<CMD>008027000180</CMD>をおせばOKだ",
			"どうだい？<BREAK>かんたんだろ？",
			"<CMD>13802700caa0</CMD>",
			"\f"
		]
	},
	{
		"Index": 77,
		"JPN": [
			"{部屋|へや}に{置|お}いた{家具|かぐ}を{使|つか}うには<BREAK>その{家具|かぐ}の{前|まえ}で<CMD>008027000880</CMD>Ｘボタン<CMD>008027000180</CMD>だな",
			"タンスはとびらを{開|あ}けて<BREAK>{物|もの}をしまうことができるから<BREAK>{部屋|へや}をちらかすんじゃねぇぞ",
			"ランプは{明|あ}かりをつけられるし<BREAK>イスはすわれる<BREAK>ベッドに{寝転|ねころ}んだりもできる",
			"そのまぁなんだ<BREAK>あたりまえのことだけどよ",
			"おまじないによっては　ベッドに<BREAK>{寝転|ねころ}ぶ{必要|ひつよう}が　ある{場合|ばあい}も<BREAK>あるからな　{覚|おぼ}えておくといいぜ",
			"あと　{友|とも}だちが{部屋|へや}に<BREAK>{来|き}ているときは",
			"{家具|かぐ}を{置|お}いたり<BREAK>{動|うご}かしたりすることは<BREAK>できないから　{覚|おぼ}えておきな",
			"{他|ほか}にもいろいろできるからよ<BREAK>{新|あたら}しい{家具|かぐ}を{買|か}ってきたら<BREAK>アレコレ{試|ため}してみな",
			"<CMD>13802700caa0</CMD>",
			"\f"
		]
	},
	{
		"Index": 78,
		"JPN": [
			"<CMD>16802700dd8727006981</CMD>なんだ？　もういいのか？",
			"\f"
		]
	},
	{
		"Index": 79,
		"JPN": [
			"<CMD>16802700dd8727005681</CMD>おう　それじゃあな！",
			"\f"
		]
	},
	{
		"Index": 80,
		"JPN": [
			"だらだら<BREAK>してんじゃねーぞ！",
			"{遊|あそ}ぶときは{遊|あそ}ぶ<BREAK>{勉強|べんきょう}するときは{勉強|べんきょう}",
			"その　まあ　なんだ<BREAK>メリハリってのか？<BREAK>そいつが{大事|だいじ}だ<CMD>49802700e18027005f80</CMD>",
			"\f"
		]
	},
	{
		"Index": 81,
		"JPN": [
			"りょうの{中|なか}で<BREAK>うろちょろするんじゃねーぞ",
			"ほかのみんなに<BREAK>めいわくだからな！<BREAK>{気|き}をつけろよ<CMD>49802700e18027005f80</CMD>",
			"\f"
		]
	},
	{
		"Index": 82,
		"JPN": [
			"りょうのドアは<BREAK>ふつうのドアとは<BREAK>わけがちがう",
			"その　まあ　なんだ<BREAK>ふしぎなドアってコトよ<CMD>49802700e18027005f80</CMD>",
			"\f"
		]
	},
	{
		"Index": 83,
		"JPN": [
			"おんしつは<BREAK>{自由|じゆう}につかって<BREAK>いいからな",
			"ガーデニングってのか？<BREAK>そんなのを<BREAK>やってみたらどうだ？<CMD>49802700e18027005f80</CMD>",
			"\f"
		]
	},
	{
		"Index": 84,
		"JPN": [
			"ん？　<CMD>f481</CMD><BREAK>アイテムがいっぱいじゃねーか<BREAK>せいりしてから{出直|でなお}してきな！",
			"\f"
		]
	},
	{
		"Index": 85,
		"JPN": [
			"おまえのぬいた{草|くさ}なんだが<BREAK>ありゃ　マンドラゴラだ！",
			"うまってるのをぬくと<BREAK>すげえひめいを{出|だ}しやがる<BREAK>あぶねえ{生|い}き{物|もの}だな",
			"ふしぎ{時間|じかん}に<BREAK>{動|うご}きまわってるのを<BREAK>つかまえても　がいはねえんだが",
			"まあ　{気|き}をつけるんだな",
			"\f"
		]
	},
	{
		"Index": 86,
		"JPN": [
			"<CMD>4980270022832700038027000180</CMD>",
			"\f"
		]
	},
	{
		"Index": 87,
		"JPN": [
			"おい<CMD>f481</CMD><BREAK><CMD>008027000380</CMD>{校長先生|こうちょうせんせい}<CMD>008027000180</CMD>が{大事|だいじ}な<BREAK>{話|はなし}があるって{言|い}ってたぞ",
			"たぶん ひょうかの{話|はなし}<BREAK>なんじゃないか？ すぐに{行|い}って<BREAK>ひょうかをうけて{来|こ}いよ！",
			"\f"
		]
	},
	{
		"Index": 94,
		"JPN": [
			"<CMD>16802700dd8727006981</CMD>ほかに<BREAK>{知|し}りたいことでもあんのか？<CMD>13802700cca0</CMD>",
			"\f"
		]
	},
	{
		"Index": 95,
		"JPN": [
			"<CMD>16802700dd8727006981</CMD>なんか<BREAK>{知|し}りたいことでもあんのか？<CMD>13802700cca0</CMD>",
			"\f"
		]
	},
	{
		"Index": 96,
		"JPN": [
			"<CMD>3780</CMD>",
			"1.りょうについて<CMD>13802700aaa0</CMD>",
			"2.がっこうについて<CMD>13802700aea0</CMD>",
			"3.リッチについて<CMD>13802700b2a0</CMD>",
			"4.そのたについて<CMD>13802700b6a0</CMD>",
			"おわる<CMD>13802700baa0</CMD>",
			"\f"
		]
	},
	{
		"Index": 99,
		"JPN": [
			"<CMD>16802700dd8727006981</CMD>どうした？<BREAK>なんか{聞|き}きたいことでも<BREAK>あったんじゃねえのか？",
			"\f"
		]
	}
]