[
	{
		"Index": 0,
		"JPN": [
			"ボクにふくをわたしてもらえば<BREAK>じゆうにデザインできるニャン！",
			"\f"
		]
	},
	{
		"Index": 1,
		"JPN": [
			"いろをえらんで<BREAK>ふくのかたがみにかきこむことで<BREAK>デザインできるニャン！",
			"\f"
		]
	},
	{
		"Index": 2,
		"JPN": [
			"いろのセットはたくさんあるから<BREAK>すきなセットを<BREAK>えらぶといいニャン！",
			"\f"
		]
	},
	{
		"Index": 3,
		"JPN": [
			"みぎがわには<BREAK>べんりなどうぐボタンが<BREAK>あるニャン！",
			"デザインペン・ぬりつぶし<BREAK>スポイト・すそバサミ<BREAK>デザインはんてん　があり…",
			"このなかでとくしゅなのは<BREAK>スポイト・すそバサミニャン！",
			"\f"
		]
	},
	{
		"Index": 4,
		"JPN": [
			"スポイトは<BREAK>カーソルのあるばしょのいろを<BREAK>すいとるニャン！",
			"\f"
		]
	},
	{
		"Index": 5,
		"JPN": [
			"すそバサミは<BREAK>ふくのしたのすそのぶぶんを<BREAK>きりとるハサミなんだニャン！",
			"きりとれば　レースもようや<BREAK>ひらひらしたふくも<BREAK>つくれるニャン！",
			"チョキチョキできるのは<BREAK>ふくのしたのほうだけなので<BREAK>ちゅういするニャン！",
			"\f"
		]
	},
	{
		"Index": 6,
		"JPN": [
			"あと<BREAK>ふくにはまえとうしろがあって…",
			"まえとうしろで<BREAK>ちがうデザインにできるニャン！",
			"でも　よこがつながるところの<BREAK>いろは　おなじにしないと<BREAK>ふしぜんになるニャン！",
			"\f"
		]
	},
	{
		"Index": 7,
		"JPN": [
			"よりかいてきに<BREAK>デザインのどうぐをえらぶために<BREAK>べんりなそうさがあるニャン！",
			"Ｙボタンで<BREAK>カーソルのいどうが<BREAK>はやくなるニャン！",
			"\f"
		]
	},
	{
		"Index": 8,
		"JPN": [
			"Ｘボタンで<BREAK>えらんでいるいろが<BREAK>かわるニャン！",
			"\f"
		]
	},
	{
		"Index": 9,
		"JPN": [
			"Ｌボタンをおしっぱなしで<BREAK>スポイトになるニャン！",
			"\f"
		]
	},
	{
		"Index": 10,
		"JPN": [
			"Ｒボタンで<BREAK>どうぐをきりかえるニャン！",
			"おぼえると<BREAK>デザインしやすくなると<BREAK>おもうニャン！",
			"\f"
		]
	},
	{
		"Index": 11,
		"JPN": [
			"ニャン？<BREAK>もちものが　いっぱいのようニャン",
			"<CMD>18802700729b27000180</CMD><CMD>17802700729b270001802700048027000280</CMD><CMD>16802700729b27005581</CMD>もちものを　どこかに<BREAK>おいてくるといいニャン！",
			"\f"
		]
	},
	{
		"Index": 12,
		"JPN": [
			"アレンジできるふくは…<BREAK>うわぎ　ズボン　スカート　ワンピース<BREAK>レギンスの５しゅるいニャン！",
			"でもアトリエでつくったふくと…",
			"プレゼントや　いつのまにつうしん<BREAK>とんがりゾーンなどでもらったふくは<BREAK>アレンジできないニャン！",
			"\f"
		]
	},
	{
		"Index": 20,
		"JPN": [
			"なにがしりたいミャ？",
			"<CMD>128027000180</CMD>",
			"\f"
		]
	},
	{
		"Index": 21,
		"JPN": [
			"<CMD>3780</CMD>",
			"キッチンのレシピ",
			"アレンジ",
			"やめる",
			"\f"
		]
	},
	{
		"Index": 22,
		"JPN": [
			"キッチンのレシピをえらんで<BREAK>いろいろなしょうひんをつくれるミャ！",
			"ひつようなそざいを<BREAK>じゅんびしてから<BREAK>キッチンにきてミャ！",
			"\f"
		]
	},
	{
		"Index": 23,
		"JPN": [
			"なんでもきいてミャ！",
			"<CMD>128027000180</CMD>",
			"\f"
		]
	},
	{
		"Index": 24,
		"JPN": [
			"<CMD>3780</CMD>",
			"なにができるの？",
			"しゃしんをとる？",
			"レタッチ？",
			"けす",
			"もどる",
			"\f"
		]
	},
	{
		"Index": 25,
		"JPN": [
			"\f"
		]
	},
	{
		"Index": 26,
		"JPN": [
			"\f"
		]
	},
	{
		"Index": 27,
		"JPN": [
			"ミャミャン！　どうやら<BREAK><CMD>008027000880</CMD>もちもの<CMD>008027000180</CMD>も　<CMD>008027000880</CMD>そうこ<CMD>008027000180</CMD>も<BREAK>いっぱいみたいミャ！",
			"このまま　しょうひんをつくると<BREAK>なにか　すてなきゃ<BREAK>いけなくなるミャ",
			"それでも　しょうひんを<BREAK>つくるミャ？",
			"<CMD>128027000180</CMD>",
			"\f"
		]
	},
	{
		"Index": 28,
		"JPN": [
			"<CMD>3780</CMD>",
			"しょうひんをつくる<CMD>13802700ffff</CMD>",
			"やめておく<CMD>13802700ffff</CMD>",
			"\f"
		]
	},
	{
		"Index": 29,
		"JPN": [
			"それじゃあ<BREAK>しょうひんを　つくるのを<BREAK>やめるミャ",
			"\f"
		]
	},
	{
		"Index": 30,
		"JPN": [
			"それじゃあ<BREAK>つかう<CMD>008027000880</CMD>レシピ<CMD>008027000180</CMD>と<CMD>008027000880</CMD>そざい<CMD>008027000180</CMD>を<BREAK>えらんでミャ！",
			"\f"
		]
	},
	{
		"Index": 31,
		"JPN": [
			"もういちど<BREAK>せつめいを　きくかミャ？",
			"<CMD>128027000180</CMD>",
			"\f"
		]
	},
	{
		"Index": 32,
		"JPN": [
			"<CMD>3780</CMD>",
			"もうじゅうぶん<CMD>13802700ffff</CMD>",
			"せつめいしてほしい<CMD>13802700ffff</CMD>",
			"\f"
		]
	},
	{
		"Index": 33,
		"JPN": [
			"それじゃあ<BREAK>さっそく　はじめるミャ！",
			"\f"
		]
	},
	{
		"Index": 34,
		"JPN": [
			"それじゃあ<BREAK>もういちど　せつめいするミャ！",
			"\f"
		]
	},
	{
		"Index": 35,
		"JPN": [
			"<CMD>f481</CMD>てんちょう<BREAK>つくった<CMD>008027000880</CMD>しょうひん<CMD>008027000180</CMD>に<BREAK><CMD>008027000880</CMD>なまえ<CMD>008027000180</CMD>をつけるかミャ？",
			"<CMD>128027000180</CMD>",
			"\f"
		]
	},
	{
		"Index": 36,
		"JPN": [
			"<CMD>37802700008027000180</CMD>",
			"なまえをつける<CMD>13802700ffff</CMD>",
			"つけない<CMD>13802700ffff</CMD>",
			"\f"
		]
	},
	{
		"Index": 37,
		"JPN": [
			"それじゃあ　<CMD>008027000880</CMD>しょうひん<CMD>008027000180</CMD>に<BREAK><CMD>008027000880</CMD>なまえ<CMD>008027000180</CMD>をつけるミャ！",
			"\f"
		]
	},
	{
		"Index": 38,
		"JPN": [
			"りょうかいミャ！",
			"\f"
		]
	},
	{
		"Index": 39,
		"JPN": [
			"<CMD>008027000880</CMD>しょうひん<CMD>008027000180</CMD>に<BREAK><CMD>008027000880</CMD>なまえ<CMD>008027000180</CMD>をつけたミャ！",
			"\f"
		]
	},
	{
		"Index": 40,
		"JPN": [
			"やめるのかミャ？<BREAK>りょうかいミャ！",
			"\f"
		]
	},
	{
		"Index": 41,
		"JPN": [
			"\f"
		]
	},
	{
		"Index": 42,
		"JPN": [
			"しゃしんのさつえいから<BREAK>レタッチまで　じゆうに<BREAK>アレンジできちゃうミャ！",
			"さいしょに…<BREAK>アレンジしたいふくを<BREAK>ボクにわたしてもらうミャ！",
			"アレンジできるふくは…<BREAK>うわぎ　ズボン　スカート　ワンピース<BREAK>レギンスの５しゅるいミャ！",
			"でもアトリエでつくったふくと…",
			"プレゼントや　いつのまにつうしん<BREAK>とんがりゾーンなどでもらったふくは<BREAK>アレンジできないミャ！",
			"\f"
		]
	},
	{
		"Index": 43,
		"JPN": [
			"ニンテンドー３ＤＳのカメラをつかって<BREAK>しゃしんをとれるミャ！",
			"さつえいしたしゃしんは<BREAK>なんとふくにはりつけることが<BREAK>できるミャ！",
			"\f"
		]
	},
	{
		"Index": 44,
		"JPN": [
			"はりつけるしゃしんは<BREAK>おおきさや　むきを<BREAK>かえられるミャ！",
			"いろいろなしゃしんを<BREAK>さつえいして<BREAK>ペタペタはってみるミャ！",
			"あと…かいてきに<BREAK>しゃしんをプリントするための<BREAK>べんりなそうさがあるミャ！",
			"Ｌボタン・Ｒボタンをおすと<BREAK>しゃしんをプリントできるミャ！",
			"Ｘボタン・Ｙボタンをおすと<BREAK>しゃしんをかいてんできるミャ！",
			"Ａボタン・Ｂボタンをおすと<BREAK>しゃしんのおおきさを<BREAK>へんこうできるミャ！",
			"おぼえると<BREAK>プリントしやすくなると<BREAK>おもうミャ！",
			"\f"
		]
	},
	{
		"Index": 45,
		"JPN": [
			"よ～くおぼえておくミャ！",
			"<CMD>128027000180</CMD>",
			"\f"
		]
	},
	{
		"Index": 46,
		"JPN": [
			"<CMD>3780</CMD>",
			"デザインについて",
			"べんりなそうさ",
			"もどる",
			"\f"
		]
	},
	{
		"Index": 47,
		"JPN": [
			"アレンジできるアイテムは<BREAK>１００コまでミャ！",
			"いらないモノは<BREAK>せいりするミャ！",
			"\f"
		]
	},
	{
		"Index": 48,
		"JPN": [
			"ついかデータがないから<BREAK>アレンジができないミャ",
			"ボクはついかデータが<BREAK>つくれないから…",
			"いちどタイトルにもどって<BREAK>ついかデータをつくって<BREAK>またくるミャ",
			"\f"
		]
	},
	{
		"Index": 50,
		"JPN": [
			"ボクにふくをわたしてもらえば<BREAK>じゆうにデザインできるミャ！",
			"\f"
		]
	},
	{
		"Index": 51,
		"JPN": [
			"いろをえらんで<BREAK>ふくのかたがみにかきこむことで<BREAK>デザインできるミャ！",
			"\f"
		]
	},
	{
		"Index": 52,
		"JPN": [
			"いろのセットはたくさんあるから<BREAK>すきなセットを<BREAK>えらぶといいミャ！",
			"\f"
		]
	},
	{
		"Index": 53,
		"JPN": [
			"みぎがわには<BREAK>べんりなどうぐボタンが<BREAK>あるミャ！",
			"デザインペン・ぬりつぶし<BREAK>スポイト・すそバサミ<BREAK>デザインはんてん　があり…",
			"このなかでとくしゅなのは<BREAK>スポイト・すそバサミミャ！",
			"\f"
		]
	},
	{
		"Index": 54,
		"JPN": [
			"スポイトは<BREAK>カーソルのあるばしょのいろを<BREAK>すいとるミャ！",
			"\f"
		]
	},
	{
		"Index": 55,
		"JPN": [
			"すそバサミは<BREAK>ふくのしたのすそのぶぶんを<BREAK>きりとるハサミなんだミャ！",
			"きりとれば　レースもようや<BREAK>ひらひらしたふくも<BREAK>つくれるミャ！",
			"チョキチョキできるのは<BREAK>ふくのしたのほうだけなので<BREAK>ちゅういするミャ！",
			"\f"
		]
	},
	{
		"Index": 56,
		"JPN": [
			"あと<BREAK>ふくにはまえとうしろがあって…",
			"まえとうしろで<BREAK>ちがうデザインにできるミャ！",
			"でも　よこがつながるところの<BREAK>いろは　おなじにしないと<BREAK>ふしぜんになるミャ！",
			"\f"
		]
	},
	{
		"Index": 57,
		"JPN": [
			"よりかいてきに<BREAK>デザインのどうぐをえらぶために<BREAK>べんりなそうさがあるミャ！",
			"Ｙボタンで<BREAK>カーソルのいどうが<BREAK>はやくなるミャ！",
			"\f"
		]
	},
	{
		"Index": 58,
		"JPN": [
			"Ｘボタンで<BREAK>えらんでいるいろが<BREAK>かわるミャ！",
			"\f"
		]
	},
	{
		"Index": 59,
		"JPN": [
			"Ｌボタンをおしっぱなしで<BREAK>スポイトになるミャ！",
			"\f"
		]
	},
	{
		"Index": 60,
		"JPN": [
			"Ｒボタンで<BREAK>どうぐをきりかえるミャ！",
			"おぼえると<BREAK>デザインしやすくなると<BREAK>おもうミャ！",
			"\f"
		]
	},
	{
		"Index": 61,
		"JPN": [
			"\f"
		]
	},
	{
		"Index": 62,
		"JPN": [
			"<CMD>4b802700d78b2700008027000180</CMD>",
			"\f"
		]
	},
	{
		"Index": 63,
		"JPN": [
			"それじゃあしょうひんに<BREAK>なまえをつけるミャ！",
			"\f"
		]
	},
	{
		"Index": 64,
		"JPN": [
			"わかったミャ！",
			"\f"
		]
	},
	{
		"Index": 65,
		"JPN": [
			"<CMD>4b802700d78b2700018027000180</CMD>",
			"\f"
		]
	},
	{
		"Index": 66,
		"JPN": [
			"アレンジしたしょうひんに<BREAK>なまえをつけるかミャ？",
			"<CMD>13802700c3a5</CMD>",
			"\f"
		]
	},
	{
		"Index": 67,
		"JPN": [
			"<CMD>37802700008027000180</CMD>",
			"なまえをつける<CMD>13802700bfa5</CMD>",
			"つけない<CMD>13802700c0a5</CMD>",
			"\f"
		]
	},
	{
		"Index": 68,
		"JPN": [
			"ミャ？<BREAK>もちものが　いっぱいのようミャ",
			"<CMD>18802700729b27000180</CMD><CMD>17802700729b270001802700048027000280</CMD><CMD>16802700729b27005581</CMD>もちものを　どこかに<BREAK>おいてくるといいミャ！",
			"\f"
		]
	},
	{
		"Index": 69,
		"JPN": [
			"アレンジできるふくは…<BREAK>うわぎ　ズボン　スカート　ワンピース<BREAK>レギンスの５しゅるいミャ！",
			"でもアトリエでつくったふくと…",
			"プレゼントや　いつのまにつうしん<BREAK>とんがりゾーンなどでもらったふくは<BREAK>アレンジできないミャ！",
			"\f"
		]
	}
]