[
	{
		"Index": 0,
		"JPN": [
			"りょうかいニャ！<BREAK>それじゃあ　いったんみせを<BREAK>しめるニャー！<CMD>49802700c2842700008027000180</CMD>",
			"\f"
		]
	},
	{
		"Index": 1,
		"JPN": [
			"おみせのじゅんびが<BREAK>おわったら<BREAK>ボクに　はなしかけてくれニャ！",
			"\f"
		]
	},
	{
		"Index": 2,
		"JPN": [
			"おみせのじゅんびは<BREAK>おわったのかニャ？",
			"\f"
		]
	},
	{
		"Index": 3,
		"JPN": [
			"ニャ！？　<CMD>f481</CMD>てんちょう<BREAK>このままじゃあ<BREAK><CMD>008027000580</CMD>こうぼう<CMD>008027000180</CMD>にいけないニャ！",
			"しょうひんの　はいちを<BREAK>やりなおすニャ！",
			"\f"
		]
	},
	{
		"Index": 4,
		"JPN": [
			"いまのおみせを<BREAK>すれちがいつうしんに<BREAK>とうろくするには…",
			"<CMD>008027000580</CMD>ショッピングモール<CMD>008027000180</CMD>の<BREAK><CMD>008027000380</CMD>マネージャー<CMD>008027000180</CMD>にはなしかけて",
			"すれちがいつうしんのなかの<BREAK>おみせのとうろくを<BREAK>えらぶひつようがあるニャ！",
			"よくおぼえておくニャ！",
			"それじゃあ<BREAK>おみせをひらくニャ！",
			"\f"
		]
	},
	{
		"Index": 5,
		"JPN": [
			"なにかニャ？",
			"<CMD>128027000180</CMD>",
			"\f"
		]
	},
	{
		"Index": 6,
		"JPN": [
			"<CMD>3780</CMD>",
			"じゅんびをおわる<CMD>1380270097a3</CMD>",
			"しょうひんリスト<CMD>1380270073a3</CMD>",
			"おしょくじメニュー<CMD>138027003ca3</CMD>",
			"そうこ<CMD>1380270095a3</CMD>",
			"つづける<CMD>1380270094a3</CMD>",
			"\f"
		]
	},
	{
		"Index": 7,
		"JPN": [
			"<CMD>49802700c2842700018027000180</CMD>",
			"\f"
		]
	},
	{
		"Index": 8,
		"JPN": [
			"<CMD>17802700e2872700018027000a8027000180</CMD>りょうかいニャ！",
			"おわったときは<BREAK>また　はなしかけるニャー！<CMD>2b802700b48027000080</CMD>",
			"\f"
		]
	},
	{
		"Index": 9,
		"JPN": [
			"おみせのそうこを<BREAK>みてみるニャ！<CMD>49802700bd842700018027000180</CMD>",
			"\f"
		]
	},
	{
		"Index": 10,
		"JPN": [
			"ニャ！？　<CMD>f481</CMD>てんちょう<BREAK>このままじゃあ　イスにすわれない<BREAK>テーブルがあるニャ！",
			"しょうひんの　はいちを<BREAK>やりなおすニャ！",
			"\f"
		]
	},
	{
		"Index": 11,
		"JPN": [
			"おみせのじゅんびは<BREAK>おわったのかニャ？",
			"<CMD>128027000180</CMD>",
			"\f"
		]
	},
	{
		"Index": 12,
		"JPN": [
			"<CMD>3780</CMD>",
			"おわる<CMD>1380270093a3</CMD>",
			"つづける<CMD>1380270094a3</CMD>",
			"\f"
		]
	},
	{
		"Index": 13,
		"JPN": [
			"それじゃあ　いったんみせを<BREAK>しめるニャ？",
			"<CMD>128027000180</CMD>",
			"\f"
		]
	},
	{
		"Index": 14,
		"JPN": [
			"<CMD>3780</CMD>",
			"みせをしめる<CMD>138027008ca3</CMD>",
			"やめる<CMD>138027002da3</CMD>",
			"\f"
		]
	},
	{
		"Index": 15,
		"JPN": [
			"はやく　おきゃくさんに<BREAK>はこぶんだニャ！",
			"\f"
		]
	},
	{
		"Index": 17,
		"JPN": [
			"てんちょう　おまたせニャ！<BREAK>ドリンクが　かんせいしたニャ！！<CMD>49802700a6842700018027000180</CMD>",
			"\f"
		]
	},
	{
		"Index": 18,
		"JPN": [
			"おきゃくさんが　まってるニャ！<BREAK>ドリンクを　もっていくニャ！",
			"\f"
		]
	},
	{
		"Index": 19,
		"JPN": [
			"<CMD>16802700729b27005681</CMD>おきゃくさんに<BREAK>ドリンクを　とどけるニャ！",
			"\f"
		]
	},
	{
		"Index": 20,
		"JPN": [
			"てんちょう　おまたせニャ！<BREAK>りょうりが　かんせいしたニャ！！<CMD>49802700a6842700018027000180</CMD>",
			"\f"
		]
	},
	{
		"Index": 21,
		"JPN": [
			"おきゃくさんが　まってるニャ！<BREAK>りょうりを　もっていくニャ！",
			"\f"
		]
	},
	{
		"Index": 22,
		"JPN": [
			"<CMD>16802700729b27005681</CMD>おきゃくさんに<BREAK>りょうりを　とどけるニャ！",
			"\f"
		]
	},
	{
		"Index": 23,
		"JPN": [
			"なにかニャ？",
			"<CMD>128027000180</CMD>",
			"\f"
		]
	},
	{
		"Index": 24,
		"JPN": [
			"<CMD>3780</CMD>",
			"じゅんびをおわる<CMD>1380270097a3</CMD>",
			"しょうひんリスト<CMD>1380270073a3</CMD>",
			"そうこ<CMD>1380270095a3</CMD>",
			"つづける<CMD>1380270094a3</CMD>",
			"\f"
		]
	},
	{
		"Index": 25,
		"JPN": [
			"そういえば　さいきん<BREAK>てんちょうが　<CMD>008027000880</CMD>よんでもこない<CMD>008027000180</CMD>って<BREAK>はなしをきいたニャ…",
			"おきゃくさんによばれたら<BREAK><CMD>008027000880</CMD>せっきゃく<CMD>008027000180</CMD>しないと<BREAK>ダメだとおもうニャ！",
			"\f"
		]
	},
	{
		"Index": 26,
		"JPN": [
			"そういえば　おきゃくさんが<BREAK><CMD>008027000880</CMD>おみせにふまん<CMD>008027000180</CMD>があるって<BREAK>はなしをきいたニャ…",
			"おみせの<CMD>008027000880</CMD>ひょうばん<CMD>008027000180</CMD>についても<BREAK>きにするといいニャ！",
			"\f"
		]
	},
	{
		"Index": 27,
		"JPN": [
			"そういえば<BREAK>おきゃくさんからの<BREAK><CMD>008027000480</CMD>いらい<CMD>008027000180</CMD>があるニャ！",
			"<CMD>008027000880</CMD>いらい<CMD>008027000180</CMD>をうけるときは<BREAK>あとでボクにはなしかけてニャ！！",
			"\f"
		]
	},
	{
		"Index": 28,
		"JPN": [
			"<CMD>f481</CMD>てんちょう<BREAK>おつかれさまニャ！<BREAK>うりあげの　ほうこくをするニャ！",
			"\f"
		]
	},
	{
		"Index": 29,
		"JPN": [
			"てんちょうが　いなかったから<BREAK>いったん　おみせを<BREAK>しめておいたニャ！",
			"<CMD>17802700e2872700688027000a8027000180</CMD>それじゃあ　ひさしぶりに<BREAK><CMD>f481</CMD>てんちょうに<BREAK>うりあげの　ほうこくするニャ！",
			"\f"
		]
	},
	{
		"Index": 30,
		"JPN": [
			"<CMD>16802700729b27005681</CMD>ニャ！？　あとは　てんちょうに<BREAK>おまかせするニャー！<CMD>49802700a8842700008027000180</CMD>",
			"\f"
		]
	},
	{
		"Index": 31,
		"JPN": [
			"<CMD>16802700729b27005681</CMD>ニャ！？<BREAK>いまは　せっきゃくちゅうニャー！",
			"\f"
		]
	},
	{
		"Index": 32,
		"JPN": [
			"<CMD>16802700729b27005681</CMD>ニャ！？　あとは　てんちょうに<BREAK>おねがいするニャー！",
			"\f"
		]
	},
	{
		"Index": 33,
		"JPN": [
			"ごゆっくりですニャー！",
			"\f"
		]
	},
	{
		"Index": 34,
		"JPN": [
			"<CMD>16802700729b27005681</CMD>ニャ！　てんちょう<BREAK>まずは　このしょうひんを<BREAK>とどけてニャ！",
			"\f"
		]
	},
	{
		"Index": 35,
		"JPN": [
			"しょうひんとして<BREAK>おみせにおいたニャ！",
			"そのしょうひんは<BREAK><CMD>1d8227000480</CMD>リッチで<BREAK><CMD>008027000480</CMD><CMD>4e822700308227000281</CMD><CMD>008027000180</CMD>コうるニャ！",
			"\f"
		]
	},
	{
		"Index": 36,
		"JPN": [
			"そのアイテムは<BREAK>かざりとして<BREAK>おみせにおいたニャ！",
			"うりものじゃないので<BREAK>ちゅういするニャ！",
			"\f"
		]
	},
	{
		"Index": 37,
		"JPN": [
			"そのアイテムは<BREAK>しょうひんとして　うれないので<BREAK>かざりとして　おみせにおくニャ！",
			"\f"
		]
	},
	{
		"Index": 38,
		"JPN": [
			"じつは…　きょうはまだ<BREAK>おみせのうりあげがないニャ",
			"おみせに<BREAK>うるものが　なにもないから<BREAK>ほじゅうしてほしいニャ！",
			"\f"
		]
	},
	{
		"Index": 40,
		"JPN": [
			"<CMD>4980270036862700148027000180</CMD>",
			"\f"
		]
	},
	{
		"Index": 41,
		"JPN": [
			"それは　いらいされた<BREAK>しょうひんじゃないニャ",
			"\f"
		]
	},
	{
		"Index": 42,
		"JPN": [
			"ニャ…<BREAK>いま<CMD>008027000480</CMD><CMD>058227006380</CMD><CMD>008027000180</CMD>は<BREAK><CMD>4e822700008027000281</CMD>こあるニャ",
			"\f"
		]
	},
	{
		"Index": 43,
		"JPN": [
			"<CMD>008027000380</CMD>おうさま<CMD>008027000180</CMD>には　３つほしいと<BREAK>いわれているから<BREAK>かずが　たりないニャ…",
			"\f"
		]
	},
	{
		"Index": 44,
		"JPN": [
			"<CMD>008027000380</CMD>おうさま<CMD>008027000180</CMD>に　いらいされた<BREAK>しょうひんのかずが<BREAK>そろったニャ！",
			"バッチリニャ<BREAK>きっと<CMD>008027000380</CMD>おうさま<CMD>008027000180</CMD>も<BREAK>よろこんでくれるニャ！！",
			"それじゃあ　はりきって<BREAK><CMD>008027000380</CMD>おうさま<CMD>008027000180</CMD>に　とどけにいくニャ！",
			"\f"
		]
	},
	{
		"Index": 45,
		"JPN": [
			"いまは<BREAK><CMD>008027000380</CMD>おうさま<CMD>008027000180</CMD>からのいらいは<BREAK>なにもないニャ",
			"\f"
		]
	},
	{
		"Index": 46,
		"JPN": [
			"<CMD>008027000380</CMD>おうさま<CMD>008027000180</CMD>からのいらいは<BREAK>そうこのまえにいる　バイトねこに<BREAK>つたえておくニャ！<CMD>17802700e2872700018027000a8027000180</CMD>",
			"いらいされた<BREAK>しょうひんの　よういができたら<BREAK>そうこのねこに　はなしかけて",
			"<CMD>008027000480</CMD>おうさまのいらい<CMD>008027000180</CMD>を<BREAK>えらんでほしいニャ！",
			"\f"
		]
	},
	{
		"Index": 47,
		"JPN": [
			"<CMD>008027000380</CMD>おうさま<CMD>008027000180</CMD>から<BREAK>いらいされた　しょうひんは<BREAK>よういできたかニャ？",
			"\f"
		]
	},
	{
		"Index": 48,
		"JPN": [
			"おうさまのいらいの<BREAK>きげんまでは　きょうをいれて<BREAK>あと<CMD>4e822700008027000281</CMD>にちあるニャ",
			"それまでに<BREAK><CMD>008027000480</CMD><CMD>058227006380</CMD><CMD>008027000180</CMD>を<BREAK><CMD>008027000880</CMD>３つ<CMD>008027000180</CMD>もってくるニャ",
			"\f"
		]
	},
	{
		"Index": 49,
		"JPN": [
			"ニャ？<BREAK>いらいされたものを<BREAK>わたすのを　やめるニャ？",
			"\f"
		]
	},
	{
		"Index": 50,
		"JPN": [
			"きょうも　いそがしいニャ！",
			"\f"
		]
	},
	{
		"Index": 51,
		"JPN": [
			"きにいった　しょうひんは<BREAK>あったかニャ？",
			"\f"
		]
	},
	{
		"Index": 52,
		"JPN": [
			"ゆっくりしていってニャ！",
			"\f"
		]
	},
	{
		"Index": 53,
		"JPN": [
			"いろいろ　みていってニャ！",
			"\f"
		]
	},
	{
		"Index": 54,
		"JPN": [
			"ごらいてん　ありがとニャ！！",
			"\f"
		]
	},
	{
		"Index": 55,
		"JPN": [
			"そういえば　さいきん<BREAK>おみせのことについて<BREAK>おきゃくさんがはなしていたニャ！",
			"いつもどおりに<BREAK>おみせをがんばっていけば<BREAK>きっともんだいないニャ！",
			"まちのひとから<BREAK><CMD>008027000880</CMD>ひょうばんについて<CMD>008027000180</CMD><BREAK>きいてみるのもいいかもニャ！",
			"\f"
		]
	},
	{
		"Index": 56,
		"JPN": [
			"そういえば　さいきん<BREAK>おみせのことについて<BREAK>おきゃくさんがはなしていたニャ！",
			"ボク　ちょっとふあんニャ！<BREAK>おみせのことにもっとちゅういして<BREAK>がんばるニャ！",
			"まちのひとから<BREAK><CMD>008027000880</CMD>ひょうばんについて<CMD>008027000180</CMD><BREAK>きいてみるのもいいかもニャ！",
			"\f"
		]
	},
	{
		"Index": 57,
		"JPN": [
			"そういえば　さいきん<BREAK>おみせの<CMD>008027000880</CMD>いいひょうばん<CMD>008027000180</CMD>を<BREAK>おきゃくさんから　きいたニャ！",
			"いいひょうばんをきいて<BREAK>ボクもうれしいニャ！<BREAK>このちょうしで　がんばるニャ！",
			"\f"
		]
	},
	{
		"Index": 58,
		"JPN": [
			"そういえば　さいきん<BREAK>おみせの<CMD>008027000880</CMD>よくないひょうばん<CMD>008027000180</CMD>を<BREAK>おきゃくさんから　きいたニャ…",
			"いい　おみせにするために<BREAK>まちのひょうばんをきいて<BREAK>がんばるニャ！",
			"\f"
		]
	},
	{
		"Index": 60,
		"JPN": [
			"<CMD>18802700729b27000080</CMD><CMD>17802700729b2700088027000a8027000180</CMD><CMD>16802700729b27006981</CMD>そのしょうひんを<BREAK>かうのかニャ？",
			"<CMD>1c8227000480</CMD>は<BREAK><CMD>1d8227000480</CMD>リッチになるニャ！",
			"<CMD>128027000180</CMD>",
			"\f"
		]
	},
	{
		"Index": 61,
		"JPN": [
			"<CMD>3780</CMD>",
			"かう<CMD>13802700ffff</CMD>",
			"かわない<CMD>128027000480</CMD>",
			"\f"
		]
	},
	{
		"Index": 62,
		"JPN": [
			"<CMD>18802700729b27000180</CMD><CMD>17802700729b270001802700048027000280</CMD><CMD>16802700729b27005581</CMD>かうのかニャ！<BREAK>ありがとうニャ！！",
			"\f"
		]
	},
	{
		"Index": 63,
		"JPN": [
			"<CMD>158027001882</CMD>それじゃあ<BREAK><CMD>1d8227000480</CMD>リッチいただくニャ！",
			"\f"
		]
	},
	{
		"Index": 64,
		"JPN": [
			"<CMD>18802700729b27000380</CMD><CMD>17802700729b270001802700048027000080</CMD><CMD>16802700729b27003081</CMD>ニャ？<BREAK>リッチが　たりないニャ！",
			"ゴメンなさいニャ<BREAK>うることは　できないニャ",
			"\f"
		]
	},
	{
		"Index": 65,
		"JPN": [
			"そうかニャ<BREAK>ほかに　ようがあったら<BREAK>こえをかけるニャ！",
			"\f"
		]
	},
	{
		"Index": 66,
		"JPN": [
			"ニャ？<BREAK>もちものが　いっぱいのようニャ",
			"<CMD>18802700729b27000180</CMD><CMD>17802700729b270001802700048027000280</CMD><CMD>16802700729b27005581</CMD>もちものを　どこかに<BREAK>おいてくるといいニャ！",
			"\f"
		]
	},
	{
		"Index": 67,
		"JPN": [
			"<CMD>18802700729b27000380</CMD><CMD>17802700729b270001802700048027000080</CMD><CMD>16802700729b27003081</CMD>…ゴメンニャ<BREAK>そのしょうひんは　うりきれニャ",
			"\f"
		]
	},
	{
		"Index": 68,
		"JPN": [
			"<CMD>18802700729b27000080</CMD><CMD>17802700729b2700088027000a8027000180</CMD><CMD>16802700729b27006981</CMD><CMD>1c8227000480</CMD>を<BREAK>かうのかニャ？",
			"そのしょうひんは<BREAK><CMD>008027000480</CMD><CMD>058227006380</CMD><CMD>008027000180</CMD>と<BREAK><CMD>008027000480</CMD><CMD>218227000180</CMD><CMD>008027000180</CMD>が…",
			"セットになって<BREAK><CMD>1d8227000480</CMD>リッチになるニャ！",
			"<CMD>12802700f9ff</CMD>",
			"\f"
		]
	},
	{
		"Index": 69,
		"JPN": [
			"<CMD>18802700729b27000380</CMD><CMD>17802700729b270001802700048027000080</CMD><CMD>16802700729b27003081</CMD>そのしょうひんは<BREAK>ひとり　１にち１コ<BREAK>げんていニャ！",
			"\f"
		]
	},
	{
		"Index": 70,
		"JPN": [
			"きょうも　いそがしいミャ！",
			"\f"
		]
	},
	{
		"Index": 75,
		"JPN": [
			"きょうも　いそがしいニャン！",
			"\f"
		]
	},
	{
		"Index": 80,
		"JPN": [
			"てんちょう　おつかれさまミャ！",
			"<CMD>008027000380</CMD>おうさま<CMD>008027000180</CMD>から<BREAK><CMD>008027000480</CMD>ふしぎなスープ<CMD>008027000180</CMD>をつくる<BREAK>いらいをうけたときいたミャ",
			"さっそく<CMD>008027000580</CMD>キッチン<CMD>008027000180</CMD>のおくにある<BREAK><CMD>008027000880</CMD>おおナベ<CMD>008027000180</CMD>のじゅんびを<BREAK>しておいたミャ！",
			"\f"
		]
	},
	{
		"Index": 81,
		"JPN": [
			"てんちょう　たいへんミャ！",
			"<CMD>008027000380</CMD>おうさま<CMD>008027000180</CMD>から　たのまれていた<BREAK>スープがだめになったミャ…",
			"まいにちスープに<BREAK>まほうをかけて<BREAK>かきまぜなかったからミャ",
			"<CMD>13802700e0a3</CMD>",
			"\f"
		]
	},
	{
		"Index": 82,
		"JPN": [
			"てんちょう　たいへんミャ！",
			"<CMD>008027000380</CMD>おうさま<CMD>008027000180</CMD>から　たのまれていた<BREAK>スープがにこみすぎて<BREAK>しっぱいしたミャ…",
			"たぶん　ひかげんが<BREAK>つよすぎたからミャ",
			"<CMD>13802700e0a3</CMD>",
			"\f"
		]
	},
	{
		"Index": 83,
		"JPN": [
			"てんちょう　たいへんミャ！",
			"<CMD>008027000380</CMD>おうさま<CMD>008027000180</CMD>から　たのまれていた<BREAK>スープがにこみぶそくで<BREAK>しっぱいしたミャ…",
			"たぶん　ひかげんが<BREAK>よわすぎたからミャ",
			"<CMD>13802700e0a3</CMD>",
			"\f"
		]
	},
	{
		"Index": 84,
		"JPN": [
			"<CMD>f481</CMD>てんちょう<BREAK>もういちど　<CMD>008027000480</CMD>ふしぎなスープ<CMD>008027000180</CMD>を<BREAK>つくりなおすかミャ？",
			"<CMD>128027000180</CMD>",
			"\f"
		]
	},
	{
		"Index": 85,
		"JPN": [
			"<CMD>3780</CMD>",
			"やりなおす<CMD>13802700ffff</CMD>",
			"やめる<CMD>13802700ffff</CMD>",
			"\f"
		]
	},
	{
		"Index": 86,
		"JPN": [
			"りょうかいミャ！　<CMD>008027000380</CMD>おうさま<CMD>008027000180</CMD>には<BREAK>すこしおそくなるって<BREAK>ほうこくしておくミャ！！",
			"\f"
		]
	},
	{
		"Index": 87,
		"JPN": [
			"りょうかいミャ！　<CMD>008027000380</CMD>おうさま<CMD>008027000180</CMD>に<BREAK>いらいをキャンセルするって<BREAK>ほうこくしてくるミャ",
			"\f"
		]
	},
	{
		"Index": 88,
		"JPN": [
			"てんちょう　おつかれさまミャ！",
			"<CMD>008027000380</CMD>おうさま<CMD>008027000180</CMD>から　いらいをうけていた<BREAK><CMD>008027000480</CMD>ふしぎなスープ<CMD>008027000180</CMD>が<BREAK>かんせいしたミャ！",
			"さすが　てんちょうミャ！<BREAK>おいしそうなスープに<BREAK>しあがっているミャ！",
			"さっそく　<CMD>008027000580</CMD>おしろ<CMD>008027000180</CMD>にいって<BREAK><CMD>008027000380</CMD>おうさま<CMD>008027000180</CMD>にスープをとどけるミャ！",
			"\f"
		]
	},
	{
		"Index": 89,
		"JPN": [
			"…",
			"\f"
		]
	},
	{
		"Index": 90,
		"JPN": [
			"てんちょう　たいへんミャ！",
			"<CMD>008027000380</CMD>おうさま<CMD>008027000180</CMD>から　たのまれていた<BREAK><CMD>008027000480</CMD>ふしぎなスープ<CMD>008027000180</CMD>づくりのきかんを<BREAK>すぎてしまったミャ…",
			"<CMD>008027000380</CMD>おうさま<CMD>008027000180</CMD>には<BREAK>ボクから　あやまっておくから",
			"つぎにいらいされたときは<BREAK>スープをかんせいさせられるよう<BREAK>がんばるミャ！",
			"\f"
		]
	},
	{
		"Index": 91,
		"JPN": [
			"てんちょう　ひかげんは<BREAK>どうするミャ？",
			"<CMD>128027000180</CMD>",
			"\f"
		]
	},
	{
		"Index": 92,
		"JPN": [
			"<CMD>3780</CMD>",
			"よわび<CMD>128027000180</CMD>",
			"つよび<CMD>128027000280</CMD>",
			"\f"
		]
	},
	{
		"Index": 93,
		"JPN": [
			"わかったミャ！<BREAK>よわびにするミャ！",
			"\f"
		]
	},
	{
		"Index": 94,
		"JPN": [
			"わかったミャ！<BREAK>つよびにするミャ！",
			"\f"
		]
	},
	{
		"Index": 95,
		"JPN": [
			"ひかげんは　てんちょうも<BREAK>ここでちょうせつできるミャ",
			"ナベのようすをみて<BREAK>ひつようなら　ひかげんを<BREAK>ちょうせつするミャ！",
			"\f"
		]
	},
	{
		"Index": 98,
		"JPN": [
			"それじゃあ<BREAK>うりあげの　ほうこくをするニャ！",
			"<CMD>138027002ea3</CMD>",
			"\f"
		]
	},
	{
		"Index": 99,
		"JPN": [
			"これで　うりあげのほうこくを<BREAK>おわるニャ！",
			"\f"
		]
	}
]