[
	{
		"Index": 0,
		"JPN": [
			"<CMD>f481</CMD>てんちょう！<BREAK>おきゃくさんをよびにいったけど<BREAK>おきゃくさんがいなかったニャ…",
			"どこかにでかけてるみたいだから<BREAK>あしたまで　まってみるニャ！",
			"\f"
		]
	},
	{
		"Index": 1,
		"JPN": [
			"<CMD>f481</CMD>てんちょう！<BREAK>おきゃくさんをよびにいったけど<BREAK>おきゃくさんからでんごんニャ！",
			"わたそうとおもっていた<BREAK>あいてのひとがみあたらないから<BREAK>あしたまでまってほしい",
			"と　<CMD>f481</CMD>てんちょうに<BREAK>つたえてほしいっていってたニャ！",
			"\f"
		]
	},
	{
		"Index": 2,
		"JPN": [
			"いらいリストをかくにんするニャ！",
			"\f"
		]
	},
	{
		"Index": 3,
		"JPN": [
			"<CMD>f481</CMD>てんちょう<BREAK>いらいのこころえを<BREAK>べんきょうしてきたのニャ？",
			"でも　ごめんニャ…<BREAK>いらいのこころえだけじゃ<BREAK>だめなのニャ…",
			"いらいには　まほうのレシピが<BREAK>ひつようだニャ！",
			"がっこうで　まほうのレシピを<BREAK>べんきょうしてくるといいニャ！",
			"\f"
		]
	},
	{
		"Index": 4,
		"JPN": [
			"<CMD>f481</CMD>てんちょう<BREAK>いらいは　まだうけられないニャ！",
			"いらいをうけるためには<BREAK>いらいをうけるときのこころえが<BREAK>ひつようなのニャ！",
			"いらいのじゅぎょうで<BREAK>おしえてくれるから<BREAK>べんきょうしてくるのニャ！",
			"\f"
		]
	},
	{
		"Index": 5,
		"JPN": [
			"<CMD>f481</CMD>てんちょう<BREAK><CMD>f78127009c9f</CMD>さまから<BREAK>いらいのとりさげがあったニャ",
			"\f"
		]
	},
	{
		"Index": 6,
		"JPN": [
			"<CMD>f481</CMD>てんちょう！<BREAK>おきゃくさんがちょくせつおれいを<BREAK>いいにきてくれるなんてすごいニャ",
			"これからも<BREAK>ますますがんばっていくのニャ！",
			"ひょっとしたら<BREAK>だいはんじょうするかも<BREAK>しれないニャ",
			"\f"
		]
	},
	{
		"Index": 7,
		"JPN": [
			"<CMD>f481</CMD>てんちょう<BREAK>こんかいは　ちょっと<BREAK>ざんねんだったニャ…",
			"でも　めげずにがんばるニャ！",
			"\f"
		]
	},
	{
		"Index": 8,
		"JPN": [
			"<CMD>f481</CMD>てんちょう<BREAK>おともだちがいるときに",
			"おきゃくさんの　なやみをきいて<BREAK>いらいをひきうけるのは<BREAK>しつれいニャ！",
			"<CMD>f481</CMD>てんちょう<BREAK>ひとりでいるときに<BREAK>いらいはうけるニャ！",
			"\f"
		]
	},
	{
		"Index": 9,
		"JPN": [
			"いまうけてるいらいは<BREAK>あと<CMD>278227000080</CMD>にちできげんニャ！<BREAK>ガンバッテたっせいするニャ！",
			"\f"
		]
	},
	{
		"Index": 10,
		"JPN": [
			"\f"
		]
	},
	{
		"Index": 11,
		"JPN": [
			"\f"
		]
	},
	{
		"Index": 12,
		"JPN": [
			"\f"
		]
	},
	{
		"Index": 13,
		"JPN": [
			"\f"
		]
	},
	{
		"Index": 20,
		"JPN": [
			"<CMD>18802700729b27000080</CMD><CMD>17802700729b2700088027000a8027000180</CMD><CMD>16802700729b27006981</CMD>うんうん<BREAK>コーデを{作|つく}るってカンジ？<BREAK>がんばるぞーみたいな？",
			"それだったら<BREAK>お{店|みせ}に{出|で}てるやつだけ<BREAK>じゃなくて",
			"<CMD>18802700729b27000180</CMD><CMD>17802700729b270001802700048027000280</CMD><CMD>16802700729b27005581</CMD>お{店|みせ}のおくにあるようふくも<BREAK>{使|つか}っちゃってオッケ～みたいな",
			"<CMD>18802700729b27000180</CMD><CMD>17802700729b270001802700048027000080</CMD><CMD>16802700729b27004181</CMD>エンリョなんかしないで<BREAK>サイコーのコーデができるまで<BREAK>ぜんぜんがんばっちゃっていいから",
			"\f"
		]
	},
	{
		"Index": 21,
		"JPN": [
			"<CMD>18802700729b27000080</CMD><CMD>17802700729b2700088027000a8027000180</CMD><CMD>16802700729b27006981</CMD>てんちょう<BREAK>コーデをつくるニャ？",
			"<CMD>18802700729b27000580</CMD><CMD>17802700729b270001802700048027000080</CMD><CMD>16802700729b27005681</CMD>いいコーデをつくるには　おみせに<BREAK>でているしょうひんだけじゃ<BREAK>だめニャ！",
			"<CMD>008027000580</CMD>おみせのそうこや<BREAK>ぎんこうのきんこ<CMD>008027000180</CMD>に<BREAK>あずけてあるふくが",
			"やくにたつから<BREAK>おぼえておくニャ",
			"\f"
		]
	},
	{
		"Index": 22,
		"JPN": [
			"<CMD>18802700729b27000080</CMD><CMD>17802700729b2700088027000a8027000180</CMD><CMD>16802700729b27006981</CMD>てんちょう<BREAK>コーデをつくるミャオ？",
			"<CMD>18802700729b27000580</CMD><CMD>17802700729b270001802700048027000080</CMD><CMD>16802700729b27005681</CMD>いいコーデをつくるには　おみせに<BREAK>でているしょうひんだけじゃ<BREAK>だめミャオ！",
			"<CMD>008027000580</CMD>おみせのそうこや<BREAK>ぎんこうのきんこ<CMD>008027000180</CMD>に<BREAK>あずけてあるふくが",
			"やくにたつから<BREAK>おぼえておくミャオ",
			"\f"
		]
	},
	{
		"Index": 49,
		"JPN": [
			"……そうか<BREAK>{出発|しゅっぱつ}する",
			"\f"
		]
	},
	{
		"Index": 50,
		"JPN": [
			"<CMD>18802700729b27000580</CMD><CMD>17802700729b270001802700048027000080</CMD><CMD>16802700729b27005681</CMD>……はっ！？<BREAK>これはこれは！",
			"どこかの{国|くに}の{王家|おうけ}につらなる<BREAK>{高|たか}い{身分|みぶん}のおかたに<BREAK>まちがいありませぬな",
			"<CMD>18802700729b27000180</CMD><CMD>17802700729b270001802700048027000280</CMD><CMD>16802700729b27005581</CMD>いやいや　かくしなさるな<BREAK>かがやくような<BREAK>その{気品|きひん}でわかりますぞ",
			"<CMD>18802700729b27000380</CMD><CMD>17802700729b270001802700048027000080</CMD><CMD>16802700729b27003081</CMD>お{出|で}むかえもせず<BREAK>しつれいいたした",
			"<CMD>18802700729b27000180</CMD><CMD>17802700729b270001802700048027000280</CMD><CMD>16802700729b27005581</CMD>ささ　へいかがお{言葉|ことば}を<BREAK>くださるそうですぞ",
			"{心|こころ}してお{聞|き}きくだされ",
			"\f"
		]
	},
	{
		"Index": 51,
		"JPN": [
			"ようこそ…",
			"\f"
		]
	},
	{
		"Index": 52,
		"JPN": [
			"<CMD>18802700729b27000580</CMD><CMD>17802700729b270001802700048027000080</CMD><CMD>16802700729b27005981</CMD>おお…　なんという<BREAK>もったいないお{言葉|ことば}…",
			"きでんのほうもんに<BREAK>へいかは　とても<BREAK>よろこんでおられますぞ",
			"<CMD>18802700729b27000180</CMD><CMD>17802700729b270001802700048027000280</CMD><CMD>16802700729b27005581</CMD>それでは　この{町|まち}をぞんぶんに<BREAK>お{楽|たの}しみくだされ",
			"<CMD>18802700729b27000080</CMD><CMD>17802700729b2700088027000a8027000180</CMD><CMD>16802700729b27006981</CMD>ん？　そうですな<BREAK>せっかくいらしたのですから",
			"{町|まち}の{見物|けんぶつ}など<BREAK>いかがですかな？",
			"{住人|じゅうにん}への　れんらくなど<BREAK>すべてこちらで{手配|てはい}して<BREAK>おきましょう",
			"<CMD>18802700729b27000180</CMD><CMD>17802700729b270001802700048027000280</CMD><CMD>16802700729b27005581</CMD>{町|まち}の{者|もの}たちと{話|はなし}をし<BREAK>この{町|まち}を　たんのうして<BREAK>くだされ",
			"\f"
		]
	},
	{
		"Index": 53,
		"JPN": [
			"……まぶしい",
			"{行|い}き{先|さき}は？<BREAK>……<CMD>008027000580</CMD>{恋人|こいびと}みさき<CMD>008027000180</CMD>だな？",
			"<CMD>138027005fac</CMD>",
			"\f"
		]
	},
	{
		"Index": 54,
		"JPN": [
			"……まぶしい",
			"……{次|つぎ}はどこに{行|い}く？",
			"<CMD>138027005eac</CMD>",
			"\f"
		]
	},
	{
		"Index": 55,
		"JPN": [
			"<CMD>18802700729b27000580</CMD><CMD>17802700729b270001802700048027000080</CMD><CMD>16802700729b27005681</CMD>ほほぅ<BREAK>{本当|ほんとう}にまばゆいですな",
			"{町|まち}の{住人|じゅうにん}たちも　みな<BREAK>このまぶしさをうやまって<BREAK>いることでありましょう",
			"<CMD>18802700729b27000180</CMD><CMD>17802700729b270001802700048027000280</CMD><CMD>16802700729b27005581</CMD>ぞんぶんにたいざいして<BREAK>かれらとの{会話|かいわ}を<BREAK>{楽|たの}しんでくだされ",
			"\f"
		]
	},
	{
		"Index": 56,
		"JPN": [
			"……まぶしい",
			"……{次|つぎ}はどこに{行|い}く？",
			"<CMD>138027005dac</CMD>",
			"\f"
		]
	},
	{
		"Index": 57,
		"JPN": [
			"<CMD>3780</CMD>",
			"ことう<CMD>1380270055ac</CMD>",
			"やめる<CMD>1380270007a0</CMD>",
			"\f"
		]
	},
	{
		"Index": 58,
		"JPN": [
			"<CMD>3780</CMD>",
			"おしろ<CMD>1380270055ac</CMD>",
			"ことう<CMD>1380270055ac</CMD>",
			"やめる<CMD>1380270007a0</CMD>",
			"\f"
		]
	},
	{
		"Index": 59,
		"JPN": [
			"<CMD>3780</CMD>",
			"はい<CMD>1380270055ac</CMD>",
			"いいえ<CMD>1380270007a0</CMD>",
			"\f"
		]
	},
	{
		"Index": 60,
		"JPN": [
			"てんちょう　はじめましてミャオ",
			"この２かいのおみせで<BREAK>これからはたらく<BREAK><CMD>008027000380</CMD>バイトねこ<CMD>008027000180</CMD>ミャオ！",
			"この２かいのおみせは　ブランドを<BREAK>みとめられた　てんちょうだけが<BREAK>もてるんだミャオ！",
			"でも　まだかいてんしてないので<BREAK>このままだと　おきゃくさんが<BREAK>こられないミャオ",
			"いまから２かいのおみせの<BREAK>かいてんのじゅんびをするけど<BREAK>いいかミャオ？",
			"<CMD>1380270061ac</CMD>",
			"\f"
		]
	},
	{
		"Index": 61,
		"JPN": [
			"<CMD>3780</CMD>",
			"いいよ<CMD>13802700ffff</CMD>",
			"いまはダメ<CMD>13802700ffff</CMD>",
			"\f"
		]
	},
	{
		"Index": 62,
		"JPN": [
			"おみせのじゅんびが<BREAK>おわったら　ボクに<BREAK>はなしかけてほしいミャオ！",
			"\f"
		]
	},
	{
		"Index": 63,
		"JPN": [
			"わかったミャオ",
			"それじゃあ　２かいのおみせの<BREAK>かいてんのじゅんびをするときは<BREAK>またきてほしいミャオ！",
			"\f"
		]
	},
	{
		"Index": 64,
		"JPN": [
			"なにかなミャオ？",
			"<CMD>1380270065ac</CMD>",
			"\f"
		]
	},
	{
		"Index": 65,
		"JPN": [
			"<CMD>3780</CMD>",
			"おみせをひらく<CMD>13802700ffff</CMD>",
			"しょうひんリスト<CMD>13802700ffff</CMD>",
			"そうこ<CMD>13802700ffff</CMD>",
			"つづける<CMD>13802700ffff</CMD>",
			"じゅんびをやめる<CMD>13802700ffff</CMD>",
			"\f"
		]
	},
	{
		"Index": 66,
		"JPN": [
			"しょうひんをおいて<BREAK>おみせをひらく　じゅんびは<BREAK>できたのかミャオ？",
			"<CMD>138027006cac</CMD>",
			"\f"
		]
	},
	{
		"Index": 67,
		"JPN": [
			"しょうひんリストを<BREAK>ひらくミャオ！",
			"\f"
		]
	},
	{
		"Index": 68,
		"JPN": [
			"おみせのそうこを<BREAK>みてみるミャオ！",
			"\f"
		]
	},
	{
		"Index": 69,
		"JPN": [
			"りょうかいミャオ！",
			"おわったときは　また<BREAK>はなしかけてほしいミャオ！",
			"\f"
		]
	},
	{
		"Index": 70,
		"JPN": [
			"しょうひんリストを<BREAK>とじるミャオ！",
			"\f"
		]
	},
	{
		"Index": 71,
		"JPN": [
			"おわったときは<BREAK>また　はなしかけて<BREAK>ほしいミャオ！",
			"\f"
		]
	},
	{
		"Index": 72,
		"JPN": [
			"<CMD>3780</CMD>",
			"できた<CMD>13802700ffff</CMD>",
			"まだ<CMD>13802700ffff</CMD>",
			"\f"
		]
	},
	{
		"Index": 73,
		"JPN": [
			"ちゃんと　しょうひんが<BREAK>おかれてるミャオ！　これなら<BREAK>おみせがひらけるミャオ！",
			"これで…<BREAK>あたらしく２かいのおみせの<BREAK>じゅんびができたミャオ",
			"<CMD>f481</CMD>てんちょう！<BREAK>２かいのおみせのかいてんを<BREAK>せんげんしてほしいミャオ！",
			"\f"
		]
	},
	{
		"Index": 74,
		"JPN": [
			"りょうかいミャオ！",
			"おわったときは　また<BREAK>はなしかけてほしいミャオ！",
			"\f"
		]
	},
	{
		"Index": 75,
		"JPN": [
			"いまから２かいのおみせの<BREAK>かいてんのじゅんびをするけど<BREAK>いいかミャオ？",
			"<CMD>1380270061ac</CMD>",
			"\f"
		]
	},
	{
		"Index": 76,
		"JPN": [
			"おみせをひらく　じゅんびは<BREAK>できたのかミャオ？",
			"\f"
		]
	},
	{
		"Index": 77,
		"JPN": [
			"<CMD>168027008b8027005681</CMD>まだ　しょうひんが<BREAK>おかれてないミャオ",
			"アイテムをおいて<BREAK><CMD>008027000880</CMD>しょうひんにする<CMD>008027000180</CMD>を<BREAK>えらんでミャオ！",
			"\f"
		]
	},
	{
		"Index": 78,
		"JPN": [
			"<CMD>498027002e8927000a8027000180</CMD>",
			"\f"
		]
	},
	{
		"Index": 79,
		"JPN": [
			"てんちょう！<BREAK>しょうひんが<BREAK>おかれているミャオ",
			"じゃんびをやめるなら<BREAK>しょうひんを<BREAK>かたづけてほしいミャオ",
			"\f"
		]
	},
	{
		"Index": 99,
		"JPN": [
			"お　そうだ<CMD>f481</CMD>",
			"\f"
		]
	}
]