[
	{
		"Index": 0,
		"JPN": [
			"<CMD>09802700108027005280</CMD>",
			"<CMD>18802700008027000580</CMD><CMD>16802700008027005681</CMD><CMD>1780270000802700af8027000880</CMD>はぁ…<BREAK>おなかがすいたわ…",
			"すきすぎて<BREAK>もうがまんできません…",
			"<CMD>18802700008027000080</CMD><CMD>1780270000802700a98027000a8027000280</CMD>ワタクシは　{世界|せかい}を{旅|たび}する<BREAK><CMD>008027000480</CMD>ジュエリーボックス<CMD>008027000180</CMD>",
			"{宝石|ほうせき}を{食|た}べて<BREAK>まほうの{力|ちから}を<BREAK>たくわえているのです",
			"ちょっ<BREAK>ちょっと　そこのあなた！",
			"あなたがワタクシを<BREAK>{勝手|かって}に{作|つく}ったのよ！",
			"セキニンをとって<BREAK>{何|なに}かくださいな！",
			"そうねぇ～…<BREAK>ワタクシに{宝石|ほうせき}を<BREAK>{食|た}べさせてくれたら",
			"イイコトがおこるけど<BREAK>どうかしら？<CMD>128027000180</CMD>",
			"\f"
		]
	},
	{
		"Index": 1,
		"JPN": [
			"<CMD>3780</CMD>",
			"しかたない<CMD>12802700ffff</CMD>",
			"さよなら<CMD>12802700ffff</CMD>",
			"\f"
		]
	},
	{
		"Index": 2,
		"JPN": [
			"<CMD>09802700108027005280</CMD>",
			"ありがとう<BREAK>できれば{高|たか}そうな<BREAK>{宝石|ほうせき}がいいわ",
			"\f"
		]
	},
	{
		"Index": 3,
		"JPN": [
			"<CMD>09802700108027005280</CMD>",
			"ざんねんね<BREAK>{気|き}が{変|か}わったら　うれしいわ",
			"\f"
		]
	},
	{
		"Index": 4,
		"JPN": [
			"<CMD>09802700108027005280</CMD>",
			"なんということでしょう！<BREAK>とろけるような{深い味|ふかいあじ}わい<BREAK>やめられない　とまらないです",
			"この{調子|ちょうし}でお{願|ねが}いします",
			"ワタクシのおなかがみたされた<BREAK>あかつきには",
			"あなたを　お{金持ち|かねもち}に<BREAK>してさしあげますわ",
			"\f"
		]
	},
	{
		"Index": 5,
		"JPN": [
			"<CMD>09802700108027005280</CMD>",
			"なんということでしょう！<BREAK>これは　{宝石|ほうせき}ではありません",
			"\f"
		]
	},
	{
		"Index": 6,
		"JPN": [
			"<CMD>09802700108027005280</CMD>",
			"{宝石|ほうせき}をくださいな",
			"<CMD>128027000180</CMD>",
			"\f"
		]
	},
	{
		"Index": 7,
		"JPN": [
			"<CMD>3780</CMD>",
			"あげる<CMD>12802700ffff</CMD>",
			"もうあげない<CMD>12802700ffff</CMD>",
			"やめる<CMD>12802700ffff</CMD>",
			"\f"
		]
	},
	{
		"Index": 8,
		"JPN": [
			"<CMD>09802700108027005280</CMD>",
			"なんということでしょう！<BREAK>{目|め}のさめるようなシゲキ<BREAK>やめられない　とまらないです",
			"この{調子|ちょうし}でお{願|ねが}いします",
			"\f"
		]
	},
	{
		"Index": 9,
		"JPN": [
			"<CMD>09802700108027005280</CMD>",
			"なんということでしょう！<BREAK>{宝石|ほうせき}は<BREAK>もう　もらえないのですね",
			"…ずいぶんとお{世話|せわ}になりました<BREAK>それでは　そろそろ{旅立つ|たびだつ}ことに<BREAK>いたします",
			"またごえんが<BREAK>ありましたら<BREAK>お{会|あ}いしましょう",
			"そうそう…",
			"ワタクシが{旅立つ|たびだつ}{時|とき}<BREAK>たまに{宝石|ほうせき}が<BREAK>とびだしますが…",
			"ひろうのがめんどうだし<BREAK>あなたに　あげますわ",
			"\f"
		]
	},
	{
		"Index": 10,
		"JPN": [
			"<CMD>008027000480</CMD>ジュエリーボックス<CMD>008027000180</CMD>を<BREAK>{部屋|へや}においたよ",
			"{毎日|まいにち}{宝石|ほうせき}を<BREAK>{食|た}べさせて<BREAK>{宝石|ほうせき}をタップリためよう！",
			"<CMD>008027000480</CMD>ジュエリーボックス<CMD>008027000180</CMD>が<BREAK>{満足|まんぞく}したら<BREAK>たくさん{宝石|ほうせき}がもらえるかも？",
			"\f"
		]
	},
	{
		"Index": 11,
		"JPN": [
			"<CMD>008027000480</CMD>ジュエリーボックス<CMD>008027000180</CMD>は<BREAK>{旅立って|たびだって}いった",
			"ぜいたくな<CMD>008027000480</CMD>ジュエリーボックス<CMD>008027000180</CMD><BREAK>だったけど<BREAK>いなくなるとちょっとサミシイ……",
			"{宝石|ほうせき}をおいていったけど<BREAK>どのくらいあるのかな？<BREAK>かくにんしてみよう！",
			"\f"
		]
	},
	{
		"Index": 12,
		"JPN": [
			"<CMD>09802700108027005280</CMD>",
			"なんということでしょう！<BREAK>あなたのカバンは<BREAK>いっぱいのようです",
			"{少し|すこし}{空き|あき}を{作|つく}ってから<BREAK>{話|はな}しかけてください",
			"カバンの{空き|あき}は<BREAK>たくさん{作|つく}っておいた{方|ほう}が<BREAK>おとくかもしれません",
			"\f"
		]
	},
	{
		"Index": 13,
		"JPN": [
			"<CMD>09802700108027005280</CMD>",
			"それでは　ごきげんよう！",
			"\f"
		]
	},
	{
		"Index": 14,
		"JPN": [
			"<CMD>008027000480</CMD>ジュエリーボックス<CMD>008027000180</CMD>から<BREAK>お{礼|れい}をもらえなかった……",
			"あげた{宝石|ほうせき}の{数|かず}が<BREAK>{少|すく}なかったのかな……？",
			"\f"
		]
	},
	{
		"Index": 15,
		"JPN": [
			"<CMD>09802700108027005280</CMD>",
			"なんということでしょう！<BREAK>このさい　はっきり{言|い}って<BREAK>しまいますが",
			"ふつうです",
			"でも　{主食|しゅしょく}には<BREAK>これぐらいが<BREAK>いいかも　しれないわ",
			"ワタクシのおなかがみたされた<BREAK>あかつきには",
			"あなたを　お{金持ち|かねもち}に<BREAK>してさしあげますわ",
			"\f"
		]
	},
	{
		"Index": 16,
		"JPN": [
			"<CMD>09802700108027005280</CMD>",
			"なんということでしょう！<BREAK>このさい　はっきり{言|い}って<BREAK>しまいますが",
			"おゆ{入|い}れて３{分|ぷん}みたいです",
			"グルメなワタクシには<BREAK>ちょっと…",
			"ワタクシのおなかがみたされた<BREAK>あかつきには",
			"あなたを　お{金持ち|かねもち}に<BREAK>してさしあげますわ",
			"\f"
		]
	},
	{
		"Index": 17,
		"JPN": [
			"<CMD>09802700108027005280</CMD>",
			"ふぅ　だいぶマンゾクしましたわ<BREAK>あなたって　ほんとうに<BREAK>いい{人|ひと}ですわね葱",
			"\f"
		]
	},
	{
		"Index": 20,
		"JPN": [
			"タリスマンのくもりが<BREAK>{少し|すこし}とれた！",
			"ちょっぴりしあわせになれたかも！",
			"\f"
		]
	},
	{
		"Index": 21,
		"JPN": [
			"タリスマンのくもりが<BREAK>はれた！",
			"{少し|すこし}しあわせが<BREAK>よびよせられたかも！",
			"\f"
		]
	},
	{
		"Index": 22,
		"JPN": [
			"タリスマンのかがやきが<BREAK>{少し|すこし}ふえた！",
			"しあわせの{足音|あしおと}が<BREAK>{聞|き}こえる{気|き}がする！",
			"\f"
		]
	},
	{
		"Index": 23,
		"JPN": [
			"タリスマンが<BREAK>すごくキレイになった！",
			"なんだか　すごくしあわせが<BREAK>{近|ちか}づいて{来|く}る{予感|よかん}！",
			"\f"
		]
	},
	{
		"Index": 25,
		"JPN": [
			"ネックレスのくもりが<BREAK>{少し|すこし}とれた",
			"\f"
		]
	},
	{
		"Index": 26,
		"JPN": [
			"ネックレスにかがやきがでてきた！",
			"\f"
		]
	},
	{
		"Index": 27,
		"JPN": [
			"ネックレスが　キラキラと<BREAK>{光|ひか}るくらい　キレイになった！",
			"\f"
		]
	},
	{
		"Index": 28,
		"JPN": [
			"{身|み}だしなみを<BREAK>{整|ととの}えた！",
			"\f"
		]
	},
	{
		"Index": 30,
		"JPN": [
			"<CMD>008027000480</CMD>まほうのランプ<CMD>008027000180</CMD>を<BREAK>{毎日|まいにち}みがいて",
			"<CMD>008027000480</CMD>ランプのせい<CMD>008027000180</CMD>に<BREAK>{願|ねが}いをかなえてもらおう！",
			"\f"
		]
	},
	{
		"Index": 31,
		"JPN": [
			"<CMD>09802700118027005480</CMD>",
			"むむ…むむむむむむ…",
			"なかなか{住み心地|すみごこち}の<BREAK>{良|よ}さそうなランプじゃ！",
			"\f"
		]
	},
	{
		"Index": 32,
		"JPN": [
			"<CMD>09802700118027005480</CMD>",
			"いや<BREAK>あいさつがおくれてすまぬな<BREAK>ワシは　<CMD>008027000480</CMD>ランプのせい<CMD>008027000180</CMD>じゃ",
			"オニヨメに{家|ウチ}をおいだされ<BREAK>はや１００{年|ねん}…",
			"こどくな{旅|たび}を{続|つづ}けて<BREAK>おったところ<BREAK>このランプを{見|み}つけたんじゃよ",
			"\f"
		]
	},
	{
		"Index": 33,
		"JPN": [
			"<CMD>09802700118027005480</CMD>",
			"それはさておき　このランプ…<BREAK>みがきが　{足|た}りないようじゃぞ",
			"もっと　こう　ピカピカーって<BREAK>{感|かん}じに　みがいてくれんかの？",
			"ピカピカーって{感|かん}じに<BREAK>みがいてくれたら",
			"そなたの{願|ねが}いをかなえて<BREAK>しんぜようぞ",
			"\f"
		]
	},
	{
		"Index": 34,
		"JPN": [
			"<CMD>09802700118027005480</CMD>",
			"そうか　うけてくれるか！<BREAK>んじゃ　たのんじゃぞ！",
			"\f"
		]
	},
	{
		"Index": 35,
		"JPN": [
			"ちょっとキレイになってきた！",
			"\f"
		]
	},
	{
		"Index": 36,
		"JPN": [
			"<CMD>09802700118027005480</CMD>",
			"うむうむ　なかなかきれいに<BREAK>なってきたようじゃ",
			"その{調子|ちょうし}でがんばって<BREAK>みがいてもらえるかの？",
			"{３日|みっか}ボウズじゃいかん<BREAK>また　{明日|あした}も<BREAK>たのんだじゃぞ！",
			"\f"
		]
	},
	{
		"Index": 37,
		"JPN": [
			"そこそこキレイになってきた！",
			"\f"
		]
	},
	{
		"Index": 38,
		"JPN": [
			"<CMD>09802700118027005480</CMD>",
			"よしよし…　このまま<BREAK>みがき{続|つづ}ければ",
			"ピカピカーって{感|かん}じの<BREAK>ランプになりそうじゃ！",
			"{毎日|まいにち}　みがいて<BREAK>ピカピカーって{感|かん}じに<BREAK>なるまで　がんばるんじゃ",
			"\f"
		]
	},
	{
		"Index": 39,
		"JPN": [
			"かなりキレイになってきた！",
			"\f"
		]
	},
	{
		"Index": 40,
		"JPN": [
			"<CMD>09802700118027005480</CMD>",
			"なかなか{良|よ}くなってきた<BREAK>ようじゃぞ",
			"これなら　{近|ちか}いうちに<BREAK>ピカピカーって{感|かん}じに<BREAK>なりそうじゃ",
			"{明日|あした}もたのんじゃぞ！",
			"\f"
		]
	},
	{
		"Index": 41,
		"JPN": [
			"ものすごくキレイになってきた！",
			"\f"
		]
	},
	{
		"Index": 42,
		"JPN": [
			"<CMD>09802700118027005480</CMD>",
			"すばらしいーっ！！",
			"こんなにピカピカーって{感|かん}じなら<BREAK>オニヨメを{見|み}かえしてやれるわい",
			"\f"
		]
	},
	{
		"Index": 43,
		"JPN": [
			"<CMD>09802700118027005480</CMD>",
			"さあ　この{中|なか}から<BREAK>{願|ねが}い{事|ごと}をえらぶがよいぞ",
			"<CMD>128027000180</CMD>",
			"\f"
		]
	},
	{
		"Index": 44,
		"JPN": [
			"<CMD>3780</CMD>",
			"モテモテにして！<CMD>12802700ffff</CMD>",
			"{仲良|なかよ}しにして！<CMD>12802700ffff</CMD>",
			"ラッキーになりたい！<CMD>12802700ffff</CMD>",
			"\f"
		]
	},
	{
		"Index": 45,
		"JPN": [
			"<CMD>09802700118027005480</CMD>",
			"さあ　この{中|なか}から<BREAK>{願|ねが}い{事|ごと}をえらぶがよいぞ",
			"<CMD>128027000180</CMD>",
			"\f"
		]
	},
	{
		"Index": 46,
		"JPN": [
			"<CMD>3780</CMD>",
			"だいはんじょうさせて<CMD>12802700ffff</CMD>",
			"トレンディにして！<CMD>12802700ffff</CMD>",
			"ラッキーになりたい！<CMD>12802700ffff</CMD>",
			"\f"
		]
	},
	{
		"Index": 47,
		"JPN": [
			"<CMD>09802700118027005480</CMD>",
			"さあ　この{中|なか}から<BREAK>{願|ねが}い{事|ごと}をえらぶがよいぞ",
			"<CMD>128027000180</CMD>",
			"\f"
		]
	},
	{
		"Index": 48,
		"JPN": [
			"<CMD>3780</CMD>",
			"モテモテにして！<CMD>12802700ffff</CMD>",
			"だいはんじょうさせて<CMD>12802700ffff</CMD>",
			"トレンディにして！<CMD>12802700ffff</CMD>",
			"\f"
		]
	},
	{
		"Index": 50,
		"JPN": [
			"お{茶|ちゃ}うけに　{食事|しょくじ}を<BREAK>よういしますか？<CMD>128027000180</CMD>",
			"\f"
		]
	},
	{
		"Index": 51,
		"JPN": [
			"<CMD>3780</CMD>",
			"よういする<CMD>13802700ffff</CMD>",
			"よういしない<CMD>13802700ffff</CMD>",
			"\f"
		]
	},
	{
		"Index": 52,
		"JPN": [
			"それは　おちゃかいでは<BREAK>つかえないよ",
			"\f"
		]
	},
	{
		"Index": 53,
		"JPN": [
			"\f"
		]
	},
	{
		"Index": 54,
		"JPN": [
			"<CMD>09802700118027005480</CMD>",
			"ホホイのホイッ！！",
			"\f"
		]
	},
	{
		"Index": 55,
		"JPN": [
			"<CMD>09802700118027005480</CMD>",
			"……………よーし<BREAK>そなたの{願|ねが}いはかなえたわい！",
			"そんじゃ　やくそく{通|どお}り<BREAK>このランプはもらってゆくぞ",
			"……さらばじゃ！",
			"\f"
		]
	},
	{
		"Index": 56,
		"JPN": [
			"<CMD>09802700118027005480</CMD>",
			"ホホイの…",
			"あっ！？",
			"あーあ　{手|て}がすべった…",
			"\f"
		]
	},
	{
		"Index": 57,
		"JPN": [
			"<CMD>09802700118027005480</CMD>",
			"すまぬが<BREAK>{願|ねが}いをかなえられるのは<BREAK>１{回|かい}ポッキリじゃ…",
			"あきらめも{大事|だいじ}じゃぞ！",
			"そんじゃ<BREAK>このランプはもらってゆく<BREAK>…さらばじゃ！",
			"\f"
		]
	},
	{
		"Index": 58,
		"JPN": [
			"{願|ねが}いのまほうは{大|だい}せいこう！<BREAK><CMD>008027000480</CMD>ランプのせい<CMD>008027000180</CMD>に<BREAK>{願|ねが}いをかなえてもらった！",
			"\f"
		]
	},
	{
		"Index": 59,
		"JPN": [
			"{願|ねが}いのまほうは{大|だい}しっぱい！<BREAK>しかも<CMD>008027000480</CMD>ランプのせい<CMD>008027000180</CMD>は<BREAK>にげちゃった！",
			"\f"
		]
	},
	{
		"Index": 60,
		"JPN": [
			"しらばくの{間|あいだ}<BREAK>モテモテになって　いせいから<BREAK>おいかけられるかも！？",
			"\f"
		]
	},
	{
		"Index": 61,
		"JPN": [
			"しばらくの{間|あいだ}<BREAK>ダサダサになって<BREAK>みんなが　さけるかも！？",
			"\f"
		]
	},
	{
		"Index": 62,
		"JPN": [
			"しばらくの{間|あいだ}　たくさんの<BREAK>お{客|きゃく}さんが　お{店|みせ}にきて<BREAK>だいはんじょうするかも！？",
			"\f"
		]
	},
	{
		"Index": 63,
		"JPN": [
			"しばらくの{間|あいだ}　お{店|みせ}に{来|く}る<BREAK>お{客|きゃく}さんが{少|すく}ないかも！？",
			"\f"
		]
	},
	{
		"Index": 64,
		"JPN": [
			"みんな{仲良|なかよ}くなったよ！<BREAK>しばらくは　イタズラしても<BREAK>おこられないかも！？",
			"\f"
		]
	},
	{
		"Index": 65,
		"JPN": [
			"なにもおこらなかった……",
			"\f"
		]
	},
	{
		"Index": 66,
		"JPN": [
			"しばらくの{間|あいだ}　せんでんすると<BREAK>すぐに{商品|しょうひん}を<BREAK>みとめてくれるかも！？",
			"\f"
		]
	},
	{
		"Index": 67,
		"JPN": [
			"しばらくの{間|あいだ}　せんでんしても<BREAK>なかなか{商品|しょうひん}を<BREAK>みとめてくれないかも！？",
			"\f"
		]
	},
	{
		"Index": 68,
		"JPN": [
			"しばらくの{間|あいだ}　{幸運|こううん}が<BREAK>おとずれて　<CMD>008027000580</CMD>ショッピングモール<CMD>008027000180</CMD>で<BREAK>{安|やす}く　{買い物|かいもの}ができるかも！？",
			"\f"
		]
	},
	{
		"Index": 69,
		"JPN": [
			"しばらくの{間|あいだ}　{不運|ふうん}が<BREAK>おとずれて　<CMD>008027000580</CMD>ショッピングモール<CMD>008027000180</CMD>で<BREAK>{高|たか}い　{買い物|かいもの}をしちゃうかも！？",
			"\f"
		]
	},
	{
		"Index": 70,
		"JPN": [
			"<CMD>09802700118027005480</CMD>",
			"やくそく{通|どお}り<BREAK>このランプをもらうかわりに<BREAK>そなたの{願|ねが}いをかなえようぞ<CMD>128027000180</CMD>",
			"\f"
		]
	},
	{
		"Index": 71,
		"JPN": [
			"<CMD>3780</CMD>",
			"{願|ねが}い{事|ごと}を{言|い}う<CMD>13802700ffff</CMD>",
			"ちょっとまって<CMD>13802700ffff</CMD>",
			"\f"
		]
	},
	{
		"Index": 72,
		"JPN": [
			"<CMD>09802700118027005480</CMD>",
			"うむ　なやむ{気持ち|きもち}はよくわかる<BREAK>すぐに{答|こた}えがでなくても<BREAK>しかたないかの",
			"{心配|しんぱい}は　いらん<BREAK>ワシはしばらくここにいるから<BREAK>{良|よ}ーく{考|かんが}えてくるとよいぞ",
			"\f"
		]
	},
	{
		"Index": 73,
		"JPN": [
			"<CMD>09802700118027005480</CMD>",
			"{心|こころ}のじゅんびはできたかの？<BREAK>それでは…",
			"\f"
		]
	},
	{
		"Index": 80,
		"JPN": [
			"<CMD>09802700158027001680</CMD>",
			"ヨウヨウ！　チェキラッチョ<BREAK>おいらそのペンにやどった<BREAK>ようせいじゃん！",
			"<CMD>008027000480</CMD>イタズラはねペン<CMD>008027000180</CMD>とか<BREAK>よばれてるじゃん？",
			"イタズラまほうじんを{書|か}き{出|だ}す<BREAK>たつじんじゃん",
			"ヨウヨウ　ペンの{使い方|つかいかた}を<BREAK>{知|し}りたいじゃん？<CMD>128027000180</CMD>",
			"\f"
		]
	},
	{
		"Index": 81,
		"JPN": [
			"<CMD>3780</CMD>",
			"ぜひ<CMD>128027000180</CMD>",
			"いや　べつに…<CMD>128027000280</CMD>",
			"\f"
		]
	},
	{
		"Index": 82,
		"JPN": [
			"<CMD>09802700158027001680</CMD>",
			"グッジョッ！<BREAK>ヨウヨウ　{教|おし}えてやろうじゃん",
			"まずそのペンを{手|て}に{持|も}つじゃん<BREAK>すると　{目|め}の{前|まえ}の{地面|じめん}に<BREAK>まほうじんが{出|で}てくるじゃん？",
			"まほうじんの{上|うえ}に{乗|の}ると<BREAK>そのパワーで",
			"イタズラまほうが<BREAK>{動|うご}きだすじゃん",
			"<CMD>1780270000802700a98027000a80</CMD>まほうじんは　すぐに<BREAK>{見|み}えなくなるけど　ちゃんと<BREAK>そこにあるからちゅういじゃん？",
			"チェキラッチョ<BREAK>きりきりまいするヤツらを{見|み}ると<BREAK>スカッとするぜっ！",
			"<CMD>18802700008027000380</CMD><CMD>1780270000802700b28027000a80</CMD><CMD>16802700008027002d81</CMD>ペンでイタズラを<BREAK>するほど『イタズラパワー』<BREAK>が{世界|せかい}にみちるぜっ！",
			"パワーをうけて　おいらたち<BREAK>イタズラようせいは　もっとすごい<BREAK>イタズラまほうが{起|お}こせるぜっ！",
			"<CMD>18802700008027000580</CMD><CMD>1780270000802700af8027000a80</CMD><CMD>16802700008027005681</CMD>オーイエー　オーライッ？<BREAK>すごい　イタズラまほうを<BREAK>{見|み}てみたいじゃん？",
			"<CMD>18802700008027000080</CMD><CMD>1780270000802700a98027000a80</CMD>へへっ<BREAK>それじゃ　ペンを{使|つか}って<BREAK>イタズラパワーをためそうじゃん！",
			"それじゃな<BREAK>シーユー！",
			"\f"
		]
	},
	{
		"Index": 83,
		"JPN": [
			"<CMD>09802700158027001680</CMD>",
			"じゃあ　またじゃん！<BREAK>ヨウヨウ　チェキラッチョ！",
			"\f"
		]
	},
	{
		"Index": 84,
		"JPN": [
			"どこからともなく<BREAK>イタズラようせいの<BREAK>{声|こえ}がする…",
			"ヨウヨウ　イタズラしようじゃん！",
			"\f"
		]
	},
	{
		"Index": 85,
		"JPN": [
			"<CMD>09802700158027001680</CMD>",
			"ヨウヨウ！<BREAK>ついにイタズラパワーが<BREAK>マックスたまったじゃん！",
			"イタズラはおいらの{生|い}きがい<BREAK>マックスのイタズラパワーを<BREAK>{見|み}せてやろうじゃん！",
			"\f"
		]
	},
	{
		"Index": 86,
		"JPN": [
			"<CMD>09802700158027001680</CMD>",
			"ふう…　チェキラッチョ",
			"\f"
		]
	},
	{
		"Index": 87,
		"JPN": [
			"<CMD>09802700158027001680</CMD>",
			"ひさびさに<BREAK>{大|だい}イタズラまほうを<BREAK>{使|つか}っちまったじゃん",
			"<CMD>008027000780</CMD>{今日一日|きょういちにち}は<BREAK>{大|だい}イタズラまほうのこうかが<BREAK>つづくじゃん？<CMD>008027000180</CMD>",
			"<CMD>008027000780</CMD>{町|まち}に{出|で}るときは<BREAK>{足元|あしもと}には{気|き}をつけな！<CMD>008027000180</CMD><CMD>1780270000802700b28027000a80</CMD><CMD>18802700008027000580</CMD><CMD>16802700008027006981</CMD>",
			"へへ…<BREAK>なかなか{楽|たの}しかったじゃん？<BREAK>また{使|つか}ってくれよな！",
			"<CMD>16802700008027002d81</CMD>シーユー！",
			"\f"
		]
	},
	{
		"Index": 88,
		"JPN": [
			"<CMD>09802700158027001680</CMD>",
			"<CMD>18802700008027000080</CMD><CMD>1780270000802700a98027000a80</CMD>ふふ…　きょうみしんしんだな<BREAK>もうこれでおまえは<BREAK>イタズラまほうのとりこだな！",
			"<CMD>18802700008027000080</CMD><CMD>1780270000802700018027000a80</CMD>それじゃ　そのペンを{使|つか}って<BREAK>どんどんイタズラパワーを<BREAK>ためてくれ！",
			"おまえのかつやくにきたいするぜ！<BREAK>それじゃな<BREAK>しょうじんするんだぜ！",
			"\f"
		]
	}
]