[
	{
		"Index": 0,
		"JPN": [
			"<CMD>18802700729b27000580</CMD><CMD>17802700729b270001802700048027000080</CMD><CMD>16802700729b27005681</CMD>みなのもの　よくぞ{集|あつ}まった",
			"こんかい　{集|あつ}まってもらったのは<BREAK>ほかでもない",
			"{遠|とお}きかの{国|くに}では<BREAK>{毎月|まいつき}フェアと{言|い}うものが<BREAK>いろいろ{行|おこな}われており",
			"それをお{聞|き}きになった<CMD>008027000380</CMD>へいか<CMD>008027000180</CMD>が<BREAK>そのフェアと{言|い}うものを",
			"{毎月行|まいつきおこな}う{事|こと}を<BREAK>おきめになった",
			"<CMD>008027000380</CMD>へいか<CMD>008027000180</CMD>よりフェアの{開催|かいさい}を<BREAK>{宣言|せんげん}していただく<BREAK>{心|こころ}して　{聞|き}くように！",
			"\f"
		]
	},
	{
		"Index": 1,
		"JPN": [
			"では　<CMD>008027000380</CMD>へいか<CMD>008027000180</CMD><BREAK>よろしくお{願|ねが}いいたしますぞ",
			"\f"
		]
	},
	{
		"Index": 2,
		"JPN": [
			"ぎょいにございます",
			"\f"
		]
	},
	{
		"Index": 3,
		"JPN": [
			"<CMD>16802700e68727005881</CMD>みなのもの　{聞|き}いたか？<BREAK><CMD>008027000380</CMD>へいか<CMD>008027000180</CMD>がフェアのかいさいを<BREAK>せんげんされた！",
			"みなのものは　フェアに<BREAK>{毎月|まいつき}はげむこととなる！",
			"それではこれよりせつめいを<BREAK>おこなうのでよく{聞|き}くのですぞ",
			"\f"
		]
	},
	{
		"Index": 4,
		"JPN": [
			"これより　{今月|こんげつ}のフェアを<BREAK>{発表|はっぴょう}する<BREAK>よく{聞|き}くのですぞ",
			"\f"
		]
	},
	{
		"Index": 5,
		"JPN": [
			"おお　すばらしき<CMD>008027000380</CMD>へいか<CMD>008027000180</CMD>の<BREAK>おことば！<BREAK>みなもフェアに　つとめるでしょう",
			"<CMD>18802700729b27000180</CMD><CMD>17802700729b270001802700048027000280</CMD><CMD>16802700729b27005581</CMD>{結果|けっか}が　{楽|たの}しみですな",
			"\f"
		]
	},
	{
		"Index": 6,
		"JPN": [
			"{遠|とお}きかの{国|くに}では<BREAK>{一年|いちねん}の{始|はじ}めを　いわうため<BREAK><CMD>3b8227000280</CMD>の{品|しな}や…",
			"<CMD>1780270000802700a98027001480</CMD>それに<BREAK><CMD>3b8227000380</CMD>を{感|かん}じる{物|もの}<BREAK>が{取引|とりひき}されるそうですぞ",
			"それらの{物|もの}をたくさん{売|う}って<BREAK>みなで　<CMD>3a8227000180</CMD>フェアを<BREAK>もり{上|あ}げるのですぞ<CMD>1780270000802700018027001480</CMD>",
			"\f"
		]
	},
	{
		"Index": 7,
		"JPN": [
			"<CMD>16802700e68727005881</CMD>さて　<CMD>3a8227000180</CMD>フェアは<BREAK>１{月|がつ}１{日|にち}から　１４{日|にち}まで<BREAK>{行|おこな}われるのだが…",
			"１５{日|にち}からは<BREAK>１{番|ばん}フェアをもり{上|あ}げた{者|もの}を<BREAK>{表|ひょう}しょうしますぞ",
			"みな<BREAK><CMD>3a8227000180</CMD>フェアが{終|お}わったら<BREAK><CMD>008027000580</CMD>おしろ<CMD>008027000180</CMD>に{来|く}るように！",
			"\f"
		]
	},
	{
		"Index": 8,
		"JPN": [
			"{遠|とお}きかの{国|くに}では<BREAK>{気持|きも}ちを{伝|つた}えるために<BREAK>{相手|あいて}に　<CMD>3b8227000280</CMD>や",
			"<CMD>1780270000802700a98027001480</CMD><CMD>3b8227000380</CMD>{型|がた}の{物|もの}<BREAK>をおくるそうですぞ<BREAK>",
			"それらの{物|もの}をたくさん{売|う}って<BREAK>みなで　<CMD>3a8227000280</CMD>フェアを<BREAK>もり{上|あ}げるのですぞ<CMD>1780270000802700018027001480</CMD>",
			"\f"
		]
	},
	{
		"Index": 9,
		"JPN": [
			"<CMD>16802700e68727005881</CMD><CMD>3a8227000280</CMD>フェアは<BREAK>２{月|がつ}１４{日|にち}まで<BREAK>{行|おこな}われるのですが",
			"１５{日|にち}からは<BREAK>もっとも　<CMD>3a8227000280</CMD>フェアを<BREAK>もり{上|あ}げた{者|もの}を",
			"{表|ひょう}しょうしますぞ",
			"みな<BREAK><CMD>3a8227000280</CMD>フェアが{終|お}わったら<BREAK><CMD>008027000580</CMD>おしろ<CMD>008027000180</CMD>に{来|く}るのですぞ",
			"\f"
		]
	},
	{
		"Index": 10,
		"JPN": [
			"{遠|とお}きかの{国|くに}では<BREAK>バレンタインのお{返|かえ}しの<BREAK>おくりものとして",
			"<CMD>1780270000802700a98027001480</CMD><CMD>3b8227000280</CMD>や　<CMD>3b8227000380</CMD>を<BREAK>{渡|わた}すそうですな",
			"それらの{物|もの}をたくさん{売|う}って<BREAK>みなで　<CMD>3a8227000380</CMD>フェアを<BREAK>もり{上|あ}げるのですぞ<CMD>1780270000802700018027001480</CMD>",
			"\f"
		]
	},
	{
		"Index": 11,
		"JPN": [
			"<CMD>16802700e68727005881</CMD><CMD>3a8227000380</CMD>フェアは<BREAK>３{月|がつ}１４{日|にち}まで<BREAK>{行|おこな}われるのですが",
			"１５{日|にち}からは　いつものように<BREAK>もっとも{売り上げ|うりあげ}の{多|おお}かった{者|もの}<BREAK>を　{表|ひょう}しょうしますぞ",
			"みな<BREAK><CMD>3a8227000380</CMD>フェアが{終|お}わったら<BREAK><CMD>008027000580</CMD>おしろ<CMD>008027000180</CMD>に{来|く}るように",
			"\f"
		]
	},
	{
		"Index": 12,
		"JPN": [
			"{春|はる}のおとずれをいわうとき<BREAK>{取引|とりひき}されるのは<BREAK><CMD>3b8227000280</CMD>を{感|かん}じる{物|もの}や…",
			"<CMD>1780270000802700a98027001480</CMD><CMD>3b8227000380</CMD><BREAK>と{聞|き}いておりますぞ",
			"それらの{物|もの}をたくさん{売|う}って<BREAK>みなで　<CMD>3a8227000480</CMD>フェアを<BREAK>もり{上|あ}げるのですぞ<CMD>1780270000802700018027001480</CMD>",
			"\f"
		]
	},
	{
		"Index": 13,
		"JPN": [
			"<CMD>16802700e68727005881</CMD><CMD>3a8227000480</CMD>フェアは<BREAK>４{月|がつ}１{日|にち}から　１４{日|にち}まで<BREAK>かいさいされますぞ",
			"１５{日|にち}からは<BREAK>{売|う}り{上|あ}げの{多|おお}かった{者|もの}を<BREAK>{表|ひょう}しょうするので",
			"みな<BREAK><CMD>3a8227000480</CMD>フェアが{終|お}わったら<BREAK>かならず　<CMD>008027000580</CMD>おしろ<CMD>008027000180</CMD>に{来|く}るのですぞ",
			"\f"
		]
	},
	{
		"Index": 14,
		"JPN": [
			"{母親|ははおや}へのかんしゃをこめて<BREAK>プレゼントをするのは<BREAK><CMD>3b8227000280</CMD>や…",
			"<CMD>1780270000802700a98027001480</CMD><CMD>3b8227000380</CMD><BREAK>と{聞|き}いておりますぞ",
			"それらの{物|もの}をたくさん{売|う}って<BREAK>みなで　<CMD>3a8227000580</CMD>フェアを<BREAK>もり{上|あ}げるのですぞ<CMD>1780270000802700018027001480</CMD>",
			"\f"
		]
	},
	{
		"Index": 15,
		"JPN": [
			"<CMD>16802700e68727005881</CMD><CMD>3a8227000580</CMD>フェアは５{月|がつ}１{日|にち}から<BREAK>５{月|がつ}の２{回目|かいめ}の<BREAK>{日曜日|にちようび}までとなる",
			"{次|つぎ}の{日|ひ}からは<BREAK>１{番|ばん}フェアをもり{上|あ}げた{者|もの}を<BREAK>{表|ひょう}しょうするから",
			"みな<BREAK><CMD>3a8227000580</CMD>フェアが{終|お}わったら<BREAK>かならず　<CMD>008027000580</CMD>おしろ<CMD>008027000180</CMD>に{来|く}るのですぞ",
			"\f"
		]
	},
	{
		"Index": 16,
		"JPN": [
			"{父親|ちちおや}へのかんしゃをこめて<BREAK>プレゼントするのは<BREAK><CMD>3b8227000280</CMD>や…",
			"<CMD>1780270000802700a98027001480</CMD><CMD>3b8227000380</CMD><BREAK>と{聞|き}いておりますぞ",
			"それらの{物|もの}をたくさん{売|う}って<BREAK>みなで　<CMD>3a8227000680</CMD>フェアを<BREAK>もり{上|あ}げるのですぞ<CMD>1780270000802700018027001480</CMD>",
			"\f"
		]
	},
	{
		"Index": 17,
		"JPN": [
			"<CMD>16802700e68727005881</CMD>{今回|こんかい}の　<CMD>3a8227000680</CMD>フェアは<BREAK>{少|すこ}しだけ　とくしゅですので<BREAK>よく　おぼえておくのですぞ",
			"<CMD>3a8227000680</CMD>フェアの　{期間|きかん}は<BREAK>６{月|がつ}の１{回目|かいめ}の{日曜日|にちようび}から<BREAK>３{回目|かいめ}の{日曜日|にちようび}まで　となる",
			"みな　この{期間|きかん}が{終|お}わってから<BREAK><CMD>008027000580</CMD>おしろ<CMD>008027000180</CMD>に{来|く}るのですぞ",
			"\f"
		]
	},
	{
		"Index": 18,
		"JPN": [
			"{遠|とお}きかの{国|くに}でも７{月|がつ}は<CMD>3a8227000780</CMD><BREAK>つまり　{夏|なつ}　まっさかり！<BREAK>らしいですぞ",
			"<CMD>1780270000802700a98027001480</CMD>そこでは　<CMD>3b8227000280</CMD>を{感|かん}じる{物|もの}や<BREAK><CMD>3b8227000380</CMD>{物|もの}が<BREAK>{人気|にんき}と{聞|き}いておりますぞ",
			"わが{国|くに}でも　これらの{品|しな}を<BREAK>どんどんと{売|う}って<BREAK><CMD>3a8227000780</CMD>フェアをもり{上|あ}げるのですぞ<CMD>1780270000802700018027001480</CMD>",
			"\f"
		]
	},
	{
		"Index": 19,
		"JPN": [
			"<CMD>16802700e68727005881</CMD><CMD>3a8227000780</CMD>フェアは<BREAK>７{月|がつ}１{日|にち}から<BREAK>７{月|がつ}１４{日|にち}までとする",
			"フェアを　もり{上|あ}げた{者|もの}は<BREAK><CMD>008027000380</CMD>へいか<CMD>008027000180</CMD>が　{表|ひょう}しょうして<BREAK>くださるので",
			"７{月|がつ}１５{日|にち}になったら<BREAK>かならず　<CMD>008027000580</CMD>おしろ<CMD>008027000180</CMD>に{来|く}るのですぞ",
			"\f"
		]
	},
	{
		"Index": 20,
		"JPN": [
			"{遠|とお}きかの{国|くに}ではこの{時期|じき}に<BREAK>{夜祭|よまつ}りを<BREAK>{開|ひら}いているもよう",
			"<CMD>1780270000802700a98027001480</CMD>そこでは　{文字通|もじどお}り<BREAK><CMD>3b8227000280</CMD>にかかわる{物|もの}<BREAK>が{売|う}られるそうですぞ",
			"その{品|しな}を　{売|う}る{事|こと}によって<BREAK><CMD>3a8227000880</CMD>フェアを<BREAK>もり{上|あ}げましょうぞ<CMD>1780270000802700018027001480</CMD>",
			"\f"
		]
	},
	{
		"Index": 21,
		"JPN": [
			"<CMD>16802700e68727005881</CMD><CMD>3a8227000880</CMD>フェアは<BREAK>８{月|がつ}１{日|にち}から<BREAK>８{月|がつ}１４{日|にち}までとする",
			"フェアを　もり{上|あ}げた{者|もの}は<BREAK><CMD>008027000380</CMD>へいか<CMD>008027000180</CMD>が　{表|ひょう}しょうして<BREAK>くださるので",
			"８{月|がつ}１５{日|にち}になったら<BREAK>かならず　<CMD>008027000580</CMD>おしろ<CMD>008027000180</CMD>に{来|く}るのですぞ",
			"\f"
		]
	},
	{
		"Index": 22,
		"JPN": [
			"<CMD>3a8227000980</CMD>　すなわち{秋|あき}は<BREAK>{味|み}かくや　こうようなど<BREAK>{実|みの}りを{感|かん}じる　きせつである",
			"<CMD>1780270000802700a98027001480</CMD>ですので　<CMD>3b8227000280</CMD>を{感|かん}じる{物|もの}<BREAK>さらに<CMD>3b8227000380</CMD>などが<BREAK>{取引|とりひき}されるそうですぞ",
			"それらの{品|しな}を　{売|う}る{事|こと}によって<BREAK><CMD>3a8227000980</CMD>フェアを<BREAK>もり{上|あ}げましょうぞ<CMD>1780270000802700018027001480</CMD>",
			"\f"
		]
	},
	{
		"Index": 23,
		"JPN": [
			"<CMD>16802700e68727005881</CMD><CMD>3a8227000980</CMD>フェアは<BREAK>９{月|がつ}１{日|にち}から<BREAK>９{月|がつ}１４{日|にち}までとする",
			"フェアを　もり{上|あ}げた{者|もの}は<BREAK><CMD>008027000380</CMD>へいか<CMD>008027000180</CMD>が　{表|ひょう}しょうして<BREAK>くださるので",
			"９{月|がつ}１５{日|にち}になったら<BREAK>かならず　<CMD>008027000580</CMD>おしろ<CMD>008027000180</CMD>にくるのですぞ",
			"\f"
		]
	},
	{
		"Index": 24,
		"JPN": [
			"なんでも　<CMD>3a8227000a80</CMD>とは<BREAK>{子|こ}どもがオバケやまほう{使|つか}い<BREAK>などのかっこうをして",
			"おかしをねだる<BREAK>お{祭|まつ}りだと　{聞|き}いておりますぞ",
			"<CMD>1780270000802700a98027001480</CMD>そこで{売|う}られる{品|しな}は　{文字通|もじどお}り<BREAK><CMD>3b8227000280</CMD>に　ちなんだ{物|もの}<BREAK>さらに",
			"<CMD>3b8227000380</CMD>の{品|しな}を<BREAK>あつかうのがよろしい<BREAK>ようですぞ",
			"<CMD>3a8227000a80</CMD>フェアでは　それらを<BREAK>{売|う}ると　よいのではないですかな<CMD>1780270000802700018027001480</CMD>",
			"\f"
		]
	},
	{
		"Index": 25,
		"JPN": [
			"<CMD>16802700e68727005881</CMD>では　<CMD>3a8227000a80</CMD>フェアは<BREAK>１０{月|がつ}１８{日|にち}から<BREAK>１０{月|がつ}３１{日|にち}までとする",
			"フェアを　もり{上|あ}げた{者|もの}は<BREAK><CMD>008027000380</CMD>へいか<CMD>008027000180</CMD>が　{表|ひょう}しょうして<BREAK>くださるので",
			"１１{月|がつ}１{日|にち}になったら<BREAK>この<CMD>008027000580</CMD>おしろ<CMD>008027000180</CMD>へ{来|く}るように",
			"\f"
		]
	},
	{
		"Index": 26,
		"JPN": [
			"<CMD>3a8227000b80</CMD>とは　みなで<BREAK>せいだいに　げいじゅつを<BREAK>{楽|たの}しむフェアだそうですぞ",
			"<CMD>1780270000802700a98027001480</CMD><CMD>3b8227000280</CMD>とよぶにふさわしい<BREAK>ものや<CMD>3b8227000380</CMD>などが　それに<BREAK>あたいすると{聞|き}いておりますぞ",
			"それらの{品|しな}を　{売|う}る{事|こと}によって<BREAK><CMD>3a8227000b80</CMD>フェアを<BREAK>もり{上|あ}げましょうぞ<CMD>1780270000802700018027001480</CMD>",
			"\f"
		]
	},
	{
		"Index": 27,
		"JPN": [
			"<CMD>16802700e68727005881</CMD><CMD>3a8227000b80</CMD>フェアは<BREAK>１１{月|がつ}１５{日|にち}から<BREAK>１１{月|がつ}２８{日|にち}までとする",
			"フェアを　もり{上|あ}げた{者|もの}は<BREAK><CMD>008027000380</CMD>へいか<CMD>008027000180</CMD>が　{表|ひょう}しょうして<BREAK>くださるので",
			"１１{月|がつ}２９{日|にち}になったら<BREAK>この<CMD>008027000580</CMD>おしろ<CMD>008027000180</CMD>へ{来|く}るように",
			"\f"
		]
	},
	{
		"Index": 28,
		"JPN": [
			"<CMD>1780270000802700a98027001480</CMD>そのいわいでは　{文字通|もじどお}り<BREAK><CMD>3b8227000380</CMD>にかかわる{品|しな}<BREAK>それと",
			"<CMD>3b8227000280</CMD>を<BREAK>あつかうとよいそうですぞ",
			"それらの{品|しな}を　たくさん{売|う}って<BREAK>みなで　<CMD>3a8227000c80</CMD>フェアを<BREAK>もり{上|あ}げるのですぞ<CMD>1780270000802700018027001480</CMD>",
			"\f"
		]
	},
	{
		"Index": 29,
		"JPN": [
			"<CMD>16802700e68727005881</CMD><CMD>3a8227000c80</CMD>フェアは<BREAK>１２{月|がつ}１２{日|にち}から<BREAK>１２{月|がつ}２５{日|にち}までとする",
			"フェアをもり{上|あ}げた{者|もの}は<BREAK><CMD>008027000380</CMD>へいか<CMD>008027000180</CMD>が　{表|ひょう}しょうして<BREAK>くださるので",
			"１２{月|がつ}２６{日|にち}になったら<BREAK>この<CMD>008027000580</CMD>おしろ<CMD>008027000180</CMD>へ{来|く}るように",
			"\f"
		]
	},
	{
		"Index": 30,
		"JPN": [
			"<CMD>16802700e68727005881</CMD>では　<CMD>008027000380</CMD>へいか<CMD>008027000180</CMD><BREAK>{今月|こんげつ}のフェアの　かいさい<BREAK>せんげんを　お{願|ねが}いしますぞ",
			"\f"
		]
	},
	{
		"Index": 31,
		"JPN": [
			"それでは　みなのもの<BREAK>かいさんしてよろしいですぞ",
			"\f"
		]
	},
	{
		"Index": 32,
		"JPN": [
			"<CMD>18802700729b27000580</CMD><CMD>17802700729b270001802700048027000080</CMD><CMD>16802700729b27005681</CMD>フェアの{説明|せつめい}を<BREAK>もう{一度|いちど}　{聞|き}きたいとな？<BREAK>よろしい　よーく{聞|き}くのですぞ",
			"\f"
		]
	},
	{
		"Index": 33,
		"JPN": [
			"<CMD>18802700729b27000180</CMD><CMD>17802700729b270001802700048027000280</CMD><CMD>16802700729b27005581</CMD><CMD>17802700e6872700a98027001480</CMD>おお　<CMD>f481</CMD>か<BREAK>がんばっているようですな",
			"ほうこくでは<BREAK>なかなか　よい{品|しな}を<BREAK>あつかっているとのこと",
			"<CMD>16802700008027005581</CMD><CMD>18802700008027000180</CMD><CMD>008027000380</CMD>へいか<CMD>008027000180</CMD>も　およろこびですぞ<BREAK>その{調子|ちょうし}で　フェアを<BREAK>もり{上|あ}げるよう　がんばるのですぞ<CMD>17802700e6872700018027001480</CMD><CMD>18802700008027000080</CMD>",
			"\f"
		]
	},
	{
		"Index": 34,
		"JPN": [
			"<CMD>18802700729b27000380</CMD><CMD>17802700729b270001802700048027000080</CMD><CMD>16802700729b27003081</CMD><CMD>17802700e6872700aa8027001480</CMD>おお　<CMD>f481</CMD>か<BREAK>…フム　もう{少|すこ}しフェアを<BREAK>もり{上|あ}げるどりょくがいる{様子|ようす}",
			"<CMD>16802700008027007f81</CMD><CMD>18802700008027000480</CMD>{今|いま}　ならべている{商品|しょうひん}が<BREAK>{売|う}れていないなら<BREAK>{品物|しなもの}をかえてみるのも{手|て}ですぞ<CMD>17802700e6872700018027001480</CMD><CMD>18802700008027000080</CMD>",
			"<CMD>18802700729b27000180</CMD><CMD>17802700729b270001802700048027000280</CMD><CMD>16802700729b27005581</CMD>では　{行|い}くがよい<BREAK><CMD>f481</CMD>の　はたらきに<BREAK>きたいしておりますぞ<CMD>18802700008027000080</CMD>",
			"\f"
		]
	},
	{
		"Index": 35,
		"JPN": [
			"<CMD>18802700729b27000580</CMD><CMD>17802700729b270001802700048027000080</CMD><CMD>16802700729b27005681</CMD>おお　<CMD>3a8227000d80</CMD>フェアの<BREAK>{結果|けっか}を　{聞|き}きにまいったのですな<BREAK>では　こちらへ",
			"\f"
		]
	},
	{
		"Index": 36,
		"JPN": [
			"では　ほうこくを<BREAK>{読|よ}み{上|あ}げますぞ",
			"\f"
		]
	},
	{
		"Index": 37,
		"JPN": [
			"<CMD>18802700729b27000180</CMD><CMD>17802700729b270001802700048027000280</CMD><CMD>16802700729b27005581</CMD><CMD>17802700e6872700a98027001480</CMD>…なんと　{１位|いちい}ですぞ！<CMD>17802700e6872700018027001480</CMD>",
			"<CMD>18802700008027000180</CMD><CMD>1780270000802700ad802700068027000280</CMD><CMD>16802700008027005581</CMD>{今回|こんかい}は<BREAK>おおいに<CMD>3a8227000d80</CMD>を<BREAK>もり{上|あ}げてくれましたな",
			"{次|つぎ}も<BREAK>この{調子|ちょうし}でがんばるのですぞ",
			"それでは<BREAK><CMD>f481</CMD>のはたらきを　たたえ<BREAK>{表|ひょう}しょうをしましょうぞ",
			"\f"
		]
	},
	{
		"Index": 38,
		"JPN": [
			"<CMD>18802700729b27000180</CMD><CMD>17802700729b270001802700048027000280</CMD><CMD>16802700729b27005581</CMD><CMD>17802700e6872700a98027001480</CMD>…ほほう　{２位|にい}ですぞ！<CMD>17802700e6872700018027001480</CMD>",
			"<CMD>16802700008027005581</CMD>よいはたらきをしてくれましたな<BREAK>この{調子|ちょうし}で　{次|つぎ}は<BREAK>{１位|いちい}をめざし　がんばるのですぞ",
			"それでは<BREAK><CMD>f481</CMD>のはたらきを　たたえ<BREAK>{表|ひょう}しょうしましょうぞ",
			"\f"
		]
	},
	{
		"Index": 39,
		"JPN": [
			"<CMD>18802700729b27000180</CMD><CMD>17802700729b270001802700048027000280</CMD><CMD>16802700729b27005581</CMD><CMD>17802700e6872700a98027001480</CMD>…ふむ　{３位|さんい}ですな<CMD>17802700e6872700018027001480</CMD>",
			"なかなかのはたらきを<BREAK>してくれたようですな　{次|つぎ}は<BREAK>さらに{上位|じょうい}を{目指|めざ}すのですぞ",
			"それでは<BREAK><CMD>f481</CMD>のはたらきを　たたえ<BREAK>{表|ひょう}しょうをしましょうぞ",
			"\f"
		]
	},
	{
		"Index": 40,
		"JPN": [
			"<CMD>18802700729b27000380</CMD><CMD>17802700729b270001802700048027000080</CMD><CMD>16802700729b27003081</CMD><CMD>17802700e6872700aa8027001480</CMD>…ふむ　{３位|さんい}までに<BREAK>にゅうしょう　していませんな<CMD>17802700e6872700018027001480</CMD>",
			"ザンネンながら　{今回|こんかい}は<BREAK>にゅうしょう　できなかった{様子|ようす}",
			"<CMD>18802700008027000380</CMD><CMD>1780270000802700ab8027000a8027000180</CMD><CMD>16802700008027003081</CMD><CMD>008027000380</CMD>へいか<CMD>008027000180</CMD>や　わたしめも<BREAK>きたいして　おりますゆえ<BREAK>{次回|じかい}は　がんばるのですぞ",
			"\f"
		]
	},
	{
		"Index": 41,
		"JPN": [
			"<CMD>16802700e68727005881</CMD>では　{見事|みごと}　にゅうしょうを<BREAK>はたした<CMD>f481</CMD>に<BREAK><CMD>008027000380</CMD>へいか<CMD>008027000180</CMD>より　おほめの{言葉|ことば}を",
			"じきじきの　ありがたいお{言葉|ことば}<BREAK>{心|こころ}して{聞|き}くのですぞ",
			"\f"
		]
	},
	{
		"Index": 42,
		"JPN": [
			"<CMD>17802700e6872700a98027001480</CMD>なんと　おやさしいお{言葉|ことば}<BREAK>このだいじんも<BREAK>{感動|かんどう}いたしましたぞ",
			"\f"
		]
	},
	{
		"Index": 43,
		"JPN": [
			"<CMD>17802700e6872700018027001480</CMD><CMD>f481</CMD>も<BREAK><CMD>008027000380</CMD>へいか<CMD>008027000180</CMD>のお{言葉|ことば}をわすれずに<BREAK>{次|つぎ}のフェアも　がんばるように",
			"\f"
		]
	},
	{
		"Index": 44,
		"JPN": [
			"<CMD>18802700008027000080</CMD><CMD>178027000080270001802700048027000080</CMD>{以上|いじょう}で　{今回|こんかい}の<BREAK>フェアの{表|ひょう}しょうを<BREAK>{終|お}わりますぞ",
			"にゅうしょうした{者|もの}も<BREAK>しなかった{者|もの}も<BREAK>{次回|じかい}　がんばるのですぞ",
			"\f"
		]
	},
	{
		"Index": 45,
		"JPN": [
			"<CMD>4980270078852700338027000180</CMD>",
			"\f"
		]
	},
	{
		"Index": 46,
		"JPN": [
			"<CMD>4980270078852700348027000180</CMD>",
			"\f"
		]
	},
	{
		"Index": 47,
		"JPN": [
			"フェアは<BREAK>まだ{始|はじ}まっておりませんぞ",
			"もう{少|すこ}したってから<BREAK>あらためて<BREAK><CMD>008027000580</CMD>おしろ<CMD>008027000180</CMD>へ{来|く}る{事|こと}ですな",
			"\f"
		]
	},
	{
		"Index": 48,
		"JPN": [
			"やる{気|き}があるのは<BREAK>おおいに　けっこう",
			"だが　{今月|こんげつ}のフェアは<BREAK>まだ{先|さき}ですぞ<BREAK>{日|ひ}をあらためて　{来|き}なさい",
			"\f"
		]
	},
	{
		"Index": 49,
		"JPN": [
			"{今日|きょう}は　{何用|なによう}ですかな？<BREAK><CMD>008027000380</CMD>へいか<CMD>008027000180</CMD>が　フェアのかいさいを<BREAK>せんげんされるのは　まだ{先|さき}です",
			"{後日|ごじつ}あらためて　{来|く}る{事|こと}ですな<BREAK>それまでは　フェアのじゅんびを<BREAK>していたらどうですかな？",
			"\f"
		]
	},
	{
		"Index": 50,
		"JPN": [
			"{今月|こんげつ}のフェアは<BREAK><CMD>3a8227000d80</CMD>ですぞ",
			"\f"
		]
	},
	{
		"Index": 51,
		"JPN": [
			"<CMD>16802700e68727005881</CMD>では　{見事１位|みごといちい}と{言|い}うめいよを<BREAK>はたした<CMD>f481</CMD>に<CMD>008027000380</CMD>へいか<CMD>008027000180</CMD>より<BREAK>お{言葉|ことば}をいただきます",
			"じきじきの　ありがたいお{言葉|ことば}<BREAK>{心|こころ}して{聞|き}くのですぞ",
			"\f"
		]
	},
	{
		"Index": 52,
		"JPN": [
			"<CMD>17802700e6872700d98027000a80</CMD>げんざい　<CMD>f481</CMD>のお{店|みせ}は<BREAK>ひじょうに{高|たか}いひょうばんを<BREAK>えていると　{聞|き}いておりますぞ",
			"\f"
		]
	},
	{
		"Index": 53,
		"JPN": [
			"<CMD>17802700e6872700d98027000a80</CMD>げんざい　<CMD>f481</CMD>のお{店|みせ}は<BREAK>そこそこの　ひょうばんを<BREAK>えていると　{聞|き}いておりますぞ",
			"\f"
		]
	},
	{
		"Index": 54,
		"JPN": [
			"<CMD>17802700e6872700d98027000a80</CMD>げんざい　<CMD>f481</CMD>のお{店|みせ}は<BREAK>あまり　ひょうばんが<BREAK>{良|よ}くないようですぞ",
			"\f"
		]
	},
	{
		"Index": 55,
		"JPN": [
			"また　お{店|みせ}のふんいきが<BREAK>{良|よ}いとの{声|こえ}が<BREAK>{多|おお}くとどいておりますぞ",
			"\f"
		]
	},
	{
		"Index": 56,
		"JPN": [
			"お{店|みせ}のふんいきが<BREAK>{良|よ}くないとの{声|こえ}が<BREAK>とどいており　{気|き}になりますぞ",
			"{家具|かぐ}や　しょうひんのおきかたにも<BREAK>{気|き}をくばるのは　とても<BREAK>{大切|たいせつ}なことですぞ",
			"\f"
		]
	},
	{
		"Index": 57,
		"JPN": [
			"また　{流行|りゅうこう}のしょうひんが<BREAK>たくさん　{売|う}られているとの{声|こえ}が<BREAK>とどいておりますぞ",
			"\f"
		]
	},
	{
		"Index": 58,
		"JPN": [
			"{流行|りゅうこう}の{商品|しょうひん}が<BREAK>あまり　おいていないとの{声|こえ}が<BREAK>とどいておりますぞ",
			"もう{少|すこ}し　{流行|りゅうこう}に<BREAK>かんしんを　{持|も}っては<BREAK>いかがですかな？",
			"\f"
		]
	},
	{
		"Index": 59,
		"JPN": [
			"しょく{人|にん}としての<BREAK>ひょうかですが…",
			"<CMD>17802700e6872700d98027000a80</CMD>しょく{人|にん}としての　どりょくを<BREAK>おこたらず　けっかを<BREAK>{出|だ}しているようですな<CMD>17802700e6872700018027000a80</CMD>",
			"\f"
		]
	},
	{
		"Index": 60,
		"JPN": [
			"しょく{人|にん}としての<BREAK>ひょうかですが…",
			"<CMD>17802700e6872700d98027000a80</CMD>しょく{人|にん}としての　どりょくは<BREAK>おこたっていないようですな<BREAK>{今後|こんご}も　どりょくを{続|つづ}けなさい<CMD>17802700e6872700018027000a80</CMD>",
			"\f"
		]
	},
	{
		"Index": 61,
		"JPN": [
			"しょく{人|にん}としての<BREAK>ひょうかですが…",
			"<CMD>17802700e6872700d98027000a80</CMD>しょく{人|にん}としては<BREAK>どりょくしているようですが…<BREAK>がんばりが　{足|た}りないようですな<CMD>17802700e6872700018027000a80</CMD>",
			"\f"
		]
	},
	{
		"Index": 62,
		"JPN": [
			"しょく{人|にん}としての<BREAK>ひょうかですが…",
			"<CMD>17802700e6872700d98027000a80</CMD>しょく{人|にん}として<BREAK>{良|よ}い{物|モノ}を{作|つく}って<BREAK>いるようですが…",
			"もっと<BREAK>ドリョクがひつようですぞ<CMD>17802700e6872700018027000a80</CMD>",
			"\f"
		]
	},
	{
		"Index": 63,
		"JPN": [
			"しょく{人|にん}としての<BREAK>ひょうかですが…",
			"<CMD>17802700e6872700aa8027000a80</CMD>しょく{人|にん}としての　どりょくが<BREAK>しょうしょう{足|た}りない{様子|ようす}…<CMD>17802700e6872700018027000a80</CMD>",
			"<CMD>17802700e6872700d98027000a80</CMD>{数|かず}をこなさなければ<BREAK>{良|よ}い{商品|しょうひん}は<BREAK>{作|つく}れませんぞ<CMD>17802700e6872700018027000a80</CMD>",
			"\f"
		]
	},
	{
		"Index": 64,
		"JPN": [
			"しょく{人|にん}としての<BREAK>ひょうかですが…",
			"<CMD>17802700e6872700aa8027000a80</CMD>しょく{人|にん}としてはまだまだ<BREAK>はんにん{前|まえ}のようですな<CMD>17802700e6872700018027000a80</CMD>",
			"<CMD>17802700e6872700d98027000a80</CMD>もっと{練習|れんしゅう}をして<BREAK>キチンとお{店|みせ}に{出|だ}せる{物|モノ}を<BREAK>{作|つく}れるようになりなさい<CMD>17802700e6872700018027000a80</CMD>",
			"\f"
		]
	},
	{
		"Index": 65,
		"JPN": [
			"<CMD>17802700e6872700d98027000a80</CMD>{接客|せっきゃく}のひょうばんは<BREAK>{良|よ}いですな<BREAK>お{客|きゃく}の{入|い}りも　{良|よ}いようですぞ<CMD>17802700e6872700018027000a80</CMD>",
			"\f"
		]
	},
	{
		"Index": 66,
		"JPN": [
			"<CMD>17802700e6872700d98027000a80</CMD>{接客|せっきゃく}のひょうばんは<BREAK>{良|よ}いですが",
			"お{客|きゃく}の{入|い}りは　あまり<BREAK>{良|よ}くないようですな<CMD>17802700e6872700018027000a80</CMD>",
			"\f"
		]
	},
	{
		"Index": 67,
		"JPN": [
			"<CMD>17802700e6872700aa8027000a80</CMD>{接客|せっきゃく}のひょうばんは<BREAK>あまり{良|よ}くありませんが…<BREAK>はんじょうしているようですな<CMD>17802700e6872700018027000a80</CMD>",
			"\f"
		]
	},
	{
		"Index": 68,
		"JPN": [
			"<CMD>17802700e6872700aa8027000a80</CMD>{接客|せっきゃく}のひょうばんは{悪|わる}く<BREAK>そのためか　お{客|きゃく}さんも<BREAK>あまり　きていないようですな<CMD>17802700e6872700018027000a80</CMD>",
			"\f"
		]
	},
	{
		"Index": 69,
		"JPN": [
			"<CMD>17802700e6872700d98027000a80</CMD>{売|う}り{上|あ}げも{上々|じょうじょう}のようです<BREAK>きっと　{売|う}りかたが<BREAK>{良|よ}いのでしょうな<CMD>17802700e6872700018027000a80</CMD>",
			"\f"
		]
	},
	{
		"Index": 70,
		"JPN": [
			"<CMD>17802700e6872700d98027000a80</CMD>いっぽう　{売|う}り{上|あ}げは{低|ひく}い{様子|ようす}<BREAK>{売|う}りかたを　くふうしてみては<BREAK>いかがですかな？<CMD>17802700e6872700018027000a80</CMD>",
			"\f"
		]
	},
	{
		"Index": 71,
		"JPN": [
			"<CMD>17802700e6872700d98027000a80</CMD>いっぽう　{売|う}り{上|あ}げは{良|よ}いようです<BREAK>うむ　{売|う}りかたが{良|よ}いのでしょうな<CMD>17802700e6872700018027000a80</CMD>",
			"\f"
		]
	},
	{
		"Index": 72,
		"JPN": [
			"<CMD>17802700e6872700aa8027000a80</CMD>そのうえ　{売|う}り{上|あ}げも<BREAK>{悪|わる}いようですな",
			"もっと　がんばらなければ<BREAK>いけませんぞ<CMD>17802700e6872700018027000a80</CMD>",
			"\f"
		]
	},
	{
		"Index": 73,
		"JPN": [
			"<CMD>17802700e6872700d98027000a80</CMD><CMD>f481</CMD>に{店|みせ}を<BREAK>あたえたことは<BREAK>せいかいだったと…",
			"そなたのひょうばんを{聞|き}き<BREAK><CMD>008027000380</CMD>へいか<CMD>008027000180</CMD>は　よろこんでおられる<CMD>17802700e6872700018027000a80</CMD>",
			"\f"
		]
	},
	{
		"Index": 74,
		"JPN": [
			"<CMD>17802700e6872700d98027000a80</CMD><CMD>008027000380</CMD>へいか<CMD>008027000180</CMD>は　このちょうしで<BREAK>より　いっそうドリョクせよ<BREAK>と　おっしゃっておりますぞ<CMD>17802700e6872700018027000a80</CMD>",
			"\f"
		]
	},
	{
		"Index": 75,
		"JPN": [
			"<CMD>17802700e6872700aa8027000a80</CMD><CMD>008027000380</CMD>へいか<CMD>008027000180</CMD>は　そなたのはたらきに<BREAK>ごふまんの{様子|ようす}ですぞ<CMD>17802700e6872700018027000a80</CMD>",
			"そなたには　{今|いま}よりいっそうの<BREAK>ドリョクがひつようですな",
			"\f"
		]
	},
	{
		"Index": 76,
		"JPN": [
			"これまでのひょうかをうけて<BREAK>そなたのマイスターひょうかを<BREAK>{見|み}てみましょうぞ",
			"\f"
		]
	},
	{
		"Index": 77,
		"JPN": [
			"<CMD>17802700e6872700d98027000a80</CMD>うむ　{一流|いちりゅう}の<BREAK>マイスターをめざし<BREAK>がんばるのですぞ！<CMD>17802700e6872700018027000a80</CMD>",
			"\f"
		]
	},
	{
		"Index": 78,
		"JPN": [
			"これにより　そなたの<BREAK>マイスターランクは<BREAK>ひとつぼしとなったようですな",
			"<CMD>17802700e6872700d98027000a80</CMD>それでは！　そなたに<BREAK>ひとつぼしマイスターの<BREAK>しょうごうをさずける！<CMD>17802700e6872700018027000a80</CMD>",
			"\f"
		]
	},
	{
		"Index": 79,
		"JPN": [
			"これにより　そなたの<BREAK>マイスターランクは<BREAK>ふたつぼしとなったようですな",
			"<CMD>17802700e6872700d98027000a80</CMD>それでは！　そなたに<BREAK>ふたつぼしマイスターの<BREAK>しょうごうをさずける！<CMD>17802700e6872700018027000a80</CMD>",
			"\f"
		]
	},
	{
		"Index": 80,
		"JPN": [
			"これにより　そなたの<BREAK>マイスターランクは<BREAK>みつぼしとなったようですな",
			"<CMD>17802700e6872700d98027000a80</CMD>それでは！　そなたに<BREAK>みつぼしマイスターの<BREAK>しょうごうをさずける！<CMD>17802700e6872700018027000a80</CMD>",
			"\f"
		]
	},
	{
		"Index": 81,
		"JPN": [
			"これにより　そなたの<BREAK>マイスターランクは<BREAK>よつぼしとなったようですな",
			"<CMD>17802700e6872700d98027000a80</CMD>それでは！　そなたに<BREAK>よつぼしマイスターの<BREAK>しょうごうをさずける！<CMD>17802700e6872700018027000a80</CMD>",
			"\f"
		]
	},
	{
		"Index": 82,
		"JPN": [
			"なんと！　これでそなたには<BREAK>さいこうの　マイスターをなのる<BREAK>しかくが　あたえられる！",
			"<CMD>17802700e6872700d98027000a80</CMD>そなたに<BREAK>ロイヤルマイスターの<BREAK>しょうごうをさずけよう！<CMD>17802700e6872700018027000a80</CMD>",
			"\f"
		]
	},
	{
		"Index": 83,
		"JPN": [
			"<CMD>17802700e6872700d98027000a80</CMD>これまでのどりょくが<BREAK>むくわれましたな！　{今後|こんご}も<BREAK>よりいっそう　はげむのですぞ<CMD>17802700e6872700018027000a80</CMD>",
			"\f"
		]
	},
	{
		"Index": 84,
		"JPN": [
			"<CMD>17802700e6872700d98027000a80</CMD>まず{本日|ほんじつ}は　<CMD>f481</CMD>が<BREAK>{前回|ぜんかい}のえっけんから　これまで<BREAK>{行|おこな}ってきたことの{中|なか}で",
			"すばらしい　いぎょうを<BREAK>なしとげたと　{聞|き}いておるので",
			"とくべつな<BREAK>ひょうかをいたしますぞ<CMD>17802700e6872700018027000a80</CMD>",
			"\f"
		]
	},
	{
		"Index": 85,
		"JPN": [
			"しょうごうのじゅよにあたって<BREAK><CMD>008027000380</CMD>へいか<CMD>008027000180</CMD>より　お{言葉|ことば}を<BREAK>いただきますぞ",
			"さあ　<CMD>f481</CMD>よ<BREAK><CMD>008027000380</CMD>へいか<CMD>008027000180</CMD>の{前|まえ}へ",
			"\f"
		]
	},
	{
		"Index": 86,
		"JPN": [
			"おや…　まだとくべつに<BREAK>ひょうかすべき　ことがらが<BREAK>あるようですな",
			"<CMD>17802700e6872700d98027000a80</CMD>それでは　ひきつづき<BREAK>ひょうかしていきますぞ<CMD>17802700e6872700018027000a80</CMD>",
			"\f"
		]
	},
	{
		"Index": 87,
		"JPN": [
			"<CMD>17802700e6872700d98027000a80</CMD>それでは　ひきつづき<BREAK><CMD>f481</CMD>の　お{店|みせ}にかかわる<BREAK>ひょうかを　していきますぞ<CMD>17802700e6872700018027000a80</CMD>",
			"\f"
		]
	},
	{
		"Index": 88,
		"JPN": [
			"それでは　<CMD>008027000380</CMD>へいか<CMD>008027000180</CMD><BREAK>よろしくお{願|ねが}いいたします",
			"\f"
		]
	},
	{
		"Index": 89,
		"JPN": [
			"<CMD>17802700e6872700d98027000a80</CMD>そのちょうしでがんばれば<BREAK><CMD>008027000380</CMD>へいか<CMD>008027000180</CMD>が　もとめておられる…",
			"{王家|おうけ}ひでんのレシピが<BREAK>できるのも　そう{遠|とお}くはないと<BREAK>{思|おも}われますぞ！<CMD>17802700e6872700018027000a80</CMD>",
			"\f"
		]
	},
	{
		"Index": 90,
		"JPN": [
			"<CMD>17802700e6872700d98027000a80</CMD>このままがんばれば<BREAK><CMD>008027000380</CMD>へいか<CMD>008027000180</CMD>が　もとめておられる…",
			"{王家|おうけ}ひでんのレシピを<BREAK>{再現|さいげん}できるのも",
			"そう{遠|とお}くはないと<BREAK>{思|おも}われますぞ！<CMD>17802700e6872700018027000a80</CMD>",
			"\f"
		]
	},
	{
		"Index": 91,
		"JPN": [
			"<CMD>17802700e6872700d98027000a80</CMD>しかし<BREAK>どりょくをおこたらなければ",
			"<CMD>008027000380</CMD>へいか<CMD>008027000180</CMD>が　もとめておられる<BREAK>{王家|おうけ}ひでんのレシピを<CMD>17802700e6872700018027000a80</CMD>",
			"{再現|さいげん}できるのも<BREAK>そう{遠|とお}くはないと<BREAK>{思|おも}われますぞ！",
			"\f"
		]
	},
	{
		"Index": 92,
		"JPN": [
			"<CMD>17802700e6872700d98027000a80</CMD>こくみんからの　いらいを<BREAK>きちんと　こなしているとの{声|こえ}が<BREAK>たくさんとどいておりますぞ",
			"これからもそのちょうしで<BREAK>{多|おお}くのしんらいを<BREAK>えてください<CMD>17802700e6872700018027000a80</CMD>",
			"\f"
		]
	},
	{
		"Index": 93,
		"JPN": [
			"<CMD>17802700e6872700d98027000a80</CMD>……ふむ<BREAK>こくみんからのいらいを<BREAK>うけていないようですな",
			"いらいをこなせば　それだけ<BREAK>お{店|みせ}のひょうばんも<BREAK>{上|あ}がるというもの",
			"そなたも{少|すこ}しは　いらいを<BREAK>うけてみてはいかがかな？<CMD>17802700e6872700018027000a80</CMD>",
			"\f"
		]
	},
	{
		"Index": 94,
		"JPN": [
			"<CMD>17802700e6872700d98027000a80</CMD>こくみんから<BREAK>いらいをほうっておかれたとの<BREAK>{声|こえ}がたくさんとどいておりますぞ",
			"いらいをうけていながら<BREAK>{何|なに}もしないとは<BREAK>あるまじき{事|こと}…",
			"いらいがたっせいできないと<BREAK>{思|おも}ったのなら　ことわる{事|こと}も<BREAK>{大切|たいせつ}ですぞ<CMD>17802700e6872700018027000a80</CMD>",
			"\f"
		]
	},
	{
		"Index": 95,
		"JPN": [
			"<CMD>17802700e6872700d98027000a80</CMD>…お{店|みせ}のりえきが<BREAK>ほとんど　{出|で}ていないようですな<CMD>17802700e6872700018027000a80</CMD>",
			"もしや　お{店|みせ}をまじめに<BREAK>けいえいしていないのでは<BREAK>ありませんか？",
			"{今後|こんご}は　しっかりと<BREAK>お{店|みせ}を　けいえいするのですぞ",
			"\f"
		]
	}
]