[
	{
		"Index": 0,
		"JPN": [
			"<CMD>f481</CMD>てんちょう！<BREAK>おきゃくさんをよびにいったけど<BREAK>おきゃくさんがいなかったミャオ…",
			"どこかにでかけてるみたいだから<BREAK>あしたまで　まってみるミャオ！",
			"\f"
		]
	},
	{
		"Index": 1,
		"JPN": [
			"<CMD>f481</CMD>てんちょう！<BREAK>おきゃくさんをよびにいったけど<BREAK>おきゃくさんからでんごんミャオ！",
			"わたそうとおもっていた<BREAK>あいてのひとがみあたらないから<BREAK>あしたまでまってほしい",
			"と　<CMD>f481</CMD>てんちょうに<BREAK>つたえてほしいって<BREAK>いってたミャオ！",
			"\f"
		]
	},
	{
		"Index": 2,
		"JPN": [
			"いらいリストを<BREAK>かくにんするミャオ！",
			"\f"
		]
	},
	{
		"Index": 3,
		"JPN": [
			"<CMD>f481</CMD>てんちょう<BREAK>いらいのこころえを<BREAK>べんきょうしてきたのミャオ？",
			"でも　ごめんミャオ…<BREAK>いらいのこころえだけじゃ<BREAK>だめなのミャオ…",
			"いらいには　まほうのレシピが<BREAK>ひつようだミャオ！",
			"がっこうで　まほうのレシピを<BREAK>べんきょうしてくるといいミャオ！",
			"\f"
		]
	},
	{
		"Index": 4,
		"JPN": [
			"<CMD>f481</CMD>てんちょう<BREAK>いらいは　まだ<BREAK>うけられないミャオ！",
			"いらいをうけるためには<BREAK>いらいをうけるときのこころえが<BREAK>ひつようなのミャオ！",
			"いらいのじゅぎょうで<BREAK>おしえてくれるから<BREAK>べんきょうしてくるのミャオ！",
			"\f"
		]
	},
	{
		"Index": 5,
		"JPN": [
			"<CMD>f481</CMD>てんちょう<BREAK><CMD>f78127009c9f</CMD>さまから<BREAK>いらいのとりさげがあったミャオ",
			"\f"
		]
	},
	{
		"Index": 6,
		"JPN": [
			"<CMD>f481</CMD>てんちょう！<BREAK>おきゃくさんがおれいをいいに<BREAK>きてくれるなんてすごいミャオ",
			"これからも<BREAK>ますますがんばっていくのミャオ！",
			"ひょっとしたら<BREAK>だいはんじょうするかも<BREAK>しれないミャオ",
			"\f"
		]
	},
	{
		"Index": 7,
		"JPN": [
			"<CMD>f481</CMD>てんちょう<BREAK>こんかいは　ちょっと<BREAK>ざんねんだったミャオ…",
			"でも　めげずにがんばるミャオ！",
			"\f"
		]
	},
	{
		"Index": 8,
		"JPN": [
			"<CMD>f481</CMD>てんちょう<BREAK>おともだちがいるときに",
			"おきゃくさんの　なやみをきいて<BREAK>いらいをひきうけるのは<BREAK>しつれいミャオ！",
			"<CMD>f481</CMD>てんちょう<BREAK>ひとりでいるときに<BREAK>いらいはうけるミャオ！",
			"\f"
		]
	},
	{
		"Index": 9,
		"JPN": [
			"いまうけてるいらいは<BREAK>あと<CMD>278227000080</CMD>にちできげんミャオ！<BREAK>ガンバッテたっせいするミャオ！",
			"\f"
		]
	},
	{
		"Index": 10,
		"JPN": [
			"<CMD>f481</CMD>てんちょう<BREAK>おつかれさまミャオ！",
			"おみせについて<BREAK>ききたいミャオ？",
			"<CMD>138027004faf</CMD>",
			"\f"
		]
	},
	{
		"Index": 11,
		"JPN": [
			"<CMD>308027006eb227000780</CMD>",
			"\f"
		]
	},
	{
		"Index": 12,
		"JPN": [
			"<CMD>f481</CMD>てんちょう<BREAK>おつかれさまミャオ！",
			"おみせについて<BREAK>ききたいミャオ？",
			"<CMD>1380270056af</CMD>",
			"\f"
		]
	},
	{
		"Index": 13,
		"JPN": [
			"いろいろ　みていってミャオ！",
			"\f"
		]
	},
	{
		"Index": 14,
		"JPN": [
			"<CMD>f481</CMD>てんちょう<BREAK>おつかれさまミャオ！",
			"\f"
		]
	},
	{
		"Index": 15,
		"JPN": [
			"それじゃあ<BREAK>しごとにもどるミャオ！",
			"\f"
		]
	},
	{
		"Index": 16,
		"JPN": [
			"<CMD>3780</CMD>",
			"うりあげＴＯＰ３<CMD>13802700ffff</CMD>",
			"りえきＴＯＰ３<CMD>13802700ffff</CMD>",
			"うれたかずＴＯＰ３<CMD>13802700ffff</CMD>",
			"しょうひんリスト<CMD>13802700ffff</CMD>",
			"おわる<CMD>13802700ffff</CMD>",
			"\f"
		]
	},
	{
		"Index": 17,
		"JPN": [
			"それじゃあ<BREAK>いったんみせを<BREAK>しめるミャオ！",
			"\f"
		]
	},
	{
		"Index": 18,
		"JPN": [
			"<CMD>3080270064b227000780</CMD>",
			"\f"
		]
	},
	{
		"Index": 19,
		"JPN": [
			"そこからさきは<BREAK><CMD>008027000880</CMD>かんけいしゃいがい<CMD>008027000180</CMD><BREAK>たちいりきんしミャオ！",
			"\f"
		]
	},
	{
		"Index": 20,
		"JPN": [
			"<CMD>008027000880</CMD>まちのトレンド<CMD>008027000180</CMD>を<BREAK>かくにんするミャオ！<CMD>4980270060892700188027000180</CMD>",
			"\f"
		]
	},
	{
		"Index": 21,
		"JPN": [
			"てんちょう<BREAK>まだ　このおみせには<BREAK>おとくいさまがいないミャオ！",
			"\f"
		]
	},
	{
		"Index": 22,
		"JPN": [
			"まえに　りえきをうけとってから",
			"おみせのうりあげが<BREAK><CMD>278227000080</CMD>リッチで　<CMD>278227000280</CMD>リッチの<BREAK>りえきがあるミャオ！",
			"<CMD>128027000180</CMD>",
			"\f"
		]
	},
	{
		"Index": 23,
		"JPN": [
			"<CMD>3780</CMD>",
			"りえきをうけとる<CMD>13802700ffff</CMD>",
			"まだいい<CMD>13802700ffff</CMD>",
			"\f"
		]
	},
	{
		"Index": 24,
		"JPN": [
			"<CMD>158027001882</CMD>りょうかいミャオ<BREAK><CMD>278227000280</CMD>リッチの<BREAK>りえきを　わたすミャオ！",
			"それじゃあ<BREAK>きょうもいちにち<BREAK>がんばるミャオ！！",
			"\f"
		]
	},
	{
		"Index": 25,
		"JPN": [
			"りえきを　うけとらないのミャオ<BREAK>りょうかいしたミャオ！",
			"りえきをうけとるときは<BREAK><CMD>008027000880</CMD>そうこのバイトねこ<CMD>008027000180</CMD>にはなしかけて<BREAK><CMD>008027000880</CMD>りえきをうけとる<CMD>008027000180</CMD>をえらんでミャオ！",
			"\f"
		]
	},
	{
		"Index": 26,
		"JPN": [
			"いま　おみせのうりあげが<BREAK><CMD>278227000080</CMD>リッチ<BREAK>あるミャオ！",
			"<CMD>f481</CMD>てんちょう<BREAK><CMD>278227000280</CMD>リッチの<BREAK>りえきを　うけとるかミャオ？",
			"<CMD>138027005baf</CMD>",
			"\f"
		]
	},
	{
		"Index": 27,
		"JPN": [
			"<CMD>158027001882</CMD>りょうかいミャオ<BREAK><CMD>278227000280</CMD>リッチの<BREAK>りえきを　わたすミャオ！",
			"\f"
		]
	},
	{
		"Index": 28,
		"JPN": [
			"じつは…　きょうはまだ<BREAK>おみせのうりあげがないミャオ",
			"<CMD>178027008b802700688027000a8027000180</CMD>でも　まだまだこれからミャオ！<BREAK>がんばって　しょうひんを<BREAK>うりまくるミャオ！！",
			"\f"
		]
	},
	{
		"Index": 29,
		"JPN": [
			"メニューを　どうするミャオ？",
			"<CMD>128027000180</CMD>",
			"\f"
		]
	},
	{
		"Index": 30,
		"JPN": [
			"<CMD>3780</CMD>",
			"とうろくする<CMD>128027000180</CMD>",
			"かくにんする<CMD>128027000280</CMD>",
			"けす<CMD>128027000a80</CMD>",
			"やめる<CMD>128027000380</CMD>",
			"\f"
		]
	},
	{
		"Index": 31,
		"JPN": [
			"どのアイテムを　メニューに<BREAK>とうろくするミャオ？<CMD>4980270060892700088027000180</CMD>",
			"\f"
		]
	},
	{
		"Index": 32,
		"JPN": [
			"それじゃあ　メニューを<BREAK>かくにんするミャオ！<CMD>4980270060892700098027000180</CMD>",
			"\f"
		]
	},
	{
		"Index": 33,
		"JPN": [
			"やめるのかミャオ？<BREAK>りょうかいミャオ！",
			"\f"
		]
	},
	{
		"Index": 34,
		"JPN": [
			"りょうかいミャオ<BREAK>メニューに　とうろくしたミャオ！",
			"\f"
		]
	},
	{
		"Index": 35,
		"JPN": [
			"<CMD>f481</CMD>てんちょう<BREAK>それは　メニューに<BREAK>とうろくできないミャオ…",
			"ほかのアイテムを<BREAK>メニューに　とうろくするミャオ？",
			"<CMD>128027000180</CMD>",
			"\f"
		]
	},
	{
		"Index": 36,
		"JPN": [
			"<CMD>3780</CMD>",
			"とうろくする<CMD>13802700ffff</CMD>",
			"やめる<CMD>13802700ffff</CMD>",
			"\f"
		]
	},
	{
		"Index": 37,
		"JPN": [
			"どのアイテムを　メニューに<BREAK>とうろくするミャオ？",
			"\f"
		]
	},
	{
		"Index": 38,
		"JPN": [
			"りょうかいミャオ<BREAK>メニューを　へんこうしたミャオ！",
			"\f"
		]
	},
	{
		"Index": 39,
		"JPN": [
			"それじゃあ<BREAK>とうろくするばしょを<BREAK>えらんでミャオ",
			"\f"
		]
	},
	{
		"Index": 40,
		"JPN": [
			"それじゃあ　どのアイテムを<BREAK>メニューからけすミャオ？<CMD>49802700608927000a8027000180</CMD>",
			"\f"
		]
	},
	{
		"Index": 41,
		"JPN": [
			"<CMD>f481</CMD>てんちょう<BREAK>おつかれさまミャオ！<BREAK>うりあげのほうこくをするミャオ！",
			"<CMD>1380270054af</CMD>",
			"\f"
		]
	},
	{
		"Index": 42,
		"JPN": [
			"てんちょうが　いなかったから<BREAK>いったん　おみせを<BREAK>しめておいたミャオ！",
			"<CMD>178027008b802700688027000a8027000180</CMD>それじゃあ　ひさしぶりに<BREAK><CMD>f481</CMD>てんちょうに<BREAK>うりあげのほうこくするミャオ！",
			"<CMD>1380270054af</CMD>",
			"\f"
		]
	},
	{
		"Index": 43,
		"JPN": [
			"まえに　りえきをうけとってから",
			"おみせのうりあげが<BREAK><CMD>278227000080</CMD>リッチで　<CMD>278227000280</CMD>リッチの<BREAK>りえきがあるミャオ！",
			"<CMD>138027005baf</CMD>",
			"\f"
		]
	},
	{
		"Index": 44,
		"JPN": [
			"じつは…　いまはまだ<BREAK>おみせのうりあげがないミャオ",
			"<CMD>178027008b802700688027000a8027000180</CMD>でも　まだまだこれからミャオ！<BREAK>がんばって　しょうひんを<BREAK>うりまくるミャオ！！",
			"\f"
		]
	},
	{
		"Index": 45,
		"JPN": [
			"つぎに<BREAK>おみせのセールについて<BREAK>ほうこくするミャオ！",
			"\f"
		]
	},
	{
		"Index": 46,
		"JPN": [
			"<CMD>158027001882</CMD>りょうかいミャオ<BREAK><CMD>278227000280</CMD>リッチの<BREAK>りえきを　わたすミャオ！",
			"ミャオミャオ！　てもちのおかねが<BREAK>いっぱいミャオ！",
			"てんちょう　もてないぶんは<BREAK><CMD>008027000580</CMD>ぎんこう<CMD>008027000180</CMD>にあずけておくミャオ！",
			"それじゃあ<BREAK>きょうもいちにち<BREAK>がんばるミャオ！！",
			"\f"
		]
	},
	{
		"Index": 47,
		"JPN": [
			"おみせじょうほうを<BREAK>みるミャオ！<CMD>49802700608927000b8027000180</CMD>",
			"\f"
		]
	},
	{
		"Index": 48,
		"JPN": [
			"おとくいさまリストを<BREAK>ひらくミャオ！<CMD>4980270060892700068027000180</CMD>",
			"\f"
		]
	},
	{
		"Index": 49,
		"JPN": [
			"つぎに<BREAK>おみせのうりあげについて<BREAK>ほうこくするミャオ！",
			"\f"
		]
	},
	{
		"Index": 50,
		"JPN": [
			"いま　いちばん<BREAK>かずがうれている　しょうひんは<BREAK><CMD>218227000180</CMD>ミャオ",
			"\f"
		]
	},
	{
		"Index": 51,
		"JPN": [
			"いま　いちばん<BREAK>うりあげのある　しょうひんは<BREAK><CMD>218227000180</CMD>ミャオ",
			"\f"
		]
	},
	{
		"Index": 52,
		"JPN": [
			"いま　いちばん<BREAK>りえきのでた　しょうひんは<BREAK><CMD>218227000180</CMD>ミャオ！",
			"\f"
		]
	},
	{
		"Index": 53,
		"JPN": [
			"<CMD>49802700c4842700018027000180</CMD>",
			"\f"
		]
	},
	{
		"Index": 54,
		"JPN": [
			"しょじきんが　いっぱいなので<BREAK><CMD>158027001882</CMD><CMD>278227000080</CMD>リッチ<BREAK>ぎんこうにあずけたミャオ！",
			"<CMD>1380270053af</CMD>",
			"\f"
		]
	},
	{
		"Index": 55,
		"JPN": [
			"しょうひんリストを<BREAK>ひらくミャオ！<CMD>4980270060892700138027000180</CMD>",
			"\f"
		]
	},
	{
		"Index": 56,
		"JPN": [
			"しょうひんリストを<BREAK>とじるミャオ！",
			"\f"
		]
	},
	{
		"Index": 57,
		"JPN": [
			"しょうひんリストを<BREAK>ひらくミャオ！",
			"\f"
		]
	},
	{
		"Index": 58,
		"JPN": [
			"ほかに　なにがみたいミャオ？",
			"<CMD>1380270054af</CMD>",
			"\f"
		]
	},
	{
		"Index": 59,
		"JPN": [
			"あと　てんちょうに<BREAK>うれしいほうこくがあるミャオ！",
			"いまおみせは<BREAK>おきゃくさんが　たくさんきていて<BREAK><CMD>008027000880</CMD>だいはんじょうじょうたい<CMD>008027000180</CMD>ミャオ！",
			"\f"
		]
	},
	{
		"Index": 60,
		"JPN": [
			"<CMD>4980270060892700148027000180</CMD>",
			"\f"
		]
	},
	{
		"Index": 61,
		"JPN": [
			"おきゃくさんからの<BREAK>いらいがあるミャオ！",
			"\f"
		]
	},
	{
		"Index": 62,
		"JPN": [
			"いまうけてるいらいは<BREAK>あと<CMD>278227000080</CMD>にちできげんミャオ！",
			"てんちょう　ちょうしは<BREAK>どうかミャオ？",
			"<CMD>128027000180</CMD>",
			"\f"
		]
	},
	{
		"Index": 63,
		"JPN": [
			"<CMD>3780</CMD>",
			"もういちどみたい<CMD>128027000180</CMD>",
			"できた！<CMD>128027000280</CMD>",
			"いらいをやめる<CMD>128027000680</CMD>",
			"なんでもない<CMD>128027000a80</CMD>",
			"\f"
		]
	},
	{
		"Index": 64,
		"JPN": [
			"いま　うけてる<BREAK>いらいを　かくにんするのミャオ！",
			"\f"
		]
	},
	{
		"Index": 65,
		"JPN": [
			"いらいしょうひんが<BREAK>できたのミャオ？",
			"おきゃくさんにわたすしょうひんは<BREAK>カバンにいれてるのかミャオ？",
			"おきゃくさんにきてもらっても<BREAK>だいじょうぶかミャオ？",
			"<CMD>128027000180</CMD>",
			"\f"
		]
	},
	{
		"Index": 66,
		"JPN": [
			"<CMD>3780</CMD>",
			"だいじょうぶ<CMD>128027000180</CMD>",
			"ダメ<CMD>128027000280</CMD>",
			"\f"
		]
	},
	{
		"Index": 67,
		"JPN": [
			"じゃあ　おきゃくさんに<BREAK>おみせにきてもらうミャオ！",
			"\f"
		]
	},
	{
		"Index": 68,
		"JPN": [
			"おきゃくさんをよぶ<BREAK>じゅんびができたら<BREAK>こえをかけてミャオ",
			"\f"
		]
	},
	{
		"Index": 69,
		"JPN": [
			"ミャオ！<BREAK>いらいをやめるのかミャオ！？<BREAK>ホントにやめていいのかミャオ？",
			"<CMD>128027000180</CMD>",
			"\f"
		]
	},
	{
		"Index": 70,
		"JPN": [
			"<CMD>3780</CMD>",
			"やめる<CMD>128027000180</CMD>",
			"やっぱりやめない<CMD>128027000280</CMD>",
			"\f"
		]
	},
	{
		"Index": 71,
		"JPN": [
			"しょうがないミャオ…<BREAK>おきゃくさんにはボクから<BREAK>おわびしておくミャオ…",
			"てんちょう！<BREAK>こんどからは<BREAK>ちゃんとしてほしいミャオ！",
			"\f"
		]
	},
	{
		"Index": 72,
		"JPN": [
			"<CMD>f481</CMD>てんちょう<BREAK>ガンバッテいらいを<BREAK>たっせいするミャオ！",
			"\f"
		]
	},
	{
		"Index": 73,
		"JPN": [
			"それじゃあ<BREAK>しごとにもどるミャオっ！",
			"\f"
		]
	},
	{
		"Index": 74,
		"JPN": [
			"うけていた　いらいの<BREAK>きげんがきれちゃったのミャオ！",
			"おきゃくさんが<BREAK>まだできてないのかって<BREAK>おこってたので…",
			"ボクからあやまって<BREAK>おいたのミャオ！",
			"<CMD>f481</CMD>てんちょう<BREAK>ひきうけた　いらいは<BREAK>ちゃんとおわらせてほしいミャオ！",
			"\f"
		]
	},
	{
		"Index": 75,
		"JPN": [
			"いまは…",
			"おきゃくさんからの<BREAK>いらいはないミャオ！",
			"\f"
		]
	},
	{
		"Index": 76,
		"JPN": [
			"まだ　<CMD>008027000880</CMD>てがみ<CMD>008027000180</CMD>あずかってるミャオ！",
			"\f"
		]
	},
	{
		"Index": 77,
		"JPN": [
			"いらいのしょうひんを<BREAK>わたしたおきゃくさんから<BREAK><CMD>008027000880</CMD>てがみ<CMD>008027000180</CMD>をあずかってるミャオ！",
			"\f"
		]
	},
	{
		"Index": 78,
		"JPN": [
			"<CMD>f481</CMD>てんちょう<BREAK>おきゃくさんから　おれいのしなを<BREAK>あずかってるミャオ！",
			"\f"
		]
	},
	{
		"Index": 79,
		"JPN": [
			"ミャオ！　カバンがいっぱいで<BREAK>わたせないミャオ！",
			"カバンをせいりしてくるミャオ！",
			"\f"
		]
	},
	{
		"Index": 80,
		"JPN": [
			"りょうかいミャオ！<BREAK>それじゃあ　いったんみせを<BREAK>しめるミャオー！<CMD>4980270060892700108027000180</CMD>",
			"\f"
		]
	},
	{
		"Index": 81,
		"JPN": [
			"おみせのじゅんびが<BREAK>おわったら<BREAK>ボクに　はなしかけてくれミャオ！",
			"\f"
		]
	},
	{
		"Index": 82,
		"JPN": [
			"おみせのじゅんびは<BREAK>おわったのかミャオ？",
			"\f"
		]
	},
	{
		"Index": 83,
		"JPN": [
			"ミャオ？　<CMD>f481</CMD>てんちょう<BREAK>このままじゃあ<BREAK><CMD>008027000580</CMD>こうぼう<CMD>008027000180</CMD>にいけないミャオ！",
			"しょうひんの　はいちを<BREAK>やりなおすミャオ！",
			"\f"
		]
	},
	{
		"Index": 84,
		"JPN": [
			"いまのおみせを<BREAK>すれちがいつうしんに<BREAK>とうろくするには…",
			"<CMD>008027000580</CMD>ショッピングモール<CMD>008027000180</CMD>の<BREAK><CMD>008027000380</CMD>マネージャー<CMD>008027000180</CMD>にはなしかけて",
			"すれちがいつうしんのなかの<BREAK>おみせのとうろくを<BREAK>えらぶひつようがあるミャオ！",
			"よくおぼえておくミャオ！",
			"それじゃあ<BREAK>おみせをひらくミャオ！",
			"\f"
		]
	},
	{
		"Index": 85,
		"JPN": [
			"なにかようミャオ？",
			"<CMD>128027000180</CMD>",
			"\f"
		]
	},
	{
		"Index": 86,
		"JPN": [
			"<CMD>3780</CMD>",
			"じゅんびをおわる<CMD>138027009faf</CMD>",
			"しょうひんリスト<CMD>138027007baf</CMD>",
			"おしょくじメニュー<CMD>1380270061af</CMD>",
			"そうこ<CMD>138027009daf</CMD>",
			"つづける<CMD>13802700ffff</CMD>",
			"\f"
		]
	},
	{
		"Index": 87,
		"JPN": [
			"<CMD>4980270060892700118027000180</CMD>",
			"\f"
		]
	},
	{
		"Index": 88,
		"JPN": [
			"<CMD>178027008b802700018027000a8027000180</CMD>りょうかいミャオ！",
			"おわったときは<BREAK>また　はなしかけるミャオー！<CMD>2b802700b48027000080</CMD>",
			"\f"
		]
	},
	{
		"Index": 89,
		"JPN": [
			"おみせのそうこを<BREAK>みてみるミャオ！<CMD>4980270060892700078027000180</CMD>",
			"\f"
		]
	},
	{
		"Index": 90,
		"JPN": [
			"ミャオ？　<CMD>f481</CMD>てんちょう<BREAK>このままじゃあ　イスにすわれない<BREAK>テーブルがあるミャオ！",
			"しょうひんの　はいちを<BREAK>やりなおすミャオ！",
			"\f"
		]
	},
	{
		"Index": 91,
		"JPN": [
			"おみせのじゅんびは<BREAK>おわったのかミャオ？",
			"<CMD>128027000180</CMD>",
			"\f"
		]
	},
	{
		"Index": 92,
		"JPN": [
			"<CMD>3780</CMD>",
			"おわる<CMD>138027009baf</CMD>",
			"つづける<CMD>138027009caf</CMD>",
			"\f"
		]
	},
	{
		"Index": 93,
		"JPN": [
			"それじゃあ　いったんみせを<BREAK>しめるミャオ？",
			"<CMD>128027000180</CMD>",
			"\f"
		]
	},
	{
		"Index": 94,
		"JPN": [
			"<CMD>3780</CMD>",
			"みせをしめる<CMD>1380270094af</CMD>",
			"やめる<CMD>1380270053af</CMD>",
			"\f"
		]
	},
	{
		"Index": 95,
		"JPN": [
			"はやく　おきゃくさんに<BREAK>はこぶんだミャオ！",
			"\f"
		]
	},
	{
		"Index": 96,
		"JPN": [
			"てんちょう　おまたせミャオ！<BREAK>ドリンクがかんせいしたミャオ！！<CMD>4980270060892700018027000180</CMD>",
			"\f"
		]
	},
	{
		"Index": 97,
		"JPN": [
			"おきゃくさんが　まってるミャオ！<BREAK>ドリンクを　もっていくミャオ！",
			"\f"
		]
	},
	{
		"Index": 98,
		"JPN": [
			"<CMD>16802700478127005681</CMD>おきゃくさんに<BREAK>ドリンクを　とどけるミャオ！",
			"\f"
		]
	},
	{
		"Index": 99,
		"JPN": [
			"てんちょう　おまたせミャオ！<BREAK>りょうりがかんせいしたミャオ！！<CMD>4980270060892700018027000180</CMD>",
			"\f"
		]
	}
]