[
	{
		"Index": 2,
		"JPN": [
			"ごほん…",
			"{今回|こんかい}の<BREAK><CMD>f481</CMD>くんの<BREAK>ひょうかは…",
			"\f"
		]
	},
	{
		"Index": 3,
		"JPN": [
			"これからも<BREAK>がんばってくださいね！",
			"\f"
		]
	},
	{
		"Index": 4,
		"JPN": [
			"まほう{使|つか}いとして<BREAK>{少|すこ}し　せいちょうした！",
			"\f"
		]
	},
	{
		"Index": 10,
		"JPN": [
			"{町|まち}で{起|お}こる<BREAK>さまざまな{問題|もんだい}を<BREAK>がんばって　かいけつしました",
			"\f"
		]
	},
	{
		"Index": 11,
		"JPN": [
			"たくさんの{友|とも}だちと<BREAK>{話|はなし}をして　こうりゅうのわを<BREAK>{広|ひろ}げました",
			"\f"
		]
	},
	{
		"Index": 12,
		"JPN": [
			"なかまを{大切|たいせつ}にし<BREAK>よい　かんけいを<BREAK>きずいています",
			"\f"
		]
	},
	{
		"Index": 13,
		"JPN": [
			"<CMD>f481</CMD>くんの<BREAK>おかげで{町|まち}がきれいに<BREAK>たもたれています",
			"\f"
		]
	},
	{
		"Index": 14,
		"JPN": [
			"<CMD>f481</CMD>くんの{行|おこ}ないで<BREAK>{町|まち}のかんきょうが<BREAK>よく{整|ととの}えられています",
			"\f"
		]
	},
	{
		"Index": 15,
		"JPN": [
			"じゅぎょうに　しゅっせきして<BREAK>せいとの{本分|ほんぶん}である<BREAK>{勉強|べんきょう}に　はげみました",
			"\f"
		]
	},
	{
		"Index": 16,
		"JPN": [
			"{魚|さかな}を　たくさんつりあげて<BREAK>ねっしんに{勉強|べんきょう}しましたね",
			"\f"
		]
	},
	{
		"Index": 17,
		"JPN": [
			"{虫|むし}を　たくさんつかまえて<BREAK>ねっしんに{勉強|べんきょう}しましたね",
			"\f"
		]
	},
	{
		"Index": 20,
		"JPN": [
			"<CMD>f481</CMD>くん<BREAK>{春|はる}の　お{茶会|ちゃかい}で<BREAK>よいせいせきを　おさめましたね",
			"\f"
		]
	},
	{
		"Index": 21,
		"JPN": [
			"<CMD>f481</CMD>くん<BREAK>{夏|なつ}の　きもだめし{大会|たいかい}で<BREAK>がんばりましたね",
			"\f"
		]
	},
	{
		"Index": 22,
		"JPN": [
			"<CMD>f481</CMD>くん<BREAK>{秋|あき}の　キノコなべ{大会|たいかい}で<BREAK>がんばりましたね",
			"\f"
		]
	},
	{
		"Index": 23,
		"JPN": [
			"<CMD>f481</CMD>くん<BREAK>にじの　{雪|ゆき}まつりで<BREAK>がんばりましたね",
			"\f"
		]
	},
	{
		"Index": 30,
		"JPN": [
			"<CMD>f481</CMD>くん！<BREAK>{町|まち}で{起|お}こる{問題|もんだい}を<BREAK>すべて　かいけつしました",
			"それをたたえて<BREAK><CMD>008027000480</CMD>ちえのまほうつかい<CMD>008027000180</CMD>の<BREAK>しょうごうと…",
			"<CMD>008027000480</CMD>リングワンド<CMD>008027000180</CMD>を<BREAK>さずけましょう",
			"\f"
		]
	},
	{
		"Index": 31,
		"JPN": [
			"<CMD>f481</CMD>くん！<BREAK>まほう{大会|たいかい}で　ゆうしゅうな<BREAK>せいせきをのこしました",
			"それをたたえて<BREAK><CMD>008027000480</CMD>ゆうしゅうなまほうつかい<CMD>008027000180</CMD>の<BREAK>しょうごうと…",
			"<CMD>008027000480</CMD>クリスタルステッキ<CMD>008027000180</CMD>を<BREAK>さずけましょう",
			"\f"
		]
	},
	{
		"Index": 32,
		"JPN": [
			"<CMD>f481</CMD>くん<BREAK>みんなをこまらせる<BREAK>キャプテンドットをこらしめ…",
			"{町|まち}の{平和|へいわ}を{守|まも}りました",
			"それをたたえて<BREAK><CMD>008027000480</CMD>せいぎのまほうつかい<CMD>008027000180</CMD>の<BREAK>しょうごうと…",
			"<CMD>008027000480</CMD>サンダーステッキ<CMD>008027000180</CMD>を<BREAK>さずけましょう",
			"\f"
		]
	},
	{
		"Index": 33,
		"JPN": [
			"<CMD>f481</CMD>くん！<BREAK>たくさん{悪|わる}いことをして<BREAK>みんなをこまらせましたね？",
			"よって<BREAK><CMD>008027000480</CMD>わるいまほうつかい<CMD>008027000180</CMD>の<BREAK>しょうごうと…",
			"<CMD>008027000480</CMD>わるいまほうぼうし<CMD>008027000180</CMD>を<BREAK>さずけましょう<BREAK>わるいことは　しないように！",
			"\f"
		]
	},
	{
		"Index": 34,
		"JPN": [
			"<CMD>f481</CMD>くん<BREAK>たくさんのいせいから<BREAK>こくはくを{受|う}けたようですね",
			"それをたたえて<BREAK><CMD>008027000480</CMD>こいのまほうつかい<CMD>008027000180</CMD>の<BREAK>しょうごうと…",
			"<CMD>008027000480</CMD>プリティーステッキ<CMD>008027000180</CMD>を<BREAK>さずけましょう",
			"\f"
		]
	},
	{
		"Index": 35,
		"JPN": [
			"<CMD>f481</CMD>くん　{何度|なんど}も<BREAK>かみがたをかえて　りゅうこうに<BREAK>びんかんだったようですね",
			"それをたたえて<BREAK><CMD>008027000480</CMD>りゅうこうまほうつかい<CMD>008027000180</CMD>の<BREAK>しょうごうと…",
			"<CMD>008027000480</CMD>かわいいまほうぼうし<CMD>008027000180</CMD>を<BREAK>さずけましょう",
			"\f"
		]
	},
	{
		"Index": 36,
		"JPN": [
			"<CMD>f481</CMD>くん　{花|はな}を<BREAK>たくさん　さかせて　うつくしい<BREAK>{花|はな}の{町|まち}にしましたね",
			"それをたたえて<BREAK><CMD>008027000480</CMD>はなのまほうつかい<CMD>008027000180</CMD>の<BREAK>しょうごうと…",
			"<CMD>008027000480</CMD>ひまわりステッキ<CMD>008027000180</CMD>を<BREAK>さずけましょう",
			"\f"
		]
	},
	{
		"Index": 37,
		"JPN": [
			"<CMD>f481</CMD>くん　{毎日|まいにち}<BREAK>ようふくを{着|き}がえ　おしゃれに<BREAK>{気|き}を{配|くば}りました",
			"それをたたえて<BREAK><CMD>008027000480</CMD>おしゃれまほうつかい<CMD>008027000180</CMD>の<BREAK>しょうごうと…",
			"<CMD>008027000480</CMD>マジカルパラソル<CMD>008027000180</CMD>を<BREAK>さずけましょう",
			"\f"
		]
	},
	{
		"Index": 38,
		"JPN": [
			"<CMD>f481</CMD>くん　{友|とも}だちを<BREAK>{大切|たいせつ}にして　{毎日|まいにち}<BREAK>{声|こえ}をかけていました",
			"それをたたえて<BREAK><CMD>008027000480</CMD>しんしのまほうつかい<CMD>008027000180</CMD>の<BREAK>しょうごうと…",
			"<CMD>008027000480</CMD>しんしのステッキ<CMD>008027000180</CMD>と<BREAK><CMD>008027000480</CMD>しんしのぼうし<CMD>008027000180</CMD>を<BREAK>さずけましょう",
			"\f"
		]
	},
	{
		"Index": 39,
		"JPN": [
			"<CMD>f481</CMD>くん　おばけを<BREAK>たくさんたおして　ふあんがる<BREAK>みんなを　{安心|あんしん}させました",
			"それをたたえて<BREAK><CMD>008027000480</CMD>どくろのまほうつかい<CMD>008027000180</CMD>の<BREAK>しょうごうと…",
			"<CMD>008027000480</CMD>ドクロのつえ<CMD>008027000180</CMD>と<BREAK><CMD>008027000480</CMD>ガイコツマスク<CMD>008027000180</CMD>を<BREAK>さずけましょう",
			"\f"
		]
	},
	{
		"Index": 40,
		"JPN": [
			"<CMD>f481</CMD>くん　{町|まち}にいる<BREAK>すべての{虫|むし}を{集|あつ}めて<BREAK>ずかんを　かんせいさせました",
			"それをたたえて<BREAK><CMD>008027000480</CMD>むしまほうつかい<CMD>008027000180</CMD>の<BREAK>しょうごうと…",
			"<CMD>008027000480</CMD>マジックハンド<CMD>008027000180</CMD>を<BREAK>さずけましょう",
			"\f"
		]
	},
	{
		"Index": 41,
		"JPN": [
			"<CMD>f481</CMD>くん　{町|まち}にいる<BREAK>すべての{魚|さかな}を{集|あつ}めて<BREAK>ずかんを　かんせいさせました",
			"よって　<CMD>008027000480</CMD>さかなまほうつかい<CMD>008027000180</CMD>の<BREAK>しょうごうと…",
			"<CMD>008027000480</CMD>ポセイドンのつえ<CMD>008027000180</CMD>を<BREAK>さずけましょう",
			"\f"
		]
	},
	{
		"Index": 42,
		"JPN": [
			"<CMD>f481</CMD>くん<BREAK>じゅぎょうで{習|なら}う<BREAK>すべての　まほうとおまじないを",
			"せいこうさせましたね",
			"それをたたえて<BREAK><CMD>008027000480</CMD>りっぱなまほうつかい<CMD>008027000180</CMD>の<BREAK>しょうごうと…",
			"<CMD>f481</CMD>くんが<BREAK>つえのちからを　うまく<BREAK>{引|ひ}き{出|だ}せるようにしましょう",
			"\f"
		]
	},
	{
		"Index": 44,
		"JPN": [
			"<CMD>008027000780</CMD>つえから{出|で}るまほうの<BREAK>スピードがはやくなって<BREAK>キョリがのびるようになった<CMD>008027000180</CMD>",
			"\f"
		]
	},
	{
		"Index": 45,
		"JPN": [
			"{今|いま}までの　ひょうかと<BREAK>{今回|こんかい}の　ひょうかを<BREAK>すべて{合|あ}わせると…",
			"<CMD>f481</CMD>くんの<BREAK>かいきゅうを{上|あ}げても<BREAK>だいじょうぶでしょう",
			"よって　がんばりを　たたえて<BREAK><CMD>008027000480</CMD>ひとつぼしまほうつかい<CMD>008027000180</CMD>の<BREAK>しょうごうと…",
			"<CMD>008027000480</CMD>ひとつぼしとんがりぼう<CMD>008027000180</CMD>を<BREAK>さずけましょう",
			"これにより　<CMD>f481</CMD>くんは<BREAK><CMD>008027000480</CMD>ひとつぼしまほうつかい<CMD>008027000180</CMD><BREAK>となりました",
			"その{名|な}に　はじないように<BREAK>これからも　がんばるのです",
			"\f"
		]
	},
	{
		"Index": 46,
		"JPN": [
			"{今|いま}までの　ひょうかと<BREAK>{今回|こんかい}の　ひょうかを<BREAK>すべて{合|あ}わせると…",
			"<CMD>f481</CMD>くんの<BREAK>かいきゅうを{上|あ}げても<BREAK>だいじょうぶでしょう",
			"よって　がんばりを　たたえて<BREAK><CMD>008027000480</CMD>ふたつぼしまほうつかい<CMD>008027000180</CMD>の<BREAK>しょうごうと…",
			"<CMD>008027000480</CMD>ふたつぼしとんがりぼう<CMD>008027000180</CMD>を<BREAK>さずけましょう",
			"これにより　<CMD>f481</CMD>くんは<BREAK><CMD>008027000480</CMD>ふたつぼしまほうつかい<CMD>008027000180</CMD><BREAK>となりました",
			"その{名|な}に　はじないように<BREAK>これからも　がんばるのです",
			"\f"
		]
	},
	{
		"Index": 47,
		"JPN": [
			"{今|いま}までの　ひょうかと<BREAK>{今回|こんかい}の　ひょうかを<BREAK>すべて{合|あ}わせると…",
			"<CMD>f481</CMD>くんの<BREAK>かいきゅうを{上|あ}げても<BREAK>だいじょうぶでしょう",
			"よって　がんばりを　たたえて<BREAK><CMD>008027000480</CMD>みつぼしまほうつかい<CMD>008027000180</CMD>の<BREAK>しょうごうと…",
			"<CMD>008027000480</CMD>みつぼしとんがりぼう<CMD>008027000180</CMD>を<BREAK>さずけましょう",
			"これにより　<CMD>f481</CMD>くんは<BREAK><CMD>008027000480</CMD>みつぼしまほうつかい<CMD>008027000180</CMD><BREAK>となりました",
			"その{名|な}に　はじないように<BREAK>これからも　がんばるのです",
			"\f"
		]
	},
	{
		"Index": 48,
		"JPN": [
			"{今|いま}までの　ひょうかと<BREAK>{今回|こんかい}の　ひょうかを<BREAK>すべて{合|あ}わせると…",
			"<CMD>f481</CMD>くんの<BREAK>かいきゅうを{上|あ}げても<BREAK>だいじょうぶでしょう",
			"よって　がんばりを　たたえて<BREAK><CMD>008027000480</CMD>よつぼしまほうつかい<CMD>008027000180</CMD>の<BREAK>しょうごうと…",
			"<CMD>008027000480</CMD>よつぼしとんがりぼう<CMD>008027000180</CMD>と<BREAK><CMD>008027000480</CMD>ウッドスタッフ<CMD>008027000180</CMD>を<BREAK>さずけましょう",
			"これにより　<CMD>f481</CMD>くんは<BREAK><CMD>008027000480</CMD>よつぼしまほうつかい<CMD>008027000180</CMD><BREAK>となりました",
			"その{名|な}に　はじないように<BREAK>これからも　がんばるのです",
			"\f"
		]
	},
	{
		"Index": 49,
		"JPN": [
			"{今|いま}までの　ひょうかと<BREAK>{今回|こんかい}の　ひょうかを<BREAK>すべて{合|あ}わせると…",
			"<CMD>f481</CMD>くんの<BREAK>かいきゅうを{上|あ}げても<BREAK>だいじょうぶでしょう",
			"よって　がんばりを　たたえて<BREAK><CMD>008027000480</CMD>だいまほうつかい<CMD>008027000180</CMD>の<BREAK>しょうごうと…",
			"<CMD>008027000480</CMD>だいまほうつかいぼう<CMD>008027000180</CMD>を<BREAK>さずけましょう",
			"ついに　<CMD>008027000480</CMD>だいまほうつかい<CMD>008027000180</CMD>と<BREAK>なりましたね",
			"これからのかつやくも<BREAK>きたいしていますよ<BREAK>おめでとう　<CMD>f481</CMD>くん",
			"\f"
		]
	},
	{
		"Index": 50,
		"JPN": [
			"<CMD>f481</CMD>くん<BREAK>まだ　がんばりが<BREAK>{足|た}りないようですね…",
			"{次|つぎ}はよい　ひょうかを<BREAK>{受|う}けられるように<BREAK>がんばりましょう",
			"\f"
		]
	},
	{
		"Index": 51,
		"JPN": [
			"<CMD>f481</CMD>くん<BREAK>どりょくの　せいかが<BREAK>あらわれていますね",
			"この{調子|ちょうし}で<BREAK>がんばってください！",
			"\f"
		]
	},
	{
		"Index": 52,
		"JPN": [
			"<CMD>f481</CMD>くん<BREAK>よくがんばりました！<BREAK>{今回|こんかい}の　ひょうかは…",
			"かなり{高|たか}いですよ<BREAK>{次|つぎ}も　この{調子|ちょうし}で<BREAK>がんばってください！",
			"\f"
		]
	},
	{
		"Index": 65,
		"JPN": [
			"ではわらわから{見|み}た　そなたの<BREAK>ファッション{活動|かつどう}の<BREAK>ひょうかをつたえますわ",
			"そなたのさいきんの<BREAK>ファッション{活動|かつどう}は…",
			"\f"
		]
	},
	{
		"Index": 66,
		"JPN": [
			"<CMD>18802700729b27000580</CMD><CMD>17802700729b2700068027000a8027000280</CMD><CMD>16802700729b27002f81</CMD>う～ん…　{正直|しょうじき}に{言|い}うと<BREAK>まだまだ　がんばりきれて<BREAK>いないようですわね",
			"もしどうしたらいいのか<BREAK>わからなければ　<CMD>008027000480</CMD>ベリーズ<CMD>008027000180</CMD>に<BREAK>のるのを{目指|めざ}してはいかが？",
			"ファッションチェックを<BREAK>せっきょくてきに　{行|おこ}なえば<BREAK>きっとスカウトがあるハズですわ",
			"\f"
		]
	},
	{
		"Index": 67,
		"JPN": [
			"<CMD>18802700729b27000080</CMD><CMD>17802700729b270001802700048027000080</CMD>なかなか　がんばっていますわね<BREAK>すばらしいですわ！",
			"もう{少|すこ}しで　<CMD>008027000480</CMD>おしゃれＭＶＰ<CMD>008027000180</CMD>を<BREAK>ねらえるのではないですか？<BREAK>ぜひちょうせんしてほしいですわ",
			"\f"
		]
	},
	{
		"Index": 68,
		"JPN": [
			"<CMD>18802700729b27000180</CMD><CMD>17802700729b270001802700048027000280</CMD><CMD>16802700729b27005581</CMD>とてもじゅんちょうなようですね<BREAK>わらわが{言|い}うことは<BREAK>{何|なに}もありません",
			"これからも　その{調子|ちょうし}で<BREAK>{町|まち}のファッションのはってんに<BREAK>きょうりょくしてほしいですわ",
			"\f"
		]
	},
	{
		"Index": 69,
		"JPN": [
			"では{次|つぎ}に　そなたの<BREAK>おしゃれのセンスの<BREAK>ひょうかをつたえますわ",
			"\f"
		]
	},
	{
		"Index": 70,
		"JPN": [
			"<CMD>18802700729b27000380</CMD><CMD>17802700729b270001802700048027000080</CMD><CMD>16802700729b27003081</CMD>{今|いま}のそなたのセンスは<BREAK>{前|まえ}とくらべても　ほとんど<BREAK>かわってはいません…",
			"\f"
		]
	},
	{
		"Index": 71,
		"JPN": [
			"<CMD>18802700729b27000080</CMD><CMD>17802700729b270001802700048027000080</CMD>そなたが　おしゃれのセンスを<BREAK>のばすには{相当|そうとう}な<BREAK>どりょくがひつようです",
			"ファッションチェックを<BREAK>たくさんして<CMD>008027000380</CMD>ジャクリーヌ<CMD>008027000180</CMD>に<BREAK>スカウトされたり",
			"ファッションショーを<BREAK>せいこうさせたり…",
			"そういった{事|こと}を<BREAK>{地道|じみち}にやっていくことが<BREAK>ひつようですわ",
			"\f"
		]
	},
	{
		"Index": 72,
		"JPN": [
			"<CMD>18802700729b27000080</CMD><CMD>17802700729b270001802700048027000080</CMD>そなたが　おしゃれのセンスを<BREAK>のばすにはかなりの<BREAK>どりょくがひつようですわ",
			"でも　{次|つぎ}のひょうかまでに<BREAK><CMD>008027000380</CMD>ジャクリーヌ<CMD>008027000180</CMD>のスカウトを２{回|かい}<BREAK>{受|う}けるくらいのけいけんをつめば…",
			"そなたのセンスは<BREAK>もっとみがかれるハズですわ",
			"\f"
		]
	},
	{
		"Index": 73,
		"JPN": [
			"<CMD>18802700729b27000080</CMD><CMD>17802700729b270001802700048027000080</CMD>そなたが　おしゃれのセンスを<BREAK>のばすには…",
			"<CMD>008027000480</CMD>ベリーズ<CMD>008027000180</CMD>のとくしゅうや{表紙|ひょうし}を<BREAK>かざるくらいの<BREAK>どりょくが　ひつようですわ",
			"{次回|じかい}のひょうかの{時|とき}には<BREAK>もっとおしゃれになっていると<BREAK>しんじていますわ",
			"\f"
		]
	},
	{
		"Index": 74,
		"JPN": [
			"<CMD>18802700729b27000080</CMD><CMD>17802700729b270001802700048027000080</CMD>{今|いま}のそなたなら　{少|すこ}し<BREAK>がんばれば　おしゃれのセンスが<BREAK>もっともっとよくなりますわ",
			"{次|つぎ}のひょうかの{時|とき}には<BREAK>よりおしゃれになっていることを<BREAK>{楽|たの}しみにしていますわ",
			"\f"
		]
	},
	{
		"Index": 75,
		"JPN": [
			"<CMD>f481</CMD>　そなたの<BREAK>{今|いま}までのかつやくを<BREAK>{見|み}ていて…",
			"おしゃれのセンスが<BREAK>よくなっていることに<BREAK>{気|き}がつきましたの",
			"\f"
		]
	},
	{
		"Index": 76,
		"JPN": [
			"{今|いま}までは　そなたを<BREAK><CMD>008027000880</CMD>おしゃれみならい<CMD>008027000180</CMD>　ていどにしか<BREAK>{思|おも}っていませんでしたけど",
			"<CMD>18802700729b27000180</CMD><CMD>17802700729b270001802700048027000280</CMD><CMD>16802700729b27005581</CMD>これからは<BREAK><CMD>008027000880</CMD>１つ{星|ぼし}おしゃれリーダー<CMD>008027000180</CMD><BREAK>とよばせていただきますわ！",
			"<CMD>18802700729b27000080</CMD><CMD>17802700729b270001802700048027000080</CMD>けいけんはあさくても<BREAK>そなたのセンスはカクジツに<BREAK>よくなっていると{思|おも}いますわ",
			"これからも　どりょくを<BREAK>つづけてください",
			"\f"
		]
	},
	{
		"Index": 77,
		"JPN": [
			"{今|いま}までは　そなたを<BREAK><CMD>008027000880</CMD>１つ{星|ぼし}おしゃれリーダー<CMD>008027000180</CMD><BREAK>とよんでいましたけれど",
			"<CMD>18802700729b27000180</CMD><CMD>17802700729b270001802700048027000280</CMD><CMD>16802700729b27005581</CMD>これからは<BREAK><CMD>008027000880</CMD>２つ{星|ぼし}おしゃれリーダー<CMD>008027000180</CMD><BREAK>とよばせていただきますわ！",
			"<CMD>18802700729b27000080</CMD><CMD>17802700729b270001802700048027000080</CMD>けいけんをつんで　よりセンスが<BREAK>みがかれてきたようですわ",
			"これからも　どりょくを<BREAK>つづけてください",
			"\f"
		]
	},
	{
		"Index": 78,
		"JPN": [
			"{今|いま}までは　そなたを<BREAK><CMD>008027000880</CMD>２つ{星|ぼし}おしゃれリーダー<CMD>008027000180</CMD><BREAK>とよんでいましたけれど",
			"<CMD>18802700729b27000180</CMD><CMD>17802700729b270001802700048027000280</CMD><CMD>16802700729b27005581</CMD>これからは<BREAK><CMD>008027000880</CMD>３つ{星|ぼし}おしゃれリーダー<CMD>008027000180</CMD><BREAK>とよばせていただきますわ！",
			"<CMD>18802700729b27000080</CMD><CMD>17802700729b270001802700048027000080</CMD>{今|いま}のそなたのセンスなら<BREAK>コーデにスタイルをつけやすく<BREAK>なっているハズですわ",
			"これからもたくさんコーデを<BREAK>{生|う}み{出|だ}して　{町|まち}のファッションを<BREAK>もりあげてください",
			"\f"
		]
	},
	{
		"Index": 79,
		"JPN": [
			"{今|いま}までは　そなたを<BREAK><CMD>008027000880</CMD>３つ{星|ぼし}おしゃれリーダー<CMD>008027000180</CMD><BREAK>とよんでいましたけれど",
			"<CMD>18802700729b27000180</CMD><CMD>17802700729b270001802700048027000280</CMD><CMD>16802700729b27005581</CMD>これからは<BREAK><CMD>008027000880</CMD>４つ{星|ぼし}おしゃれリーダー<CMD>008027000180</CMD><BREAK>とよばせていただきますわ！",
			"<CMD>18802700729b27000080</CMD><CMD>17802700729b270001802700048027000080</CMD>{今|いま}のそなたのセンスは<BREAK>{町|まち}の{中|なか}でもトップクラス<BREAK>といえますわ",
			"これからもみんなのお{手本|てほん}として<BREAK>がんばってください",
			"\f"
		]
	},
	{
		"Index": 80,
		"JPN": [
			"そなたはもう　ファッションに<BREAK>かかわった{時間|じかん}も　センスも<BREAK>だれよりも{上|うえ}を{行|い}っていますわ",
			"<CMD>18802700729b27000180</CMD><CMD>17802700729b270001802700048027000280</CMD><CMD>16802700729b27005581</CMD>その{実力|じつりょく}をみとめ　そなたを<BREAK><CMD>008027000880</CMD>５つ{星|ぼし}おしゃれリーダー<CMD>008027000180</CMD><BREAK>とよばせていただきますわ！",
			"<CMD>18802700729b27000080</CMD><CMD>17802700729b270001802700048027000080</CMD><CMD>008027000880</CMD>５つ{星|ぼし}おしゃれリーダー<CMD>008027000180</CMD>と<BREAK>よばれるのは",
			"おうけのにんげんがそのセンスを<BREAK>みとめた{者|もの}だけなのですわ",
			"その{名|な}に　はじないように<BREAK>これからもいっそうのどりょくを<BREAK>きたいしていますわ！",
			"\f"
		]
	},
	{
		"Index": 81,
		"JPN": [
			"もう　これからは<BREAK>そなたのセンスをひょうかする<BREAK>ひつようはありませんわね",
			"<CMD>18802700729b27000180</CMD><CMD>17802700729b270001802700048027000280</CMD><CMD>16802700729b27005581</CMD>{次回|じかい}からはそなたの<BREAK>さいきんのかつやくだけを<BREAK>ひょうかすることにしますわ",
			"\f"
		]
	},
	{
		"Index": 82,
		"JPN": [
			"さて　わらわの{話|はなし}は<BREAK>これで{終|お}わりにします<BREAK>だいじん？",
			"\f"
		]
	},
	{
		"Index": 83,
		"JPN": [
			"…ハハッ！",
			"<CMD>f481</CMD>よ<BREAK><CMD>008027000380</CMD>ひめさま<CMD>008027000180</CMD>のきたいを<BREAK>うらぎらぬよう",
			"ファッション{活動|かつどう}に<BREAK>しょうじんするように",
			"では　<CMD>008027000380</CMD>ひめさま<CMD>008027000180</CMD>のひょうかは<BREAK>これにて　しゅうりょうとする！",
			"\f"
		]
	},
	{
		"Index": 91,
		"JPN": [
			"<CMD>008027000380</CMD>へいか<CMD>008027000180</CMD><BREAK><CMD>f481</CMD>に{何|なに}か<BREAK>おつたえしたいことなどは…",
			"\f"
		]
	},
	{
		"Index": 92,
		"JPN": [
			"ところで<CMD>f481</CMD>よ<BREAK>いぜん{話|はな}した<BREAK>ふしぎなスープ{作|づく}りですが…",
			"<CMD>008027000380</CMD>へいか<CMD>008027000180</CMD>のためにも<BREAK>また　ちょうせんしてみては<BREAK>くれまいか？",
			"<CMD>128027000180</CMD>",
			"\f"
		]
	},
	{
		"Index": 93,
		"JPN": [
			"<CMD>3780</CMD>",
			"ひきうける<CMD>13802700ffff</CMD>",
			"まだむずかしい<CMD>13802700ffff</CMD>",
			"\f"
		]
	},
	{
		"Index": 94,
		"JPN": [
			"{今回|こんかい}のレシピは<BREAK>{次|つぎ}のようになっておりますぞ…",
			"\f"
		]
	}
]