[
	{
		"Index": 0,
		"JPN": [
			"<CMD>17802700b28f2700848027001c80</CMD><CMD>16802700b28f27005681</CMD>なんだ　お{前|まえ}？<BREAK>はじめて{見|み}る{顔|かお}だな",
			"<CMD>17802700b28f2700018027001c80</CMD>まだ　このオレに<BREAK>{負|ま}けてないやつが<BREAK>{残|のこ}ってたとはな",
			"<CMD>17802700b28f2700828027000680</CMD><CMD>16802700b28f27005681</CMD>よし　お{前|まえ}<BREAK>オレと　{勝負|しょうぶ}しろっ！",
			"<CMD>17802700b28f2700018027000680</CMD><CMD>16802700b28f27005581</CMD>ここの{住民|じゅうみん}たちは　みんな<BREAK>オレが　{負|ま}かしてやったんだ！",
			"<CMD>16802700b28f27005881</CMD>{残|のこ}った　お{前|まえ}も<BREAK>きっちり　{負|ま}かしてやる！",
			"{勝負|しょうぶ}は　カンタン",
			"<CMD>17802700b28f2700828027000680</CMD>オレに{見|み}つからないように<BREAK>３{回|かい}　オレをつかまえられたら<BREAK><CMD>16802700b28f27005681</CMD>お{前|まえ}の　{勝|か}ちだ！",
			"<CMD>17802700b28f2700018027000680</CMD>ただし　せいげん{時間内|じかんない}に<BREAK>つかまえないと　ダメだからな",
			"\f"
		]
	},
	{
		"Index": 1,
		"JPN": [
			"<CMD>17802700b28f2700848027001c80</CMD><CMD>16802700b28f27005681</CMD>よーし<BREAK>それじゃあ　{勝負|しょうぶ}だ！",
			"<CMD>17802700b28f2700828027000680</CMD>このオレを<BREAK>つかまえられるもんなら<BREAK>つかまえてみろっ！<CMD>16802700b28f27005681</CMD>",
			"\f"
		]
	},
	{
		"Index": 2,
		"JPN": [
			"<CMD>17802700b28f270085802700048027000180</CMD><CMD>16802700b28f27002d81</CMD><CMD>18802700b28f27000580</CMD>…おっと　あぶねぇ！？<BREAK>そんな　カンタンには<BREAK>つかまらないぜ！！<CMD>18802700b28f27000080</CMD>",
			"\f"
		]
	},
	{
		"Index": 3,
		"JPN": [
			"<CMD>17802700b28f270085802700048027000180</CMD><CMD>16802700b28f27003081</CMD><CMD>18802700b28f27000580</CMD>うわっ！？<BREAK>つかまっちまったか！<BREAK>くっそー！！<CMD>18802700b28f27000280</CMD>",
			"<CMD>17802700b28f2700828027000680</CMD><CMD>16802700b28f27002d81</CMD>…まだ１{回目|かいめ}だ<BREAK>いい{気|き}になるなよっ！！<CMD>18802700b28f27000080</CMD>",
			"\f"
		]
	},
	{
		"Index": 4,
		"JPN": [
			"<CMD>17802700b28f2700828027000680</CMD><CMD>16802700b28f27002d81</CMD><CMD>18802700b28f27000580</CMD>なっ！？<BREAK>また　つかまっちまった！",
			"<CMD>17802700b28f2700018027000680</CMD><CMD>18802700b28f27000080</CMD>な　なぁに<BREAK>まぐれが　{続|つづ}いただけだ…",
			"<CMD>17802700b28f2700848027001c80</CMD><CMD>16802700b28f27005681</CMD><CMD>18802700b28f27000280</CMD>もう　ここからは<BREAK>{本気|ほんき}を{出|だ}すからなっ！！<CMD>18802700b28f27000080</CMD>",
			"\f"
		]
	},
	{
		"Index": 5,
		"JPN": [
			"<CMD>17802700b28f270085802700048027000180</CMD><CMD>16802700b28f27002f81</CMD><CMD>18802700b28f27000580</CMD>うわっ！？<BREAK>ま　まさか　これで３{回目|かいめ}か？",
			"<CMD>17802700b28f2700838027001c80</CMD><CMD>16802700b28f27003081</CMD>このオレが　{同|おな}じヤツに<BREAK>３{回|かい}も　つかまっちまうなんて…<CMD>18802700b28f27000080</CMD>",
			"\f"
		]
	},
	{
		"Index": 6,
		"JPN": [
			"<CMD>17802700b28f270085802700048027000180</CMD><CMD>16802700b28f27005681</CMD><CMD>18802700b28f27000580</CMD>うわっ！？<BREAK>よく　つかまえたもんだなぁ",
			"<CMD>17802700b28f2700018027000480</CMD><CMD>16802700b28f27005581</CMD><CMD>18802700b28f27000080</CMD>…と　{言|い}いたいところだけれど<BREAK>もう　{時間切|じかんぎ}れだ",
			"<CMD>17802700b28f2700828027000680</CMD><CMD>16802700b28f27005881</CMD>ははは　ザンネンだったな",
			"<CMD>17802700b28f2700848027001c80</CMD>また　{勝負|しょうぶ}がしたけりゃ<BREAK>いつでも{来|こ}い<BREAK>{受|う}けて{立|た}ってやるからな！<CMD>16802700b28f27005681</CMD>",
			"\f"
		]
	},
	{
		"Index": 7,
		"JPN": [
			"<CMD>16802700b28f27005681</CMD>おっ　お{前|まえ}か<BREAK>また　{勝負|しょうぶ}したいのか？",
			"<CMD>16802700b28f27005581</CMD>ま　どうせ　また<BREAK>オレが{勝|か}つことになるけどな！<CMD>13802700a283</CMD>",
			"\f"
		]
	},
	{
		"Index": 8,
		"JPN": [
			"<CMD>17802700b28f2700848027001c80</CMD>…じゅんびはいいか？<BREAK>さあ　{勝負|しょうぶ}だ！<CMD>16802700b28f27005681</CMD>",
			"<CMD>17802700b28f2700828027000680</CMD>このオレを<BREAK>つかまえられるもんなら<BREAK>つかまえてみろよ！",
			"\f"
		]
	},
	{
		"Index": 9,
		"JPN": [
			"<CMD>16802700b28f27003081</CMD>そうか　いつでも{来|こ}いよ！",
			"<CMD>16802700b28f27005681</CMD>オレは　だれのチョウセンでも<BREAK>{受|う}けるからな！！",
			"\f"
		]
	},
	{
		"Index": 10,
		"JPN": [
			"<CMD>16802700b28f27005681</CMD><CMD>18802700b28f27000580</CMD>…お{前|まえ}　すげーな！",
			"<CMD>16802700b28f27005881</CMD><CMD>18802700b28f27000080</CMD>このオレを　あんな{短時間|たんじかん}で<BREAK>３{回|かい}も　つかまえたヤツは<BREAK>お{前|まえ}が　はじめてだぜ！",
			"\f"
		]
	},
	{
		"Index": 11,
		"JPN": [
			"<CMD>17802700b28f2700828027000680</CMD><CMD>16802700b28f27005581</CMD>くーっ<BREAK>もう{一度|いちど}　{勝負|しょうぶ}してーぜ！",
			"<CMD>17802700b28f2700018027000680</CMD><CMD>16802700b28f27005681</CMD>オレはまだ　しばらく<BREAK>ここにいるつもりだから<BREAK>また　{勝負|しょうぶ}しようぜ！",
			"<CMD>17802700b28f2700848027001c80</CMD>きっと　{来|こ}いよ！<BREAK>{待|ま}ってるからな！<CMD>16802700b28f27005681</CMD>",
			"\f"
		]
	},
	{
		"Index": 12,
		"JPN": [
			"おっ　またお{前|まえ}か！<BREAK>また　{勝負|しょうぶ}するのか？<CMD>16802700b28f27005681</CMD>",
			"へへん　{今度|こんど}こそ<BREAK>オレが　{勝|か}つけどなっ！<CMD>13802700a383</CMD>",
			"\f"
		]
	},
	{
		"Index": 13,
		"JPN": [
			"<CMD>17802700b28f2700848027001c80</CMD>じゅんびはいいか？<BREAK>さあ　{勝負|しょうぶ}だ！<CMD>16802700b28f27005681</CMD>",
			"<CMD>17802700b28f2700828027000680</CMD>このオレを<BREAK>つかまえられるもんなら<BREAK>つかまえてみろよ！",
			"\f"
		]
	},
	{
		"Index": 14,
		"JPN": [
			"<CMD>16802700b28f27003081</CMD>そうか　しかたないな",
			"けど<BREAK>お{前|まえ}との　{勝負|しょうぶ}だったら<BREAK>{真|ま}っ{先|さき}に　{受|う}けてやるからな！",
			"\f"
		]
	},
	{
		"Index": 20,
		"JPN": [
			"<CMD>49802700598027000280</CMD>",
			"\f"
		]
	},
	{
		"Index": 21,
		"JPN": [
			"<CMD>49802700598027000a80</CMD>",
			"\f"
		]
	},
	{
		"Index": 23,
		"JPN": [
			"<CMD>49802700598027000b80</CMD>",
			"\f"
		]
	},
	{
		"Index": 24,
		"JPN": [
			"<CMD>49802700598027000380</CMD>",
			"\f"
		]
	},
	{
		"Index": 30,
		"JPN": [
			"<CMD>3780</CMD>",
			"しょうぶする<CMD>138027008c83</CMD>",
			"やめておく<CMD>138027008d83</CMD>",
			"\f"
		]
	},
	{
		"Index": 31,
		"JPN": [
			"<CMD>3780</CMD>",
			"しょうぶする<CMD>138027009183</CMD>",
			"やめておく<CMD>138027009283</CMD>",
			"\f"
		]
	},
	{
		"Index": 34,
		"JPN": [
			"<CMD>17802700b28f2700828027000680</CMD><CMD>16802700b28f27005881</CMD>ははは　ザンネンだったな",
			"<CMD>17802700b28f2700018027000680</CMD>また　{勝負|しょうぶ}がしたけりゃ<BREAK>いつでも{来|こ}い<BREAK>{受|う}けてやるからな！<CMD>16802700b28f27005681</CMD>",
			"\f"
		]
	},
	{
		"Index": 35,
		"JPN": [
			"<CMD>16802700b28f27005681</CMD><CMD>18802700b28f27000580</CMD>やっぱ　お{前|まえ}　すげーな！",
			"<CMD>18802700b28f27000080</CMD>このオレを　また<BREAK>３{回|かい}も　つかまえるなんて！",
			"\f"
		]
	},
	{
		"Index": 36,
		"JPN": [
			"<CMD>17802700b28f270085802700048027000180</CMD><CMD>16802700b28f27005681</CMD><CMD>18802700b28f27000580</CMD>うわっ！？<BREAK>ま　まさか　これで３{回目|かいめ}か？",
			"<CMD>17802700b28f2700018027000480</CMD><CMD>18802700b28f27000080</CMD>このオレが　また{同|おな}じヤツに<BREAK>３{回|かい}も　つかまっちまうなんて…",
			"\f"
		]
	},
	{
		"Index": 55,
		"JPN": [
			"<CMD>098027000180</CMD>",
			"<CMD>6480</CMD>聺耊",
			"\f"
		]
	},
	{
		"Index": 56,
		"JPN": [
			"<CMD>6480</CMD>聺耊",
			"\f"
		]
	},
	{
		"Index": 57,
		"JPN": [
			"<CMD>6480</CMD>耆耟",
			"\f"
		]
	},
	{
		"Index": 58,
		"JPN": [
			"<CMD>6480</CMD>胋聺耊",
			"\f"
		]
	},
	{
		"Index": 59,
		"JPN": [
			"<CMD>6480</CMD>聺聕者耇",
			"\f"
		]
	},
	{
		"Index": 60,
		"JPN": [
			"<CMD>6480</CMD>肞肉聑",
			"\f"
		]
	},
	{
		"Index": 61,
		"JPN": [
			"<CMD>6480</CMD>耆肞",
			"\f"
		]
	},
	{
		"Index": 62,
		"JPN": [
			"<CMD>6480</CMD>胋肉聑",
			"\f"
		]
	},
	{
		"Index": 63,
		"JPN": [
			"<CMD>6480</CMD>耆耟",
			"\f"
		]
	},
	{
		"Index": 64,
		"JPN": [
			"<CMD>6480</CMD>胋聺耊",
			"\f"
		]
	},
	{
		"Index": 65,
		"JPN": [
			"<CMD>6480</CMD>聺聕者耇",
			"\f"
		]
	},
	{
		"Index": 66,
		"JPN": [
			"<CMD>6480</CMD>耆耟",
			"\f"
		]
	},
	{
		"Index": 67,
		"JPN": [
			"<CMD>6480</CMD>耟耆老",
			"\f"
		]
	},
	{
		"Index": 68,
		"JPN": [
			"<CMD>6480</CMD>聲耡耆肔耆",
			"\f"
		]
	},
	{
		"Index": 69,
		"JPN": [
			"<CMD>6480</CMD>耟耆耠耆老",
			"\f"
		]
	},
	{
		"Index": 75,
		"JPN": [
			"{苗|なえ}が{枯|か}れている…",
			"\f"
		]
	},
	{
		"Index": 80,
		"JPN": [
			"<CMD>6480</CMD>聺聺聺聺",
			"\f"
		]
	},
	{
		"Index": 81,
		"JPN": [
			"<CMD>6480</CMD>聺聺聺",
			"\f"
		]
	}
]