[
	{
		"Index": 0,
		"JPN": [
			"<CMD>498027006a8027001680</CMD>",
			"\f"
		]
	},
	{
		"Index": 1,
		"JPN": [
			"<CMD>18802700729b27000280</CMD><CMD>17802700729b27001c802700088027000480</CMD><CMD>16802700729b27007d81</CMD>きさま<BREAK>どこに　{行|い}くつもりだ？",
			"いちど　<CMD>008027000580</CMD>めいかい<CMD>008027000180</CMD>に{来|き}たものは<BREAK>にどと　{元|もと}の{世界|せかい}には<BREAK>{帰|かえ}れない　{決|き}まりだ",
			"{我|われ}は　その{見張|みは}り{番|ばん}だ",
			"{我|われ}が　ここにいる{限|かぎ}り<BREAK>なんぴとたりとも<BREAK>ここを　{通|とお}しはしない",
			"さあ　おとなしく<BREAK><CMD>008027000580</CMD>めいかい<CMD>008027000180</CMD>に　もどるがいい",
			"\f"
		]
	},
	{
		"Index": 2,
		"JPN": [
			"<CMD>18802700729b27000280</CMD><CMD>17802700729b27001c802700088027000480</CMD><CMD>16802700729b27007d81</CMD>むむ！？<BREAK>きさま<BREAK>どこに　{行|い}くつもりだ？",
			"いちど　<CMD>008027000580</CMD>めいかい<CMD>008027000180</CMD>に　{来|き}たものは<BREAK>にどと　{元|もと}の{世界|せかい}には<BREAK>{帰|かえ}れない{決|き}まりだ",
			"{我|われ}は　その{見張|みは}り{番|ばん}<BREAK><CMD>008027000380</CMD>ケルベロス<CMD>008027000180</CMD>である",
			"{我|われ}が　ここにいる{限|かぎ}り<BREAK>なんぴとたりとも<BREAK>ここを　{通|とお}しはしない",
			"さあ　おとなしく<BREAK><CMD>008027000580</CMD>めいかい<CMD>008027000180</CMD>に　もどるがいい",
			"\f"
		]
	},
	{
		"Index": 3,
		"JPN": [
			"<CMD>18802700729b27000580</CMD><CMD>17802700729b2700af802700088027000180</CMD><CMD>16802700729b27005681</CMD>きさま<BREAK>その{骨|ホネ}を　どこで　{手|て}に{入|い}れた？",
			"それは<BREAK>{我|われ}の　{大好物|だいこうぶつ}ではないか！",
			"さあ　おとなしく<BREAK>それを　{我|われ}にわたすが{良|よ}い",
			"{早|はや}く　わたさねば<BREAK>きさまごと<BREAK>かみついてやるぞ！",
			"\f"
		]
	},
	{
		"Index": 4,
		"JPN": [
			"<CMD>18802700729b27000580</CMD><CMD>17802700729b2700af802700088027000180</CMD><CMD>16802700729b27005681</CMD>おおっ！<BREAK>なんと　もったいない<BREAK>ことをするのだ！",
			"\f"
		]
	},
	{
		"Index": 5,
		"JPN": [
			"<CMD>18802700729b27000180</CMD><CMD>17802700729b2700ad802700068027000280</CMD><CMD>16802700729b27005581</CMD>はぐっはぐっ<BREAK>むっしゃむっしゃ",
			"\f"
		]
	},
	{
		"Index": 6,
		"JPN": [
			"\f"
		]
	},
	{
		"Index": 7,
		"JPN": [
			"\f"
		]
	},
	{
		"Index": 8,
		"JPN": [
			"\f"
		]
	},
	{
		"Index": 9,
		"JPN": [
			"\f"
		]
	},
	{
		"Index": 10,
		"JPN": [
			"\f"
		]
	},
	{
		"Index": 11,
		"JPN": [
			"\f"
		]
	},
	{
		"Index": 12,
		"JPN": [
			"\f"
		]
	},
	{
		"Index": 13,
		"JPN": [
			"\f"
		]
	},
	{
		"Index": 14,
		"JPN": [
			"\f"
		]
	},
	{
		"Index": 15,
		"JPN": [
			"カギが{開|ひら}いた！",
			"\f"
		]
	},
	{
		"Index": 16,
		"JPN": [
			"{骨|ホネ}をひろった",
			"\f"
		]
	},
	{
		"Index": 17,
		"JPN": [
			"\f"
		]
	},
	{
		"Index": 18,
		"JPN": [
			"\f"
		]
	},
	{
		"Index": 19,
		"JPN": [
			"\f"
		]
	},
	{
		"Index": 20,
		"JPN": [
			"\f"
		]
	},
	{
		"Index": 50,
		"JPN": [
			"<CMD>49802700628027000a80</CMD>",
			"\f"
		]
	},
	{
		"Index": 51,
		"JPN": [
			"<CMD>49802700628027000b80</CMD>",
			"\f"
		]
	},
	{
		"Index": 52,
		"JPN": [
			"<CMD>49802700628027000c80</CMD>",
			"\f"
		]
	},
	{
		"Index": 53,
		"JPN": [
			"<CMD>49802700628027000d80</CMD>",
			"\f"
		]
	},
	{
		"Index": 54,
		"JPN": [
			"<CMD>18802700729b27000080</CMD><CMD>17802700729b2700b28027000a8027000180</CMD><CMD>16802700729b27006981</CMD>…お{前|まえ}<BREAK>この<CMD>008027000580</CMD>{町|まち}<CMD>008027000180</CMD>の{住人|じゅうにん}か？",
			"<CMD>18802700729b27000080</CMD><CMD>17802700729b270001802700048027000080</CMD>{安心|あんしん}しろ<BREAK>きがいは　{加|くわ}えない",
			"<CMD>18802700729b27000380</CMD><CMD>17802700729b2700ab8027000a8027000180</CMD><CMD>16802700729b27003081</CMD>…と　{言|い}っても<BREAK>{信|しん}じては　もらえまいな",
			"<CMD>18802700729b27000080</CMD><CMD>17802700729b270001802700048027000080</CMD>オレのことは<BREAK>ほおっておいてくれ…",
			"\f"
		]
	},
	{
		"Index": 55,
		"JPN": [
			"<CMD>18802700729b27000580</CMD><CMD>17802700729b2700aa8027000a8027000180</CMD><CMD>16802700729b27002d81</CMD>むっ…　だれだ？！",
			"<CMD>18802700729b27000080</CMD><CMD>17802700729b2700b28027000a8027000180</CMD><CMD>16802700729b27006981</CMD>…なんだ　お{前|まえ}は？<BREAK>オレのことは　ほおっておいてくれ",
			"\f"
		]
	},
	{
		"Index": 56,
		"JPN": [
			"<CMD>18802700729b27000080</CMD><CMD>17802700729b2700b28027000a8027000180</CMD><CMD>16802700729b27006981</CMD>なに？<BREAK><CMD>008027000380</CMD>ヒゲマル<CMD>008027000180</CMD>が<BREAK>オレを　{呼|よ}んでいる？",
			"<CMD>18802700729b27000080</CMD><CMD>17802700729b2700b28027000a8027000180</CMD><CMD>16802700729b27006981</CMD>だが　この<CMD>008027000580</CMD>{町|まち}<CMD>008027000180</CMD>は　{今|いま}<BREAK>オレの{悪|わる}いうわさで<BREAK>{持|も}ちきりなのだろう？",
			"<CMD>18802700729b27000380</CMD><CMD>17802700729b2700ab8027000a8027000180</CMD><CMD>16802700729b27003081</CMD>オレが　{会|あ}いに{行|い}けば<BREAK>きっと　あいつに<BREAK>めいわくがかかる…",
			"<CMD>18802700729b27000080</CMD><CMD>17802700729b270001802700048027000080</CMD>もう　これ{以上|いじょう}　<CMD>008027000380</CMD>ヒゲマル<CMD>008027000180</CMD>に<BREAK>メイワクはかけられない",
			"だから<BREAK>オレは　あいつに　{会|あ}いにいけない",
			"\f"
		]
	},
	{
		"Index": 57,
		"JPN": [
			"<CMD>18802700729b27000280</CMD><CMD>17802700729b27001c802700088027000480</CMD><CMD>16802700729b27007d81</CMD>しつこいヤツだな<BREAK>オレは　{行|い}けないと　{言|い}っただろう",
			"<CMD>18802700729b27000080</CMD><CMD>17802700729b2700b28027000a8027000180</CMD><CMD>16802700729b27006981</CMD>…なに？",
			"<CMD>18802700729b27000080</CMD><CMD>17802700729b2700b28027000a8027000180</CMD><CMD>16802700729b27006981</CMD><CMD>008027000380</CMD>ヒゲマル<CMD>008027000180</CMD>のところまで<BREAK>だれにも{見|み}つからないよう<BREAK>{案内|あんない}する　だと？",
			"<CMD>18802700729b27000080</CMD><CMD>17802700729b270001802700048027000080</CMD>たしかに<BREAK>だれにも　{見|み}つからないのなら<BREAK>メイワクはかからないが…",
			"\f"
		]
	},
	{
		"Index": 58,
		"JPN": [
			"<CMD>18802700729b27000080</CMD><CMD>17802700729b2700b28027000a8027000180</CMD><CMD>16802700729b27006981</CMD>オレは<BREAK>{本当|ほんとう}に　お{前|まえ}を<BREAK>{信用|しんよう}してもいいのか？",
			"<CMD>138027004f85</CMD>",
			"\f"
		]
	},
	{
		"Index": 59,
		"JPN": [
			"<CMD>3780</CMD>",
			"はい<CMD>138027005385</CMD>",
			"いいえ<CMD>138027005085</CMD>",
			"\f"
		]
	},
	{
		"Index": 60,
		"JPN": [
			"<CMD>18802700729b27000380</CMD><CMD>17802700729b2700ab8027000a8027000180</CMD><CMD>16802700729b27003081</CMD>…そうだろうな<BREAK>わかっていたさ",
			"<CMD>18802700729b27000380</CMD><CMD>17802700729b2700ab8027000a8027000180</CMD><CMD>16802700729b27003081</CMD>オレのような　{流|なが}れ{者|もの}を<BREAK>{助|たす}けてくれるヤツなんて<BREAK>いないってことぐらい　な",
			"<CMD>18802700729b27000380</CMD><CMD>17802700729b2700ab8027000a8027000180</CMD><CMD>16802700729b27003081</CMD>そんな　すいきょうなヤツは<BREAK><CMD>008027000380</CMD>ヒゲマル<CMD>008027000180</CMD>のヤツくらいだ…",
			"<CMD>18802700729b27000280</CMD><CMD>17802700729b27001c802700088027000480</CMD><CMD>16802700729b27007d81</CMD>ふん…<BREAK>もうオレに　{話|はな}しかけるなよ<BREAK>ほおっておいてくれ",
			"\f"
		]
	},
	{
		"Index": 61,
		"JPN": [
			"<CMD>18802700729b27000580</CMD><CMD>17802700729b2700aa8027000a8027000180</CMD><CMD>16802700729b27002d81</CMD>やっぱり　{見|み}つかって<BREAK>しまったではないか！",
			"<CMD>18802700729b27000280</CMD><CMD>17802700729b27001c802700088027000480</CMD><CMD>16802700729b27007d81</CMD>ダメだ！<BREAK>これ{以上|いじょう}　<CMD>008027000580</CMD>{町|まち}<CMD>008027000180</CMD>の{人|ヒト}たちを<BREAK>こわがらせるわけにはいかない！",
			"<CMD>18802700729b27000280</CMD><CMD>17802700729b27001c802700088027000480</CMD><CMD>16802700729b27007d81</CMD>オレは　{下水道|げすいどう}へ　{帰|かえ}るぞ！",
			"\f"
		]
	},
	{
		"Index": 62,
		"JPN": [
			"………",
			"\f"
		]
	},
	{
		"Index": 63,
		"JPN": [
			"<CMD>18802700729b27000180</CMD><CMD>17802700729b2700ad802700068027000280</CMD><CMD>16802700729b27005581</CMD>そうか<BREAK>お{前|まえ}がそこまでいうのなら<BREAK>そのしょうぶ　オレものったぜ！",
			"<CMD>18802700729b27000080</CMD><CMD>17802700729b270001802700048027000080</CMD>だれにもみつからずに<BREAK>つれていってくれ",
			"\f"
		]
	},
	{
		"Index": 64,
		"JPN": [
			"<CMD>18802700729b27000380</CMD><CMD>17802700729b2700ab8027000a8027000180</CMD><CMD>16802700729b27003081</CMD>…なんだ　お{前|まえ}<BREAK>また　{来|き}たのか？",
			"<CMD>18802700729b27000080</CMD><CMD>17802700729b2700b28027000a8027000180</CMD><CMD>16802700729b27006981</CMD>なに？<BREAK>また　{案内|あんない}するだと？<BREAK>あきらめの　{悪|わる}いヤツだな",
			"<CMD>18802700729b27000080</CMD><CMD>17802700729b270001802700048027000080</CMD>だが…<BREAK>いや　そうだな…<BREAK>オレも<CMD>008027000380</CMD>ヒゲマル<CMD>008027000180</CMD>に　{会|あ}いたい",
			"<CMD>18802700729b27000580</CMD><CMD>17802700729b2700aa8027000a8027000180</CMD><CMD>16802700729b27002d81</CMD>もう{一度|いちど}<BREAK>{案内|あんない}してくれ<BREAK>たのむ",
			"<CMD>138027004f85</CMD>",
			"\f"
		]
	},
	{
		"Index": 65,
		"JPN": [
			"<CMD>18802700729b27000080</CMD><CMD>17802700729b270001802700048027000080</CMD>いや　その{話|はなし}は<BREAK>もういいんだ…",
			"<CMD>18802700729b27000380</CMD><CMD>17802700729b2700ab8027000a8027000180</CMD><CMD>16802700729b27003081</CMD>せっかく　<CMD>008027000380</CMD>ヒゲマル<CMD>008027000180</CMD>に<BREAK>{世話|せわ}をしてもらったが…",
			"<CMD>18802700729b27000080</CMD><CMD>17802700729b270001802700048027000080</CMD>やはり　この<CMD>008027000580</CMD>{町|まち}<CMD>008027000180</CMD>は<BREAK>にぎやかすぎて<BREAK>オレには　あっていないようだ",
			"<CMD>18802700729b27000080</CMD><CMD>17802700729b270001802700048027000080</CMD>オレが　{本当|ほんとう}に<BREAK>{落|お}ち{着|つ}ける{場所|ばしょ}を{探|さが}しに<BREAK>この<CMD>008027000580</CMD>{町|まち}<CMD>008027000180</CMD>を　{出|で}て{行|い}こうと{思|おも}う",
			"<CMD>18802700729b27000180</CMD><CMD>17802700729b2700ad802700068027000280</CMD><CMD>16802700729b27005581</CMD>{気|き}にしないでくれ<BREAK>{今|いま}までも　そうやって<BREAK>わたり{歩|ある}いてきたんだ",
			"<CMD>18802700729b27000380</CMD><CMD>17802700729b2700ab8027000a8027000180</CMD><CMD>16802700729b27003081</CMD>ただ　{前|まえ}と{同|おな}じ<BREAK>ほうろうの{旅|たび}に<BREAK>もどるだけなのだからな…",
			"\f"
		]
	},
	{
		"Index": 66,
		"JPN": [
			"<CMD>18802700729b27000180</CMD><CMD>17802700729b2700ad802700068027000280</CMD><CMD>16802700729b27005581</CMD>ありがとう　<CMD>008027000380</CMD>ヒゲマル<CMD>008027000180</CMD>",
			"<CMD>18802700729b27000180</CMD><CMD>17802700729b2700ad802700068027000280</CMD><CMD>16802700729b27005581</CMD>{短|みじか}い{間|あいだ}だったが<BREAK>この<CMD>008027000580</CMD>{町|まち}<CMD>008027000180</CMD>にいられてよかった",
			"<CMD>18802700729b27000580</CMD><CMD>17802700729b2700aa8027000a8027000180</CMD><CMD>16802700729b27002d81</CMD>お{前|まえ}には<BREAK>いくら　お{礼|れい}を{言|い}っても<BREAK>{足|た}りないぐらいだ",
			"<CMD>18802700729b27000580</CMD><CMD>17802700729b2700aa8027000a8027000180</CMD><CMD>16802700729b27002d81</CMD>これまでの　お{前|まえ}の<BREAK>{親切|しんせつ}　{心|ココロ}からカンシャする",
			"\f"
		]
	},
	{
		"Index": 67,
		"JPN": [
			"<CMD>18802700729b27000080</CMD><CMD>17802700729b2700b28027000a8027000180</CMD><CMD>16802700729b27006981</CMD>そうだ<BREAK><CMD>f481</CMD>　だったかな？",
			"<CMD>18802700729b27000380</CMD><CMD>17802700729b2700ab8027000a8027000180</CMD><CMD>16802700729b27003081</CMD>どうせ　<CMD>008027000580</CMD>{町|まち}<CMD>008027000180</CMD>を{出|で}て{行|ゆ}く　この{身|み}<BREAK>なかよくならないほうがいい<BREAK>と　{思|おも}い　ひどいタイドをとった",
			"<CMD>18802700729b27000780</CMD><CMD>17802700729b2700b18027000a8027000180</CMD>すまなかったな",
			"<CMD>18802700729b27000180</CMD><CMD>17802700729b2700ad802700068027000280</CMD><CMD>16802700729b27005581</CMD><CMD>f481</CMD>　お{前|まえ}にも<BREAK>{会|あ}えてよかった<BREAK>ほんとうに　ありがとう",
			"<CMD>18802700729b27000080</CMD><CMD>17802700729b270001802700048027000080</CMD>…では<BREAK>もう　{行|ゆ}くとしようか",
			"<CMD>18802700729b27000480</CMD><CMD>17802700729b2700ab8027000a8027000180</CMD><CMD>16802700729b27007f81</CMD>もう　{会|あ}うことは<BREAK>ないかもしれないが<BREAK>ふたりのことは　わすれない",
			"<CMD>18802700729b27000180</CMD><CMD>17802700729b2700ad802700068027000280</CMD><CMD>16802700729b27005581</CMD>じゃあな",
			"\f"
		]
	},
	{
		"Index": 68,
		"JPN": [
			"<CMD>49802700628027001680</CMD>",
			"\f"
		]
	}
]