[
	{
		"Index": 50,
		"JPN": [
			"<CMD>18802700729b27000080</CMD><CMD>17802700729b270001802700048027000080</CMD>わがはいを　{助|たす}けよ！<BREAK>{騎士|きし}を　たすけるのは<BREAK>{従者|じゅうしゃ}の　{役目|やくめ}なるぞ！",
			"<CMD>18802700729b27000280</CMD><CMD>17802700729b27001c802700088027000480</CMD><CMD>16802700729b27007d81</CMD>ええい！　いつまで<BREAK>わがはいを　ほうっておくのだ！<BREAK>はやく　{助|たす}けよ！",
			"\f"
		]
	},
	{
		"Index": 51,
		"JPN": [
			"<CMD>18802700729b27000080</CMD><CMD>17802700729b270001802700048027000080</CMD>うむ　ごくろうであった",
			"<CMD>18802700729b27000080</CMD><CMD>17802700729b270001802700048027000080</CMD>しかし　なにゆえ　これまで<BREAK>{助|たす}けに{来|こ}なかったのだ？<BREAK>わがはいは　{長|なが}らく{待|ま}っていたぞ",
			"なにしろ<BREAK>{胴体|どうたい}が　なければ<BREAK>わがはいは　{動|うご}けぬ",
			"<CMD>18802700729b27000280</CMD><CMD>17802700729b27001c802700088027000480</CMD><CMD>16802700729b27007d81</CMD>{胴体|どうたい}のヤツめ<BREAK>わがはいを　{見|み}すておって…<BREAK>{胴体|どうたい}の{風上|かざかみ}にもおけぬわ！",
			"\f"
		]
	},
	{
		"Index": 52,
		"JPN": [
			"<CMD>18802700729b27000280</CMD><CMD>17802700729b27001c802700088027000480</CMD><CMD>16802700729b27007d81</CMD>きさま　{従者|じゅうしゃ}ならば<BREAK>わがはいの<BREAK>{胴体|どうたい}を　{探|さが}すのだ！",
			"<CMD>18802700729b27000280</CMD><CMD>17802700729b27001c802700088027000480</CMD><CMD>16802700729b27007d81</CMD>なんだと？　それが<BREAK>{従者|じゅうしゃ}の　{役目|やくめ}であろう！",
			"<CMD>18802700729b27000280</CMD><CMD>17802700729b27001c802700088027000480</CMD><CMD>16802700729b27007d81</CMD>なに？<BREAK>{従者|じゅうしゃ}ではない　だと？",
			"<CMD>18802700729b27000280</CMD><CMD>17802700729b27001c802700088027000480</CMD><CMD>16802700729b27007d81</CMD>{騎士|きし}に　つきしたがう<BREAK>えいこうある　{役目|やくめ}を<BREAK>みずから　すてる{気|き}か？",
			"<CMD>18802700729b27000280</CMD><CMD>17802700729b27001c802700088027000480</CMD><CMD>16802700729b27007d81</CMD>つべこべいわず<BREAK>わがはいの{胴体|どうたい}を<BREAK>{探|さが}せばいいのだ！　{急|いそ}げ！",
			"\f"
		]
	},
	{
		"Index": 53,
		"JPN": [
			"<CMD>6480</CMD>耢聤聛",
			"\f"
		]
	},
	{
		"Index": 54,
		"JPN": [
			"<CMD>6480</CMD>耠者者者",
			"<CMD>6480</CMD>耠耟聍者",
			"<CMD>6480</CMD>耂耟者",
			"\f"
		]
	},
	{
		"Index": 55,
		"JPN": [
			"<CMD>098027000d8027003f80</CMD>",
			"わがはいが　キライだと？<BREAK>{頭|あたま}が　{悪|わる}いから<BREAK>いっしょに　いたくないだと？",
			"あやつめ…<BREAK>そんなことを　{考|かんが}えておったか<BREAK>{知|し}らなんだ…",
			"きさまとは<BREAK>{長|なが}いつきあいだと{言|い}うのにな…<BREAK>そんなふうに{思|おも}われていたとは…",
			"\f"
		]
	},
	{
		"Index": 56,
		"JPN": [
			"<CMD>6480</CMD>耢聤聛",
			"\f"
		]
	},
	{
		"Index": 57,
		"JPN": [
			"<CMD>098027000d8027003f80</CMD>",
			"{少|すこ}し　{考|かんが}える{時間|じかん}を　くれ",
			"おい　<CMD>f481</CMD>よ<BREAK>わがはいを　{向|む}こうの<BREAK>{砂浜|すなはま}まで　つれて{行|い}くがよい",
			"\f"
		]
	},
	{
		"Index": 58,
		"JPN": [
			"わがはいには{時間|じかん}が{必要|ひつよう}だ…<BREAK>{胴体|どうたい}と　なかなおりするには<BREAK>どうすればいいか…",
			"{今|いま}　{考|かんが}えておるところだ<BREAK>しばしの{間|あいだ}<BREAK>ほおっておくがよい",
			"\f"
		]
	},
	{
		"Index": 59,
		"JPN": [
			"あやつと　{話|はな}そうにも<BREAK>わしには　{魔法語|まほうご}が<BREAK>{使|つか}えぬのが　{問題|もんだい}だ…",
			"やはり　<BREAK>わがはいが　{頭|あたま}をよくして<BREAK>{覚|おぼ}えるしかないか…",
			"きさま　{魔法語|まほうご}は　トクイか？<BREAK>ならば　わがはいに　{魔法語|まほうご}を<BREAK>{教|おし}えるのだ！",
			"やる{気|き}？　もちろんある",
			"{騎士|きし}のプライドにかけても<BREAK>{見事|みごと}　{魔法語|まほうご}を<BREAK>{習得|しゅうとく}してみせようぞ！",
			"さあ　いっこくも　{早|はや}く<BREAK>わがはいに　{魔法語|まほうご}を<BREAK>{教|おし}えるのだ！",
			"\f"
		]
	},
	{
		"Index": 60,
		"JPN": [
			"まずは　わがはいが　あやつに<BREAK>{伝|つた}えたい{言葉|ことば}を<BREAK>{教|おし}えてもらわねばな",
			"\f"
		]
	},
	{
		"Index": 61,
		"JPN": [
			"まずは…<BREAK>{会話|かいわ}のキホン<BREAK>あいさつだな",
			"まほう{語|ご}で　あいさつとは<BREAK>どのようにするのだ？<BREAK>さっさと　{教|おし}えるのだ",
			"\f"
		]
	},
	{
		"Index": 62,
		"JPN": [
			"なるほど<BREAK>{思|おも}ったより　カンタンだ<BREAK>これならば　{覚|おぼ}えられる",
			"\f"
		]
	},
	{
		"Index": 63,
		"JPN": [
			"ひとりで　{復習|ふくしゅう}しているから<BREAK>しばらく　ちかよるでない",
			"しばし　{時間|じかん}がたったら<BREAK>また　{来|く}るがよい",
			"\f"
		]
	},
	{
		"Index": 64,
		"JPN": [
			"きさまであったか<BREAK>あいさつは　もうカンペキに<BREAK>マスターしたぞ",
			"{次|つぎ}は…<BREAK>いつも{苦労|くろう}をかけた　ヤツを<BREAK>ほめてやりたいのだ",
			"まほう{語|ご}で　ほめる{場合|ばあい}は<BREAK>どのように　{言|い}うのだ？<BREAK>さっさと　{教|おし}えるのだ",
			"\f"
		]
	},
	{
		"Index": 65,
		"JPN": [
			"なるほど　なるほど<BREAK>これも　カンタンだ",
			"マジメにやってみれば<BREAK>{意外|いがい}と　カンタンであるな",
			"\f"
		]
	},
	{
		"Index": 66,
		"JPN": [
			"また　{復習|ふくしゅう}するから<BREAK>しばらく　ちかよるでない<BREAK>ベンキョウの　ジャマになる",
			"{少|すこ}ししたら<BREAK>また　もどってくるがよいぞ",
			"\f"
		]
	},
	{
		"Index": 67,
		"JPN": [
			"きさまであったか<BREAK>{相手|あいて}を　ほめる{言葉|ことば}は<BREAK>もうカンペキにマスターしたぞ",
			"だが　{考|かんが}えてみたのだが<BREAK>あいつを　おだてるだけでは<BREAK>いけないような　{気|き}がするのだ",
			"なれあうばかりでは<BREAK>{騎士|きし}と　{従者|じゅうしゃ}の{関係|かんけい}は<BREAK>なりたたぬ",
			"しかるべきところは<BREAK>びしっと　しかって<BREAK>ひきしめなくてはな",
			"そのためにも<BREAK>しかりかたを　{教|おし}えてくれ",
			"\f"
		]
	},
	{
		"Index": 68,
		"JPN": [
			"なるほど<BREAK>これもカンタンであるです",
			"ベンキョウすればするほど<BREAK>{胴体|どうたい}が　わがはいを<BREAK>{見|み}すてた　{理由|りゆう}が",
			"わかるような<BREAK>{気|き}がしますのである",
			"\f"
		]
	},
	{
		"Index": 69,
		"JPN": [
			"{復習|ふくしゅう}するのだですから<BREAK>しばらくしたら{来|こ}い…{来|き}てください",
			"それまでに　カンペキに<BREAK>{覚|おぼ}えて{見|み}せてやろ…ますから",
			"\f"
		]
	},
	{
		"Index": 70,
		"JPN": [
			"ああ　きさま……ではない<BREAK><CMD>f481</CMD>であった…りましたか",
			"{相手|あいて}を　しかる{言葉|ことば}は<BREAK>もうカンペキに<BREAK>マスターした…ました",
			"<CMD>008027000580</CMD>{家|いえ}<CMD>008027000180</CMD>に　{帰|かえ}りたくなったときは<BREAK>{胴体|どうたい}に　どう<BREAK>{伝|つた}えればいいのだ…でしょう？",
			"{魔法語|まほうご}では<BREAK>なんというのだですか？",
			"\f"
		]
	},
	{
		"Index": 71,
		"JPN": [
			"さすがに　すこし<BREAK>むずかしくなってきおっ…<BREAK>きましたね",
			"これは　こしをすえて<BREAK>しっかり　ベンキョウしないと",
			"なに…ですか？<BREAK>{今|いま}のわがはいには　こしがない？",
			"まったくもって<BREAK>そのとおりだ…ですけどね",
			"{早|はや}く　{胴体|どうたい}と<BREAK>なかなおりしたいのだ…です",
			"\f"
		]
	},
	{
		"Index": 72,
		"JPN": [
			"{復習|ふくしゅう}しているから<BREAK>しばらくしてから<BREAK>{来|く}るがよ…{来|き}てください",
			"それまでに　しっかり<BREAK>{覚|おぼ}えてみせる…ますから",
			"\f"
		]
	},
	{
		"Index": 73,
		"JPN": [
			"{胴体|どうたい}に　{洋服|ようふく}のお{使|つか}いを<BREAK>たのみたいときが<BREAK>あるのだが…ですが",
			"どう　たのめば　いいのでしょう？",
			"\f"
		]
	},
	{
		"Index": 74,
		"JPN": [
			"すこしむずかしくなりおったですね<BREAK>しかし　これはおもしろいでは<BREAK>ないかです",
			"わがはい　やりがいというものを<BREAK>{感|かん}じているのだす",
			"どうして　これまで<BREAK>ベンキョウをしなかったのかです<BREAK>こんなに　おもしろいのに",
			"\f"
		]
	},
	{
		"Index": 75,
		"JPN": [
			"{復習|ふくしゅう}していますから<BREAK>また　しばらくしてから<BREAK>{来|き}おってください",
			"\f"
		]
	},
	{
		"Index": 76,
		"JPN": [
			"{胴体|どうたい}の{方|ほう}まで<BREAK>{運|はこ}んで{行|い}ってください<BREAK>おねがいするます",
			"{今|いま}なら　なかなおりできそうな<BREAK>{気|き}がするのだであります",
			"\f"
		]
	},
	{
		"Index": 77,
		"JPN": [
			"なるほど…そうなのか",
			"\f"
		]
	},
	{
		"Index": 78,
		"JPN": [
			"{復習|ふくしゅう}しておるから<BREAK>また　しばらくしてから<BREAK>もどってくるがよい",
			"\f"
		]
	},
	{
		"Index": 79,
		"JPN": [
			"<CMD>18802700729b27000280</CMD><CMD>17802700729b27001c802700088027000480</CMD><CMD>16802700729b27007d81</CMD>おい　きさま！",
			"<CMD>18802700729b27000280</CMD><CMD>17802700729b27001c802700088027000480</CMD><CMD>16802700729b27007d81</CMD>{教|おそ}わった<BREAK>まほう{語|ご}は<BREAK>ちがっているようだぞ！",
			"<CMD>18802700729b27000280</CMD><CMD>17802700729b27001c802700088027000480</CMD><CMD>16802700729b27007d81</CMD>{騎士|きし}にウソを　{教|おし}えるとは<BREAK>なにごとであるか！？",
			"<CMD>18802700729b27000280</CMD><CMD>17802700729b27001c802700088027000480</CMD><CMD>16802700729b27007d81</CMD>もう{一度|いちど}　{教|おし}えなおせ！<BREAK>{次|つぎ}こそ　まちがえるでないぞ！",
			"\f"
		]
	},
	{
		"Index": 80,
		"JPN": [
			"なるほど…そうなのですか",
			"\f"
		]
	},
	{
		"Index": 81,
		"JPN": [
			"{復習|ふくしゅう}しておるますから<BREAK>また　しばらくしてから<BREAK>もどってくるがよいください",
			"\f"
		]
	},
	{
		"Index": 82,
		"JPN": [
			"<CMD>18802700729b27000280</CMD><CMD>17802700729b27001c802700088027000480</CMD><CMD>16802700729b27007d81</CMD>おい　きさ…<CMD>f481</CMD>さん！",
			"{教|おし}えたくれた<BREAK>まほう{語|ご}は<BREAK>ちがっているようだです",
			"もう{一度|いちど}　{正|ただ}しい{言葉|ことば}を<BREAK>{教|おし}えるのだませんか？",
			"\f"
		]
	},
	{
		"Index": 83,
		"JPN": [
			"<CMD>49802700728027000c80</CMD>",
			"\f"
		]
	},
	{
		"Index": 84,
		"JPN": [
			"<CMD>098027000a80</CMD>",
			"<CMD>6480</CMD>耢聤聛",
			"\f"
		]
	},
	{
		"Index": 85,
		"JPN": [
			"<CMD>098027000d8027003f80</CMD>",
			"<CMD>6480</CMD>耟聤聟",
			"\f"
		]
	},
	{
		"Index": 86,
		"JPN": [
			"<CMD>098027000a80</CMD>",
			"<CMD>6480</CMD>耠耄",
			"<CMD>6480</CMD>耟耆",
			"\f"
		]
	},
	{
		"Index": 87,
		"JPN": [
			"<CMD>098027000a80</CMD>",
			"<CMD>6480</CMD>耠耟聍耋",
			"\f"
		]
	},
	{
		"Index": 88,
		"JPN": [
			"<CMD>6480</CMD>耟耠耆者",
			"\f"
		]
	},
	{
		"Index": 89,
		"JPN": [
			"<CMD>49802700728027000580</CMD>",
			"\f"
		]
	},
	{
		"Index": 90,
		"JPN": [
			"<CMD>18802700729b27000280</CMD><CMD>17802700729b27001c802700088027000480</CMD><CMD>16802700729b27007d81</CMD>ぬっ！　きさま<BREAK>アイテムがいっぱいで<BREAK>わがはいを　{持|も}てぬではないか！",
			"<CMD>18802700729b27000280</CMD><CMD>17802700729b27001c802700088027000480</CMD><CMD>16802700729b27007d81</CMD>{従者|じゅうしゃ}たるもの<BREAK>そんな{心|こころ}がけで<BREAK>どうするのだ",
			"<CMD>18802700729b27000280</CMD><CMD>17802700729b27001c802700088027000480</CMD><CMD>16802700729b27007d81</CMD>{何|なに}か　すてるなり　{売|う}るなりして<BREAK>わがはいを　{砂浜|すなはま}に<BREAK>{運|はこ}ぶのだ！",
			"\f"
		]
	},
	{
		"Index": 91,
		"JPN": [
			"おお　{来|き}たか　{従者|じゅうしゃ}よ！",
			"{今度|こんど}こそ　{砂浜|すなはま}に<BREAK>わがはいを　{運|はこ}ぶのだ",
			"<CMD>18802700729b27000280</CMD><CMD>17802700729b27001c802700088027000480</CMD><CMD>16802700729b27007d81</CMD>けっして　{落|お}とすでないぞ？<BREAK>{落|お}としたら　ヒドイ{目|め}に<BREAK>あわせてやるからな",
			"なに？　わがはい<BREAK>{手|て}も　{足|あし}も　{出|で}なかろう　だと？",
			"{従者|じゅうしゃ}のくせに<BREAK>うまいことを　{言|い}うでないわ",
			"\f"
		]
	},
	{
		"Index": 92,
		"JPN": [
			"アイテムがいっぱいで<BREAK>わがはいを<BREAK>{持|も}てないではないですか",
			"なにか　すてるなりなんなりして<BREAK>{来|こ}いとおねがいします",
			"\f"
		]
	},
	{
		"Index": 93,
		"JPN": [
			"おう　きたですか！<BREAK>ちゃんと　{持|も}って{行|い}けなのです！<BREAK>{落|お}とすでないなのです！",
			"\f"
		]
	},
	{
		"Index": 94,
		"JPN": [
			"<CMD>6480</CMD>耟聟者",
			"\f"
		]
	},
	{
		"Index": 95,
		"JPN": [
			"<CMD>098027000d8027003f80</CMD>",
			"<CMD>6480</CMD>耟耠耊耄",
			"<CMD>6480</CMD>耠耟聍耋",
			"\f"
		]
	},
	{
		"Index": 96,
		"JPN": [
			"きさ…あなたのおかげで<BREAK>わがはいたちは<BREAK>ぶじ　なかなおりできたした",
			"どう　カンシャすればよいか<BREAK>ベンキョウ{不足|ぶそく}の　わがはいには<BREAK>{言葉|ことば}が　みつからぬのだです",
			"だが　わがはいは<BREAK><CMD>f481</CMD>さんに<BREAK>{教|おそ}わったのであるます",
			"{学|まな}ぶことの　{楽|たの}しさを　{胸|むね}に<BREAK>わがはいたちは<BREAK>また　{旅|たび}に　{出|で}るのだです！",
			"では　サラバであるます！",
			"\f"
		]
	},
	{
		"Index": 97,
		"JPN": [
			"<CMD>49802700728027000580</CMD>",
			"\f"
		]
	}
]