[
	{
		"Index": 0,
		"JPN": [
			"<CMD>16802700de8f27005681</CMD><CMD>0482</CMD>というのは<BREAK>おまえだな？<BREAK>{父|とう}ちゃんからはなしは{聞|き}いてるぞ",
			"ぼくのなまえは　チビィンクス<BREAK>スフィンクスの{息子|むすこ}だ！",
			"<CMD>16802700de8f27005581</CMD>ぼく　{父|とう}ちゃんのように<BREAK>りっぱなスフィンクスに<BREAK>なりたいんだ",
			"だから　もんだいを{作|つく}ってきた<BREAK>さあ　{答|こた}えられるものなら<BREAK>{答|こた}えてみろ",
			"\f"
		]
	},
	{
		"Index": 1,
		"JPN": [
			"<CMD>048027001e80</CMD><CMD>16802700008027007f81</CMD>ブブーッ！<CMD>18802700de8f27000080</CMD><CMD>17802700de8f2700018027001480</CMD><BREAK>はずれー！<CMD>18802700008027000480</CMD><CMD>1780270000802700018027001480</CMD>",
			"<CMD>1780270000802700ab8027001480</CMD><CMD>16802700de8f27005581</CMD>へへんっ！<BREAK>これでぼくも　{父|とう}ちゃんに<BREAK>いっぽ{近|ちか}づいたかな",
			"<CMD>18802700008027000080</CMD><CMD>1780270000802700018027001480</CMD>もんだいは　まだまだあるから<BREAK>こたえるじしんがあるなら<BREAK>また　ちょうせんしに{来|こ}いよな",
			"ぼくなら　{新|あたら}しいクイズを<BREAK>かんがえながら　そのへんを<BREAK>{歩|ある}き{回|まわ}ってるからさ！",
			"\f"
		]
	},
	{
		"Index": 2,
		"JPN": [
			"<CMD>17802700de8f2700828027001480</CMD>ピンポーン！<BREAK><CMD>16802700008027005581</CMD>あたりー！<CMD>18802700008027000180</CMD><CMD>1780270000802700ad8027001480</CMD>",
			"<CMD>16802700de8f27006981</CMD><CMD>17802700de8f2700018027001480</CMD>なんでわかるんだ？<BREAK>こんなにむずかしい<BREAK>クイズなのに……",
			"<CMD>18802700008027000080</CMD><CMD>1780270000802700018027001480</CMD><CMD>18802700de8f27000280</CMD>で…でも　これでおわりじゃないぞ<BREAK>もっと　もーっと　むずかしい<BREAK>クイズを{考|かんが}えてやるもんね",
			"<CMD>18802700de8f27000080</CMD>ぼくは　そのへんを{歩|ある}き{回|まわ}って<BREAK>いるから　またいつでも<BREAK>ちょうせんしに{来|こ}いよな",
			"\f"
		]
	},
	{
		"Index": 3,
		"JPN": [
			"ぼくのクイズに<BREAK>ちょうせんするか？",
			"<CMD>13802700588b</CMD>",
			"\f"
		]
	},
	{
		"Index": 4,
		"JPN": [
			"<CMD>3780</CMD>",
			"はい<CMD>13802700ffff</CMD>",
			"いいえ<CMD>13802700ffff</CMD>",
			"\f"
		]
	},
	{
		"Index": 5,
		"JPN": [
			"<CMD>16802700de8f27007f81</CMD>なんだ　ちょうせんしないのか",
			"ぼくは　いつでも<BREAK>まっているからな！",
			"\f"
		]
	},
	{
		"Index": 6,
		"JPN": [
			"<CMD>048027001e80</CMD><CMD>16802700008027007f81</CMD>ブブーッ！<CMD>18802700de8f27000080</CMD><CMD>17802700de8f2700018027001480</CMD><BREAK>はずれー！<CMD>18802700008027000480</CMD><CMD>1780270000802700018027001480</CMD>",
			"<CMD>1780270000802700ab8027001480</CMD>ざんねんだったな<BREAK>また　ちょうせんしに{来|こ}いよ",
			"\f"
		]
	},
	{
		"Index": 7,
		"JPN": [
			"<CMD>17802700de8f2700828027001480</CMD>ピンポーン！<BREAK><CMD>16802700008027005581</CMD>あたりー！<CMD>18802700008027000180</CMD><CMD>1780270000802700ad8027001480</CMD>",
			"<CMD>17802700de8f2700018027001480</CMD>よくわかったな！<CMD>18802700008027000080</CMD>",
			"\f"
		]
	},
	{
		"Index": 8,
		"JPN": [
			"それじゃ　さらばだっ！",
			"\f"
		]
	},
	{
		"Index": 9,
		"JPN": [
			"<CMD>16802700de8f27002d81</CMD>きみには　かなわないなぁ<BREAK>こんなにたくさん<BREAK>こたえられるなんて……",
			"これは　けいひんだ<BREAK>うけとるがいい",
			"\f"
		]
	},
	{
		"Index": 10,
		"JPN": [
			"<CMD>16802700de8f27007f81</CMD>まさか　ぜんぶあてられるなんて<BREAK>{思|おも}わなかった<BREAK>もう　{出|だ}せるもんだいがないよ",
			"これ　{父|とう}ちゃんから<BREAK>もらったやつだけど<BREAK>うけとって…",
			"いいんだ　もらって<BREAK>ぼくは　このくやしさをバネに<BREAK>がんばるからさ",
			"\f"
		]
	},
	{
		"Index": 11,
		"JPN": [
			"<CMD>16802700de8f27007d81</CMD>ちくしょー！　ぜったい<BREAK>もーっと　むずかしいクイズを<BREAK>{考|かんが}えられるようになってやる",
			"<CMD>138027005c8b</CMD>",
			"\f"
		]
	},
	{
		"Index": 12,
		"JPN": [
			"<CMD>16802700de8f27005681</CMD>もちものがいっぱいで<BREAK>けいひんが　もてないみたいだね",
			"もちものを　せいりしてから<BREAK>また{来|き}てよ",
			"\f"
		]
	},
	{
		"Index": 13,
		"JPN": [
			"もちもの　せいりしてきたか？",
			"\f"
		]
	},
	{
		"Index": 14,
		"JPN": [
			"<CMD>16802700de8f27007f81</CMD>うーん…　もう<BREAK>きみに{出|だ}せるもんだいは<BREAK>なくなったよ",
			"{歩|ある}いてれば　きっとなにか<BREAK>{思|おも}いつくはず……<BREAK>じゃあな",
			"\f"
		]
	},
	{
		"Index": 15,
		"JPN": [
			"<CMD>17802700de8f2700828027000680</CMD>さかだちすると<BREAK>やさいになるのは<BREAK>{次|つぎ}のうちどれだ？<CMD>1780270000802700b28027000a80</CMD><CMD>17802700de8f2700018027000680</CMD>",
			"<CMD>13802700648b</CMD>",
			"\f"
		]
	},
	{
		"Index": 16,
		"JPN": [
			"<CMD>378027000180</CMD>",
			"トンネル<CMD>13802700ffff</CMD>",
			"スコップ<CMD>13802700ffff</CMD>",
			"すな<CMD>13802700ffff</CMD>",
			"\f"
		]
	},
	{
		"Index": 17,
		"JPN": [
			"<CMD>17802700de8f2700828027000680</CMD>えんぴつや　ペンをつかわずに<BREAK>かけるものは　なーんだ？<CMD>1780270000802700b28027000a80</CMD><CMD>17802700de8f2700018027000680</CMD>",
			"<CMD>13802700668b</CMD>",
			"\f"
		]
	},
	{
		"Index": 18,
		"JPN": [
			"<CMD>378027000180</CMD>",
			"もじ<CMD>13802700ffff</CMD>",
			"え<CMD>13802700ffff</CMD>",
			"あせ<CMD>13802700ffff</CMD>",
			"\f"
		]
	},
	{
		"Index": 19,
		"JPN": [
			"<CMD>17802700de8f2700828027000680</CMD>せきをしている{人|ヒト}がかう<BREAK>くすりの{本|ほん}すうは　なん{本|ぼん}だ？<CMD>1780270000802700b28027001480</CMD><CMD>17802700de8f2700018027000680</CMD>",
			"<CMD>13802700688b</CMD>",
			"\f"
		]
	},
	{
		"Index": 20,
		"JPN": [
			"<CMD>378027000180</CMD>",
			"１{本|ぽん}<CMD>13802700ffff</CMD>",
			"３{本|ぼん}<CMD>13802700ffff</CMD>",
			"５{本|ほん}<CMD>13802700ffff</CMD>",
			"\f"
		]
	},
	{
		"Index": 21,
		"JPN": [
			"<CMD>17802700de8f2700828027000680</CMD>１{年|ねん}に１{回|かい}しか<BREAK>とれないものは　なーんだ？<CMD>1780270000802700b28027000a80</CMD><CMD>17802700de8f2700018027000680</CMD>",
			"<CMD>138027006a8b</CMD>",
			"\f"
		]
	},
	{
		"Index": 22,
		"JPN": [
			"<CMD>378027000180</CMD>",
			"りんご<CMD>13802700ffff</CMD>",
			"しょうゆ<CMD>13802700ffff</CMD>",
			"とし<CMD>13802700ffff</CMD>",
			"\f"
		]
	},
	{
		"Index": 23,
		"JPN": [
			"<CMD>17802700de8f2700828027000680</CMD>はれているときに<BREAK>くっついてくるのは　なーんだ？<CMD>1780270000802700b28027000a80</CMD><CMD>17802700de8f2700018027000680</CMD>",
			"<CMD>138027006c8b</CMD>",
			"\f"
		]
	},
	{
		"Index": 24,
		"JPN": [
			"<CMD>378027000180</CMD>",
			"せっちゃくざい<CMD>13802700ffff</CMD>",
			"ともだち<CMD>13802700ffff</CMD>",
			"かげ<CMD>13802700ffff</CMD>",
			"\f"
		]
	},
	{
		"Index": 25,
		"JPN": [
			"<CMD>17802700de8f2700828027000680</CMD>{空|そら}にも　じめんにも<BREAK>いるのって　なーんだ？<CMD>1780270000802700b28027000a80</CMD><CMD>17802700de8f2700018027000680</CMD>",
			"<CMD>138027006e8b</CMD>",
			"\f"
		]
	},
	{
		"Index": 26,
		"JPN": [
			"<CMD>378027000180</CMD>",
			"たいよう<CMD>13802700ffff</CMD>",
			"つき<CMD>13802700ffff</CMD>",
			"くも<CMD>13802700ffff</CMD>",
			"\f"
		]
	},
	{
		"Index": 27,
		"JPN": [
			"<CMD>17802700de8f2700828027000680</CMD>{目|め}をつぶってるのに<BREAK>{見|み}えるものなーんだ？<CMD>1780270000802700b28027000a80</CMD><CMD>17802700de8f2700018027000680</CMD>",
			"<CMD>13802700708b</CMD>",
			"\f"
		]
	},
	{
		"Index": 28,
		"JPN": [
			"<CMD>378027000180</CMD>",
			"けしき<CMD>13802700ffff</CMD>",
			"ひとのかお<CMD>13802700ffff</CMD>",
			"ゆめ<CMD>13802700ffff</CMD>",
			"\f"
		]
	},
	{
		"Index": 29,
		"JPN": [
			"<CMD>17802700de8f2700828027000680</CMD>つぎのうち<BREAK>{食|た}べられないパンはどーれだ？<CMD>1780270000802700b28027000a80</CMD><CMD>17802700de8f2700018027000680</CMD>",
			"<CMD>13802700728b</CMD>",
			"\f"
		]
	},
	{
		"Index": 30,
		"JPN": [
			"<CMD>378027000180</CMD>",
			"あんぱん<CMD>13802700ffff</CMD>",
			"カンパン<CMD>13802700ffff</CMD>",
			"しんぱん<CMD>13802700ffff</CMD>",
			"\f"
		]
	},
	{
		"Index": 31,
		"JPN": [
			"<CMD>17802700de8f2700828027000680</CMD>{空|そら}からふってくる　おかしって<BREAK>なーんだ？<CMD>1780270000802700b28027000a80</CMD><CMD>17802700de8f2700018027000680</CMD>",
			"<CMD>13802700748b</CMD>",
			"\f"
		]
	},
	{
		"Index": 32,
		"JPN": [
			"<CMD>378027000180</CMD>",
			"クッキー<CMD>13802700ffff</CMD>",
			"ガム<CMD>13802700ffff</CMD>",
			"あめ<CMD>13802700ffff</CMD>",
			"\f"
		]
	},
	{
		"Index": 33,
		"JPN": [
			"<CMD>17802700de8f2700828027000680</CMD>どうぶつが　かくれている<BREAK>いれものは　どーれだ？<CMD>1780270000802700b28027000a80</CMD><CMD>17802700de8f2700018027000680</CMD>",
			"<CMD>13802700768b</CMD>",
			"\f"
		]
	},
	{
		"Index": 34,
		"JPN": [
			"<CMD>378027000180</CMD>",
			"ランドセル<CMD>13802700ffff</CMD>",
			"おもちゃばこ<CMD>13802700ffff</CMD>",
			"かばん<CMD>13802700ffff</CMD>",
			"\f"
		]
	},
	{
		"Index": 35,
		"JPN": [
			"<CMD>17802700de8f2700828027000680</CMD>どこにあっても　{近|ちか}くにある<BREAK>たべものって　なーんだ？<CMD>1780270000802700b28027000a80</CMD><CMD>17802700de8f2700018027000680</CMD>",
			"<CMD>13802700788b</CMD>",
			"\f"
		]
	},
	{
		"Index": 36,
		"JPN": [
			"<CMD>378027000180</CMD>",
			"ハンバーグ<CMD>13802700ffff</CMD>",
			"チーズ<CMD>13802700ffff</CMD>",
			"そば<CMD>13802700ffff</CMD>",
			"\f"
		]
	},
	{
		"Index": 37,
		"JPN": [
			"<CMD>17802700de8f2700828027000680</CMD>つぎのうち<BREAK>ひらべったいボールは　どーれだ？<CMD>1780270000802700b28027000a80</CMD><CMD>17802700de8f2700018027000680</CMD>",
			"<CMD>138027007a8b</CMD>",
			"\f"
		]
	},
	{
		"Index": 38,
		"JPN": [
			"<CMD>378027000180</CMD>",
			"ラグビーボール<CMD>13802700ffff</CMD>",
			"サッカーボール<CMD>13802700ffff</CMD>",
			"ダンボール<CMD>13802700ffff</CMD>",
			"\f"
		]
	},
	{
		"Index": 39,
		"JPN": [
			"<CMD>49802700358427000a80</CMD>",
			"\f"
		]
	},
	{
		"Index": 40,
		"JPN": [
			"<CMD>49802700358427001480</CMD>",
			"\f"
		]
	},
	{
		"Index": 41,
		"JPN": [
			"<CMD>49802700358427001e80</CMD>",
			"\f"
		]
	},
	{
		"Index": 42,
		"JPN": [
			"<CMD>49802700358427002880</CMD>",
			"\f"
		]
	},
	{
		"Index": 43,
		"JPN": [
			"じゃあ　もんだいをだすぞ！",
			"\f"
		]
	},
	{
		"Index": 44,
		"JPN": [
			"<CMD>16802700de8f27005881</CMD>{気|き}にしなくていいから<BREAK>もらってよ<CMD>18802700008027000080</CMD><CMD>1780270000802700018027001480</CMD>",
			"ぼくは　このくやしさをバネに<BREAK>がんばるからさ",
			"\f"
		]
	},
	{
		"Index": 50,
		"JPN": [
			"<CMD>49802700368427000a8027000180</CMD>",
			"\f"
		]
	},
	{
		"Index": 60,
		"JPN": [
			"<CMD>16802700a78f27005681</CMD>お{前知|まえし}ってるぞ！<BREAK>{前|まえ}にオレを{見|み}つけた<BREAK>{人間|にんげん}だなっ！！",
			"お{前|まえ}に{見|み}つかった<BREAK>あのクツジョクの{日|ひ}から<BREAK>しゅぎょうをつみ…",
			"ついに！<BREAK>うまくかくれる{方法|ほうほう}を<BREAK>あみだしたんだ",
			"だから{勝負|しょうぶ}しろっ！",
			"ルールは{前回|ぜんかい}といっしょで<BREAK>オレを{見|み}つけ{出|だ}すことが<BREAK>できたらお{前|まえ}の{勝|か}ちだ",
			"{探|さが}し{出|だ}すには<BREAK>どんな{方法|ほうほう}を{使|つか}っても<BREAK>かまわないぞ",
			"<CMD>16802700a78f27005881</CMD>ゼッタイ<BREAK>{負け|まけ}ないからな！",
			"\f"
		]
	},
	{
		"Index": 62,
		"JPN": [
			"<CMD>18802700a78f27000280</CMD><CMD>17802700a78f2700848027001980</CMD><CMD>16802700a78f27003081</CMD>うーん<BREAK>{何|なん}で{見|み}つけられるんだ？",
			"あれだけの{数|カズ}の<BREAK>ニセ{宝箱|たからばこ}を{用意|ヨウイ}したのに<BREAK>{引|ひ}っかからないのか…",
			"<CMD>18802700a78f27000080</CMD><CMD>17802700a78f2700018027000a80</CMD><CMD>16802700a78f27005881</CMD>やっぱり<BREAK>お{前|まえ}はすごいヤツだな！",
			"{宝箱|たからばこ}は{宝箱|たからばこ}らしく<BREAK>ほうびをやろう！",
			"<CMD>16802700a78f27005581</CMD>{今回|こんかい}もゼイタクに<BREAK>100リッチもプレゼントだ！<BREAK>ありがたくおもえよ！<CMD>3a8027006480</CMD>",
			"\f"
		]
	},
	{
		"Index": 64,
		"JPN": [
			"<CMD>18802700a78f27000280</CMD><CMD>16802700a78f27003081</CMD>うーん<BREAK>オレの{考|かんが}えたこの{方法|ほうほう}は<BREAK>カンペキなはずなんだが…",
			"いいだろ　{明日|あした}また{来|こ}い！！<BREAK>まあ　{今度|こんど}はぜったいに<BREAK>{見|み}つけられないだろうがな！",
			"\f"
		]
	},
	{
		"Index": 66,
		"JPN": [
			"<CMD>16802700a78f27005681</CMD>ん…お{前|まえ}か？<BREAK>いい{所|トコロ}であったな<BREAK>いきなりだが…",
			"<CMD>16802700a78f27007d81</CMD>もう{一回勝負|いっかいショウブ}しろっ！<BREAK>{次|つぎ}はぜーったいに<BREAK>{見|み}つからないからな！",
			"ルールは{前|まえ}と{同|おな}じ<BREAK>どんな{方法|ほうほう}を{使|つか}っても<BREAK>いいから　オレを{探|さが}し{出|だ}してみろ",
			"<CMD>16802700a78f27005881</CMD>まあ　もう{会|あ}うことは<BREAK>ないと{思|おも}うが<BREAK>せいぜいがんばってくれよ",
			"じゃあなっ！",
			"\f"
		]
	},
	{
		"Index": 70,
		"JPN": [
			"<CMD>18802700a78f27000280</CMD><CMD>16802700a78f27003081</CMD>うーん<BREAK>オレの{考|かんが}えたこの{方法|ほうほう}は<BREAK>カンペキなはずなんだが…",
			"いいだろう…<BREAK>{今回|こんかい}はお{前|まえ}の{勝|か}ちに<BREAK>しといてやる…",
			"しかし{次|つぎ}に{来|く}るときは<BREAK>ぜったいに<BREAK>{見|み}つけられないだろうがな！",
			"\f"
		]
	}
]