[
	{
		"Index": 0,
		"JPN": [
			"<CMD>49802700418427000a80</CMD>",
			"\f"
		]
	},
	{
		"Index": 1,
		"JPN": [
			"<CMD>16802700b28f27005681</CMD>お{前|まえ}はたしか…<BREAK>まえに　オレとのしょうぶで<BREAK>{勝|か}ったヤツじゃないか？！",
			"ちょうどいい　リベンジだっ！",
			"<CMD>16802700b28f27007e81</CMD>{今度|こんど}はちがうルールで<BREAK>しょうぶをするが…",
			"<CMD>16802700b28f27006981</CMD>どうする？<BREAK>このしょうぶをうけるか？",
			"<CMD>13802700ae8d</CMD>",
			"\f"
		]
	},
	{
		"Index": 2,
		"JPN": [
			"<CMD>3780</CMD>",
			"はい<CMD>13802700ffff</CMD>",
			"いいえ<CMD>13802700ffff</CMD>",
			"\f"
		]
	},
	{
		"Index": 3,
		"JPN": [
			"<CMD>17802700b28f2700018027000a80</CMD><CMD>16802700b28f27005581</CMD>よし　じゃあ{今回|こんかい}の<BREAK>しょうぶの{場|ば}となる<BREAK>{広場|ひろば}へ{行|い}くぞ！",
			"\f"
		]
	},
	{
		"Index": 4,
		"JPN": [
			"<CMD>17802700b28f2700018027000a80</CMD><CMD>16802700b28f27005581</CMD>へへん　オレに{負|ま}けるのが<BREAK>こわいんだな！",
			"でもしょうぶする{気|き}に<BREAK>なったら{話|はな}しかけてくれよ<BREAK>いつでも{受|う}けて{立|た}つぞ！",
			"\f"
		]
	},
	{
		"Index": 5,
		"JPN": [
			"<CMD>16802700b28f27005581</CMD>それじゃあ　ルールを<BREAK>{説明|せつめい}するぞ",
			"\f"
		]
	},
	{
		"Index": 6,
		"JPN": [
			"ここに{旗|ハタ}を１{本|ぽん}おく<BREAK>おいらに{見|み}つからないように<BREAK>{旗|ハタ}をとればお{前|まえ}の{勝|か}ち…",
			"<CMD>16802700b28f27005981</CMD>ぎゃくにオレに{見|み}つかれば<BREAK>お{前|まえ}の{負|ま}けだ！",
			"ちなみにお{前|まえ}のスタートいちは<BREAK><CMD>008027000580</CMD>がくせいりょう<CMD>008027000180</CMD>の{前|まえ}の<BREAK>かいだんからだぞ",
			"<CMD>16802700b28f27006981</CMD>…どうだ　わかったか？",
			"<CMD>13802700b38d</CMD>",
			"\f"
		]
	},
	{
		"Index": 7,
		"JPN": [
			"<CMD>3780</CMD>",
			"はい<CMD>13802700ffff</CMD>",
			"いいえ<CMD>13802700ffff</CMD>",
			"\f"
		]
	},
	{
		"Index": 8,
		"JPN": [
			"<CMD>16802700b28f27005581</CMD>じゃあ{始|はじ}めっか！",
			"<CMD>17802700b28f2700848027000a80</CMD><CMD>16802700b28f27005681</CMD>{今|いま}からお{前|まえ}をスタートいちに<BREAK>いどうさせるから<BREAK>そしたらゲーム{開始|かいし}だ！",
			"\f"
		]
	},
	{
		"Index": 9,
		"JPN": [
			"<CMD>16802700b28f27002d81</CMD>そうか<BREAK>じゃあもう{一度|いちど}せつめいするぞ",
			"\f"
		]
	},
	{
		"Index": 10,
		"JPN": [
			"<CMD>16802700b28f27006981</CMD>あれ？<BREAK>だれもいないのに<BREAK>ハタが…うごいた……",
			"<CMD>17802700b28f2700838027000a80</CMD><CMD>16802700b28f27002d81</CMD><CMD>18802700b28f27000580</CMD><CMD>0482</CMD>かっ？！<BREAK>くそー　その{手|て}があったか！",
			"<CMD>18802700b28f27000280</CMD>ちきしょー<BREAK>また　{負|ま}けた！",
			"\f"
		]
	},
	{
		"Index": 11,
		"JPN": [
			"<CMD>17802700b28f2700838027000a80</CMD><CMD>16802700b28f27002d81</CMD><CMD>18802700b28f27000280</CMD>あー！<BREAK>くっそー！<BREAK>また　{負|ま}けた！",
			"\f"
		]
	},
	{
		"Index": 12,
		"JPN": [
			"<CMD>17802700b28f2700828027000a80</CMD><CMD>16802700b28f27005581</CMD>はははっ！<BREAK><CMD>0482</CMD>{見|み}つけたぞ<BREAK>しょうぶはオレの{勝|か}ちだ！",
			"\f"
		]
	},
	{
		"Index": 13,
		"JPN": [
			"<CMD>16802700b28f27005581</CMD>お　しょうぶする{気|き}になったか！",
			"<CMD>17802700b28f2700848027000a80</CMD><CMD>0482</CMD><BREAK>{今度|こんど}は{本気|ほんき}でいくからな",
			"\f"
		]
	},
	{
		"Index": 14,
		"JPN": [
			"<CMD>17802700b28f2700848027000a80</CMD>ふふん<BREAK>またオレにやられにきたのか？",
			"\f"
		]
	},
	{
		"Index": 15,
		"JPN": [
			"さあどうする<BREAK>しょうぶするか？",
			"<CMD>13802700ae8d</CMD>",
			"\f"
		]
	},
	{
		"Index": 16,
		"JPN": [
			"<CMD>16802700b28f27005581</CMD>いい{試合|しあい}だったー！",
			"しばらく{町|まち}にいるから<BREAK>またしょうぶしたくなったら<BREAK>{話|はな}しかけてくれ",
			"\f"
		]
	},
	{
		"Index": 17,
		"JPN": [
			"それじゃースタートだ！",
			"\f"
		]
	},
	{
		"Index": 18,
		"JPN": [
			"<CMD>4c80270084822700008127000180</CMD>……ん？　だれだ？<CMD>49802700418427001480</CMD>",
			"\f"
		]
	},
	{
		"Index": 50,
		"JPN": [
			"<CMD>49802700428427000a8027000180</CMD>",
			"\f"
		]
	},
	{
		"Index": 51,
		"JPN": [
			"<CMD>4980270042842700148027000180</CMD>",
			"\f"
		]
	},
	{
		"Index": 52,
		"JPN": [
			"<CMD>49802700428427001e8027000180</CMD>",
			"\f"
		]
	},
	{
		"Index": 53,
		"JPN": [
			"<CMD>4980270042842700148027000180</CMD>",
			"\f"
		]
	},
	{
		"Index": 54,
		"JPN": [
			"<CMD>4980270042842700148027000180</CMD>",
			"\f"
		]
	},
	{
		"Index": 55,
		"JPN": [
			"<CMD>6480</CMD>耆",
			"<CMD>6480</CMD>肿聧",
			"\f"
		]
	},
	{
		"Index": 59,
		"JPN": [
			"<CMD>6480</CMD>肿肉耇",
			"\f"
		]
	},
	{
		"Index": 60,
		"JPN": [
			"<CMD>6480</CMD>肿肉耈",
			"\f"
		]
	},
	{
		"Index": 63,
		"JPN": [
			"<CMD>6480</CMD>耆",
			"<CMD>6480</CMD>肿聍聧",
			"\f"
		]
	},
	{
		"Index": 64,
		"JPN": [
			"<CMD>6480</CMD>肿耆",
			"\f"
		]
	},
	{
		"Index": 65,
		"JPN": [
			"<CMD>6480</CMD>耆耟",
			"\f"
		]
	},
	{
		"Index": 66,
		"JPN": [
			"<CMD>6480</CMD>耟耠耍",
			"\f"
		]
	},
	{
		"Index": 67,
		"JPN": [
			"<CMD>6480</CMD>聲耆",
			"\f"
		]
	},
	{
		"Index": 68,
		"JPN": [
			"<CMD>6480</CMD>聲耠耍",
			"\f"
		]
	},
	{
		"Index": 70,
		"JPN": [
			"<CMD>6480</CMD>肞聩",
			"\f"
		]
	}
]