[
	{
		"Index": 1,
		"JPN": [
			"<CMD>16802700b68f27005581</CMD><CMD>18802700b68f27000180</CMD>ひゃっほー！！！",
			"<CMD>16802700b68f27005681</CMD><CMD>18802700b68f27000080</CMD>よばれてとび{出|で}て<BREAK>オレとーじょーっ！！！",
			"くぅ～<BREAK>この{世界|せかい}もひっさしぶりだぜ！<BREAK>やっぱりキモチイイねぇ",
			"<CMD>16802700b68f27005581</CMD><CMD>18802700b68f27000180</CMD>ご{主人様|しゅじんさま}！<BREAK>よび{出|だ}してくれて<BREAK>マジサンキューなっ！",
			"<CMD>16802700b68f27006981</CMD><CMD>18802700b68f27000080</CMD>オレに{会|あ}えなくて<BREAK>ご{主人様|しゅじん}さまも<BREAK>さびしかったんだろ？",
			"<CMD>16802700b68f27005581</CMD><CMD>17802700b68f2700858027000a80</CMD>へへへ　{言|い}わなくてもわかるって<BREAK>さあ　またいっしょに<BREAK>どっか{行|い}こうぜ！",
			"\f"
		]
	},
	{
		"Index": 2,
		"JPN": [
			"<CMD>16802700b68f27005581</CMD>ご{主人様|しゅじんさま}の{行|い}くところなら<BREAK>どこにだってついていくぜ",
			"だってオレ　ご{主人様|しゅじんさま}の<BREAK>つかいま　なんだもん<BREAK>それが　{当|あ}たり{前|まえ}だろ？",
			"<CMD>16802700b68f27004181</CMD>さあ　どっか{行|い}こうぜ！",
			"\f"
		]
	},
	{
		"Index": 3,
		"JPN": [
			"<CMD>16802700b68f27005681</CMD>やばい！<BREAK>ご{主人様|しゅじんさま}　あぶなーいっ！！",
			"\f"
		]
	},
	{
		"Index": 4,
		"JPN": [
			"<CMD>16802700b68f27002d81</CMD><CMD>18802700b68f27000380</CMD>ふぅー　キキイッパツだったぜ",
			"<CMD>16802700b68f27002f81</CMD><CMD>18802700b68f27000080</CMD>ご{主人様|しゅじんさま}　オレがいなけりゃ<BREAK>あやうく　くさった{橋板|はしいた}を<BREAK>ふむところだったんだぜ？",
			"ほら　ここだよここ<BREAK>この{板|いた}が…",
			"<CMD>16802700b68f27002d81</CMD><CMD>18802700b68f27000380</CMD>…………あれ？<BREAK>{橋板|はしいた}　じょうぶだな…<BREAK>えーっと…",
			"<CMD>16802700b68f27005681</CMD><CMD>18802700b68f27000080</CMD>あーうー……<BREAK>……………あっ　そうだ！",
			"<CMD>16802700b68f27002f81</CMD><CMD>17802700b68f2700878027000a80</CMD><CMD>18802700b68f27000480</CMD>うっ<BREAK>とっさに{力|チカラ}を{使|つか}ったから<BREAK>まほうのエネルギーがからっぽに…",
			"<CMD>16802700b68f27007f81</CMD>きゅぅ…",
			"\f"
		]
	},
	{
		"Index": 5,
		"JPN": [
			"<CMD>16802700b68f27002d81</CMD><CMD>18802700b68f27000380</CMD>ふぅー　キキイッパツだったぜ",
			"<CMD>16802700b68f27002f81</CMD><CMD>18802700b68f27000080</CMD>{今|いま}　ご{主人様|しゅじんさま}をねらって<BREAK>{木|き}の{上|うえ}からドクグモが<BREAK>ふってきたんだぜ",
			"ほら　{見|み}てみなよ<BREAK>これは…",
			"<CMD>16802700b68f27002d81</CMD>…………",
			"<CMD>18802700b68f27000380</CMD>ただの{葉|は}っぱだった…",
			"<CMD>16802700b68f27005681</CMD><CMD>18802700b68f27000080</CMD>えーと……<BREAK>……………あっ　そうだ！",
			"<CMD>16802700b68f27002f81</CMD><CMD>17802700b68f2700878027000a80</CMD><CMD>18802700b68f27000480</CMD>ぐはっ<BREAK>{力|チカラ}の{使|つか}いすぎで<BREAK>まほうのエネルギーがからっぽに…",
			"<CMD>16802700b68f27007f81</CMD>バタン　キュー…",
			"\f"
		]
	},
	{
		"Index": 6,
		"JPN": [
			"<CMD>16802700b68f27002d81</CMD><CMD>18802700b68f27000380</CMD>ふぅー　キキイッパツだったぜ",
			"<CMD>16802700b68f27002f81</CMD><CMD>18802700b68f27000080</CMD>がけがくずれて<BREAK>まっさかさまに<BREAK>なっちゃうところだったぜ？",
			"ほら　{地面|じめん}のここを<BREAK>ふんでみなよ<BREAK>それだけでくずれる…",
			"<CMD>16802700b68f27002d81</CMD><CMD>18802700b68f27000380</CMD>…あれ？<BREAK>ぜんぜんくずれないな…",
			"<CMD>16802700b68f27007f81</CMD><CMD>18802700b68f27000380</CMD>あーー……<BREAK>…………………",
			"<CMD>16802700b68f27002f81</CMD><CMD>17802700b68f2700878027000a80</CMD><CMD>18802700b68f27000480</CMD>ああぁ　なんてことだぜー<BREAK>まほうの{力|チカラ}が……げんかいをー<BREAK>こえてしまったぜー",
			"<CMD>16802700b68f27007f81</CMD>ふらふらふら～",
			"\f"
		]
	},
	{
		"Index": 7,
		"JPN": [
			"<CMD>16802700b68f27002d81</CMD><CMD>18802700b68f27000380</CMD>ふぅー　キキイッパツだったぜ",
			"<CMD>16802700b68f27002f81</CMD><CMD>18802700b68f27000080</CMD>{今|いま}　{門|もん}の{柱|はしら}が<BREAK>ご{主人様|しゅじんさま}めがけて<BREAK>たおれてきそうだったんだぜ",
			"ほら　さわってみなよ<BREAK>この{柱|はしら}　ぐらぐらして…",
			"<CMD>16802700b68f27002d81</CMD><CMD>18802700b68f27000380</CMD>…あれ？<BREAK>しっかりこていされてて<BREAK>ビクともしないな…",
			"<CMD>16802700b68f27006981</CMD><CMD>18802700b68f27000080</CMD>……な　なんて……<BREAK>…………………ね？",
			"<CMD>16802700b68f27002f81</CMD><CMD>17802700b68f2700878027000a80</CMD><CMD>18802700b68f27000480</CMD>……うっ<BREAK>とっさに{力|ちから}を{使|つか}ったから<BREAK>まほうのエネルギーがからっぽに…",
			"<CMD>16802700b68f27007f81</CMD>パタッ",
			"\f"
		]
	},
	{
		"Index": 8,
		"JPN": [
			"<CMD>16802700b68f27002d81</CMD><CMD>18802700b68f27000380</CMD>ふぅー　キキイッパツだったぜ",
			"<CMD>16802700b68f27002f81</CMD>{今|いま}　{悪|わる}いバケモノが<BREAK>ご{主人様|しゅじんさま}を<BREAK>{川|かわ}に{引|ひ}き{込|こ}もうとしたんだぜ",
			"ほら　あそこの{水面|すいめん}！<BREAK>なにか　うかんでるだろ？<BREAK>あれは…",
			"<CMD>16802700b68f27002d81</CMD>………………",
			"<CMD>18802700b68f27000380</CMD>ただの{流木|りゅうぼく}だった…",
			"<CMD>16802700b68f27002f81</CMD><CMD>18802700b68f27000380</CMD>……や　やって……<BREAK>やっちまったぜ……",
			"<CMD>16802700b68f27002f81</CMD><CMD>17802700b68f2700878027000a80</CMD><CMD>18802700b68f27000480</CMD>……うぐっ<BREAK>とっさにまほうの{力|チカラ}を<BREAK>{使|つか}いすぎちまったー",
			"<CMD>16802700b68f27007f81</CMD>たおれるーー……バタッ",
			"\f"
		]
	},
	{
		"Index": 9,
		"JPN": [
			"<CMD>16802700b68f27002d81</CMD><CMD>18802700b68f27000380</CMD>ふぅー　キキイッパツだったぜ",
			"<CMD>16802700b68f27002f81</CMD><CMD>18802700b68f27000080</CMD>さっき　ご{主人様|しゅじんさま}を<BREAK>{海|うみ}に{引|ひ}き{込|こ}もうとする<BREAK>バケモノの{手|て}が{見|み}えたんだ",
			"オレがいなかったら<BREAK>ご{主人様|しゅじんさま}は<BREAK>{今|いま}ごろ{海|うみ}の{中|なか}だったぜ！",
			"<CMD>16802700b68f27002d81</CMD><CMD>18802700b68f27000380</CMD>…ってあれ？<BREAK>これは…………<BREAK>ただの{海草|かいそう}！？",
			"<CMD>16802700b68f27007f81</CMD><CMD>18802700b68f27000080</CMD>……その……なんだぜ…<BREAK>…………………あっ！",
			"<CMD>16802700b68f27002f81</CMD><CMD>17802700b68f2700878027000a80</CMD><CMD>18802700b68f27000480</CMD>…なんだ　この{力|チカラ}のぬける<BREAK>{感|かん}じは…オレは…もう…<BREAK>ダメかもしれないぜー",
			"<CMD>16802700b68f27007f81</CMD>パタンッ",
			"\f"
		]
	},
	{
		"Index": 10,
		"JPN": [
			"<CMD>16802700b68f27007e81</CMD><CMD>18802700b68f27000180</CMD>なーんて　ウソウソ！<BREAK>えへへへへへへ<BREAK>ちょっと{心配|シンパイ}した？",
			"<CMD>16802700b68f27003081</CMD><CMD>18802700b68f27000080</CMD>ゴメンなー　ご{主人様|しゅじんさま}<BREAK>オレ　カンチガイしちゃったみたい<BREAK>ハシャギすぎてつかれたのかなー？",
			"{１度|１ど}　{元|もと}の{世界|せかい}に{帰|かえ}って<BREAK>パワーをためたほうがいいかも",
			"\f"
		]
	},
	{
		"Index": 11,
		"JPN": [
			"ご{主人様|しゅじんさま}…<BREAK>{帰|かえ}り{道|みち}のついでで<BREAK>いいんだけど",
			"オレを　あのまほうじんで<BREAK>{元|もと}の{世界|せかい}へ{送|おく}ってくれない？",
			"\f"
		]
	},
	{
		"Index": 12,
		"JPN": [
			"<CMD>16802700b68f27004181</CMD>おっ　ご{主人様|しゅじんさま}！<BREAK>オレもいっしょについていくぜー<BREAK>いいよな！",
			"\f"
		]
	},
	{
		"Index": 13,
		"JPN": [
			"<CMD>16802700b68f27007f81</CMD><CMD>18802700b68f27000380</CMD>うーん　パワーが{出|で}ない…<BREAK>ハシャギすぎたかなぁ？",
			"これはもう　{元|もと}の{世界|せかい}に<BREAK>もどるしかないなあ…",
			"<CMD>16802700b68f27002d81</CMD><CMD>18802700b68f27000080</CMD>なあ　ご{主人様|しゅじんさま}ー<BREAK>オレをまほうじんまで<BREAK>つれて{行|い}ってくれない？",
			"\f"
		]
	},
	{
		"Index": 14,
		"JPN": [
			"<CMD>16802700b68f27004181</CMD><CMD>18802700b68f27000180</CMD>サンキュー　ご{主人様|しゅじんさま}<BREAK>ホントに{助|たす}かったぜ",
			"すこし{休|やす}んだら<BREAK>{元気|ゲンキ}になってると<BREAK>{思|おも}うからさ",
			"<CMD>18802700b68f27000080</CMD>だから　またオレを<BREAK>こっちによんでくれよな<BREAK>きっとだぜ！",
			"\f"
		]
	},
	{
		"Index": 16,
		"JPN": [
			"<CMD>16802700b68f27005581</CMD><CMD>18802700b68f27000180</CMD>ひゃっほーい！<BREAK>およびにあずかり<BREAK>オレとーじょーっ！！！",
			"<CMD>18802700b68f27000080</CMD>おっす　ご{主人様|しゅじんさま}<BREAK>{元気|ゲンキ}してた？<BREAK>オレはもう　ゼッコーチョーだぜ",
			"\f"
		]
	},
	{
		"Index": 17,
		"JPN": [
			"<CMD>16802700b68f27005581</CMD>さーて<BREAK>{今回|こんかい}もご{主人様|しゅじんさま}のために<BREAK>オレ　がんばるぜ！",
			"なにかあっても<BREAK>オレがしっかり{守|まも}ってやるから<BREAK>{安心|あんしん}してていいからな",
			"<CMD>16802700b68f27004181</CMD>さあさあ<BREAK>どっかへ{出発|しゅっぱつ}しよーぜ<BREAK>ご{主人様|しゅじんさま}！",
			"\f"
		]
	},
	{
		"Index": 18,
		"JPN": [
			"<CMD>16802700b68f27003081</CMD><CMD>18802700b68f27000380</CMD>あのさー　ご{主人様|しゅじんさま}<BREAK>オレ　このところずっと<BREAK>メイワクかけてただろ？",
			"<CMD>16802700b68f27002d81</CMD>そのオワビってわけじゃ<BREAK>ないんだけど…",
			"<CMD>18802700b68f27000080</CMD>オレからご{主人様|しゅじんさま}に<BREAK>あげたいものがあるんだ<BREAK>{受|う}け{取|と}ってくれないかな？",
			"\f"
		]
	},
	{
		"Index": 19,
		"JPN": [
			"<CMD>16802700b68f27005581</CMD>オレさー<BREAK>こっちの{世界|せかい}にも<BREAK>なれてきたし",
			"ひとりで　あっちこっち<BREAK>{回|まわ}ってみようと{思|おも}うんだ",
			"<CMD>16802700b68f27003081</CMD>オレがいっしょにいないと<BREAK>ご{主人様|しゅじんさま}も<BREAK>さびしいだろうけど",
			"<CMD>18802700b68f27000180</CMD>これも<BREAK>{自立|ジリツ}へのダイイッポってやつだね",
			"<CMD>18802700b68f27000080</CMD><CMD>16802700b68f27005681</CMD>あ！　でもでも<BREAK>さびしくなったら　いつでも<BREAK>オレに　{声|こえ}かけてくれよな！",
			"\f"
		]
	},
	{
		"Index": 20,
		"JPN": [
			"<CMD>16802700b68f27007d81</CMD><CMD>18802700b68f27000080</CMD>…ってなんだよ<BREAK>{持|も}ち{物|モノ}がいっぱいじゃないか",
			"なあ<BREAK>{持|も}ち{物|モノ}を{整理|せいり}してから<BREAK>またオレに{話|はな}しかけてくれない？",
			"<CMD>16802700b68f27004181</CMD>そしたら　とっておきの<BREAK>イイモノをあげちゃうぜ！",
			"\f"
		]
	},
	{
		"Index": 21,
		"JPN": [
			"<CMD>16802700b68f27005581</CMD>やっほーい！　ご{主人様|しゅじんさま}！<BREAK>オレに{会|あ}いに{来|き}てくれたのかい？",
			"<CMD>16802700b68f27004181</CMD><CMD>18802700b68f27000180</CMD>ご{主人様|しゅじんさま}　わかってるぜ<BREAK>オレに{会|あ}えなくて<BREAK>さびしくなったんだろ？　えへへへ",
			"こっちの{世界|せかい}は<BREAK>{楽|たの}しいところだな！<BREAK>もっともっと{見|み}てまわりたいぜ",
			"<CMD>16802700b68f27005581</CMD>だからさー<BREAK>ちょいちょいこっちに<BREAK>よんでくれると　オレうれしいな",
			"<CMD>18802700b68f27000080</CMD>…ご{主人様|しゅじんさま}にも<BREAK>{会|あ}いたいしなっ！<BREAK>えへへへへへへ",
			"\f"
		]
	},
	{
		"Index": 22,
		"JPN": [
			"<CMD>16802700b68f27004181</CMD>お　ご{主人様|しゅじんさま}！<BREAK>{持|も}ち{物|モノ}を{整理|せいり}してきたのかい？",
			"\f"
		]
	},
	{
		"Index": 23,
		"JPN": [
			"<CMD>16802700b68f27007d81</CMD>…ってなんだよ<BREAK>まだ{持|も}ち{物|モノ}がいっぱいじゃないか",
			"イイモノあげるからさー<BREAK>{持|も}ち{物|モノ}を{整理|せいり}してきてくれよー",
			"\f"
		]
	},
	{
		"Index": 24,
		"JPN": [
			"<CMD>49802700458427000a80</CMD>",
			"\f"
		]
	},
	{
		"Index": 25,
		"JPN": [
			"<CMD>16802700b68f27002f81</CMD><CMD>17802700b68f2700878027000a80</CMD><CMD>18802700b68f27000480</CMD>……うっ<BREAK>とっさに{力|ちから}を{使|つか}ったから<BREAK>まほうのエネルギーがからっぽに…",
			"<CMD>16802700b68f27007f81</CMD>きゅぅ…",
			"\f"
		]
	},
	{
		"Index": 26,
		"JPN": [
			"<CMD>16802700b68f27007f81</CMD><CMD>18802700b68f27000080</CMD>いやーゴメンよ　ご{主人様|しゅじんさま}<BREAK>{使|つか}えないオレでさー<BREAK>それじゃあ…………",
			"\f"
		]
	},
	{
		"Index": 27,
		"JPN": [
			"<CMD>16802700b68f27007f81</CMD><CMD>18802700b68f27000080</CMD>なんか　おちこんできたぜ<BREAK>ご{主人様|しゅじんさま}には<BREAK>もうしわけがないぜ！",
			"\f"
		]
	},
	{
		"Index": 28,
		"JPN": [
			"<CMD>16802700b68f27007f81</CMD><CMD>18802700b68f27000080</CMD>どうしてオレはいつも…<BREAK>こうなんだろうな……<BREAK>いいとこ{見|み}せようと…………",
			"\f"
		]
	},
	{
		"Index": 29,
		"JPN": [
			"<CMD>16802700b68f27007f81</CMD><CMD>18802700b68f27000080</CMD>オレ　{使|つか}いま　しっかくかな？<BREAK>また　よんでもらえるかな？<BREAK>……………いや　なんでもないぜ",
			"\f"
		]
	},
	{
		"Index": 30,
		"JPN": [
			"オレ　ダメな{使|つか}いま　だけど…<BREAK>もっとがんばるよ！<BREAK>がんばって　ちゃんとした…",
			"<CMD>16802700b68f27005681</CMD><CMD>18802700b68f27000080</CMD>ご{主人様|しゅじんさま}の{使|つか}いまだって<BREAK>むねはって{言|い}えるように<BREAK>がんばるよ！",
			"\f"
		]
	},
	{
		"Index": 50,
		"JPN": [
			"<CMD>17802700b78f2700828027001480</CMD><CMD>18802700b78f27000180</CMD><CMD>16802700b78f2700558127009cff27000080</CMD>あ　{久|ひさ}しぶりー<BREAK>この{前|まえ}　あたしの{声|こえ}をなおすの<BREAK>てつだってくれた{人|ヒト}だよね？",
			"<CMD>18802700b78f27000180</CMD>あの{時|とき}は<BREAK>マジ　{助|たす}かっちゃってさ<BREAK>ホント　カンシャしてるワケ",
			"<CMD>18802700b78f27000080</CMD><CMD>17802700b78f2700018027001480</CMD><CMD>16802700b78f2700558127009cff27000080</CMD>でさ　でさ<BREAK>あの{後|あと}　{仲間|なかま}んトコ<BREAK>もどったのは　いいんだけどさ",
			"<CMD>17802700b78f2700838027001480</CMD>ちょっと　{用事|ようじ}みっけてさ<BREAK>それに　なんていうかさ<BREAK>やっぱ　シゲキがないんだよね",
			"<CMD>17802700b78f2700018027001480</CMD><CMD>16802700b78f27002e8127009cff27000080</CMD>ホラ　わかるでしょ？<BREAK>イケてるメンズも{海|うみ}の{中|なか}じゃ<BREAK>なかなか{会|あ}えないワケだし？",
			"<CMD>16802700b78f2700558127009cff27000080</CMD>って{言|い}っても<BREAK>しばらくはそんなに<BREAK>{悪|わる}くもなかったワケよ",
			"<CMD>17802700b78f2700828027001480</CMD>それに　ダチにも<BREAK>{会|あ}えてなかったから<BREAK>いろいろとダベってみたりさ",
			"<CMD>18802700b78f27000180</CMD><CMD>16802700b78f2700418127009cff27000080</CMD>バカ{話|ばなし}してるだけでも<BREAK>それなりには{楽|たの}しいっしょ？",
			"ま　あたしのミヤゲ{話|ばなし}も<BREAK>けっこうみんなにウケて<BREAK>{気分|キブン}も{良|よ}かったしー",
			"<CMD>18802700b78f27000280</CMD><CMD>17802700b78f2700888027001480</CMD><CMD>16802700b78f2700568127009cff27000080</CMD>って　{思|おも}い{出|だ}した！<BREAK>そうそう　みよこのやつが！<BREAK>ちょーイケてる{服|ふく}を{着|き}てたの",
			"<CMD>18802700b78f27000080</CMD><CMD>17802700b78f2700018027001480</CMD>あ　みよこってのは<BREAK>あたしのダチね<BREAK>もちろん{人魚|にんぎょ}なんだけど",
			"<CMD>18802700b78f27000280</CMD><CMD>17802700b78f2700888027001480</CMD><CMD>16802700b78f2700568127009cff27000080</CMD>でね　その{服|ふく}<BREAK>なによって{聞|き}いたら　なんでも<BREAK>ちょーはやってるんだって！",
			"<CMD>16802700b78f27007d8127009cff27000080</CMD>それって　くやしくない？<BREAK>はやってること　あたしが<BREAK>{知|し}らなかっただけみたいじゃん？",
			"じっさい　みよこのヤツ<BREAK>あたしのことバカにしやがるしさ～<BREAK>ムカついたったらありゃしない！",
			"\f"
		]
	},
	{
		"Index": 51,
		"JPN": [
			"<CMD>18802700b78f27000080</CMD><CMD>17802700b78f2700018027001480</CMD><CMD>16802700b78f27007e8127009cff27000080</CMD>ってことでさ<BREAK>{悪|わる}いんだけどさ<BREAK>また　{手伝|てつだ}ってよ",
			"<CMD>18802700b78f27000180</CMD><CMD>17802700b78f2700828027001480</CMD><CMD>16802700b78f2700558127009cff27000080</CMD>カンタンだって<BREAK>{今|いま}　ちょーはやってる{服|ふく}が<BREAK>ほしいってコト",
			"<CMD>16802700b78f2700698127009cff27000080</CMD>それさえ{着|き}てれば<BREAK>イケてる…みたいな？",
			"<CMD>18802700b78f27000180</CMD><CMD>16802700b78f2700558127009cff27000080</CMD>ってことで<BREAK>さっそくだけど<BREAK>パパっと{持|も}ってきてくんない？",
			"\f"
		]
	},
	{
		"Index": 52,
		"JPN": [
			"<CMD>18802700b78f27000280</CMD><CMD>17802700b78f2700828027001480</CMD><CMD>16802700b78f27007d8127009cff27000080</CMD>イケてる{服|ふく}よ<BREAK>イ・ケ・て・るっ！",
			"<CMD>18802700b78f27000180</CMD><CMD>16802700b78f2700558127009cff27000080</CMD>じゃあ　よろしくー！！",
			"\f"
		]
	},
	{
		"Index": 53,
		"JPN": [
			"<CMD>18802700b78f27000180</CMD><CMD>16802700b78f2700558127009cff27000080</CMD>あっ！　{来|き}た{来|き}た<BREAK>それで　イケてる{服|ふく}あった？<BREAK>ちゃんと{持|も}ってきてくれた？",
			"\f"
		]
	},
	{
		"Index": 54,
		"JPN": [
			"<CMD>18802700b78f27000180</CMD><CMD>17802700b78f2700828027001480</CMD><CMD>16802700b78f2700418127009cff27000080</CMD>きゃー！　コレコレ！<BREAK>あたし　こういうのが<BREAK>ほしかったワケ～",
			"めっちゃ　イケてるじゃん<BREAK>はやってるのは<BREAK>{見|み}ればすぐわかっちゃうって！",
			"\f"
		]
	},
	{
		"Index": 55,
		"JPN": [
			"<CMD>18802700b78f27000080</CMD><CMD>16802700b78f2700698127009cff27000080</CMD>え？　なにコレ？<BREAK>ウーンと　マジ<BREAK>こんなのはやってんの？",
			"\f"
		]
	},
	{
		"Index": 56,
		"JPN": [
			"<CMD>18802700b78f27000080</CMD><CMD>16802700b78f2700698127009cff27000080</CMD>え？　なにそれ？",
			"<CMD>18802700b78f27000280</CMD><CMD>17802700b78f2700888027001480</CMD><CMD>16802700b78f27007d8127009cff27000080</CMD>あたしがたのんだのは<BREAK>{服|ふく}だっつーの！<BREAK>それ　ちがうっしょ！？",
			"ちょっとさー<BREAK>もっとしっかりやってよ～！",
			"\f"
		]
	},
	{
		"Index": 57,
		"JPN": [
			"<CMD>18802700b78f27000180</CMD><CMD>17802700b78f2700828027001480</CMD><CMD>16802700b78f2700558127009cff27000080</CMD>それじゃーさ<BREAK>さっそく　ちょっぱやで<BREAK>ダチにジマンしてくるから！",
			"これなら　みよこなんて<BREAK>{目|メ}じゃないっしょ～",
			"<CMD>18802700b78f27000280</CMD><CMD>16802700b78f27007e8127009cff27000080</CMD>あたしをバカにしたことを<BREAK>コーカイさせてやっから！",
			"<CMD>18802700b78f27000180</CMD><CMD>16802700b78f2700558127009cff27000080</CMD>じゃねー！",
			"\f"
		]
	},
	{
		"Index": 58,
		"JPN": [
			"<CMD>18802700b78f27000180</CMD><CMD>16802700b78f2700558127009cff27000080</CMD>おっ！<BREAK>イイとこに{来|き}たじゃん！",
			"こないだは<BREAK>マジ　サンキューね",
			"<CMD>17802700b78f2700828027001480</CMD><CMD>16802700b78f2700418127009cff27000080</CMD>それがさー<BREAK>あの{後|あと}　みんなに{見|み}せたら<BREAK>あたし　マジ{注目|チュウモク}の{的|マト}よ？",
			"みんな　ちょーあたしのこと<BREAK>うらやましがっちゃってさ<BREAK>いいネーって　{言|い}ってくれたんだ！",
			"<CMD>18802700b78f27000080</CMD><CMD>16802700b78f27007e8127009cff27000080</CMD>でさでさ　そこにみよこも<BREAK>やってきたんだけど…",
			"<CMD>18802700b78f27000180</CMD><CMD>16802700b78f2700558127009cff27000080</CMD>もう　マジけっさく！<BREAK>アイツのビックリした{顔|かお}<BREAK>{見|み}せてやりたかったよね～",
			"<CMD>17802700b78f2700018027001480</CMD>っつーことで<BREAK>あたしのハートは<BREAK>スッキリしちゃったってこと！",
			"<CMD>16802700b78f2700418127009cff27000080</CMD>あー{楽|たの}しかった",
			"そうそう　そんな{感|かん}じだから<BREAK>これ　お{礼|れい}ね<BREAK>アンタにあげるよ！",
			"\f"
		]
	},
	{
		"Index": 59,
		"JPN": [
			"<CMD>16802700b78f2700558127009cff27000080</CMD>あっ！　{来|き}た{来|き}た！",
			"こないだ　あんたにもらった<BREAK>あの{服|ふく}なんだけど<BREAK>{他|ほか}のみんなとかぶっててさ～",
			"<CMD>18802700b78f27000480</CMD><CMD>16802700b78f2700698127009cff27000080</CMD>もう　なんかペアルック？<BREAK>みたいになっちゃった",
			"<CMD>18802700b78f27000080</CMD><CMD>17802700b78f2700838027001480</CMD>なんか　はやりすぎっつーのも<BREAK>{自分|ジブン}もおどってるみたいで<BREAK>なーんかしっくりこないよね",
			"<CMD>17802700b78f2700018027001480</CMD><CMD>16802700b78f27007f8127009cff27000080</CMD>ん～　できれば<BREAK>{自分|ジブン}で{流行|りゅうこう}を{作|つく}る！！<BREAK>…とかやれればいいんだけど",
			"<CMD>18802700b78f27000180</CMD><CMD>17802700b78f2700828027001480</CMD><CMD>16802700b78f2700558127009cff27000080</CMD>ま　みよこにはくやしい{思|おも}いを<BREAK>させたからいいんだけどサ！",
			"<CMD>18802700b78f27000180</CMD><CMD>17802700b78f2700018027001480</CMD>ってことで　これ<BREAK>あんたへのお{礼|れい}ってことで",
			"\f"
		]
	},
	{
		"Index": 60,
		"JPN": [
			"<CMD>18802700b78f27000280</CMD><CMD>17802700b78f2700888027001480</CMD><CMD>16802700b78f27007d8127009cff27000080</CMD>あー！　{来|き}た！<BREAK>ちょっと　あんた！",
			"こないだ　あんたが{持|も}ってきた{服|ふく}<BREAK>ぜんぜん　はやってないって<BREAK>{話|ハナシ}っぽいじゃないのさ！",
			"<CMD>16802700b78f2700598127009cff27000080</CMD>マジ　はじさらしモンで<BREAK>みっともないってレベルじゃ<BREAK>ないってーの！",
			"<CMD>18802700b78f27000480</CMD><CMD>16802700b78f27007d8127009cff27000080</CMD>みよこのヤツにも<BREAK>さんざんバカにされるし<BREAK>もー　サイアク！",
			"<CMD>17802700b78f2700838027001480</CMD>ハナっから　あやしかったし<BREAK>あたしは　こんなのはやってんの？<BREAK>って{思|おも}ったのに…",
			"<CMD>18802700b78f27000280</CMD><CMD>17802700b78f2700888027001480</CMD><CMD>16802700b78f2700308127009cff27000080</CMD>あんまり　あんたが<BREAK>じしんありげに{持|も}ってくるから<BREAK>ちょっとしんじちゃったのよ",
			"<CMD>18802700b78f27000080</CMD><CMD>17802700b78f2700838027001480</CMD><CMD>16802700b78f27007f8127009cff27000080</CMD>…ったくもー…<BREAK>あ～　ゴメン<BREAK>{八|や}つ{当|あ}たりすぎたかも",
			"<CMD>17802700b78f2700018027001480</CMD>あんたにまかせて<BREAK>あたしもなっとくしたんだから<BREAK>あたしのせいでいいよ",
			"<CMD>16802700b78f27007f8127009cff27000080</CMD>あたしが{陸|りく}に{上|あ}がれれば<BREAK>{自分|ジブン}で{買|か}うんだけどさ～<BREAK>ま　{仕方|しかた}ないよね…",
			"<CMD>16802700b78f2700308127009cff27000080</CMD>あたしは{陸|りく}に<BREAK>{上|あ}がれないからね…<BREAK>うん",
			"<CMD>18802700b78f27000180</CMD><CMD>17802700b78f2700828027001480</CMD>それに　たまにゃしっぱいも<BREAK>しょうがないし<BREAK>よし　きりかえていこっか",
			"\f"
		]
	},
	{
		"Index": 61,
		"JPN": [
			"<CMD>18802700b78f27000180</CMD><CMD>17802700b78f2700828027001480</CMD><CMD>16802700b78f2700558127009cff27000080</CMD>ってことで　またあんたに<BREAK>お{願|ねが}いがあるんだけどさ～<BREAK>いや　たいしたことじゃないって！",
			"{今回|こんかい}もおんなじように<BREAK>はやりの{服|ふく}<BREAK>{持|も}ってきてほしいってだけでー",
			"<CMD>17802700b78f2700018027001480</CMD><CMD>16802700b78f2700418127009cff27000080</CMD>ん～　なんて{言|い}うのかな～？<BREAK>{仲間|なかま}たちからさ<BREAK>きたいされちゃってるワケよ",
			"<CMD>17802700b78f2700828027001480</CMD><CMD>18802700b78f27000080</CMD>ファッションリーダー{的|てき}な？<BREAK>まあ　そんな{感|かん}じってコト<BREAK>",
			"<CMD>18802700b78f27000080</CMD>そうなるともう<BREAK>{後|あと}には{引|ひ}けないわけよー",
			"<CMD>18802700b78f27000180</CMD><CMD>16802700b78f2700568127009cff27000080</CMD>これは{行|い}けるところまで<BREAK>{行|い}くしかない！　みたいな？",
			"<CMD>16802700b78f2700558127009cff27000080</CMD>わかってくれるでしょ？<BREAK>それじゃー{待|ま}ってるから<BREAK>ヨロシクー！",
			"\f"
		]
	},
	{
		"Index": 62,
		"JPN": [
			"<CMD>18802700b78f27000280</CMD><CMD>17802700b78f2700888027001480</CMD><CMD>16802700b78f27007f8127009cff27000080</CMD>ありゃ？<BREAK>ちょっと　なによー！<BREAK>{持|も}ち{物|モノ}がいっぱいじゃないのさ？",
			"<CMD>16802700b78f27007d8127009cff27000080</CMD>{次|つぎ}はちゃんと<BREAK>{受|う}け{取|と}れるようにしてから<BREAK>{来|き}てっつーの！",
			"\f"
		]
	},
	{
		"Index": 63,
		"JPN": [
			"<CMD>16802700b78f27002d8127009cff27000080</CMD>なんか　ちがくない？<BREAK>あんたがはやってるっていうなら<BREAK>うけとるけどさ～",
			"\f"
		]
	},
	{
		"Index": 64,
		"JPN": [
			"<CMD>17802700b78f2700828027001480</CMD>あっそうだ！　{今|いま}の{今|いま}まで<BREAK>たくさん{言|い}ってきたけど<BREAK>ちょっと{聞|き}いてほしいじゃん！",
			"<CMD>17802700b78f2700828027001480</CMD><CMD>18802700b78f27000180</CMD><CMD>16802700b78f2700558127009cff27000080</CMD>なんか　はやりの{服|ふく}っていうの？<BREAK>もう　{持|も}ってこなくていいや！",
			"なんか　みよこのヤツも<BREAK>あきてきたっぽいのよ？<BREAK>わかる？　わすれてたわ～",
			"<CMD>17802700b78f2700828027001480</CMD><CMD>18802700b78f27000180</CMD><CMD>16802700b78f2700558127009cff27000080</CMD>じゃ！　そういうことで<BREAK>またなんかあったら<BREAK>よろしくね～",
			"\f"
		]
	}
]