[
	{
		"Index": 0,
		"JPN": [
			"<CMD>49802700438427000a8027000180</CMD>",
			"\f"
		]
	},
	{
		"Index": 10,
		"JPN": [
			"<CMD>16802700b48f27005581</CMD>おっ！{久|ひさ}しぶりだなぁ<BREAK>{元気|げんき}にしてただか？",
			"おめーが{持|も}ってきてくれた<BREAK>ちんみのおかげでパーティに<BREAK>さんかすることができただよ",
			"<CMD>16802700b48f27004181</CMD>どんなパーティだったかって？<BREAK>そりゃ{楽|たの}しかっただよ",
			"とくにあの{食|た}べ{物|もの}<BREAK>{思|おも}い{出|だ}すだけでまた<BREAK>{食|た}べたくなってきたなあ…",
			"\f"
		]
	},
	{
		"Index": 12,
		"JPN": [
			"もう{一度食|いちどた}べてえなぁ<BREAK>あの{料理|りょうり}",
			"<CMD>16802700b48f27006981</CMD>どの{食|た}べ{物|もの}っつーとな？<BREAK>…それが　いろんな{食|た}べ{物|もの}が<BREAK>あっただが…",
			"そうだなあ<BREAK>あえて１つ{言|い}うとするとな…",
			"\f"
		]
	},
	{
		"Index": 15,
		"JPN": [
			"<CMD>16802700b48f27006981</CMD>あのユウダイな{山|やま}のかおりのする<BREAK>{食|た}べ{物|もの}はなんだったんだべ？",
			"\f"
		]
	},
	{
		"Index": 16,
		"JPN": [
			"<CMD>16802700b48f27006981</CMD>あのソウダイな{海|うみ}のかおりのする<BREAK>{食|た}べ{物|もの}はなんだったんだべ？",
			"\f"
		]
	},
	{
		"Index": 17,
		"JPN": [
			"<CMD>16802700b48f27005681</CMD>それでいて　とってもあまいんだ！<BREAK>この{世|よ}のものとは<BREAK>{思|おも}えなかっただ！",
			"\f"
		]
	},
	{
		"Index": 18,
		"JPN": [
			"<CMD>16802700b48f27005581</CMD>そうかと{言|い}えば<BREAK>とってもからくて<BREAK>でもそれがココチよぐてなー",
			"\f"
		]
	},
	{
		"Index": 21,
		"JPN": [
			"そんな{食|た}べ{物|もの}を<BREAK>{持|も}ってきてくれねぇか？",
			"<CMD>16802700b48f27005581</CMD>ここでなら<BREAK>また{食|た}べれると{思|おも}って<BREAK>はるばるやってきただ！",
			"よろしくたのむだよ",
			"\f"
		]
	},
	{
		"Index": 23,
		"JPN": [
			"<CMD>16802700b48f27006981</CMD>{食|た}べ{物|もの}を<BREAK>{持|も}ってきてくれただか？<CMD>13802700288e</CMD>",
			"\f"
		]
	},
	{
		"Index": 24,
		"JPN": [
			"<CMD>3780</CMD>",
			"もってきたよ<CMD>13802700ffff</CMD>",
			"なんだっけ？<CMD>13802700ffff</CMD>",
			"まだだよ<CMD>13802700ffff</CMD>",
			"\f"
		]
	},
	{
		"Index": 26,
		"JPN": [
			"<CMD>16802700b48f27004181</CMD>{見|み}つけたら<BREAK>{持|も}ってきてくれると<BREAK>うれしいだよ",
			"よろしくたのむだぁ",
			"\f"
		]
	},
	{
		"Index": 28,
		"JPN": [
			"<CMD>16802700b48f27005681</CMD>もぐもぐ<BREAK>これは…",
			"\f"
		]
	},
	{
		"Index": 30,
		"JPN": [
			"<CMD>16802700b48f27005681</CMD>{山|やま}のかおりが{口|くち}の{中|なか}<BREAK>いっぱいに{広|ひろ}がって…",
			"そのユウダイさが<BREAK>むねに{広|ひろ}がってくるだ…！",
			"\f"
		]
	},
	{
		"Index": 31,
		"JPN": [
			"<CMD>16802700b48f27005681</CMD>{海|うみ}のかおりが<BREAK>{口|くち}ん{中|なか}いっぱいに{広|ひろ}がって",
			"ソウダイな{感|かん}じが<BREAK>{口|くち}からあふれそうになるだ…！",
			"\f"
		]
	},
	{
		"Index": 32,
		"JPN": [
			"<CMD>16802700b48f27005581</CMD>そう　このあまさ！",
			"このあまさがおらに<BREAK>ちょうど{良|よ}い{感|かん}じだ",
			"あますぎず<BREAK>たりないこともない<BREAK>このバランスがいいだよ",
			"\f"
		]
	},
	{
		"Index": 33,
		"JPN": [
			"<CMD>16802700b48f27005581</CMD>このからさだ！",
			"このからさがおらの<BREAK>きおくを　よびさますだ！",
			"{体|からだ}と{心|こころ}が<BREAK>あたたかくなってくるこの{感|かん}じ…<BREAK>おらの{大好|だいす}きなからさだべ！",
			"\f"
		]
	},
	{
		"Index": 36,
		"JPN": [
			"<CMD>16802700b48f27002e81</CMD>これはこれでうめえけんど<BREAK>おらがほしかったのは<BREAK>この{料理|りょうり}じゃねぇなぁ",
			"\f"
		]
	},
	{
		"Index": 38,
		"JPN": [
			"<CMD>16802700b48f27002e81</CMD>やっぱ　これじゃねぇなぁ<BREAK>なんかちょっと{足|た}りねぇ",
			"\f"
		]
	},
	{
		"Index": 40,
		"JPN": [
			"<CMD>16802700b48f27005581</CMD>そうそう　おらがほしかったのは<BREAK>この{味|あじ}だっただ！<BREAK>やっぱうめえなぁ",
			"ありがとうだべ！<BREAK>こいつはおれいだ<BREAK>{受|う}け{取|と}ってくんろ",
			"\f"
		]
	},
	{
		"Index": 41,
		"JPN": [
			"<CMD>16802700b48f27006981</CMD>ありゃあ？　{持|も}ち{物|もの}がいっぱいだ<BREAK>しかたねぇな<BREAK>これをあげるのはやめっか",
			"\f"
		]
	},
	{
		"Index": 42,
		"JPN": [
			"<CMD>16802700b48f27005581</CMD>いやぁ<BREAK>{探|さが}してきてくれてありがとな",
			"おかげであのパーティーのことを<BREAK>また{思|おも}い{出|だ}せちまっただよ",
			"<CMD>16802700b48f27005681</CMD>ところで<BREAK>{他|ほか}にもこんな{食|た}べ{物|もの}が<BREAK>あったっつーことを{思|おも}い{出|だ}しただ",
			"そうだべな…<BREAK>どういう{食|た}べ{物|もの}<BREAK>だったかっつーと…",
			"\f"
		]
	},
	{
		"Index": 44,
		"JPN": [
			"<CMD>16802700b48f27006981</CMD>ん？　そういうのじゃなかったべ<BREAK>もっと　{料理|りょうり}っぽい<BREAK>ものだったべよ",
			"すまねぇけど<BREAK>よろしくたのむだぁ",
			"\f"
		]
	},
	{
		"Index": 50,
		"JPN": [
			"<CMD>49802700448427000a8027000180</CMD>",
			"\f"
		]
	},
	{
		"Index": 51,
		"JPN": [
			"<CMD>4980270044842700148027000180</CMD>",
			"\f"
		]
	},
	{
		"Index": 60,
		"JPN": [
			"<CMD>16802700e18f27005881</CMD>ヒサシブリ",
			"タビ　トチュウ　ヨッタ",
			"\f"
		]
	},
	{
		"Index": 61,
		"JPN": [
			"<CMD>16802700e18f27005881</CMD>マエト　オナジ<BREAK>イッショ　イタイ",
			"アソブ　シタイ<CMD>138027004e8e</CMD>",
			"\f"
		]
	},
	{
		"Index": 62,
		"JPN": [
			"<CMD>3780</CMD>",
			"あそぼう<CMD>138027004f8e</CMD>",
			"あとで<CMD>13802700508e</CMD>",
			"\f"
		]
	},
	{
		"Index": 63,
		"JPN": [
			"<CMD>16802700e18f27005881</CMD>トゥアー！　トゥアー！<BREAK>アソブ！　アソブ！",
			"<CMD>16802700e18f27005581</CMD>イッショ　ウレシイ！",
			"\f"
		]
	},
	{
		"Index": 64,
		"JPN": [
			"<CMD>16802700e18f27007f81</CMD>トゥアー！　トゥアー！<BREAK>ワカッタ",
			"シバラク　マチ　イル<BREAK>アソブ　マッテル",
			"\f"
		]
	},
	{
		"Index": 67,
		"JPN": [
			"<CMD>16802700e18f27005881</CMD>イッショ　タノシイ<BREAK>ソバ　イル　ウレシイ",
			"\f"
		]
	}
]