[
	{
		"Index": 0,
		"JPN": [
			"<CMD>6480</CMD>耊腾聭",
			"\f"
		]
	},
	{
		"Index": 1,
		"JPN": [
			"<CMD>6480</CMD>耊腾聲",
			"\f"
		]
	},
	{
		"Index": 2,
		"JPN": [
			"<CMD>6480</CMD>耊腾腽",
			"\f"
		]
	},
	{
		"Index": 50,
		"JPN": [
			"<CMD>16802700cb8f27005581</CMD>おお！　<CMD>0482</CMD>…さん！<BREAK>この{間|あいだ}は　せわになったです！<BREAK>{元気|げんき}にしておった…ますか？",
			"\f"
		]
	},
	{
		"Index": 51,
		"JPN": [
			"<CMD>16802700cb8f27007f81</CMD>{実|じつ}はな…です<BREAK>わがはいたちは　{今|いま}<BREAK>くうふくで　まいっておるです",
			"<CMD>16802700cb8f27002d81</CMD>{何|なに}か{食|た}べるものを<BREAK>{持|も}ってきてはもらえまいかです",
			"わがはいたちは<BREAK>{食|た}べたいものがあるです<BREAK>それをもらえると　うれしいです",
			"\f"
		]
	},
	{
		"Index": 52,
		"JPN": [
			"<CMD>16802700cb8f27005581</CMD>わがはい　{朝|あさ}は<BREAK>「そば」が<BREAK>よいと{思|おも}うです",
			"\f"
		]
	},
	{
		"Index": 53,
		"JPN": [
			"<CMD>16802700cb8f27004181</CMD>そうだ…ます…　{昼|ひる}は<BREAK>「アイス」が<BREAK>{食|た}べたいように{思|おも}うます",
			"\f"
		]
	},
	{
		"Index": 54,
		"JPN": [
			"<CMD>16802700cb8f27005581</CMD>{夜|よる}は　ふむ…<BREAK>「カレー」など<BREAK>よいのではないかです？",
			"\f"
		]
	},
	{
		"Index": 55,
		"JPN": [
			"<CMD>16802700cb8f27005581</CMD>おお　{食|た}べ{物|もの}を<BREAK>{持|も}ってきてくれたますか？<BREAK>ありがたいです！",
			"\f"
		]
	},
	{
		"Index": 56,
		"JPN": [
			"<CMD>16802700cb8f27004181</CMD>うむ！　うまい！<BREAK>まさに　わがはいの<BREAK>{食|た}べたかったものだです！",
			"<CMD>6480</CMD>耟聸耆",
			"<CMD>16802700cb8f27004181</CMD>ほうほう…そうか<BREAK>{胴体|どうたい}もよろこんでおるます！",
			"ありがとう　<CMD>0482</CMD> <BREAK>おんにきるです",
			"\f"
		]
	},
	{
		"Index": 57,
		"JPN": [
			"<CMD>16802700cb8f27004181</CMD>なんとうまい！<BREAK>わがはいは　これが<BREAK>{食|た}べたかったのだ…ます！",
			"<CMD>6480</CMD>耟聸耇",
			"<CMD>16802700cb8f27005581</CMD>なんと　{胴体|どうたい}はふまんか<BREAK>だが　わがはいはまんぞくした！<BREAK>ありがとうです　<CMD>0482</CMD>",
			"\f"
		]
	},
	{
		"Index": 58,
		"JPN": [
			"<CMD>16802700cb8f27002e81</CMD>うぬぬ…　これは<BREAK>わがはいののぞみとはちがうです<BREAK>ザンネンだ…ます…",
			"<CMD>6480</CMD>耟聸耆",
			"<CMD>16802700cb8f27007d81</CMD>ふん！　{胴体|どうたい}め！<BREAK>{自分|じぶん}だけまんぞくしおって！<BREAK>…すまなかったです　<CMD>0482</CMD>",
			"\f"
		]
	},
	{
		"Index": 59,
		"JPN": [
			"<CMD>16802700cb8f27003081</CMD>むむう…　これは<BREAK>わがはいののぞみとは<BREAK>ちがうのであるです…",
			"<CMD>6480</CMD>耟聸耇",
			"<CMD>16802700cb8f27002e81</CMD>そうか　お{前|まえ}もか　{胴体|どうたい}よ…<BREAK>まことにザンネン…<BREAK>めんどうかけたです　<CMD>0482</CMD>",
			"\f"
		]
	},
	{
		"Index": 60,
		"JPN": [
			"<CMD>16802700cb8f27002d81</CMD>うむ？　<CMD>0482</CMD><BREAK>これは{食|た}べ{物|もの}ではないます<BREAK>{食|た}べ{物|もの}を{持|も}ってきてくれです",
			"\f"
		]
	},
	{
		"Index": 61,
		"JPN": [
			"<CMD>16802700cb8f27005581</CMD>さて　はらごなしに<BREAK>さんぽでもするです",
			"\f"
		]
	},
	{
		"Index": 62,
		"JPN": [
			"<CMD>16802700cb8f27004181</CMD>さて　<CMD>0482</CMD><BREAK>おれいといってはなんだますが<BREAK>これを{受|う}け{取|と}ってほしいです",
			"\f"
		]
	},
	{
		"Index": 63,
		"JPN": [
			"<CMD>16802700cb8f27007f81</CMD>うん？　{持|も}ち{物|もの}がいっぱいで<BREAK>{受|う}け{取|と}れないようだなです<BREAK>ザンネンです…",
			"\f"
		]
	},
	{
		"Index": 64,
		"JPN": [
			"<CMD>16802700cb8f27002d81</CMD>{気持|きも}ちはありがたいますが<BREAK>これ{以上|いじょう}　わがはいたちが<BREAK>おれいをすることはないぞです",
			"それでもよければ<BREAK>またくうふくを{感|かん}じたときに<BREAK>{来|き}てくれると{助|たす}かるます",
			"\f"
		]
	},
	{
		"Index": 65,
		"JPN": [
			"<CMD>16802700cb8f27005581</CMD>おお　<CMD>0482</CMD><BREAK>わがはいたちは　{今|いま}<BREAK>まんぷくであるです",
			"またくうふくになったときに<BREAK>{食|た}べ{物|もの}をもらえると<BREAK>ありがたいです",
			"\f"
		]
	},
	{
		"Index": 66,
		"JPN": [
			"<CMD>498027005a8427000a80</CMD>",
			"\f"
		]
	},
	{
		"Index": 67,
		"JPN": [
			"<CMD>16802700cb8f27006981</CMD>おおっ！　{食|た}べ{物|もの}を<BREAK>{持|も}ってきたのだ…ますか？",
			"\f"
		]
	},
	{
		"Index": 68,
		"JPN": [
			"<CMD>16802700cb8f27005581</CMD>わがはい　{朝|あさ}は<BREAK>「ピザ」が<BREAK>よいと{思|おも}うです",
			"\f"
		]
	},
	{
		"Index": 69,
		"JPN": [
			"<CMD>16802700cb8f27005581</CMD>わがはい　{朝|あさ}は<BREAK>「パフェ」が<BREAK>よいと{思|おも}うです",
			"\f"
		]
	},
	{
		"Index": 70,
		"JPN": [
			"<CMD>16802700cb8f27005581</CMD>わがはい　{朝|あさ}は<BREAK>「スープ」が<BREAK>よいと{思|おも}うです",
			"\f"
		]
	},
	{
		"Index": 71,
		"JPN": [
			"<CMD>16802700cb8f27004181</CMD>そうだ…ます…　{昼|ひる}は<BREAK>「グラタン」が<BREAK>{食|た}べたいように{思|おも}うます",
			"\f"
		]
	},
	{
		"Index": 72,
		"JPN": [
			"<CMD>16802700cb8f27004181</CMD>そうだ…ます…　{昼|ひる}は<BREAK>「ラーメン」が<BREAK>{食|た}べたいように{思|おも}うます",
			"\f"
		]
	},
	{
		"Index": 73,
		"JPN": [
			"<CMD>16802700cb8f27004181</CMD>そうだ…ます…　{昼|ひる}は<BREAK>「シチュー」が<BREAK>{食|た}べたいように{思|おも}うます",
			"\f"
		]
	},
	{
		"Index": 74,
		"JPN": [
			"<CMD>16802700cb8f27005581</CMD>{夜|よる}は　ふむ…<BREAK>「ステーキ」など<BREAK>よいのではないかです？",
			"\f"
		]
	},
	{
		"Index": 75,
		"JPN": [
			"<CMD>16802700cb8f27005581</CMD>{夜|よる}は　ふむ…<BREAK>「ケーキ」など<BREAK>よいのではないかです？",
			"\f"
		]
	},
	{
		"Index": 76,
		"JPN": [
			"<CMD>16802700cb8f27005581</CMD>{夜|よる}は　ふむ…<BREAK>「てんぷら」など<BREAK>よいのではないかです？",
			"\f"
		]
	},
	{
		"Index": 77,
		"JPN": [
			"<CMD>6480</CMD>耟聸耊",
			"むむう…{胴体|どうたい}は<BREAK>「<CMD>fb8127005694</CMD>」がいいと<BREAK>{言|い}っておる…ます",
			"{意見|いけん}がくいちがったますが<BREAK>なんとか　うまく<BREAK>やってはもらえないですか",
			"ただ　わがはいたちは<BREAK>{２人|ふたり}で{１人|ひとり}だ…ます<BREAK>{食|た}べられるのは１つだけです",
			"せっかく２つもらっても<BREAK>{食|た}べきれないのだ…ます<BREAK>よろしくたのむです",
			"\f"
		]
	},
	{
		"Index": 78,
		"JPN": [
			"<CMD>6480</CMD>耟聸耊",
			"なんだと？<BREAK>{胴体|どうたい}は「<CMD>fb8127005c94</CMD>」が<BREAK>いいだと？",
			"ええい　わがままを<BREAK>{言|い}うでない！<BREAK>{味|あじ}もわからんくせに！",
			"そうそう　<CMD>0482</CMD><BREAK>わがはいたちは　{２人|ふたり}で{１人|ひとり}<BREAK>{食|た}べられるのは１つだけです",
			"すまんですが<BREAK>よろしくたのむ…ます",
			"\f"
		]
	},
	{
		"Index": 79,
		"JPN": [
			"<CMD>6480</CMD>耟聸耊",
			"なに？<BREAK>「<CMD>fb8127005d94</CMD>」がいい？<BREAK>{味|あじ}わうのは　わがはいだぞ！",
			"<CMD>6480</CMD>聸聕耟",
			"みちるのは{自分|じぶん}のはらだ　だと？<BREAK>ええい！　わがはいたちは<BREAK>１つのものしか{食|た}べられんのだ！",
			"わがはいと　そなたで<BREAK>{食|た}べたいものがちがっては<BREAK><CMD>0482</CMD>がこまるではないか！",
			"\f"
		]
	},
	{
		"Index": 80,
		"JPN": [
			"<CMD>6480</CMD>耟聸耊",
			"むむう…{胴体|どうたい}は<BREAK>「<CMD>fb8127005094</CMD>」がいいと<BREAK>{言|い}っておる…ます",
			"{意見|いけん}がくいちがったますが<BREAK>なんとか　うまく<BREAK>やってはもらえないですか",
			"ただ　わがはいたちは<BREAK>{２人|ふたり}で{１人|ひとり}だ…ます<BREAK>{食|た}べられるのは１つだけです",
			"せっかく２つもらっても<BREAK>{食|た}べきれないのだ…ます<BREAK>よろしくたのむです",
			"\f"
		]
	},
	{
		"Index": 81,
		"JPN": [
			"<CMD>6480</CMD>耟聸耊",
			"なんだと？<BREAK>{胴体|どうたい}は「<CMD>fb8127004494</CMD>」が<BREAK>いいだと？",
			"ええい　わがままを<BREAK>{言|い}うでない！<BREAK>{味|あじ}もわからんくせに！",
			"そうそう　<CMD>0482</CMD><BREAK>わがはいたちは　{２人|ふたり}で{１人|ひとり}<BREAK>{食|た}べられるのは１つだけです",
			"すまんですが<BREAK>よろしくたのむ…ます",
			"\f"
		]
	},
	{
		"Index": 82,
		"JPN": [
			"<CMD>6480</CMD>耟聸耊",
			"なに？<BREAK>「<CMD>fb8127004294</CMD>」がいい？<BREAK>{味|あじ}わうのは　わがはいだぞ！",
			"<CMD>6480</CMD>聸聕耟",
			"みちるのは{自分|じぶん}のはらだ　だと？<BREAK>ええい！　わがはいたちは<BREAK>１つのものしか{食|た}べられんのだ！",
			"わがはいと　そなたで<BREAK>{食|た}べたいものがちがっては<BREAK><CMD>0482</CMD>がこまるではないか！",
			"\f"
		]
	},
	{
		"Index": 83,
		"JPN": [
			"<CMD>6480</CMD>耟聸耊",
			"なに？<BREAK>「<CMD>fb8127005b94</CMD>」がいい？<BREAK>{味|あじ}わうのは　わがはいだぞ！",
			"<CMD>6480</CMD>聸聕耟",
			"みちるのは{自分|じぶん}のはらだ　だと？<BREAK>ええい！　わがはいたちは<BREAK>１つのものしか{食|た}べられんのだ！",
			"わがはいと　そなたで<BREAK>{食|た}べたいものがちがっては<BREAK><CMD>0482</CMD>がこまるではないか！",
			"\f"
		]
	},
	{
		"Index": 84,
		"JPN": [
			"<CMD>6480</CMD>耟聸耊",
			"むむう…{胴体|どうたい}は<BREAK>「<CMD>fb8127005194</CMD>」がいいと<BREAK>{言|い}っておる…ます",
			"{意見|いけん}がくいちがったますが<BREAK>なんとか　うまく<BREAK>やってはもらえないですか",
			"ただ　わがはいたちは<BREAK>{２人|ふたり}で{１人|ひとり}だ…ます<BREAK>{食|た}べられるのは１つだけです",
			"せっかく２つもらっても<BREAK>{食|た}べきれないのだ…ます<BREAK>よろしくたのむです",
			"\f"
		]
	},
	{
		"Index": 85,
		"JPN": [
			"<CMD>6480</CMD>耟聸耊",
			"なんだと？<BREAK>{胴体|どうたい}は「<CMD>fb8127005294</CMD>」が<BREAK>いいだと？",
			"ええい　わがままを<BREAK>{言|い}うでない！<BREAK>{味|あじ}もわからんくせに！",
			"そうそう　<CMD>0482</CMD><BREAK>わがはいたちは　{２人|ふたり}で{１人|ひとり}<BREAK>{食|た}べられるのは１つだけです",
			"すまんですが<BREAK>よろしくたのむ…ます",
			"\f"
		]
	},
	{
		"Index": 86,
		"JPN": [
			"<CMD>6480</CMD>耟聸耊",
			"なに？<BREAK>「<CMD>fb8127005394</CMD>」がいい？<BREAK>{味|あじ}わうのは　わがはいだぞ！",
			"<CMD>6480</CMD>聸聕耟",
			"みちるのは{自分|じぶん}のはらだ　だと？<BREAK>ええい！　わがはいたちは<BREAK>１つのものしか{食|た}べられんのだ！",
			"わがはいと　そなたで<BREAK>{食|た}べたいものがちがっては<BREAK><CMD>0482</CMD>がこまるではないか！",
			"\f"
		]
	},
	{
		"Index": 87,
		"JPN": [
			"<CMD>6480</CMD>耟聸耊",
			"むむう…{胴体|どうたい}は<BREAK>「<CMD>fb8127005494</CMD>」がいいと<BREAK>{言|い}っておる…ます",
			"{意見|いけん}がくいちがったますが<BREAK>なんとか　うまく<BREAK>やってはもらえないですか",
			"ただ　わがはいたちは<BREAK>{２人|ふたり}で{１人|ひとり}だ…ます<BREAK>{食|た}べられるのは１つだけです",
			"せっかく２つもらっても<BREAK>{食|た}べきれないのだ…ます<BREAK>よろしくたのむです",
			"\f"
		]
	},
	{
		"Index": 88,
		"JPN": [
			"<CMD>6480</CMD>耟聸耊",
			"なんだと？<BREAK>{胴体|どうたい}は「<CMD>fb8127006594</CMD>」が<BREAK>いいだと？",
			"ええい　わがままを<BREAK>{言|い}うでない！<BREAK>{味|あじ}もわからんくせに！",
			"そうそう　<CMD>0482</CMD><BREAK>わがはいたちは　{２人|ふたり}で{１人|ひとり}<BREAK>{食|た}べられるのは１つだけです",
			"すまんですが<BREAK>よろしくたのむ…ます",
			"\f"
		]
	},
	{
		"Index": 89,
		"JPN": [
			"<CMD>6480</CMD>耟聸耊",
			"なに？<BREAK>「<CMD>fb8127006994</CMD>」がいい？<BREAK>{味|あじ}わうのは　わがはいだぞ！",
			"<CMD>6480</CMD>聸聕耟",
			"みちるのは{自分|じぶん}のはらだ　だと？<BREAK>ええい！　わがはいたちは<BREAK>１つのものしか{食|た}べられんのだ！",
			"わがはいと　そなたで<BREAK>{食|た}べたいものがちがっては<BREAK><CMD>0482</CMD>がこまるではないか！",
			"\f"
		]
	},
	{
		"Index": 90,
		"JPN": [
			"<CMD>6480</CMD>耟聸耊",
			"なに？<BREAK>「<CMD>fb8127006d94</CMD>」がいい？<BREAK>{味|あじ}わうのは　わがはいだぞ！",
			"<CMD>6480</CMD>聸聕耟",
			"みちるのは{自分|じぶん}のはらだ　だと？<BREAK>ええい！　わがはいたちは<BREAK>１つのものしか{食|た}べられんのだ！",
			"わがはいと　そなたで<BREAK>{食|た}べたいものがちがっては<BREAK><CMD>0482</CMD>がこまるではないか！",
			"\f"
		]
	}
]