[
	{
		"Index": 0,
		"JPN": [
			"<CMD>0482</CMD>くん？<BREAK><CMD>0482</CMD>くん？<BREAK>{聞|き}こえますか？",
			"\f"
		]
	},
	{
		"Index": 1,
		"JPN": [
			"<CMD>0482</CMD>くんは<BREAK>{神|かみ}かくしの{世界|セカイ}に<BREAK>まよいこんでしまったようです",
			"<CMD>0482</CMD>くんを{助|たす}けるために<BREAK>{友|とも}だちを　そちらへ<BREAK>むかわせることにしました",
			"{２人|ふたり}でいっしょに<BREAK>{帰|かえ}ってきてくださいね",
			"\f"
		]
	},
	{
		"Index": 2,
		"JPN": [
			"<CMD>0482</CMD>くん<BREAK>どうやら　また{神|かみ}かくしに<BREAK>とらわれてしまったようですね",
			"{前|まえ}と{同|おな}じように<BREAK><CMD>0482</CMD>くんの{友|とも}だちを<BREAK>そちらへ{向|む}かわせます",
			"\f"
		]
	},
	{
		"Index": 3,
		"JPN": [
			"タイヘンな{目|め}にあいましたね<BREAK><CMD>0482</CMD>くん",
			"\f"
		]
	},
	{
		"Index": 4,
		"JPN": [
			"しかし　{友|とも}だちとのきずなを<BREAK>さいかくにんする　いいきかいに<BREAK>なりましたね",
			"\f"
		]
	},
	{
		"Index": 5,
		"JPN": [
			"<CMD>0482</CMD>くん<BREAK>{何度|なんど}も{何度|なんど}も<BREAK>さいなんですね",
			"\f"
		]
	},
	{
		"Index": 6,
		"JPN": [
			"もうしばらくすれば<BREAK>このげんしょうも<BREAK>{収|おさ}まるでしょう",
			"\f"
		]
	},
	{
		"Index": 7,
		"JPN": [
			"あぶないところでしたね<BREAK><CMD>0482</CMD>くん",
			"\f"
		]
	},
	{
		"Index": 8,
		"JPN": [
			"{何人|なんにん}か　むかえに{人|ヒト}を<BREAK>やったのですが　はんだんが<BREAK>むずかしかったようです",
			"そこで{強引|ゴウイン}ですが<BREAK>わたしが　{強|つよ}いまほうで<BREAK>よびもどしました",
			"ふぅ…<BREAK>{今回|こんかい}は　タイヘンでした",
			"\f"
		]
	},
	{
		"Index": 9,
		"JPN": [
			"{何|なに}はともあれ　ぶじに<BREAK>もどって{来|き}て　よかったです",
			"\f"
		]
	},
	{
		"Index": 16,
		"JPN": [
			"ふしぎな{力|チカラ}にはばまれて<BREAK>{外に出る|そとにでる}ことができない",
			"\f"
		]
	},
	{
		"Index": 50,
		"JPN": [
			"<CMD>16802700c18f27007e81</CMD>ぐはははは！<BREAK>どうだっ！　{動|うご}けまい！",
			"<CMD>16802700c18f27005581</CMD><CMD>0482</CMD>と{言|い}ったな！<BREAK>オレ{様|さま}は<BREAK>パワーアップしたっ！",
			"\f"
		]
	},
	{
		"Index": 51,
		"JPN": [
			"たとえルビーを<BREAK>{持|も}っていたとしても<BREAK>そんなものは{通用|つうよう}しない",
			"<CMD>16802700c18f27005681</CMD>ルビーをはるかにこえる<BREAK>あくむのパワーを<BREAK>オレ{様|さま}は{手|て}に{入|い}れたのだ！",
			"\f"
		]
	},
	{
		"Index": 52,
		"JPN": [
			"<CMD>16802700c18f27005581</CMD><CMD>0482</CMD>よ<BREAK>{動|うご}けないとはブザマだなぁ！<BREAK>ぐはははは！",
			"\f"
		]
	},
	{
		"Index": 53,
		"JPN": [
			"<CMD>16802700c18f27005981</CMD>オ…　オマエ<BREAK>{動|うご}けるのかっ？！<BREAK>バカなっ！　なぜだ？！",
			"<CMD>16802700c18f27002d81</CMD>ルビーのせいなのか？！<BREAK>いや…　オレ{様|さま}のパワーは",
			"そのへんのルビーには<BREAK>{決|け}して{負|ま}けないっ",
			"<CMD>16802700c18f27002f81</CMD>い　いったい<BREAK>{何|なに}をしたっ！？",
			"\f"
		]
	},
	{
		"Index": 54,
		"JPN": [
			"<CMD>16802700c18f27005681</CMD>ま　まさかそれは…<BREAK>ルビーのついた<BREAK>アクセサリー！！",
			"オレ{様|さま}のパワーよりも<BREAK>そのルビーのかがやきは<BREAK>ずっと{上|うえ}だというのか？！",
			"\f"
		]
	},
	{
		"Index": 55,
		"JPN": [
			"<CMD>16802700c18f27005981</CMD>クソッ！<BREAK>どうやってそんなルビーを<BREAK>{作|つく}り{出|だ}したんだ？！",
			"<CMD>16802700c18f27007d81</CMD>こうなったら<BREAK>オマエをやっつけてやる！<BREAK>カクゴしろっ！",
			"\f"
		]
	},
	{
		"Index": 56,
		"JPN": [
			"<CMD>16802700c18f27005581</CMD>ぐはははは！<BREAK>ざまーみろっ！",
			"たとえまほうつかいでも<BREAK>オレ{様|さま}に{勝|か}とうなど<BREAK>１０{年早|ねんはや}いぜ！",
			"<CMD>16802700c18f27007e81</CMD>おフロに{入|はい}って<BREAK>{体|からだ}と{顔|かお}と　{頭|あたま}をあらって<BREAK>{出直|でなお}してきなっ！",
			"\f"
		]
	},
	{
		"Index": 57,
		"JPN": [
			"<CMD>16802700c18f27007e81</CMD>またやって{来|き}やがったな？<BREAK>イタイ{目|め}にあったのを<BREAK>わすれたのか！",
			"{何度|なんど}オレ{様|さま}とたたかっても<BREAK>けっかは{同|おな}じだ！<BREAK>コテンパンにしてやる！",
			"\f"
		]
	},
	{
		"Index": 58,
		"JPN": [
			"<CMD>16802700c18f27002f81</CMD>うわあああ！　すみません！<BREAK>オレ{様|さま}…　じゃなくて<BREAK>ワタシがわるうございました！！",
			"<CMD>16802700c18f27002d81</CMD>もう<CMD>008027000580</CMD>まち<CMD>008027000180</CMD>のみなさんに<BREAK>あくむを{見|み}せようなんて<BREAK>たくらみません！　{本当|ほんと}ですっ！",
			"\f"
		]
	},
	{
		"Index": 59,
		"JPN": [
			"<CMD>16802700c18f27007f81</CMD>はぁ…　<CMD>0482</CMD>のヤツ<BREAK>いつの{間|ま}にか<BREAK>パワーアップしてやがったぜ…",
			"{強|つよ}くなったのは<BREAK>オレ{様|さま}だけじゃなかったのかよ…",
			"<CMD>16802700c18f27007d81</CMD>クソッ<BREAK>チョーシのってんじゃねーぞ",
			"<CMD>16802700c18f27002f81</CMD>え…？　あっ　いやいや！<BREAK>{何|なに}も{言|い}ってませんって！！",
			"あの　ワタシもこのへんで<BREAK>{帰|かえ}らせていただきます！",
			"<CMD>16802700c18f27002d81</CMD>おたっしゃでーっ！",
			"\f"
		]
	}
]