[
	{
		"Index": 0,
		"JPN": [
			"<CMD>498027005b8427000a8027000180</CMD>",
			"\f"
		]
	},
	{
		"Index": 10,
		"JPN": [
			"<CMD>16802700d48f27002d81</CMD>ねぇねぇ　きいてきいて<BREAK>ボク　{父|とう}ちゃんにキノコを<BREAK>いっぱい{食|た}べろって{言|い}われたんだ",
			"キノコを{食|た}べると<BREAK>{強|つよ}くなれるから<BREAK>とにかくいっぱい{食|た}べろって…",
			"<CMD>16802700d48f27002e81</CMD>だけどさ　やっぱり<BREAK>キノコばっかり{食|た}べてたら<BREAK>あきあきしちゃった！",
			"\f"
		]
	},
	{
		"Index": 12,
		"JPN": [
			"<CMD>16802700d48f27007f81</CMD>ああ　おなかがすいた<BREAK>でも　ふつうのキノコは<BREAK>もう{食|た}べたくない…",
			"はぁー　せめて<BREAK>かわった{味|あじ}のキノコがあれば<BREAK>いいのになぁ",
			"<CMD>16802700d48f27006981</CMD>ねぇ　キミは<BREAK>かわった{味|あじ}のキノコって<BREAK>{知|し}らない？",
			"もしあったら{持|も}ってきてくれると<BREAK>うれしいなぁ",
			"\f"
		]
	},
	{
		"Index": 14,
		"JPN": [
			"<CMD>16802700d48f27006981</CMD>あ！<BREAK>かわった{味|あじ}のキノコを<BREAK>{持|も}ってきてくれたの？",
			"\f"
		]
	},
	{
		"Index": 16,
		"JPN": [
			"<CMD>16802700d48f27005681</CMD>ぱく！　もぐもぐ…<BREAK>んん！？　この{味|あじ}は！？",
			"\f"
		]
	},
	{
		"Index": 18,
		"JPN": [
			"<CMD>16802700d48f27004181</CMD>{今|いま}まで{食|た}べたことのない{味|あじ}だ！<BREAK>すっごくおいしい！！",
			"\f"
		]
	},
	{
		"Index": 19,
		"JPN": [
			"<CMD>16802700d48f27007f81</CMD>イマイチ　ピンとこないなぁ<BREAK>{食|た}べたかった{味|あじ}じゃないのかも…",
			"もっとちがう{味|あじ}のキノコを<BREAK>{持|も}ってきてくれると　うれしいな<BREAK>よろしくね",
			"\f"
		]
	},
	{
		"Index": 20,
		"JPN": [
			"<CMD>16802700d48f27006981</CMD>んん？<BREAK>これって<BREAK>キノコじゃないよね？",
			"{父|とう}ちゃんに{言|い}われてるから<BREAK>ボクはキノコを<BREAK>{食|た}べないといけないんだ",
			"だからさ　かわった{味|あじ}のキノコを<BREAK>{持|も}ってきてほしいな<BREAK>よろしくね",
			"\f"
		]
	},
	{
		"Index": 21,
		"JPN": [
			"<CMD>16802700d48f27006981</CMD>んん？<BREAK>これって<BREAK>ふつうのキノコだよね？",
			"かわった{味|あじ}のキノコを<BREAK>{持|も}ってきてほしいな<BREAK>よろしくね",
			"\f"
		]
	},
	{
		"Index": 22,
		"JPN": [
			"<CMD>16802700d48f27006981</CMD>んん？<BREAK>これって<BREAK>キノコじゃないよね？",
			"{父|とう}ちゃんに{言|い}われてるから<BREAK>ボクはキノコを<BREAK>{食|た}べないといけないんだ",
			"だからさ　かわった{味|あじ}のキノコを<BREAK>{持|も}ってきてほしいな<BREAK>よろしくね",
			"\f"
		]
	},
	{
		"Index": 24,
		"JPN": [
			"<CMD>16802700d48f27005581</CMD>{今|いま}のキノコは<BREAK>とっても{良|よ}かったよ",
			"でも<BREAK>これとはちがう{味|あじ}の<BREAK>キノコも{食|た}べてみたいな",
			"<CMD>16802700d48f27004181</CMD>そしたら　またキノコが<BREAK>おいしく{食|た}べられる<BREAK>ようになるかも！",
			"{悪|わる}いんだけど<BREAK>ちがう{味|あじ}のキノコを{見|み}つけたら<BREAK>また{持|も}ってきてほしいな",
			"よろしくね",
			"\f"
		]
	},
	{
		"Index": 26,
		"JPN": [
			"<CMD>16802700d48f27005581</CMD>ふー　おいしかった！<BREAK>これでちょっとキノコが<BREAK>{好|す}きになれた{気|き}がするよ",
			"これだけ{食|た}べたら<BREAK>{父|とう}ちゃんが{言|い}うみたいに<BREAK>{強|つよ}くなれたかも！",
			"<CMD>16802700d48f27004181</CMD>キミのおかげだよ<BREAK>{本当|ほんとう}にありがとう！",
			"それじゃ<BREAK>おれいにこれをあげるよ！",
			"\f"
		]
	},
	{
		"Index": 28,
		"JPN": [
			"ああ　おなかいっぱいだ<BREAK>はらごなしにちょっと<BREAK>この<CMD>008027000580</CMD>まち<CMD>008027000180</CMD>をさんぽするかな",
			"<CMD>16802700d48f27005581</CMD>キミのおかげで<BREAK>ひさしぶりに<BREAK>いい{気分|キブン}になれたよ",
			"ありがとね！",
			"\f"
		]
	},
	{
		"Index": 29,
		"JPN": [
			"<CMD>16802700d48f27005581</CMD>ふいーっ<BREAK>{今日|きょう}はいろんな{味|あじ}のキノコを<BREAK>たくさん{食|た}べたな",
			"かわった{味|あじ}のキノコを<BREAK>{食|た}べられて　おなかいっぱいで<BREAK>しあわせだよー",
			"<CMD>16802700d48f27004181</CMD>これで{少|すこ}しは<BREAK>{父|とう}ちゃんの{強|つよ}さに<BREAK>{近|ちか}づけたかなぁ？",
			"\f"
		]
	},
	{
		"Index": 30,
		"JPN": [
			"<CMD>16802700d48f27006981</CMD>…あれ？<BREAK>キミ　{荷物|にもつ}が<BREAK>いっぱいじゃない？",
			"<CMD>16802700d48f27007f81</CMD>それじゃあ<BREAK>これは　また{今度|こんど}だね",
			"\f"
		]
	},
	{
		"Index": 32,
		"JPN": [
			"<CMD>16802700d48f27005581</CMD>あ！<BREAK>いいところで{見|み}つけた！",
			"あのさ　またかわった{味|あじ}の<BREAK>キノコが{食|た}べたいんだ",
			"おねがいなんだけど<BREAK>またキノコを{見|み}つけて<BREAK>{持|も}ってきてくれないかな？",
			"<CMD>16802700d48f27004181</CMD>やっぱり　ふつうの{味|あじ}のキノコは<BREAK>たくさん{食|た}べられないんだ<BREAK>{悪|わる}いけどよろしくね！",
			"\f"
		]
	},
	{
		"Index": 50,
		"JPN": [
			"<CMD>498027005c8427000a8027000180</CMD>",
			"\f"
		]
	},
	{
		"Index": 60,
		"JPN": [
			"おお　お{前|まえ}は…<BREAK>{久|ひさ}しぶりだな<BREAK>あの{時|とき}は{世話|せわ}になった",
			"すまないが　またお{前|まえ}の{力|ちから}を<BREAK>{借|か}してくれないだろうか？",
			"わたしはいま　とある{人物|じんぶつ}の<BREAK>はかを<BREAK>{守|まも}っているのだが…",
			"そこにかざってあった{花|はな}が<BREAK>かれてしまったのだ<BREAK>",
			"これでは{安|やす}らかにねむれない<BREAK>と{思|おも}い　すぐにかわりの{花|はな}を<BREAK>{探|さが}したのだが…",
			"かわりとなるものが<BREAK>なかなか{見当|みあ}たらなくて<BREAK>こまっているのだ",
			"だからわたしのかわりに<BREAK>{花|はな}を{探|さが}してきてほしい",
			"あの{問題|モンダイ}をかいけつした<BREAK>お{前|まえ}ならきっとだいじょうぶだ<BREAK>そうしんじている",
			"\f"
		]
	},
	{
		"Index": 62,
		"JPN": [
			"はかにかざるだいじな{花|はな}だから<BREAK>どんなものでもいい<BREAK>というわけではない…",
			"わたしが{探|さが}している<BREAK>{花|はな}のとくちょうは…",
			"\f"
		]
	},
	{
		"Index": 63,
		"JPN": [
			"わたしがなかまから{聞|き}いた<BREAK>{花|はな}のとくちょうは…",
			"\f"
		]
	},
	{
		"Index": 64,
		"JPN": [
			"{赤|あか}というか{白|しろ}というか…",
			"{見|み}ているとめでたい<BREAK>{良|よ}いことがあるような{気|き}がする…<BREAK>そんな{花|はな}をさがしている",
			"むずかしいと{思|おも}うが<BREAK>よろしくたのむ",
			"\f"
		]
	},
	{
		"Index": 65,
		"JPN": [
			"{青|あお}というか{赤|あか}というか…",
			"{歩|ある}いている{時|とき}に　ルールを<BREAK>{守|まも}らなくてはいけないような<BREAK>そんな{気|き}になる{色|いろ}をしていた…",
			"というようなことを<BREAK>わが{友|とも}は{言|い}っていた…<BREAK>よろしくたのむ",
			"\f"
		]
	},
	{
		"Index": 66,
		"JPN": [
			"{白|しろ}というか{黒|くろ}というか…",
			"しま{馬|うま}やパンダを<BREAK>{思|おも}いうかべるような<BREAK>{色|いろ}をしていた",
			"というようなことを<BREAK>わが{友|とも}は{言|い}っていた…<BREAK>よろしくたのむ",
			"\f"
		]
	},
	{
		"Index": 69,
		"JPN": [
			"おお　{待|ま}ちかねたぞ…<BREAK>わたしのたのんだ{花|はな}を<BREAK>{持|も}ってきてくれただろうか？",
			"\f"
		]
	},
	{
		"Index": 70,
		"JPN": [
			"おお　まさしくこれが<BREAK>わたしの{探|さが}していたものだ！",
			"この{色合|いろあ}い…<BREAK>わたしがあの　はかを<BREAK>{守|まも}り{始|はじ}めたころを{思|おも}い{出|だ}す！",
			"\f"
		]
	},
	{
		"Index": 71,
		"JPN": [
			"むむ…<BREAK>ちょっとちがうな…<BREAK>もっとこう…",
			"もう{少|すこ}し<BREAK>わたしが{言|い}った{感|かん}じに<BREAK>{近|ちか}いものはないのだろうか？",
			"\f"
		]
	},
	{
		"Index": 73,
		"JPN": [
			"…む？<BREAK>なんだこれは…<BREAK>{花|はな}ではないではないか！",
			"まちがえるな<BREAK>わたしがほしいのは{花|はな}だ！",
			"\f"
		]
	},
	{
		"Index": 75,
		"JPN": [
			"もう{一度|いちど}　わたしがさがしている<BREAK>{花|はな}のとくちょうを{言|い}うから<BREAK>よく{聞|き}くように…",
			"\f"
		]
	},
	{
		"Index": 77,
		"JPN": [
			"この{花|はな}を<BREAK>さっそく{持|も}って{帰|かえ}ることにしよう",
			"ありがとう…<BREAK>また{会|あ}おう",
			"\f"
		]
	},
	{
		"Index": 78,
		"JPN": [
			"うむ　さっそくこれを<BREAK>{持|も}って{帰|かえ}ることにしよう",
			"せわになったな…<BREAK>さらばだ",
			"\f"
		]
	},
	{
		"Index": 79,
		"JPN": [
			"せわになったな…<BREAK>さらばだ",
			"\f"
		]
	},
	{
		"Index": 80,
		"JPN": [
			"む…<BREAK>{持|も}ち{物|もの}がいっぱいのようだな",
			"{整理|せいり}してきたら<BREAK>また{話|はな}しかけてくれ<BREAK>その{時|とき}にこれをわたそう",
			"\f"
		]
	},
	{
		"Index": 82,
		"JPN": [
			"おお　また{来|き}たか…<BREAK>{待|ま}っていたぞ<BREAK>{実|じつ}はお{前|まえ}に　たのみがある…",
			"あの{後|あと}　{他|ほか}のなかまに<BREAK>{話|はなし}をしたところ<BREAK>みんなも{花|はな}をほしがってな…",
			"そこでおねがいしたいのだが<BREAK>{他|ほか}のなかまの{分|ぶん}も<BREAK>{花|はな}を{用意|ようい}してほしい",
			"\f"
		]
	},
	{
		"Index": 83,
		"JPN": [
			"おお<BREAK>{待|ま}っていたぞ…",
			"{何度|なんど}もすまない<BREAK>もうひとり　{花|はな}をほしがってる<BREAK>ヤツがいてな…",
			"その{仲間|なかま}の{分の花|ぶんのはな}も<BREAK>{用意|ようい}してほしいのだ",
			"これで{最後|さいご}にする<BREAK>すまないが<BREAK>よろしくたのむ…",
			"\f"
		]
	},
	{
		"Index": 85,
		"JPN": [
			"おお　{来|き}たな…<BREAK>{持|も}ち{物|もの}は{整理|せいり}してきたか？",
			"\f"
		]
	},
	{
		"Index": 86,
		"JPN": [
			"まだ{整理|せいり}してないみたいだな<BREAK>{整理|せいり}してきたら<BREAK>また{話|はな}しかけてくれ",
			"その{時|とき}にこれをわたそう",
			"\f"
		]
	},
	{
		"Index": 89,
		"JPN": [
			"これは…たしかに<BREAK>わが{友|とも}が{言|い}っていたものと<BREAK>{同|おな}じだ",
			"オマエは<BREAK>ほんとうに　たよりになるな…<BREAK>かんしゃしている",
			"\f"
		]
	},
	{
		"Index": 92,
		"JPN": [
			"これはおれいだ<BREAK>ぜひ{受|う}け{取|と}ってほしい…",
			"\f"
		]
	}
]