[
	{
		"Index": 50,
		"JPN": [
			"<CMD>18802700729b27000180</CMD><CMD>17802700729b2700ad802700068027000280</CMD><CMD>16802700729b27005581</CMD>なるほど<BREAK>じしんもって{話|はな}すのね",
			"<CMD>f481</CMD>はその{子|コ}と<BREAK>なかが{良|よ}さそうだから<BREAK>{気|き}をつけて{話|はな}してみる<CMD>ff8127000280</CMD>",
			"\f"
		]
	},
	{
		"Index": 51,
		"JPN": [
			"<CMD>18802700729b27000580</CMD><CMD>17802700729b2700af802700088027000180</CMD><CMD>16802700729b27005681</CMD>なるほど<BREAK>じしんもって{話|はな}すのね",
			"<CMD>f481</CMD>はその{子|コ}と<BREAK>なかが{良|よ}さそうだから<BREAK>{気|き}をつけて{話|はな}してみる<CMD>ff8127000280</CMD>",
			"\f"
		]
	},
	{
		"Index": 52,
		"JPN": [
			"<CMD>18802700729b27000580</CMD><CMD>17802700729b2700aa8027000a8027000180</CMD><CMD>16802700729b27002d81</CMD>へ～<BREAK>じしんもって{話|はな}すんだ？",
			"<CMD>f481</CMD>はその{子|コ}と<BREAK>なかが{良|よ}さそうだから<BREAK>{気|き}をつけて{話|はな}してみる<CMD>ff8127000280</CMD>",
			"\f"
		]
	},
	{
		"Index": 54,
		"JPN": [
			"<CMD>18802700729b27000180</CMD><CMD>17802700729b2700ad802700068027000280</CMD><CMD>16802700729b27005581</CMD>なるほど<BREAK>{大目|おおめ}に{見|み}て{話|はな}すのね",
			"<CMD>f481</CMD>はその{子|コ}と<BREAK>なかが{良|よ}さそうだから<BREAK>{気|き}をつけて{話|はな}してみる<CMD>ff8127000280</CMD>",
			"\f"
		]
	},
	{
		"Index": 55,
		"JPN": [
			"<CMD>18802700729b27000580</CMD><CMD>17802700729b2700af802700088027000180</CMD><CMD>16802700729b27005681</CMD>なるほど<BREAK>{大目|おおめ}に{見|み}て{話|はな}すのね",
			"<CMD>f481</CMD>はその{子|コ}と<BREAK>なかが{良|よ}さそうだから<BREAK>{気|き}をつけて{話|はな}してみる<CMD>ff8127000280</CMD>",
			"\f"
		]
	},
	{
		"Index": 56,
		"JPN": [
			"<CMD>18802700729b27000580</CMD><CMD>17802700729b2700aa8027000a8027000180</CMD><CMD>16802700729b27002d81</CMD>へ～<BREAK>{大目|おおめ}に{見|み}て{話|はな}すんだ？",
			"<CMD>f481</CMD>はその{子|コ}と<BREAK>なかが{良|よ}さそうだから<BREAK>{気|き}をつけて{話|はな}してみる<CMD>ff8127000280</CMD>",
			"\f"
		]
	},
	{
		"Index": 58,
		"JPN": [
			"<CMD>18802700729b27000180</CMD><CMD>17802700729b2700ad802700068027000280</CMD><CMD>16802700729b27005581</CMD>なるほど<BREAK>ズバリと{話|はな}すのね",
			"<CMD>f481</CMD>はその{子|コ}と<BREAK>なかが{良|よ}さそうだから<BREAK>{気|き}をつけて{話|はな}してみる<CMD>ff8127000280</CMD>",
			"\f"
		]
	},
	{
		"Index": 59,
		"JPN": [
			"<CMD>18802700729b27000580</CMD><CMD>17802700729b2700af802700088027000180</CMD><CMD>16802700729b27005681</CMD>なるほど<BREAK>ズバリと{話|はな}すのね",
			"<CMD>f481</CMD>はその{子|コ}と<BREAK>なかが{良|よ}さそうだから<BREAK>{気|き}をつけて{話|はな}してみる<CMD>ff8127000280</CMD>",
			"\f"
		]
	},
	{
		"Index": 60,
		"JPN": [
			"<CMD>18802700729b27000580</CMD><CMD>17802700729b2700aa8027000a8027000180</CMD><CMD>16802700729b27002d81</CMD>へ～<BREAK>ズバリと{話|はな}すんだ？",
			"<CMD>f481</CMD>はその{子|コ}と<BREAK>なかが{良|よ}さそうだから<BREAK>{気|き}をつけて{話|はな}してみる<CMD>ff8127000280</CMD>",
			"\f"
		]
	}
]