[
	{
		"Index": 0,
		"JPN": [
			"よくぞ{来|き}てくれました<BREAK>{元気|げんき}そうな{顔|かお}を{見|み}られて<BREAK>わらわもうれしいですわ",
			"<CMD>18802700729b27000080</CMD><CMD>17802700729b2700088027000a8027000180</CMD><CMD>16802700729b27006981</CMD>ところで　{町|まち}ではもう<BREAK>あのことがウワサに<BREAK>なってるのかしら…？",
			"ほら　わらわの<BREAK>{大事|だいじ}な{友|とも}だちが<BREAK>やってきている　という…",
			"あぁ…　やはりそうでしたか<BREAK>だから<CMD>f481</CMD>も　こうして<BREAK>{足|あし}を{運|はこ}んでくれたのですね",
			"でも　ザンネンですが<BREAK>その{人|ひと}は{今|いま}　このおしろには<BREAK>たいざいしておりませんわ",
			"<CMD>18802700729b27000380</CMD><CMD>17802700729b270001802700048027000080</CMD><CMD>16802700729b27003081</CMD><CMD>f481</CMD>には<BREAK>ガッカリさせましたわね…",
			"せっかくですから　その{人|ひと}が<BREAK>どこにいるかぐらい<BREAK><CMD>f481</CMD>に{教|おし}えましょう",
			"<CMD>18802700729b27000080</CMD><CMD>17802700729b2700088027000a8027000180</CMD><CMD>16802700729b27006981</CMD>…………　<CMD>f481</CMD>には<BREAK><CMD>008027000580</CMD>{公園|こうえん}<CMD>008027000180</CMD>の{近|ちか}く　といえば<BREAK>おわかりかしら？",
			"その　わらわの{友|とも}だちは<BREAK>{他|ほか}の{町|まち}から{来|き}た<BREAK><CMD>008027000380</CMD>{雪|ゆき}の{女王|じょおう}<CMD>008027000180</CMD>なのですわ",
			"かのじょは{雪|ゆき}のふる{日|ひ}に<BREAK><CMD>008027000580</CMD>{公園|こうえん}<CMD>008027000180</CMD>の{近|ちか}くに<BREAK>よくあらわれるようですわ",
			"<CMD>18802700729b27000380</CMD><CMD>17802700729b270001802700048027000080</CMD><CMD>16802700729b27003081</CMD>…………　じつは<BREAK><CMD>008027000380</CMD>{雪|ゆき}の{女王|じょおう}<CMD>008027000180</CMD>の{町|まち}で　{雪|ゆき}が<BREAK>ぜんぜんふらなくなってしまい",
			"それをカイケツするため<BREAK>わらわのところまで<BREAK>やってきたようなのですわ",
			"セキニンを{感|かん}じて　ひとりで<BREAK>{全部|ぜんぶ}　かかえこもうと<BREAK>していなければよいのですが…",
			"<CMD>18802700729b27000080</CMD><CMD>17802700729b2700088027000a8027000180</CMD><CMD>16802700729b27006981</CMD><CMD>f481</CMD>　もしも<CMD>008027000380</CMD>{雪|ゆき}の{女王|じょおう}<CMD>008027000180</CMD>が<BREAK>こまってるようなら<BREAK>ささえになってくれますか？",
			"これは<CMD>008027000380</CMD>{雪|ゆき}の{女王|じょおう}<CMD>008027000180</CMD>の<BREAK>{友|とも}だちとしての<BREAK>わらわのキボウですわ",
			"\f"
		]
	},
	{
		"Index": 1,
		"JPN": [
			"<CMD>f481</CMD>　<CMD>008027000380</CMD>{雪|ゆき}の{女王|じょおう}<CMD>008027000180</CMD>は<BREAK>{雪|ゆき}の{日|ひ}　<CMD>008027000580</CMD>{公園|こうえん}<CMD>008027000180</CMD>の<BREAK>{近|ちか}くにいるはずですからね",
			"\f"
		]
	},
	{
		"Index": 2,
		"JPN": [
			"<CMD>18802700729b27000080</CMD><CMD>17802700729b2700088027000a8027000180</CMD><CMD>16802700729b27006981</CMD><CMD>f481</CMD>　<CMD>008027000380</CMD>{雪|ゆき}の{女王|じょおう}<CMD>008027000180</CMD>には<BREAK>{会|あ}うことができたのかしら？",
			"<CMD>18802700729b27000180</CMD><CMD>17802700729b270001802700048027000280</CMD><CMD>16802700729b27005581</CMD>まあ　それはよかった…！<BREAK>かのじょの{友|とも}だちとして<BREAK>よろこばしく{思|おも}いますわ",
			"\f"
		]
	},
	{
		"Index": 3,
		"JPN": [
			"<CMD>49802700c38b27000580</CMD>",
			"\f"
		]
	},
	{
		"Index": 4,
		"JPN": [
			"あら…　こんばんは<BREAK>かわいらしい<BREAK>まほう{使|つか}いさんですね",
			"<CMD>16802700e38f27005581</CMD>あなた　{名前|なまえ}は…？<BREAK>ふふっ　<CMD>f481</CMD>というのね<BREAK>すてきな{名前|なまえ}よ",
			"わたしは　<CMD>008027000380</CMD>{雪|ゆき}の{女王|じょおう}<CMD>008027000180</CMD><BREAK>よろしくね　<CMD>f481</CMD>",
			"<CMD>16802700e38f27005681</CMD>えっ　わたしを{知|し}ってるの？<BREAK>…………　そうなの　ひめから<BREAK>{話|はなし}を{聞|き}いてるのね…",
			"<CMD>16802700e38f27002d81</CMD>じつは　わたしの{町|まち}では<BREAK>{雪|ゆき}がふらなくなり<BREAK>シンコクなことになっています",
			"{雪|ゆき}のふりはじめは<BREAK>きせつのかわり{目|め}…",
			"{冬|ふゆ}がやってきたことを<BREAK>{身|み}をもって{知|し}るためにも<BREAK>{雪|ゆき}は　かかせないのです",
			"わたしはまがりなりにも<BREAK><CMD>008027000380</CMD>{雪|ゆき}の{女王|じょおう}<CMD>008027000180</CMD>　{町|まち}のみんなの<BREAK>キタイをせおってます",
			"だから　ひめのいるこの{町|まち}に<BREAK>{雪|ゆき}をふらせるための<BREAK>アイテムをさがしにきたのです",
			"その　ひつようなアイテムは<BREAK><CMD>008027000480</CMD>ゆきのけっしょう<CMD>008027000180</CMD>を７つと<BREAK><CMD>fb812700df92</CMD>…",
			"そして<BREAK><CMD>fb8127008683</CMD>です",
			"\f"
		]
	},
	{
		"Index": 5,
		"JPN": [
			"<CMD>008027000480</CMD>ゆきのけっしょう<CMD>008027000180</CMD>は<BREAK>どうにか６つ<BREAK>{手|て}に{入|い}れることができました",
			"<CMD>16802700e38f27003081</CMD>でも　やはりなれない<BREAK>{町|まち}にいるせいか　あとひとつが<BREAK>どうしても{見|み}つかりません…",
			"<CMD>fb812700df92</CMD>と<BREAK><CMD>fb8127008683</CMD>にいたっては<BREAK>どこにあるのやら…",
			"<CMD>f481</CMD><BREAK>わたしの{勝手|かって}な<BREAK>おねがいだとは{思|おも}いますが",
			"<CMD>16802700e38f27006981</CMD>この３つのアイテムを<BREAK>さがしてきてくれませんか…？",
			"\f"
		]
	},
	{
		"Index": 6,
		"JPN": [
			"<CMD>49802700c38b27000680</CMD>",
			"\f"
		]
	},
	{
		"Index": 7,
		"JPN": [
			"<CMD>16802700e38f27005681</CMD>ああ…！　これは<BREAK><CMD>008027000480</CMD>ゆきのけっしょう<CMD>008027000180</CMD>！<BREAK>よくぞ{手|て}に{入|い}れてくれました…！",
			"くろうをかけますが<BREAK>どうか　のこりのアイテムも<BREAK>さがしてきてください…",
			"\f"
		]
	},
	{
		"Index": 8,
		"JPN": [
			"<CMD>16802700e38f27005681</CMD>ああ…！　これは<BREAK><CMD>fb812700df92</CMD>！<BREAK>よくぞ{手|て}に{入|い}れてくれました…！",
			"くろうをかけますが<BREAK>どうか　のこりのアイテムも<BREAK>さがしてきてください…",
			"\f"
		]
	},
	{
		"Index": 9,
		"JPN": [
			"<CMD>16802700e38f27005681</CMD>ああ…！　これは<BREAK><CMD>fb8127008683</CMD>！<BREAK>よくぞ{手|て}に{入|い}れてくれました…！",
			"くろうをかけますが<BREAK>どうか　のこりのアイテムも<BREAK>さがしてきてください…",
			"\f"
		]
	},
	{
		"Index": 10,
		"JPN": [
			"<CMD>16802700e38f27006981</CMD><CMD>f481</CMD><BREAK>おねがいした　さがしものは<BREAK>なかなか{見|み}つかりませんか…？",
			"ムリを{言|い}って<BREAK>ごめんなさいね…　これも<BREAK>{町|まち}のみんなのためなのです",
			"<CMD>008027000480</CMD>ゆきのけっしょう<CMD>008027000180</CMD>と<BREAK><CMD>fb812700df92</CMD>　そして<BREAK><CMD>fb8127008683</CMD>が…",
			"{雪|ゆき}をふらせるために<BREAK>わたしがひつようとしている<BREAK>アイテムです",
			"\f"
		]
	},
	{
		"Index": 11,
		"JPN": [
			"<CMD>16802700e38f27005681</CMD>まあ！　<CMD>f481</CMD><BREAK>わたしのために　このふたつを<BREAK>{見|み}つけてきてくれたのですね…！",
			"<CMD>16802700e38f27005581</CMD>よかった…<BREAK>あとひとつで　{町|まち}のみんなの<BREAK>ねがいがかなえられます",
			"のこりは<BREAK><CMD>008027000480</CMD>ゆきのけっしょう<CMD>008027000180</CMD>ですね<BREAK>どこにあるのでしょうか…",
			"\f"
		]
	},
	{
		"Index": 12,
		"JPN": [
			"<CMD>16802700e38f27005681</CMD>まあ！　<CMD>f481</CMD><BREAK>わたしのために　このふたつを<BREAK>{見|み}つけてきてくれたのですね…！",
			"<CMD>16802700e38f27005581</CMD>よかった…<BREAK>あとひとつで　{町|まち}のみんなの<BREAK>ねがいがかなえられます",
			"のこりは<BREAK><CMD>fb812700df92</CMD>ですね<BREAK>どこにあるのでしょうか…",
			"\f"
		]
	},
	{
		"Index": 13,
		"JPN": [
			"<CMD>16802700e38f27005681</CMD>まあ！　<CMD>f481</CMD><BREAK>わたしのために　このふたつを<BREAK>{見|み}つけてきてくれたのですね…！",
			"<CMD>16802700e38f27005581</CMD>よかった…<BREAK>あとひとつで　{町|まち}のみんなの<BREAK>ねがいがかなえられます",
			"のこりは<BREAK><CMD>fb8127008683</CMD>ですね<BREAK>どこにあるのでしょうか…",
			"\f"
		]
	},
	{
		"Index": 14,
		"JPN": [
			"<CMD>16802700e38f27005681</CMD>ああ　まさか<BREAK>アイテムがこうして<BREAK>みっつとも　そろうなんて…！",
			"どんなにタイヘンなおもいを<BREAK><CMD>f481</CMD>には<BREAK>させたことでしょう…",
			"これでわたしも<BREAK>{町|まち}のみんなのために　{雪|ゆき}を<BREAK>ふらせることができます",
			"<CMD>16802700e38f27005581</CMD>この{町|まち}で{出会|であ}えたのが<BREAK><CMD>f481</CMD>で<BREAK>{本当|ほんとう}によかったです…",
			"ところで　わたしの{町|まち}へは<BREAK>ここからオーロラの{橋|はし}をかければ<BREAK>{帰|かえ}ることができます",
			"<CMD>16802700e38f27006981</CMD>よかったら<CMD>f481</CMD>も<BREAK>{次|つぎ}の{雪|ゆき}の{日|ひ}に　またここへ<BREAK>{来|き}てくれませんか？",
			"おわかれをする{時|とき}くらい<BREAK>もう{一度|いちど}<CMD>f481</CMD>に<BREAK>{会|あ}っておきたいのです",
			"\f"
		]
	},
	{
		"Index": 15,
		"JPN": [
			"<CMD>49802700c38b27000780</CMD>",
			"\f"
		]
	},
	{
		"Index": 16,
		"JPN": [
			"<CMD>16802700e38f27005681</CMD><CMD>f481</CMD>！<BREAK>わたしとのさよならのために<BREAK>{来|き}てくれたのですね…！",
			"<CMD>16802700e38f27002d81</CMD>でも…　ごめんなさい<BREAK>ひとつこまったことが<BREAK>{起|お}きてしまいました…",
			"オーロラのおまじないを<BREAK>{使|つか}うだけのチカラが　わたしに<BREAK>のこっていないようなのです…",
			"<CMD>16802700e38f27003081</CMD>これではせっかくの{橋|はし}も<BREAK>かけられません…　ようやく<BREAK>ここまで{来|き}たというのに…<BREAK>",
			"\f"
		]
	},
	{
		"Index": 17,
		"JPN": [
			"<CMD>49802700c38b27000880</CMD>",
			"\f"
		]
	},
	{
		"Index": 18,
		"JPN": [
			"<CMD>16802700e38f27003081</CMD>わたしは　{町|まち}で{待|ま}つみんなにも<BREAK><CMD>f481</CMD>のくろうにも<BREAK>むくいることができませんでした…",
			"\f"
		]
	},
	{
		"Index": 19,
		"JPN": [
			"<CMD>16802700e38f27005681</CMD>あっ…！<BREAK>それはオーロラ…！",
			"<CMD>f481</CMD>　あなたは<BREAK>そんなおまじないも<BREAK>{使|つか}えるの…！？",
			"あぁ…　なんということでしょう<BREAK>これでわたしも<BREAK>{町|まち}に{帰|かえ}ることができます",
			"<CMD>16802700e38f27005581</CMD>きっとみんなが<BREAK>{首|くび}を{長|なが}くして{待|ま}っているはず…<BREAK><CMD>f481</CMD>　{本当|ほんとう}にありがとう",
			"またどこかで{会|あ}えたら<BREAK>{今度|こんど}はゆっくりと<BREAK>お{茶|ちゃ}でもしたいものですね…",
			"\f"
		]
	},
	{
		"Index": 20,
		"JPN": [
			"<CMD>18802700729b27000580</CMD><CMD>17802700729b270001802700048027000080</CMD><CMD>16802700729b27005681</CMD>おっと　<CMD>f481</CMD><BREAK>こんなとこにいたのか<BREAK>けっこうさがしたんだぜ",
			"それより　おまえによび{出|だ}しだ<BREAK><CMD>008027000380</CMD>ひめさま<CMD>008027000180</CMD>がおしろに<BREAK>{来|き}てくれと{言|い}ってるぜ",
			"<CMD>18802700729b27000080</CMD><CMD>17802700729b2700088027000a8027000180</CMD><CMD>16802700729b27006981</CMD><CMD>008027000380</CMD>ひめさま<CMD>008027000180</CMD>の{友|とも}だちのことで<BREAK>{何|なに}かやっただろ？<BREAK>たぶんそのことじゃないか",
			"とにかく{行|い}って<BREAK>{話|はなし}を{聞|き}いてきてくれ",
			"\f"
		]
	},
	{
		"Index": 21,
		"JPN": [
			"<CMD>f481</CMD><BREAK>そなたに<CMD>008027000380</CMD>{雪|ゆき}の{女王|じょおう}<CMD>008027000180</CMD>から<BREAK>{手紙|てがみ}がとどいておりますわよ",
			"わらわがこの{場|ば}で<BREAK><CMD>008027000380</CMD>{雪|ゆき}の{女王|じょおう}<CMD>008027000180</CMD>にかわって<BREAK>{読|よ}んでさしあげますわ",
			"\f"
		]
	},
	{
		"Index": 22,
		"JPN": [
			"…………　<CMD>f481</CMD><BREAK>{元気|げんき}にしてますか？",
			"あなたからもらった<BREAK>アイテムを{使|つか}って<BREAK>いのりをささげたところ…",
			"なんと　わたしの{町|まち}に<BREAK>なつかしくも　かわいらしい<BREAK>{雪|ゆき}がふってきました",
			"これも<CMD>f481</CMD>が<BREAK>いっしょうけんめい<BREAK>さがしものをしてくれたおかげです",
			"ところで　{手紙|てがみ}といっしょに<BREAK><CMD>f481</CMD>へのプレゼントを<BREAK>どうふうしておきました",
			"{気|き}に{入|い}ってもらえたら<BREAK>わたしもうれしいです",
			"\f"
		]
	},
	{
		"Index": 23,
		"JPN": [
			"<CMD>18802700729b27000580</CMD><CMD>17802700729b270001802700048027000080</CMD><CMD>16802700729b27005681</CMD>…………　まあ！　<CMD>f481</CMD>は<BREAK><CMD>008027000380</CMD>{雪|ゆき}の{女王|じょおう}<CMD>008027000180</CMD>のために　こんなにも<BREAK>がんばってくれましたの！",
			"<CMD>18802700729b27000180</CMD><CMD>17802700729b270001802700048027000080</CMD><CMD>16802700729b27004181</CMD>そなたのような　{人|ひと}のために<BREAK>がんばれるまほう{使|つか}いを<BREAK>わらわもホコリに{思|おも}いますわ",
			"\f"
		]
	},
	{
		"Index": 24,
		"JPN": [
			"それが<CMD>008027000380</CMD>{雪|ゆき}の{女王|じょおう}<CMD>008027000180</CMD>から<BREAK>さずけられたアイテムですわ<BREAK>{大事|だいじ}にするのですよ",
			"\f"
		]
	},
	{
		"Index": 26,
		"JPN": [
			"<CMD>18802700729b27000080</CMD><CMD>17802700729b2700088027000a8027000180</CMD><CMD>16802700729b27006981</CMD>あら…　<CMD>f481</CMD><BREAK>もちものがいっぱいでは<BREAK>ありませんの？",
			"それでは<CMD>008027000380</CMD>{雪|ゆき}の{女王|じょおう}<CMD>008027000180</CMD>からの<BREAK>プレゼントも<BREAK>わたせませんわね",
			"もちものを{整理|せいり}してから<BREAK>ふたたび　わらわに<BREAK>{会|あ}いにくるのですよ",
			"\f"
		]
	},
	{
		"Index": 27,
		"JPN": [
			"<CMD>18802700729b27000080</CMD><CMD>17802700729b2700b28027000a8027000180</CMD><CMD>16802700729b27006981</CMD>ところで<CMD>f481</CMD><BREAK>{今日|きょう}はもちものに<BREAK>よゆうがありますかしら？",
			"\f"
		]
	},
	{
		"Index": 28,
		"JPN": [
			"では　<CMD>008027000380</CMD>{雪|ゆき}の{女王|じょおう}<CMD>008027000180</CMD>からあずかった<BREAK>プレゼントを<BREAK>わたしますわね",
			"\f"
		]
	},
	{
		"Index": 29,
		"JPN": [
			"{次|つぎ}の{雪|ゆき}の{日|ひ}<BREAK>あらためて　この{公園|こうえん}で<BREAK>おわかれをしましょうね",
			"\f"
		]
	},
	{
		"Index": 50,
		"JPN": [
			"<CMD>16802700e48f27006981</CMD>おや　こんな{時間|じかん}にだれかね<BREAK>さては　{出番|でばん}をまちがえた<BREAK>みじめな{役者|やくしゃ}かな？",
			"ほぉ…　なんじは<BREAK><CMD>f481</CMD>という{名前|なまえ}か<BREAK>うれいをひめた　よい{名|な}であるな",
			"われの{名|な}は<CMD>008027000380</CMD>ファントム<CMD>008027000180</CMD><BREAK>この<CMD>008027000580</CMD>イベントホール<CMD>008027000180</CMD>にひそむ<BREAK>カイジンである",
			"<CMD>16802700e48f27002d81</CMD>…………　カイジンといっても<BREAK>{悪|わる}いことをする{人|ひと}ではないぞ",
			"こうして{夜|よ}な{夜|よ}な<BREAK>こどくを{相手|あいて}に<BREAK>{歌|うた}をひろうしているのだ",
			"<CMD>16802700e48f27006981</CMD>そういえば　なんじも<BREAK>さきほどから　われの{歌|うた}を<BREAK>{聞|き}いていたのでは？",
			"<CMD>16802700e48f27005581</CMD>ふぁっふぁっふぁ！<BREAK>はじめて{耳|みみ}にする<BREAK>すばらしい{声|こえ}であろう",
			"この{声|こえ}は<BREAK>{天使|てんし}の{歌声|うたごえ}　と<BREAK>よばれるものでな",
			"じつは　これと{同|おな}じ<BREAK>{歌声|うたごえ}を{持|も}つものを<BREAK>われはずっとさがしているのだ",
			"はて　どこからか<BREAK>そのような{天才|てんさい}が<BREAK>あらわれてはくれないものか…",
			"そうだ…　もしやなんじが<BREAK>{天使|てんし}の{歌声|うたごえ}を{持|も}っている<BREAK>などということは…",
			"ふぁっふぁっふぁ！<BREAK>ためしに{聞|き}いたまでのこと！<BREAK>おどろかしてすまなかった",
			"\f"
		]
	},
	{
		"Index": 51,
		"JPN": [
			"<CMD>16802700e48f27006981</CMD>いかがいたした？<BREAK>またわれに　{天使|てんし}の{歌声|うたごえ}で<BREAK>{歌|うた}ってほしいのか？",
			"<CMD>16802700e48f27005581</CMD>よかろう！　{歌|うた}を<BREAK>おぼえられるまで<BREAK>{何度|なんど}でも　ひろうしよう！",
			"\f"
		]
	},
	{
		"Index": 52,
		"JPN": [
			"<CMD>16802700e48f27005581</CMD>{聞|き}きおよんでおるぞ！<BREAK>なんじが　<CMD>008027000380</CMD>ひめさま<CMD>008027000180</CMD>と<BREAK>{歌|うた}で{勝負|しょうぶ}をするとな！",
			"われとしても　まちがえずに<BREAK>{歌|うた}えればこそ　もとめていた<BREAK>{声|こえ}の{持|も}ち{主|ぬし}にふさわしい！",
			"ホールのカイジンとして<BREAK>さいごまで<BREAK>{聞|き}きとどけさせてもらおう！",
			"ところで　この{勝負|しょうぶ}<BREAK>ひとつ　われから<BREAK>ていあんがある",
			"もし<CMD>f481</CMD>が<BREAK>{勝|か}った{場合|ばあい}は…<BREAK>プレゼントをあげようではないか",
			"ただし　<CMD>f481</CMD>が<BREAK>{負|ま}けたばあいは…",
			"<CMD>16802700e48f27005681</CMD>われが<CMD>008027000380</CMD>ひめさま<CMD>008027000180</CMD>を<BREAK>もらってゆこう…！！",
			"<CMD>16802700e48f27002d81</CMD>…………　いや<BREAK>それはさすがに<BREAK>じょうだんである",
			"とにかく<CMD>f481</CMD>は<BREAK>{天使|てんし}の{歌声|うたごえ}とプレゼントの<BREAK>{両方目指|りょうほうめざ}してがんばりたまえ",
			"さて…　どうやら<CMD>008027000380</CMD>ひめさま<CMD>008027000180</CMD>は<BREAK>{気合|きあい}じゅうぶん<BREAK>すぐに{始|はじ}められそうであるぞ",
			"<CMD>16802700e48f27006981</CMD><CMD>f481</CMD>　この{勝負|しょうぶ}<BREAK>{今|いま}ここで　{受|う}けてたつかね？",
			"<CMD>128027000180</CMD>",
			"\f"
		]
	},
	{
		"Index": 53,
		"JPN": [
			"<CMD>3780</CMD>",
			"はい",
			"いいえ",
			"\f"
		]
	},
	{
		"Index": 54,
		"JPN": [
			"<CMD>16802700e48f27006981</CMD>ほほぉ　なんじはまだ<BREAK>カショウリョクに<BREAK>じしんがないのかな",
			"だが　それもしかたなかろう！<BREAK>この{歌|うた}は　われが<BREAK>{愛|あい}してやまない{歌|うた}であるからな",
			"これならいける！　と{思|おも}うまで<BREAK>れんしゅうするのも<BREAK>かしこいはんだんである",
			"<CMD>16802700e48f27007e81</CMD>ただし　なんじのことを<BREAK>こしぬけとわらうものが<BREAK>いるかもしれないがね！",
			"\f"
		]
	},
	{
		"Index": 55,
		"JPN": [
			"<CMD>16802700e48f27005681</CMD>よろしい！　ふたりとも<BREAK>じゅんびはよろしいな",
			"\f"
		]
	},
	{
		"Index": 56,
		"JPN": [
			"では<BREAK>まずさいしょに<BREAK><CMD>f481</CMD>から{歌|うた}いたまえ！",
			"\f"
		]
	},
	{
		"Index": 57,
		"JPN": [
			"<CMD>f481</CMD>　ちまよったか！<BREAK>それは　かだいきょくとは<BREAK>べつの{歌|うた}であるぞ！",
			"\f"
		]
	},
	{
		"Index": 58,
		"JPN": [
			"うむ　それではつづいて<BREAK><CMD>008027000380</CMD>ひめさま<CMD>008027000180</CMD>が{歌|うた}いたまえ！",
			"\f"
		]
	},
	{
		"Index": 59,
		"JPN": [
			"<CMD>008027000380</CMD>ひめさま<CMD>008027000180</CMD>も<CMD>f481</CMD>も<BREAK>よほどれんしゅうを<BREAK>{重|かさ}ねてきたのであるな",
			"<CMD>16802700e48f27002d81</CMD>われもどちらかに<BREAK>{負|ま}けをせんこくするのは<BREAK>ひじょうに{心苦|こころぐる}しい！",
			"<CMD>16802700e48f27002f81</CMD>これも{勝負|しょうぶ}であるいじょう<BREAK>おたがいを　うらむのは<BREAK>ナシにしてくれたまえ",
			"\f"
		]
	},
	{
		"Index": 60,
		"JPN": [
			"<CMD>f481</CMD>　なんじは<BREAK>よほど　われの{歌|うた}を<BREAK>{気|き}に{入|い}ってくれたとみえるな",
			"<CMD>16802700e48f27005581</CMD>たんきかんであっても<BREAK>モウトックンをつんだこと<BREAK>われもうれしく{思|おも}うぞ！",
			"\f"
		]
	},
	{
		"Index": 61,
		"JPN": [
			"<CMD>16802700e48f27005681</CMD>さすが<CMD>008027000380</CMD>ひめさま<CMD>008027000180</CMD>は　われの{歌|うた}を<BREAK><CMD>f481</CMD>より{先|さき}に<BREAK>{聞|き}いていただけあるな…！",
			"<CMD>16802700e48f27005581</CMD>{歌|うた}うすがたに<BREAK>{力強|ちからづよ}さとよろこびが<BREAK>にじみでておったぞ！",
			"\f"
		]
	},
	{
		"Index": 62,
		"JPN": [
			"では…　いよいよ<BREAK>けっか{発表|はっぴょう}とまいろうか",
			"われの{心|こころ}をうった<BREAK>すばらしき{天使|てんし}の{歌声|うたごえ}の<BREAK>{持|も}ち{主|ぬし}は…",
			"\f"
		]
	},
	{
		"Index": 63,
		"JPN": [
			"<CMD>16802700e48f27005681</CMD><CMD>f481</CMD>！<BREAK>なんじの{頭|あたま}の{上|うえ}にうかぶ<BREAK>かがやく{何|なに}かを{見|み}たまえ！",
			"\f"
		]
	},
	{
		"Index": 64,
		"JPN": [
			"<CMD>16802700e48f27007e81</CMD>ザンネン　かなダライ！<BREAK>このたびの{勝負|しょうぶ}は<BREAK><CMD>008027000380</CMD>ひめさま<CMD>008027000180</CMD>の{勝|か}ちである！",
			"\f"
		]
	},
	{
		"Index": 65,
		"JPN": [
			"それでは　うんめいの<BREAK>けっか{発表|はっぴょう}である",
			"われがみとめた<BREAK>{天使|てんし}の{歌声|うたごえ}の{持|も}ち{主|ぬし}は…",
			"\f"
		]
	},
	{
		"Index": 66,
		"JPN": [
			"<CMD>f481</CMD><BREAK>なんじである！",
			"<CMD>16802700e48f27005581</CMD>おめでとう！<BREAK>やくそくどおり<BREAK>プレゼントをさしあげよう！",
			"\f"
		]
	},
	{
		"Index": 67,
		"JPN": [
			"やはり{美|うつく}しい{声|こえ}は<BREAK>すばらしいスピーカーで<BREAK>よりせんれんされるものだ",
			"<CMD>16802700e48f27005581</CMD>{同|おな}じ{天使|てんし}の{歌声|うたごえ}を<BREAK>{持|も}つものに{出会|であ}えて<BREAK>われもまんぞくであるぞ！",
			"ふぁっふぁっふぁっ！<BREAK>{聞|き}きごたえのある<BREAK>{名勝負|めいしょうぶ}であった！",
			"\f"
		]
	},
	{
		"Index": 68,
		"JPN": [
			"{次|つぎ}の{夜|よる}まで<BREAK>どのようにすごすかは<BREAK>なんじしだいであるぞ！",
			"\f"
		]
	},
	{
		"Index": 70,
		"JPN": [
			"<CMD>16802700e48f27005681</CMD>なんと！　<CMD>f481</CMD>よ<BREAK>もちものが<BREAK>いっぱいではないか！",
			"もちものを{整理|せいり}してから<BREAK>ふたたび　われに<BREAK>{会|あ}いにきたまえ！",
			"\f"
		]
	},
	{
		"Index": 71,
		"JPN": [
			"<CMD>16802700e48f27006981</CMD><CMD>f481</CMD>　こよいは<BREAK>もちものを<BREAK>{整理|せいり}してきたかな？",
			"\f"
		]
	},
	{
		"Index": 72,
		"JPN": [
			"うむ　ではなんじに<BREAK>すばらしいプレゼントを<BREAK>さしあげよう！",
			"\f"
		]
	}
]