[
	{
		"Index": 0,
		"JPN": [
			"<CMD>18802700729b27000780</CMD><CMD>17802700729b2700b18027000a8027000180</CMD>なぁ　あの…<BREAK>なんか<CMD>128227000080</CMD>の<BREAK>すっごいウワサを{聞|き}いた<CMD>ff8127000280</CMD>",
			"<CMD>128227000080</CMD>と<CMD>128227000180</CMD>！<BREAK>いつも　ふたりでさ<BREAK><CMD>1582</CMD>って…",
			"<CMD>18802700729b27000080</CMD><CMD>17802700729b2700b28027000a8027000180</CMD><CMD>16802700729b27006981</CMD>ウワサになってんだけど<BREAK>ホント<CMD>ff8127000180</CMD>？<CMD>128027000180</CMD>",
			"\f"
		]
	},
	{
		"Index": 1,
		"JPN": [
			"<CMD>3780</CMD>",
			"うんそう<CMD>128027000180</CMD>",
			"ちがうかな<CMD>128027000280</CMD>",
			"\f"
		]
	},
	{
		"Index": 2,
		"JPN": [
			"<CMD>18802700729b27000580</CMD><CMD>17802700729b2700af802700088027000180</CMD><CMD>16802700729b27005681</CMD>そうか<BREAK>まんざら　デタラメでもないんだな",
			"クールなことなら<BREAK><CMD>028227000080</CMD>も<BREAK>まぜてほしい<CMD>ff8127000280</CMD>",
			"\f"
		]
	},
	{
		"Index": 3,
		"JPN": [
			"なんだ　ちがう<CMD>ff8127000380</CMD>",
			"びっくりさせやがるぜ！<CMD>2180</CMD>",
			"\f"
		]
	},
	{
		"Index": 4,
		"JPN": [
			"<CMD>18802700729b27000780</CMD><CMD>17802700729b2700b18027000a8027000180</CMD>なぁ　あの…<BREAK>なんか<CMD>128227000080</CMD>の<BREAK>すっごいウワサを{聞|き}いた<CMD>ff8127000280</CMD>",
			"<CMD>128227000080</CMD>と<CMD>128227000180</CMD>！<BREAK>ひとめも　きにせず<BREAK><CMD>1582</CMD>だって…",
			"<CMD>18802700729b27000080</CMD><CMD>17802700729b2700b28027000a8027000180</CMD><CMD>16802700729b27006981</CMD>ウワサになってんだけど<BREAK>ホント<CMD>ff8127000180</CMD>？<CMD>128027000180</CMD>",
			"\f"
		]
	},
	{
		"Index": 5,
		"JPN": [
			"<CMD>3780</CMD>",
			"うんそう<CMD>128027000180</CMD>",
			"ちがうかな<CMD>128027000280</CMD>",
			"\f"
		]
	},
	{
		"Index": 6,
		"JPN": [
			"<CMD>18802700729b27000580</CMD><CMD>17802700729b2700af802700088027000180</CMD><CMD>16802700729b27005681</CMD>そうか<BREAK>まんざら　デタラメでもないんだな",
			"クールなことなら<BREAK><CMD>028227000080</CMD>も<BREAK>まぜてほしい<CMD>ff8127000280</CMD>",
			"\f"
		]
	},
	{
		"Index": 7,
		"JPN": [
			"なんだ　ちがう<CMD>ff8127000380</CMD>",
			"びっくりさせやがるぜ！<CMD>2180</CMD>",
			"\f"
		]
	},
	{
		"Index": 8,
		"JPN": [
			"<CMD>18802700729b27000780</CMD><CMD>17802700729b2700b18027000a8027000180</CMD>なぁ　あの…<BREAK>なんか<CMD>128227000080</CMD>の<BREAK>すっごいウワサを{聞|き}いた<CMD>ff8127000280</CMD>",
			"<CMD>128227000080</CMD>と<CMD>128227000180</CMD>たち<BREAK>つ　ついに<BREAK><CMD>1582</CMD>って…",
			"<CMD>18802700729b27000080</CMD><CMD>17802700729b2700b28027000a8027000180</CMD><CMD>16802700729b27006981</CMD>ウワサになってんだけど<BREAK>ホント<CMD>ff8127000180</CMD>？<CMD>128027000180</CMD>",
			"\f"
		]
	},
	{
		"Index": 9,
		"JPN": [
			"<CMD>3780</CMD>",
			"うんそう<CMD>128027000180</CMD>",
			"ちがうかな<CMD>128027000280</CMD>",
			"\f"
		]
	},
	{
		"Index": 10,
		"JPN": [
			"<CMD>18802700729b27000580</CMD><CMD>17802700729b2700af802700088027000180</CMD><CMD>16802700729b27005681</CMD>そうか<BREAK>まんざら　デタラメでもないんだな",
			"で　どこに<BREAK>{着|つ}いたんだ？",
			"\f"
		]
	},
	{
		"Index": 11,
		"JPN": [
			"なんだ　ちがう<CMD>ff8127000380</CMD>",
			"びっくりさせやがるぜ！<CMD>2180</CMD>",
			"\f"
		]
	},
	{
		"Index": 12,
		"JPN": [
			"<CMD>18802700729b27000780</CMD><CMD>17802700729b2700b18027000a8027000180</CMD>なぁ　あの…<BREAK>なんか<CMD>128227000080</CMD>の<BREAK>すっごいウワサを{聞|き}いた<CMD>ff8127000280</CMD>",
			"<CMD>128227000080</CMD>と<CMD>128227000180</CMD>！<BREAK>なんと　みんなにかくれて<BREAK><CMD>1582</CMD>って…",
			"<CMD>18802700729b27000080</CMD><CMD>17802700729b2700b28027000a8027000180</CMD><CMD>16802700729b27006981</CMD>ウワサになってんだけど<BREAK>ホント<CMD>ff8127000180</CMD>？<CMD>128027000180</CMD>",
			"\f"
		]
	},
	{
		"Index": 13,
		"JPN": [
			"<CMD>3780</CMD>",
			"うんそう<CMD>128027000180</CMD>",
			"ちがうかな<CMD>128027000280</CMD>",
			"\f"
		]
	},
	{
		"Index": 14,
		"JPN": [
			"<CMD>18802700729b27000580</CMD><CMD>17802700729b2700af802700088027000180</CMD><CMD>16802700729b27005681</CMD>そうか<BREAK>まんざら　デタラメでもないんだな",
			"クールなことなら<BREAK><CMD>028227000080</CMD>も<BREAK>まぜてほしい<CMD>ff8127000280</CMD>",
			"\f"
		]
	},
	{
		"Index": 15,
		"JPN": [
			"なんだ　ちがう<CMD>ff8127000380</CMD>",
			"びっくりさせやがるぜ！<CMD>2180</CMD>",
			"\f"
		]
	},
	{
		"Index": 16,
		"JPN": [
			"<CMD>18802700729b27000780</CMD><CMD>17802700729b2700b18027000a8027000180</CMD>なぁ　あの…<BREAK>なんか<CMD>128227000080</CMD>の<BREAK>すっごいウワサを{聞|き}いた<CMD>ff8127000280</CMD>",
			"<CMD>128227000080</CMD>が<CMD>128227000180</CMD>を<BREAK><CMD>1582</CMD>って…",
			"<CMD>18802700729b27000080</CMD><CMD>17802700729b2700b28027000a8027000180</CMD><CMD>16802700729b27006981</CMD>ウワサになってんだけど<BREAK>ホント<CMD>ff8127000180</CMD>？<CMD>128027000180</CMD>",
			"\f"
		]
	},
	{
		"Index": 17,
		"JPN": [
			"<CMD>3780</CMD>",
			"うんそう<CMD>128027000180</CMD>",
			"ちがうかな<CMD>128027000280</CMD>",
			"\f"
		]
	},
	{
		"Index": 18,
		"JPN": [
			"<CMD>18802700729b27000580</CMD><CMD>17802700729b2700af802700088027000180</CMD><CMD>16802700729b27005681</CMD>そうか<BREAK>まんざら　デタラメでもないんだな",
			"なんかわけがあるなら<BREAK>{話|はな}してみろよ",
			"\f"
		]
	},
	{
		"Index": 19,
		"JPN": [
			"なんだ　ちがう<CMD>ff8127000380</CMD>",
			"びっくりさせやがるぜ！<CMD>2180</CMD>",
			"\f"
		]
	},
	{
		"Index": 20,
		"JPN": [
			"<CMD>18802700729b27000780</CMD><CMD>17802700729b2700b18027000a8027000180</CMD>なぁ　あの…<BREAK>なんか<CMD>128227000080</CMD>の<BREAK>すっごいウワサを{聞|き}いた<CMD>ff8127000280</CMD>",
			"<CMD>128227000080</CMD>と<CMD>128227000180</CMD>が<BREAK><CMD>1582</CMD>って…",
			"<CMD>18802700729b27000080</CMD><CMD>17802700729b2700b28027000a8027000180</CMD><CMD>16802700729b27006981</CMD>ウワサになってんだけど<BREAK>ホント<CMD>ff8127000180</CMD>？<CMD>128027000180</CMD>",
			"\f"
		]
	},
	{
		"Index": 21,
		"JPN": [
			"<CMD>3780</CMD>",
			"うんそう<CMD>128027000180</CMD>",
			"ちがうかな<CMD>128027000280</CMD>",
			"\f"
		]
	},
	{
		"Index": 22,
		"JPN": [
			"<CMD>18802700729b27000580</CMD><CMD>17802700729b2700af802700088027000180</CMD><CMD>16802700729b27005681</CMD>そうか<BREAK>まんざら　デタラメでもないんだな",
			"まったく<BREAK>{困|こま}ったヤツだぜ！",
			"\f"
		]
	},
	{
		"Index": 23,
		"JPN": [
			"なんだ　ちがう<CMD>ff8127000380</CMD>",
			"びっくりさせやがるぜ！<CMD>2180</CMD>",
			"\f"
		]
	},
	{
		"Index": 24,
		"JPN": [
			"<CMD>18802700729b27000780</CMD><CMD>17802700729b2700b18027000a8027000180</CMD>なぁ<BREAK>なんか<CMD>128227000080</CMD>の<BREAK>すっごいウワサを{聞|き}いた<CMD>ff8127000280</CMD>",
			"<CMD>128227000080</CMD>と<CMD>128227000180</CMD>が<BREAK><CMD>1582</CMD>って…",
			"<CMD>18802700729b27000080</CMD><CMD>17802700729b2700b28027000a8027000180</CMD><CMD>16802700729b27006981</CMD>ウワサになってんだけど<BREAK>ホント<CMD>ff8127000180</CMD>？<CMD>128027000180</CMD>",
			"\f"
		]
	},
	{
		"Index": 25,
		"JPN": [
			"<CMD>3780</CMD>",
			"うんそう<CMD>128027000180</CMD>",
			"ちがうかな<CMD>128027000280</CMD>",
			"\f"
		]
	},
	{
		"Index": 26,
		"JPN": [
			"<CMD>18802700729b27000580</CMD><CMD>17802700729b2700af802700088027000180</CMD><CMD>16802700729b27005681</CMD>そうか<BREAK>まんざら　デタラメでもないんだな",
			"ちょっと　{楽|たの}しそうじゃないか！",
			"\f"
		]
	},
	{
		"Index": 27,
		"JPN": [
			"なんだ　ちがう<CMD>ff8127000380</CMD>",
			"びっくりさせやがるぜ！<CMD>2180</CMD>",
			"\f"
		]
	},
	{
		"Index": 28,
		"JPN": [
			"<CMD>18802700729b27000780</CMD><CMD>17802700729b2700b18027000a8027000180</CMD>なぁ<BREAK>なんか<CMD>128227000080</CMD>の<BREAK>すっごいウワサを{聞|き}いた<CMD>ff8127000280</CMD>",
			"<CMD>128227000080</CMD>と<CMD>128227000180</CMD>の<BREAK>なかよしなのは<BREAK><CMD>1582</CMD>って…",
			"<CMD>18802700729b27000080</CMD><CMD>17802700729b2700b28027000a8027000180</CMD><CMD>16802700729b27006981</CMD>ウワサになってんだけど<BREAK>ホント<CMD>ff8127000180</CMD>？<CMD>128027000180</CMD>",
			"\f"
		]
	},
	{
		"Index": 29,
		"JPN": [
			"<CMD>3780</CMD>",
			"うんそう<CMD>128027000180</CMD>",
			"ちがうかな<CMD>128027000280</CMD>",
			"\f"
		]
	},
	{
		"Index": 30,
		"JPN": [
			"<CMD>18802700729b27000580</CMD><CMD>17802700729b2700af802700088027000180</CMD><CMD>16802700729b27005681</CMD>そうか<BREAK>まんざら　デタラメでもないんだな",
			"クールなことなら<BREAK><CMD>028227000080</CMD>も<BREAK>まぜてほしい<CMD>ff8127000280</CMD>",
			"\f"
		]
	},
	{
		"Index": 31,
		"JPN": [
			"なんだ　ちがう<CMD>ff8127000380</CMD>",
			"びっくりさせやがるぜ！<CMD>2180</CMD>",
			"\f"
		]
	},
	{
		"Index": 32,
		"JPN": [
			"<CMD>18802700729b27000780</CMD><CMD>17802700729b2700b18027000a8027000180</CMD>なぁ<BREAK>なんか<CMD>128227000080</CMD>の<BREAK>すっごいウワサを{聞|き}いた<CMD>ff8127000280</CMD>",
			"<CMD>128227000080</CMD>と<CMD>128227000180</CMD>って<BREAK>じつは　つよいキズナで<BREAK><CMD>1582</CMD>って…",
			"<CMD>18802700729b27000080</CMD><CMD>17802700729b2700b28027000a8027000180</CMD><CMD>16802700729b27006981</CMD>ウワサになってんだけど<BREAK>ホント<CMD>ff8127000180</CMD>？<CMD>128027000180</CMD>",
			"\f"
		]
	},
	{
		"Index": 33,
		"JPN": [
			"<CMD>3780</CMD>",
			"うんそう<CMD>128027000180</CMD>",
			"ちがうかな<CMD>128027000280</CMD>",
			"\f"
		]
	},
	{
		"Index": 34,
		"JPN": [
			"<CMD>18802700729b27000580</CMD><CMD>17802700729b2700af802700088027000180</CMD><CMD>16802700729b27005681</CMD>そうか<BREAK>まんざら　デタラメでもないんだな",
			"クールなことなら<BREAK><CMD>028227000080</CMD>にも{教|おし}えろよ",
			"\f"
		]
	},
	{
		"Index": 35,
		"JPN": [
			"なんだ　ちがう<CMD>ff8127000380</CMD>",
			"びっくりさせやがるぜ！<CMD>2180</CMD>",
			"\f"
		]
	}
]