[
	{
		"Index": 0,
		"JPN": [
			"<CMD>18802700729b27000080</CMD><CMD>17802700729b2700b28027000a8027000180</CMD><CMD>16802700729b27006981</CMD>なぁ<BREAK>この{話|はなし}ってホント<CMD>ff8127000180</CMD>？",
			"<CMD>178227000080</CMD>がさ<BREAK>どうやら…<BREAK><CMD>1a82</CMD>って…",
			"<CMD>18802700729b27000080</CMD><CMD>17802700729b2700b28027000a8027000180</CMD><CMD>16802700729b27006981</CMD>ウワサになってんだけど<BREAK>ホント<CMD>ff8127000180</CMD>？<CMD>128027000180</CMD>",
			"\f"
		]
	},
	{
		"Index": 1,
		"JPN": [
			"<CMD>3780</CMD>",
			"{本当|ほんとう}かも<CMD>128027000180</CMD>",
			"ちがうと{思|おも}う<CMD>128027000280</CMD>",
			"\f"
		]
	},
	{
		"Index": 2,
		"JPN": [
			"<CMD>18802700729b27000580</CMD><CMD>17802700729b2700af802700088027000180</CMD><CMD>16802700729b27005681</CMD>そうか<BREAK>まんざら　デタラメでもないんだな",
			"なんかわけがあるのかもな…<BREAK>そっとしていてやるか<CMD>2080</CMD>",
			"\f"
		]
	},
	{
		"Index": 3,
		"JPN": [
			"なんだ　ちがう<CMD>ff8127000380</CMD>",
			"びっくりさせやがるぜ！",
			"\f"
		]
	},
	{
		"Index": 4,
		"JPN": [
			"<CMD>18802700729b27000080</CMD><CMD>17802700729b2700b28027000a8027000180</CMD><CMD>16802700729b27006981</CMD>なぁ<BREAK>この{話|はなし}ってホント<CMD>ff8127000180</CMD>？",
			"<CMD>178227000080</CMD>なんだけど<BREAK>へんなことして<BREAK><CMD>1a82</CMD>って…",
			"<CMD>18802700729b27000080</CMD><CMD>17802700729b2700b28027000a8027000180</CMD><CMD>16802700729b27006981</CMD>ウワサになってんだけど<BREAK>ホント<CMD>ff8127000180</CMD>？<CMD>128027000180</CMD>",
			"\f"
		]
	},
	{
		"Index": 5,
		"JPN": [
			"<CMD>3780</CMD>",
			"{本当|ほんとう}かも<CMD>128027000180</CMD>",
			"ちがうと{思|おも}う<CMD>128027000280</CMD>",
			"\f"
		]
	},
	{
		"Index": 6,
		"JPN": [
			"<CMD>18802700729b27000580</CMD><CMD>17802700729b2700af802700088027000180</CMD><CMD>16802700729b27005681</CMD>そうか<BREAK>まんざら　デタラメでもないんだな",
			"もし　よかったら<BREAK><CMD>028227000080</CMD>にだけ　くわしく<BREAK>おしえてほしい<CMD>ff8127000280</CMD><CMD>2080</CMD>",
			"\f"
		]
	},
	{
		"Index": 7,
		"JPN": [
			"なんだ　ちがう<CMD>ff8127000380</CMD>",
			"びっくりさせやがるぜ！",
			"\f"
		]
	},
	{
		"Index": 8,
		"JPN": [
			"<CMD>18802700729b27000080</CMD><CMD>17802700729b2700b28027000a8027000180</CMD><CMD>16802700729b27006981</CMD>なぁ<BREAK>この{話|はなし}ってホント<CMD>ff8127000180</CMD>？",
			"<CMD>178227000080</CMD>がさ<BREAK>みんながいうにはどうやら…<BREAK><CMD>1a82</CMD>って…",
			"<CMD>18802700729b27000080</CMD><CMD>17802700729b2700b28027000a8027000180</CMD><CMD>16802700729b27006981</CMD>ウワサになってんだけど<BREAK>ホント<CMD>ff8127000180</CMD>？<CMD>128027000180</CMD>",
			"\f"
		]
	},
	{
		"Index": 9,
		"JPN": [
			"<CMD>3780</CMD>",
			"{本当|ほんとう}かも<CMD>128027000180</CMD>",
			"ちがうと{思|おも}う<CMD>128027000280</CMD>",
			"\f"
		]
	},
	{
		"Index": 10,
		"JPN": [
			"<CMD>18802700729b27000580</CMD><CMD>17802700729b2700af802700088027000180</CMD><CMD>16802700729b27005681</CMD>そうか<BREAK>まんざら　デタラメでもないんだな",
			"もし　よかったら<BREAK><CMD>028227000080</CMD>にだけ　くわしく<BREAK>おしえてほしい<CMD>ff8127000280</CMD><CMD>2080</CMD>",
			"\f"
		]
	},
	{
		"Index": 11,
		"JPN": [
			"なんだ　ちがう<CMD>ff8127000380</CMD>",
			"びっくりさせやがるぜ！",
			"\f"
		]
	},
	{
		"Index": 12,
		"JPN": [
			"<CMD>18802700729b27000080</CMD><CMD>17802700729b2700b28027000a8027000180</CMD><CMD>16802700729b27006981</CMD>なぁ<BREAK>この{話|はなし}ってホント<CMD>ff8127000180</CMD>？",
			"<CMD>178227000080</CMD>には<BREAK>どうやら…<BREAK><CMD>1a82</CMD>があるって",
			"<CMD>18802700729b27000080</CMD><CMD>17802700729b2700b28027000a8027000180</CMD><CMD>16802700729b27006981</CMD>ウワサになってんだけど<BREAK>ホント<CMD>ff8127000180</CMD>？<CMD>128027000180</CMD>",
			"\f"
		]
	},
	{
		"Index": 13,
		"JPN": [
			"<CMD>3780</CMD>",
			"{本当|ほんとう}かも<CMD>128027000180</CMD>",
			"ちがうと{思|おも}う<CMD>128027000280</CMD>",
			"\f"
		]
	},
	{
		"Index": 14,
		"JPN": [
			"<CMD>18802700729b27000580</CMD><CMD>17802700729b2700af802700088027000180</CMD><CMD>16802700729b27005681</CMD>そうか<BREAK>まんざら　デタラメでもないんだな",
			"なんか{困|こま}ってるなら<BREAK><CMD>028227000080</CMD>に{相談|そうだん}しろって<BREAK>{言|い}っといてくれよな<CMD>2080</CMD>",
			"\f"
		]
	},
	{
		"Index": 15,
		"JPN": [
			"なんだ　ちがう<CMD>ff8127000380</CMD>",
			"びっくりさせやがるぜ！",
			"\f"
		]
	},
	{
		"Index": 16,
		"JPN": [
			"<CMD>18802700729b27000080</CMD><CMD>17802700729b2700b28027000a8027000180</CMD><CMD>16802700729b27006981</CMD>なぁ<BREAK>この{話|はなし}ってホント<CMD>ff8127000180</CMD>？",
			"<CMD>178227000080</CMD>がさ<BREAK>みんながいうにはどうやら…<BREAK><CMD>1a82</CMD>って…",
			"<CMD>18802700729b27000080</CMD><CMD>17802700729b2700b28027000a8027000180</CMD><CMD>16802700729b27006981</CMD>ウワサになってんだけど<BREAK>ホント<CMD>ff8127000180</CMD>？<CMD>128027000180</CMD>",
			"\f"
		]
	},
	{
		"Index": 17,
		"JPN": [
			"<CMD>3780</CMD>",
			"{本当|ほんとう}かも<CMD>128027000180</CMD>",
			"ちがうと{思|おも}う<CMD>128027000280</CMD>",
			"\f"
		]
	},
	{
		"Index": 18,
		"JPN": [
			"<CMD>18802700729b27000580</CMD><CMD>17802700729b2700af802700088027000180</CMD><CMD>16802700729b27005681</CMD>そうか<BREAK>まんざら　デタラメでもないんだな",
			"もし　よかったら<BREAK><CMD>028227000080</CMD>にだけ　くわしく<BREAK>おしえてほしい<CMD>ff8127000280</CMD><CMD>2080</CMD>",
			"\f"
		]
	},
	{
		"Index": 19,
		"JPN": [
			"なんだ　ちがう<CMD>ff8127000380</CMD>",
			"びっくりさせやがるぜ！",
			"\f"
		]
	},
	{
		"Index": 20,
		"JPN": [
			"<CMD>18802700729b27000080</CMD><CMD>17802700729b2700b28027000a8027000180</CMD><CMD>16802700729b27006981</CMD>なぁ<BREAK>この{話|はなし}ってホント<CMD>ff8127000180</CMD>？",
			"<CMD>178227000080</CMD>なんだけど<BREAK>がんばって<CMD>1a82</CMD><BREAK>になるって…",
			"<CMD>18802700729b27000080</CMD><CMD>17802700729b2700b28027000a8027000180</CMD><CMD>16802700729b27006981</CMD>ウワサになってんだけど<BREAK>ホント<CMD>ff8127000180</CMD>？<CMD>128027000180</CMD>",
			"\f"
		]
	},
	{
		"Index": 21,
		"JPN": [
			"<CMD>3780</CMD>",
			"{本当|ほんとう}かも<CMD>128027000180</CMD>",
			"ちがうと{思|おも}う<CMD>128027000280</CMD>",
			"\f"
		]
	},
	{
		"Index": 22,
		"JPN": [
			"<CMD>18802700729b27000580</CMD><CMD>17802700729b2700af802700088027000180</CMD><CMD>16802700729b27005681</CMD>そうか<BREAK>まんざら　デタラメでもないんだな",
			"しかし　スゲーな<BREAK>おうえんするぜ<CMD>2080</CMD>",
			"\f"
		]
	},
	{
		"Index": 23,
		"JPN": [
			"なんだ　ちがう<CMD>ff8127000380</CMD>",
			"びっくりさせやがるぜ！",
			"\f"
		]
	},
	{
		"Index": 24,
		"JPN": [
			"<CMD>18802700729b27000080</CMD><CMD>17802700729b2700b28027000a8027000180</CMD><CMD>16802700729b27006981</CMD>なぁ<BREAK>この{話|はなし}ってホント<CMD>ff8127000180</CMD>？",
			"<CMD>178227000080</CMD>がさ<BREAK>どうやら…<BREAK><CMD>1a82</CMD>って…",
			"<CMD>18802700729b27000080</CMD><CMD>17802700729b2700b28027000a8027000180</CMD><CMD>16802700729b27006981</CMD>ウワサになってんだけど<BREAK>ホント<CMD>ff8127000180</CMD>？<CMD>128027000180</CMD>",
			"\f"
		]
	},
	{
		"Index": 25,
		"JPN": [
			"<CMD>3780</CMD>",
			"{本当|ほんとう}かも<CMD>128027000180</CMD>",
			"ちがうと{思|おも}う<CMD>128027000280</CMD>",
			"\f"
		]
	},
	{
		"Index": 26,
		"JPN": [
			"<CMD>18802700729b27000580</CMD><CMD>17802700729b2700af802700088027000180</CMD><CMD>16802700729b27005681</CMD>そうか<BREAK>まんざら　デタラメでもないんだな",
			"まったく<BREAK>{困|こま}ったヤツだよな！<CMD>2080</CMD>",
			"\f"
		]
	},
	{
		"Index": 27,
		"JPN": [
			"なんだ　ちがう<CMD>ff8127000380</CMD>",
			"びっくりさせやがる",
			"\f"
		]
	}
]