[
	{
		"Index": 0,
		"JPN": [
			"<CMD>18802700729b27000580</CMD><CMD>17802700729b2700af802700088027000280</CMD><CMD>16802700729b27005981</CMD>おっ？<BREAK>もうこんな{時間|じかん}だ！",
			"そろそろ<BREAK>バイバイしようか？",
			"<CMD>138027002d9a</CMD>",
			"\f"
		]
	},
	{
		"Index": 1,
		"JPN": [
			"<CMD>3780</CMD>",
			"もう{少|すこ}し…<CMD>138027002e9a</CMD>",
			"バイバイ<CMD>138027002f9a</CMD>",
			"\f"
		]
	},
	{
		"Index": 2,
		"JPN": [
			"<CMD>18802700729b27000280</CMD><CMD>17802700729b27001c802700088027000480</CMD><CMD>16802700729b27007d81</CMD><CMD>f481</CMD>が<BREAK>そういってくれるなら<BREAK>よろこんでいっしょにいるよ！<CMD>4a80</CMD>",
			"じつは<CMD>028227000080</CMD>も<BREAK>いっしょにいたかった<CMD>ff8127000280</CMD>",
			"\f"
		]
	},
	{
		"Index": 3,
		"JPN": [
			"そうだね！<BREAK>きょうは{楽|たの}しかった<CMD>ff8127000280</CMD>",
			"じゃあ<BREAK>またさそって<CMD>ff8127000480</CMD>",
			"\f"
		]
	},
	{
		"Index": 4,
		"JPN": [
			"おーい　<CMD>f481</CMD>！<BREAK>{急用|きゅうよう}を{思|おも}い{出|だ}した<CMD>ff8127000280</CMD>",
			"きょうは<BREAK><CMD>17802700739b2700688027000a80</CMD>これでバイバイ<CMD>ff8127000080</CMD>",
			"\f"
		]
	}
]