[
	{
		"Index": 0,
		"JPN": [
			"{今|いま}　よくつれる{方法|ほうほう}が<BREAK>ないかソウダンしてた<CMD>ff8127000280</CMD>",
			"\f"
		]
	},
	{
		"Index": 1,
		"JPN": [
			"{２人|ふたり}でまほうの{練習|れんしゅう}<BREAK>すると　イタズラまほうに<BREAK>なっちゃう<CMD>ff8127000280</CMD>",
			"\f"
		]
	},
	{
		"Index": 2,
		"JPN": [
			"{２人|ふたり}でムシについて<BREAK>{話|はな}してたけど　{森|もり}には<BREAK>いろんなムシがいる<CMD>ff8127000280</CMD>",
			"\f"
		]
	},
	{
		"Index": 3,
		"JPN": [
			"{勉強|べんきょう}って{１人|ひとり}だと<BREAK>イヤになるけど　{２人|ふたり}なら<BREAK>{少|すこ}しは{楽|たの}しい<CMD>ff8127000280</CMD>",
			"\f"
		]
	},
	{
		"Index": 4,
		"JPN": [
			"{勉強|べんきょう}って{１人|ひとり}だと<BREAK>イヤになるけど　{２人|ふたり}なら<BREAK>{少|すこ}しは{楽|たの}しい<CMD>ff8127000280</CMD>",
			"\f"
		]
	},
	{
		"Index": 5,
		"JPN": [
			"おばけかぁ<BREAK>{出|で}たら…<BREAK>たいじする<CMD>ff8127000280</CMD>",
			"\f"
		]
	},
	{
		"Index": 6,
		"JPN": [
			"<CMD>18802700729b27000180</CMD><CMD>17802700729b2700ad802700068027000280</CMD><CMD>16802700729b27005581</CMD>{２人|ふたり}で{歌|うた}の{練習|れんしゅう}を<BREAK>がんばってる<CMD>ff8127000280</CMD> ",
			"<CMD>18802700729b27000180</CMD><CMD>17802700729b2700ad802700068027000280</CMD><CMD>16802700729b27005581</CMD>スカウトされる{日|ひ}も<BREAK>{近|ちか}い<CMD>ff8127000280</CMD>",
			"\f"
		]
	},
	{
		"Index": 7,
		"JPN": [
			"のんびりゴロゴロしてても<BREAK>しんりんよくは{体|からだ}に<BREAK>{良|い}いからゆるされる<CMD>ff8127000280</CMD>",
			"\f"
		]
	},
	{
		"Index": 8,
		"JPN": [
			"<CMD>18802700729b27000080</CMD><CMD>17802700729b2700b28027000a8027000180</CMD><CMD>16802700729b27006981</CMD>なんでもこの{森|もり}にはフシギな<BREAK>{花|はな}がさくらしい<CMD>ff8127000280</CMD><BREAK>どこにさいてる<CMD>ff8127000380</CMD>？",
			"\f"
		]
	},
	{
		"Index": 9,
		"JPN": [
			"{今|いま}してた{話|はなし}は<BREAK><CMD>f481</CMD>にもヒミツ<CMD>ff8127000080</CMD>",
			"\f"
		]
	},
	{
		"Index": 10,
		"JPN": [
			"{今|いま}してた{話|はなし}は<BREAK><CMD>f481</CMD>にもヒミツ<CMD>ff8127000080</CMD>",
			"\f"
		]
	},
	{
		"Index": 11,
		"JPN": [
			"{今|いま}してた{話|はなし}は<BREAK><CMD>f481</CMD>にもヒミツ<CMD>ff8127000080</CMD>",
			"\f"
		]
	},
	{
		"Index": 12,
		"JPN": [
			"ファッションの{場合|ばあい}…<BREAK>スキなタイプの{服|ふく}が　{自分|じぶん}に<BREAK>にあうとはかぎらない<CMD>ff8127000280</CMD>",
			"\f"
		]
	},
	{
		"Index": 13,
		"JPN": [
			"ファッションの{場合|ばあい}…<BREAK>スキなタイプの{服|ふく}が　{自分|じぶん}に<BREAK>にあうとはかぎらない<CMD>ff8127000280</CMD>",
			"\f"
		]
	},
	{
		"Index": 14,
		"JPN": [
			"ファッションの{場合|ばあい}…<BREAK>スキなタイプの{服|ふく}が　{自分|じぶん}に<BREAK>にあうとはかぎらない<CMD>ff8127000280</CMD>",
			"\f"
		]
	},
	{
		"Index": 15,
		"JPN": [
			"ふー…ヒマでしかたない<CMD>ff8127000280</CMD><BREAK><CMD>f481</CMD>　{何|なに}かこう<BREAK>{面白|おもしろ}いことない<CMD>ff8127000380</CMD>？",
			"\f"
		]
	},
	{
		"Index": 16,
		"JPN": [
			"<CMD>16802700729b27006981</CMD>{今|いま}の{話|はなし}　{聞|き}いてた<CMD>ff8127000380</CMD>？<BREAK><CMD>f481</CMD>　{先生|せんせい}には<BREAK>ナイショにして<CMD>ff8127000480</CMD>",
			"\f"
		]
	},
	{
		"Index": 17,
		"JPN": [
			"<CMD>16802700729b27006981</CMD>{今|いま}の{話|はなし}なんだけど<BREAK><CMD>f481</CMD>はどう{思|おも}う？<BREAK><CMD>028227000080</CMD>はしっくりこない<CMD>ff8127000280</CMD>",
			"\f"
		]
	},
	{
		"Index": 18,
		"JPN": [
			"<CMD>18802700729b27000180</CMD><CMD>16802700729b27005581</CMD>なんだかいくら{話|はな}しても<BREAK>{話|はな}し{足|た}りない{感|かん}じ<CMD>ff8127000080</CMD>！<BREAK><CMD>f481</CMD>も{聞|き}いて<CMD>ff8127000480</CMD>！",
			"\f"
		]
	},
	{
		"Index": 19,
		"JPN": [
			"<CMD>18802700729b27000380</CMD><CMD>16802700729b27007f81</CMD>さっきからずっと{１人|ひとり}で<BREAK>{話|はな}してて…もうウンザリ<BREAK>しつこい<CMD>ff8127000280</CMD>",
			"\f"
		]
	},
	{
		"Index": 20,
		"JPN": [
			"<CMD>18802700729b27000580</CMD><CMD>17802700729b2700aa8027000a8027000180</CMD><CMD>16802700729b27002d81</CMD>あっ　<CMD>f481</CMD>！<BREAK>ええと　{今|いま}いそがしいから<BREAK>{話|はなし}ならまたにして<CMD>ff8127000480</CMD>！",
			"\f"
		]
	},
	{
		"Index": 21,
		"JPN": [
			"<CMD>18802700729b27000780</CMD><CMD>17802700729b2700b18027000a8027000180</CMD><CMD>16802700729b27009081</CMD>{実|じつ}は<CMD>028227000080</CMD>…<BREAK>コクハクされてしまった<CMD>ff8127000280</CMD>",
			"どうするか　ちゃんと<BREAK>{考|かんが}えないといけない<CMD>ff8127000280</CMD>",
			"\f"
		]
	},
	{
		"Index": 22,
		"JPN": [
			"<CMD>18802700729b27000380</CMD><CMD>17802700729b2700ab8027000a8027000180</CMD><CMD>16802700729b27002e81</CMD><CMD>f481</CMD>…<CMD>028227000080</CMD><BREAK>フラれてしまった…<BREAK>まっ　しかたない<CMD>ff8127000280</CMD>",
			"\f"
		]
	},
	{
		"Index": 23,
		"JPN": [
			"やぁ　<CMD>f481</CMD>…",
			"<CMD>18802700729b27000380</CMD><CMD>17802700729b2700ab8027000a8027000180</CMD><CMD>16802700729b27003081</CMD>キライじゃないんだけど<BREAK>{恋人|こいびと}って{言|い}われると…<BREAK>ちょっと…ムリだった<CMD>ff8127000280</CMD>",
			"\f"
		]
	},
	{
		"Index": 24,
		"JPN": [
			"やぁ　<CMD>f481</CMD>…",
			"<CMD>18802700729b27000180</CMD><CMD>17802700729b2700ad802700068027000280</CMD><CMD>16802700729b27005581</CMD><CMD>028227000080</CMD>たち　{今度|こんど}<BREAK>いっしょに{遊|あそ}びに{行|い}こう<BREAK>って　やくそくした<CMD>ff8127000280</CMD>",
			"\f"
		]
	},
	{
		"Index": 25,
		"JPN": [
			"<CMD>18802700729b27000280</CMD><CMD>17802700729b27001c802700088027000480</CMD><CMD>16802700729b27007d81</CMD><CMD>f481</CMD>には<BREAK>カンケイない<CMD>ff8127000280</CMD>！<BREAK>{止|と}めないで<CMD>ff8127000480</CMD>！",
			"\f"
		]
	},
	{
		"Index": 26,
		"JPN": [
			"<CMD>18802700729b27000080</CMD><CMD>17802700729b2700b28027000a8027000180</CMD><CMD>16802700729b27006981</CMD>あれ　<CMD>f481</CMD><BREAK><CMD>028227000080</CMD>がにげた{理由|りゆう}？<BREAK>あいつ…ニガテだから<CMD>ff8127000080</CMD>",
			"\f"
		]
	},
	{
		"Index": 27,
		"JPN": [
			"<CMD>18802700729b27000680</CMD><CMD>17802700729b2700088027000a8027000180</CMD><CMD>16802700729b27007e81</CMD>イタズラがせいこうした{時|とき}って<BREAK>サイコーの{気分|きぶん}<CMD>ff8127000080</CMD><BREAK><CMD>f481</CMD>もいっしょにどう？",
			"\f"
		]
	},
	{
		"Index": 28,
		"JPN": [
			"まほう{勝負中|しょうぶちゅう}<CMD>ff8127000080</CMD>！<BREAK><CMD>028227000080</CMD>が{負|ま}けることは<BREAK>{決|けっ}してありえない<CMD>ff8127000280</CMD>",
			"\f"
		]
	},
	{
		"Index": 29,
		"JPN": [
			"つり{勝負|しょうぶ}をする<CMD>ff8127000280</CMD>！<BREAK>あいつだけには　ぜったい<BREAK>{負|ま}けられない<CMD>ff8127000280</CMD>！",
			"\f"
		]
	},
	{
		"Index": 30,
		"JPN": [
			"ムシ{取|と}り{勝負中|しょうぶちゅう}<CMD>ff8127000080</CMD>！<BREAK>この{勝負|しょうぶ}　<CMD>028227000080</CMD>が<BREAK>ぜったいにもらう<CMD>ff8127000280</CMD>！",
			"\f"
		]
	},
	{
		"Index": 31,
		"JPN": [
			"やぁ<CMD>f481</CMD>か…",
			"<CMD>18802700729b27000380</CMD><CMD>17802700729b2700ab8027000a8027000180</CMD><CMD>16802700729b27002e81</CMD>トホホ…ってヤツ<CMD>ff8127000080</CMD>",
			"\f"
		]
	},
	{
		"Index": 32,
		"JPN": [
			"やぁ<CMD>f481</CMD>！",
			"<CMD>18802700729b27000180</CMD><CMD>17802700729b2700ad802700068027000280</CMD><CMD>16802700729b27005581</CMD><CMD>028227000080</CMD>たち　さっきまで<BREAK>ケンカで{気|き}まずかったけど<BREAK>なかなおりできた<CMD>ff8127000280</CMD>",
			"\f"
		]
	},
	{
		"Index": 33,
		"JPN": [
			"なぁ<CMD>f481</CMD>…",
			"<CMD>18802700729b27000080</CMD><CMD>17802700729b2700b28027000a8027000180</CMD><CMD>16802700729b27006981</CMD>コクハク？<BREAK>あぁ　コクハクコクハク",
			"\f"
		]
	},
	{
		"Index": 34,
		"JPN": [
			"なぁ<CMD>f481</CMD>…",
			"<CMD>18802700729b27000680</CMD><CMD>17802700729b2700088027000a8027000180</CMD><CMD>16802700729b27007e81</CMD>ふりむかすだけなら<BREAK>うしろから　ドングリとか<BREAK>なげてみるといい<CMD>ff8127000280</CMD>",
			"\f"
		]
	},
	{
		"Index": 35,
		"JPN": [
			"なぁ<CMD>f481</CMD>…",
			"{今|いま}よりもっと{楽|たの}しくすごす<BREAK>そのために　<CMD>028227000080</CMD>たち<BREAK>いろいろ{話|はな}してた<CMD>ff8127000280</CMD>",
			"\f"
		]
	},
	{
		"Index": 36,
		"JPN": [
			"なぁ<CMD>f481</CMD>…",
			"<CMD>18802700729b27000080</CMD><CMD>17802700729b2700b28027000a8027000180</CMD><CMD>16802700729b27006981</CMD>{友|とも}だちと{今|いま}よりもっと<BREAK>なかよくなりたいけど<BREAK>どうすればいい<CMD>ff8127000380</CMD>？",
			"\f"
		]
	},
	{
		"Index": 37,
		"JPN": [
			"なぁ<CMD>f481</CMD>…",
			"<CMD>028227000080</CMD>のこの{想|おも}い…<BREAK>どうやって　つたえるのが<BREAK>いいのか　なやむ<CMD>ff8127000280</CMD>",
			"\f"
		]
	},
	{
		"Index": 38,
		"JPN": [
			"なぁ<CMD>f481</CMD>…",
			"{元気|げんき}のない{友|とも}だちを<BREAK>はげましたいんだけど<BREAK>{言|い}い{方|かた}むずかしい<CMD>ff8127000280</CMD>",
			"\f"
		]
	},
	{
		"Index": 39,
		"JPN": [
			"なぁ<CMD>f481</CMD>…",
			"イタズラぐらい<BREAK>{大目|おおめ}に{見|み}て<CMD>ff8127000480</CMD>",
			"\f"
		]
	},
	{
		"Index": 40,
		"JPN": [
			"なぁ<CMD>f481</CMD>…",
			"<CMD>18802700729b27000180</CMD><CMD>17802700729b2700ad802700068027000280</CMD><CMD>16802700729b27005581</CMD>ねがいごとって　それを<BREAK>あれこれ　{考|かんが}えているときが<BREAK>１{番楽|ばんたの}しい<CMD>ff8127000280</CMD>",
			"\f"
		]
	},
	{
		"Index": 41,
		"JPN": [
			"なぁ<CMD>f481</CMD>…",
			"{人|ひと}のミリョクって…<BREAK>{内面|ないめん}も{大事|だいじ}だけど<BREAK>{外見|がいけん}も{気|き}になる<CMD>ff8127000280</CMD>",
			"\f"
		]
	},
	{
		"Index": 42,
		"JPN": [
			"なぁ<CMD>f481</CMD>…",
			"ホントにいやされるなら<BREAK>いやし{系|けい}グッズって<BREAK>{使|つか}ってみたいと{思|おも}う<CMD>ff8127000280</CMD>",
			"\f"
		]
	}
]