[
	{
		"Index": 0,
		"JPN": [
			"<CMD>49802700a6842700008027000180</CMD>",
			"\f"
		]
	},
	{
		"Index": 1,
		"JPN": [
			"<CMD>49802700a6842700048027000180</CMD>",
			"\f"
		]
	},
	{
		"Index": 2,
		"JPN": [
			"<CMD>4980270060892700008027000180</CMD>",
			"\f"
		]
	},
	{
		"Index": 3,
		"JPN": [
			"<CMD>4980270060892700038027000180</CMD>",
			"\f"
		]
	},
	{
		"Index": 10,
		"JPN": [
			"うーん　{何を食|なにをた}べるか<BREAK>まよう<CMD>ff8127000280</CMD>",
			"もう{少|すこ}し<BREAK>{考|かんが}えさせて<CMD>ff8127000480</CMD>",
			"\f"
		]
	},
	{
		"Index": 11,
		"JPN": [
			"うーん　{何を食|なにをた}べるか<BREAK>まよう<CMD>ff8127000280</CMD>",
			"もう{少|すこ}し<BREAK>{考|かんが}えさせて<CMD>ff8127000480</CMD>",
			"\f"
		]
	},
	{
		"Index": 12,
		"JPN": [
			"うーん　{何を食|なにをた}べるか<BREAK>まよう<CMD>ff8127000280</CMD>",
			"もう{少|すこ}し<BREAK>{考|かんが}えさせて<CMD>ff8127000480</CMD>",
			"\f"
		]
	},
	{
		"Index": 13,
		"JPN": [
			"うーん　{何を食|なにをた}べるか<BREAK>まよう<CMD>ff8127000280</CMD>",
			"もう{少|すこ}し<BREAK>{考|かんが}えさせて<CMD>ff8127000480</CMD>",
			"\f"
		]
	},
	{
		"Index": 14,
		"JPN": [
			"うーん　{何を食|なにをた}べるか<BREAK>まよう<CMD>ff8127000280</CMD>",
			"もう{少|すこ}し<BREAK>{考|かんが}えさせて<CMD>ff8127000480</CMD>",
			"\f"
		]
	},
	{
		"Index": 15,
		"JPN": [
			"うーん　{何を食|なにをた}べるか<BREAK>まよう<CMD>ff8127000280</CMD>",
			"もう{少|すこ}し<BREAK>{考|かんが}えさせて<CMD>ff8127000480</CMD>",
			"\f"
		]
	},
	{
		"Index": 16,
		"JPN": [
			"うーん　{何を食|なにをた}べるか<BREAK>まよう<CMD>ff8127000280</CMD>",
			"もう{少|すこ}し<BREAK>{考|かんが}えさせて<CMD>ff8127000480</CMD>",
			"\f"
		]
	},
	{
		"Index": 17,
		"JPN": [
			"うーん　{何を食|なにをた}べるか<BREAK>まよう<CMD>ff8127000280</CMD>",
			"もう{少|すこ}し<BREAK>{考|かんが}えさせて<CMD>ff8127000480</CMD>",
			"\f"
		]
	},
	{
		"Index": 18,
		"JPN": [
			"うーん　{何を食|なにをた}べるか<BREAK>まよう<CMD>ff8127000280</CMD>",
			"もう{少|すこ}し<BREAK>{考|かんが}えさせて<CMD>ff8127000480</CMD>",
			"\f"
		]
	},
	{
		"Index": 19,
		"JPN": [
			"うーん　{何を食|なにをた}べるか<BREAK>まよう<CMD>ff8127000280</CMD>",
			"もう{少|すこ}し<BREAK>{考|かんが}えさせて<CMD>ff8127000480</CMD>",
			"\f"
		]
	},
	{
		"Index": 30,
		"JPN": [
			"<CMD>18802700729b27000080</CMD><CMD>17802700729b2700b28027000a8027000180</CMD><CMD>16802700729b27006981</CMD><CMD>f481</CMD>は<BREAK>もう{聞|き}いた<CMD>ff8127000380</CMD>？<BREAK>どこのお{店|みせ}かは{分|わ}からないけど",
			"あのお{店|みせ}は{色|いろ}がバラバラだとか<BREAK>ととのっているとか<BREAK>そんな{話|はなし}を{聞|き}いた<CMD>ff8127000280</CMD>",
			"<CMD>18802700729b27000580</CMD><CMD>17802700729b2700638027000a8027000280</CMD><CMD>16802700729b27002f81</CMD>まぁ<CMD>028227000080</CMD>のお{店|みせ}には<BREAK>カンケイないと{思|おも}うけど…",
			"<CMD>18802700729b27000080</CMD><CMD>17802700729b2700b28027000a8027000180</CMD><CMD>16802700729b27006981</CMD><CMD>f481</CMD>のお{店|みせ}は<BREAK>そういうの<BREAK>うまくやってる<CMD>ff8127000380</CMD>？",
			"<CMD>128027000180</CMD>",
			"\f"
		]
	},
	{
		"Index": 31,
		"JPN": [
			"<CMD>3780</CMD>",
			"だいじょうぶ<CMD>128027000180</CMD>",
			"ダメかも…<CMD>128027000280</CMD>",
			"\f"
		]
	},
	{
		"Index": 32,
		"JPN": [
			"<CMD>5f80</CMD><CMD>18802700729b27000180</CMD><CMD>17802700729b2700ad802700068027000280</CMD><CMD>16802700729b27005581</CMD>ジシンたっぷり<CMD>ff8127000180</CMD>！<BREAK>おぉ　そうか　ジシンがなきゃ<BREAK>やってられない<CMD>ff8127000580</CMD>",
			"<CMD>18802700729b27000380</CMD><CMD>17802700729b2700ab8027000a8027000180</CMD><CMD>16802700729b27003081</CMD>それにしても<BREAK>お{店|みせ}の{色|いろ}のことなんて<BREAK>{気|き}にしてもいなかった<CMD>ff8127000280</CMD><CMD>4f80</CMD>",
			"\f"
		]
	},
	{
		"Index": 33,
		"JPN": [
			"<CMD>5f80</CMD><CMD>18802700729b27000080</CMD><CMD>17802700729b270001802700048027000080</CMD>おぉ　そうか　んじゃ<BREAK>ばんかいするしかない<CMD>ff8127000580</CMD>",
			"<CMD>18802700729b27000380</CMD><CMD>17802700729b2700ab8027000a8027000180</CMD><CMD>16802700729b27003081</CMD>それにしても<BREAK>お{店|みせ}の{色|いろ}のことなんて<BREAK>{気|き}にしてもいなかった<CMD>ff8127000280</CMD><CMD>4f80</CMD>",
			"\f"
		]
	},
	{
		"Index": 34,
		"JPN": [
			"<CMD>18802700729b27000080</CMD><CMD>17802700729b2700b28027000a8027000180</CMD><CMD>16802700729b27006981</CMD><CMD>f481</CMD>は<BREAK>もう{聞|き}いた<CMD>ff8127000380</CMD>？<BREAK>どこのお{店|みせ}かは{分|わ}からないけど",
			"{商品|しょうひん}がアッという{間|ま}に<BREAK>{売|う}れるとか　{売|う}れるのがおそいとか<BREAK>そんな{話|はなし}を{耳|みみ}にした<CMD>ff8127000280</CMD>",
			"<CMD>18802700729b27000580</CMD><CMD>17802700729b2700638027000a8027000280</CMD><CMD>16802700729b27002f81</CMD>まぁ<CMD>028227000080</CMD>のお{店|みせ}には<BREAK>カンケイないと{思|おも}うけど…",
			"<CMD>18802700729b27000080</CMD><CMD>17802700729b2700b28027000a8027000180</CMD><CMD>16802700729b27006981</CMD><CMD>f481</CMD>のお{店|みせ}は<BREAK>そういうの<BREAK>うまくやってる<CMD>ff8127000380</CMD>？",
			"<CMD>128027000180</CMD>",
			"\f"
		]
	},
	{
		"Index": 35,
		"JPN": [
			"<CMD>3780</CMD>",
			"だいじょうぶ<CMD>128027000180</CMD>",
			"ダメかも…<CMD>128027000280</CMD>",
			"\f"
		]
	},
	{
		"Index": 36,
		"JPN": [
			"<CMD>5f80</CMD><CMD>18802700729b27000180</CMD><CMD>17802700729b2700ad802700068027000280</CMD><CMD>16802700729b27005581</CMD>ジシンたっぷり<CMD>ff8127000180</CMD>！<BREAK>おぉ　そうか　ジシンがなきゃ<BREAK>やってられない<CMD>ff8127000580</CMD>",
			"<CMD>18802700729b27000380</CMD><CMD>17802700729b2700ab8027000a8027000180</CMD><CMD>16802700729b27003081</CMD>ただお{店|みせ}を{出|だ}していれば<BREAK>ＯＫってわけじゃない<CMD>ff8127000380</CMD>？<BREAK>むずかしいなぁ…<CMD>4f80</CMD>",
			"\f"
		]
	},
	{
		"Index": 37,
		"JPN": [
			"<CMD>5f80</CMD><CMD>18802700729b27000080</CMD><CMD>17802700729b270001802700048027000080</CMD>おぉ　そうか　んじゃ<BREAK>ばんかいするしかない<CMD>ff8127000580</CMD>",
			"<CMD>18802700729b27000380</CMD><CMD>17802700729b2700ab8027000a8027000180</CMD><CMD>16802700729b27003081</CMD>ただお{店|みせ}を{出|だ}していれば<BREAK>ＯＫってわけじゃない<CMD>ff8127000380</CMD>？<BREAK>むずかしいなぁ…<CMD>4f80</CMD>",
			"\f"
		]
	},
	{
		"Index": 38,
		"JPN": [
			"<CMD>18802700729b27000080</CMD><CMD>17802700729b2700b28027000a8027000180</CMD><CMD>16802700729b27006981</CMD><CMD>f481</CMD>は<BREAK>もう{聞|き}いた<CMD>ff8127000380</CMD>？<BREAK>どこのお{店|みせ}かは{分|わ}からないけど",
			"はやっている{商品|しょうひん}があるとか<BREAK>おいてないとか<BREAK>みんな{気|き}にしているみたい<CMD>ff8127000080</CMD>",
			"<CMD>18802700729b27000580</CMD><CMD>17802700729b2700638027000a8027000280</CMD><CMD>16802700729b27002f81</CMD>まぁ<CMD>028227000080</CMD>のお{店|みせ}には<BREAK>カンケイないと{思|おも}うけど…",
			"<CMD>18802700729b27000080</CMD><CMD>17802700729b2700b28027000a8027000180</CMD><CMD>16802700729b27006981</CMD><CMD>f481</CMD>のお{店|みせ}は<BREAK>そういうの<BREAK>うまくやってる<CMD>ff8127000380</CMD>？",
			"<CMD>128027000180</CMD>",
			"\f"
		]
	},
	{
		"Index": 39,
		"JPN": [
			"<CMD>3780</CMD>",
			"だいじょうぶ<CMD>128027000180</CMD>",
			"ダメかも…<CMD>128027000280</CMD>",
			"\f"
		]
	},
	{
		"Index": 40,
		"JPN": [
			"<CMD>5f80</CMD><CMD>18802700729b27000180</CMD><CMD>17802700729b2700ad802700068027000280</CMD><CMD>16802700729b27005581</CMD>ジシンたっぷり<CMD>ff8127000180</CMD>！<BREAK>おぉ　そうか　ジシンがなきゃ<BREAK>やってられない<CMD>ff8127000580</CMD>",
			"<CMD>18802700729b27000380</CMD><CMD>17802700729b2700ab8027000a8027000180</CMD><CMD>16802700729b27003081</CMD>{流行|りゅうこう}にビンカンじゃないと<BREAK>はんじょうしてるお{店|みせ}だって<BREAK>タイヘンなことになる<CMD>ff8127000280</CMD><CMD>4f80</CMD>",
			"\f"
		]
	},
	{
		"Index": 41,
		"JPN": [
			"<CMD>5f80</CMD><CMD>18802700729b27000080</CMD><CMD>17802700729b270001802700048027000080</CMD>おぉ　そうか　んじゃ<BREAK>ばんかいするしかない<CMD>ff8127000580</CMD>",
			"<CMD>18802700729b27000380</CMD><CMD>17802700729b2700ab8027000a8027000180</CMD><CMD>16802700729b27003081</CMD>{流行|りゅうこう}にビンカンじゃないと<BREAK>はんじょうしてるお{店|みせ}だって<BREAK>タイヘンなことになる<CMD>ff8127000280</CMD><CMD>4f80</CMD>",
			"\f"
		]
	},
	{
		"Index": 42,
		"JPN": [
			"<CMD>18802700729b27000080</CMD><CMD>17802700729b2700b28027000a8027000180</CMD><CMD>16802700729b27006981</CMD><CMD>f481</CMD>は<BREAK>もう{聞|き}いた<CMD>ff8127000380</CMD>？<BREAK>どこのお{店|みせ}かは{分|わ}からないけど",
			"お{客|きゃく}さんが{気持|きも}ちよく<BREAK>{買|か}い{物|もの}できるとか　できないとか<BREAK>そういう{話|はなし}を{聞|き}いた<CMD>ff8127000280</CMD>",
			"<CMD>18802700729b27000580</CMD><CMD>17802700729b2700638027000a8027000280</CMD><CMD>16802700729b27002f81</CMD>まぁ<CMD>028227000080</CMD>のお{店|みせ}には<BREAK>カンケイないと{思|おも}うけど…",
			"<CMD>18802700729b27000080</CMD><CMD>17802700729b2700b28027000a8027000180</CMD><CMD>16802700729b27006981</CMD><CMD>f481</CMD>のお{店|みせ}は<BREAK>そういうの<BREAK>うまくやってる<CMD>ff8127000380</CMD>？",
			"<CMD>128027000180</CMD>",
			"\f"
		]
	},
	{
		"Index": 43,
		"JPN": [
			"<CMD>3780</CMD>",
			"だいじょうぶ<CMD>128027000180</CMD>",
			"ダメかも…<CMD>128027000280</CMD>",
			"\f"
		]
	},
	{
		"Index": 44,
		"JPN": [
			"<CMD>5f80</CMD><CMD>18802700729b27000180</CMD><CMD>17802700729b2700ad802700068027000280</CMD><CMD>16802700729b27005581</CMD>ジシンたっぷり<CMD>ff8127000180</CMD>！<BREAK>おぉ　そうか　ジシンがなきゃ<BREAK>やってられない<CMD>ff8127000580</CMD>",
			"<CMD>18802700729b27000380</CMD><CMD>17802700729b2700ab8027000a8027000180</CMD><CMD>16802700729b27003081</CMD>わからない{時|とき}は　お{店|みせ}の{人|ひと}が<BREAK>ちゃんと{教|おし}えてくれると<BREAK>こっちもうれしいよな？<CMD>4f80</CMD>",
			"\f"
		]
	},
	{
		"Index": 45,
		"JPN": [
			"<CMD>5f80</CMD><CMD>18802700729b27000080</CMD><CMD>17802700729b270001802700048027000080</CMD>おぉ　そうか　んじゃ<BREAK>ばんかいするしかない<CMD>ff8127000580</CMD>",
			"<CMD>18802700729b27000380</CMD><CMD>17802700729b2700ab8027000a8027000180</CMD><CMD>16802700729b27003081</CMD>わからない{時|とき}は　お{店|みせ}の{人|ひと}が<BREAK>ちゃんと{教|おし}えてくれると<BREAK>こっちもうれしいよな？<CMD>4f80</CMD>",
			"\f"
		]
	},
	{
		"Index": 46,
		"JPN": [
			"<CMD>18802700729b27000080</CMD><CMD>17802700729b2700b28027000a8027000180</CMD><CMD>16802700729b27006981</CMD><CMD>f481</CMD>は<BREAK>もう{聞|き}いた<CMD>ff8127000380</CMD>？<BREAK>どこのお{店|みせ}かは{分|わ}からないけど",
			"ほしい{物|もの}がおいてないと<BREAK>やっぱ　お{客|きゃく}さんは<BREAK>{集|あつ}まらないらしい<CMD>ff8127000280</CMD>",
			"<CMD>18802700729b27000580</CMD><CMD>17802700729b2700638027000a8027000280</CMD><CMD>16802700729b27002f81</CMD>まぁ<CMD>028227000080</CMD>のお{店|みせ}には<BREAK>カンケイないと{思|おも}うけど…",
			"<CMD>18802700729b27000080</CMD><CMD>17802700729b2700b28027000a8027000180</CMD><CMD>16802700729b27006981</CMD><CMD>f481</CMD>のお{店|みせ}は<BREAK>そういうの<BREAK>うまくやってる<CMD>ff8127000380</CMD>？",
			"<CMD>128027000180</CMD>",
			"\f"
		]
	},
	{
		"Index": 47,
		"JPN": [
			"<CMD>3780</CMD>",
			"だいじょうぶ<CMD>128027000180</CMD>",
			"ダメかも…<CMD>128027000280</CMD>",
			"\f"
		]
	},
	{
		"Index": 48,
		"JPN": [
			"<CMD>5f80</CMD><CMD>18802700729b27000180</CMD><CMD>17802700729b2700ad802700068027000280</CMD><CMD>16802700729b27005581</CMD>ジシンたっぷり<CMD>ff8127000180</CMD>！<BREAK>おぉ　そうか　ジシンがなきゃ<BREAK>やってられない<CMD>ff8127000580</CMD>",
			"<CMD>18802700729b27000380</CMD><CMD>17802700729b2700ab8027000a8027000180</CMD><CMD>16802700729b27003081</CMD>まぁ　めんどくさがらず<BREAK>お{店|みせ}にちょこちょこ{出|で}れば<BREAK>ダイジョウブなこと<CMD>ff8127000080</CMD><CMD>4f80</CMD>",
			"\f"
		]
	},
	{
		"Index": 49,
		"JPN": [
			"<CMD>5f80</CMD><CMD>18802700729b27000080</CMD><CMD>17802700729b270001802700048027000080</CMD>おぉ　そうか　んじゃ<BREAK>ばんかいするしかない<CMD>ff8127000580</CMD>",
			"<CMD>18802700729b27000380</CMD><CMD>17802700729b2700ab8027000a8027000180</CMD><CMD>16802700729b27003081</CMD>まぁ　めんどくさがらず<BREAK>お{店|みせ}にちょこちょこ{出|で}れば<BREAK>ダイジョウブなこと<CMD>ff8127000080</CMD><CMD>4f80</CMD>",
			"\f"
		]
	},
	{
		"Index": 50,
		"JPN": [
			"<CMD>5f80</CMD><CMD>18802700729b27000180</CMD><CMD>17802700729b2700ad802700068027000280</CMD><CMD>16802700729b27005581</CMD><CMD>f481</CMD>　すごいな！<BREAK>{聞|き}いただろ　おまえも",
			"<CMD>f481</CMD>のお{店|みせ}は<BREAK>{色使|いろづか}いがととのっていて<BREAK>イカシテルって{話|はなし}<CMD>ff8127000080</CMD>！",
			"そうか　この{前|まえ}<BREAK>みんなが{話|はな}していたのは<BREAK><CMD>f481</CMD>のとこだった<CMD>ff8127000280</CMD>",
			"<CMD>18802700729b27000180</CMD><CMD>17802700729b2700ad802700068027000280</CMD><CMD>16802700729b27005581</CMD>ぜんぜん{自分|じぶん}のことみたいな<BREAK>フンイキ{見|み}せなかったよな<BREAK>さすが<CMD>f481</CMD><CMD>ff8127000080</CMD><CMD>4f80</CMD>",
			"\f"
		]
	},
	{
		"Index": 51,
		"JPN": [
			"<CMD>5f80</CMD><CMD>18802700729b27000180</CMD><CMD>17802700729b2700ad802700068027000280</CMD><CMD>16802700729b27005581</CMD>{聞|き}いた<CMD>ff8127000280</CMD><BREAK>{決|き}まってるだろ　<CMD>f481</CMD>の<BREAK>お{店|みせ}のひょうばん<CMD>ff8127000080</CMD>",
			"とぶように{商品|しょうひん}が{売|う}れて<BREAK>サイコウだって<BREAK>みんなが{言|い}っている<CMD>ff8127000280</CMD>",
			"ん？　なんだか　にたようなこと<BREAK>{前|まえ}にも{一度|いちど}<CMD>f481</CMD>に<BREAK>{話|はな}さなかったか？",
			"<CMD>18802700729b27000180</CMD><CMD>17802700729b2700ad802700068027000280</CMD><CMD>16802700729b27005581</CMD>なるほど！　あの{時|とき}みんなが<BREAK>{話題|わだい}にしていたのも　きっと<BREAK><CMD>f481</CMD>のお{店|みせ}だったんだな<CMD>4f80</CMD>",
			"\f"
		]
	},
	{
		"Index": 52,
		"JPN": [
			"<CMD>5f80</CMD><CMD>18802700729b27000180</CMD><CMD>17802700729b2700ad802700068027000280</CMD><CMD>16802700729b27005581</CMD>よっ<BREAK>このトレンドウォッチャー！<BREAK>{聞|き}いたぞ{聞|き}いたぞ！",
			"{今|いま}　この{町|まち}じゃ<BREAK><CMD>f481</CMD>のお{店|みせ}が",
			"{流行|りゅうこう}のセンタンを<BREAK>{行|い}ってるって{話|はなし}！",
			"<CMD>18802700729b27000180</CMD><CMD>17802700729b2700ad802700068027000280</CMD><CMD>16802700729b27005581</CMD>あの{時|とき}みんなが<BREAK>{流行|りゅうこう}がどうのこうの<BREAK>{言|い}ってたのは",
			"<CMD>f481</CMD>のとこだった<CMD>ff8127000280</CMD>",
			"<CMD>18802700729b27000080</CMD><CMD>17802700729b2700b28027000a8027000180</CMD><CMD>16802700729b27006981</CMD>こんなにひょうばんになるには<BREAK>どれだけ{色|いろ}んなことを<BREAK>がんばった<CMD>ff8127000380</CMD>？<CMD>4f80</CMD>",
			"\f"
		]
	},
	{
		"Index": 53,
		"JPN": [
			"<CMD>5f80</CMD><CMD>18802700729b27000080</CMD><CMD>17802700729b2700b28027000a8027000180</CMD><CMD>16802700729b27006981</CMD><CMD>f481</CMD>さ<BREAK>{今度|こんど}<CMD>028227000080</CMD>を　<CMD>f481</CMD>の<BREAK>お{店|みせ}にアンナイして<CMD>ff8127000480</CMD>？",
			"<CMD>18802700729b27000180</CMD><CMD>17802700729b2700ad802700068027000280</CMD><CMD>16802700729b27005581</CMD>なんでかって？<BREAK>そりゃみんなのひょうばんに<BREAK>なってるから<CMD>ff8127000080</CMD>",
			"<CMD>f481</CMD>のお{店|みせ}が<BREAK>{安心|あんしん}のセッキャクで<BREAK>{気持|きも}ちよく{買|か}い{物|もの}できるって",
			"<CMD>18802700729b27000180</CMD><CMD>17802700729b2700ad802700068027000280</CMD><CMD>16802700729b27005581</CMD>この{前|まえ}あちこちで<BREAK>{話題|わだい}になっていたのは<BREAK><CMD>f481</CMD>のとこだった<CMD>ff8127000280</CMD><CMD>4f80</CMD>",
			"\f"
		]
	},
	{
		"Index": 54,
		"JPN": [
			"<CMD>5f80</CMD><CMD>18802700729b27000180</CMD><CMD>17802700729b2700ad802700068027000280</CMD><CMD>16802700729b27005581</CMD>おい<CMD>f481</CMD>！<BREAK>すごいな　お{店|みせ}<BREAK>{大|だい}ひょうばんじゃないか！",
			"{品|しな}ぞろえがよくて<BREAK>ほしい{物|もの}がちゃんと<BREAK>{切|き}らさずにおいてあるって",
			"そっか！　この{間|あいだ}<BREAK><CMD>028227000080</CMD>が{耳|みみ}にした{話|はなし}も<BREAK><CMD>f481</CMD>のことだったのか！",
			"<CMD>18802700729b27000180</CMD><CMD>17802700729b2700ad802700068027000280</CMD><CMD>16802700729b27005581</CMD><CMD>028227000080</CMD>のアドバイスも<BREAK>ちょっとはきいた<CMD>ff8127000380</CMD>？<BREAK>そうだとうれしい<CMD>ff8127000280</CMD><CMD>4f80</CMD>",
			"\f"
		]
	},
	{
		"Index": 55,
		"JPN": [
			"<CMD>5f80</CMD><CMD>18802700729b27000080</CMD><CMD>17802700729b2700b28027000a8027000180</CMD><CMD>16802700729b27006981</CMD><CMD>f481</CMD>さ<BREAK>どうするつもりか<BREAK>{考|かんが}えたりしている<CMD>ff8127000380</CMD>？",
			"{何|なに}って　おいおい<BREAK><CMD>f481</CMD>のお{店|みせ}のフンイキが<BREAK>{変|へん}だってひょうばん<CMD>ff8127000080</CMD>",
			"そういえば　{前|まえ}に<BREAK>みんなが{話|はな}していたのは<BREAK>このことだった<CMD>ff8127000380</CMD>…",
			"<CMD>18802700729b27000380</CMD><CMD>17802700729b2700ab8027000a8027000180</CMD><CMD>16802700729b27003081</CMD>ちょっとはお{店|みせ}　いじったほうが<BREAK>いいんじゃない<CMD>ff8127000380</CMD>？<BREAK>そのままってのもなぁ？<CMD>4f80</CMD>",
			"\f"
		]
	},
	{
		"Index": 56,
		"JPN": [
			"<CMD>5f80</CMD><CMD>18802700729b27000080</CMD><CMD>17802700729b2700b28027000a8027000180</CMD><CMD>16802700729b27006981</CMD>{聞|き}いたんだけど<BREAK><CMD>f481</CMD>のお{店|みせ}の{品物|しなもの}<BREAK>なっかなか{売|う}れないとかある？",
			"いやぁ…<BREAK>あまりよくないひょうばんに<BREAK>なってるみたい<CMD>ff8127000080</CMD>",
			"この{間|あいだ}　<CMD>028227000080</CMD>が{耳|みみ}にした<BREAK>{町|まち}のひょうばんも　たぶん<BREAK><CMD>f481</CMD>のお{店|みせ}のことかもな",
			"<CMD>18802700729b27000380</CMD><CMD>17802700729b2700ab8027000a8027000180</CMD><CMD>16802700729b27003081</CMD>お{客|きゃく}さんが{入|はい}らないと<BREAK>お{店|みせ}もさびしくなるぞ？",
			"それはイヤだと<BREAK>{思|おも}わない<CMD>ff8127000380</CMD>？<CMD>4f80</CMD>",
			"\f"
		]
	},
	{
		"Index": 57,
		"JPN": [
			"<CMD>5f80</CMD><CMD>18802700729b27000580</CMD><CMD>17802700729b2700638027000a8027000280</CMD><CMD>16802700729b27002f81</CMD><CMD>028227000080</CMD>も　{気|き}づいてやれば<BREAK>よかったんだけど",
			"<CMD>f481</CMD>のお{店|みせ}<BREAK>このままでは　まずい<CMD>ff8127000280</CMD>",
			"さっきも{聞|き}いた{話|はなし}だが<BREAK>あまりにもドンカンなお{店|みせ}って<BREAK>みんな{思|おも}っているらしい<CMD>ff8127000280</CMD>",
			"たぶん{前|まえ}からみんなが<BREAK>{口|くち}にしていたのも<BREAK>このことだったんじゃないかな…",
			"<CMD>18802700729b27000080</CMD><CMD>17802700729b2700b28027000a8027000180</CMD><CMD>16802700729b27006981</CMD>{流行|りゅうこう}のセンスをみがくのも<BREAK>{悪|わる}いことではないと<BREAK>{思|おも}う<CMD>ff8127000280</CMD><CMD>4f80</CMD>",
			"\f"
		]
	},
	{
		"Index": 58,
		"JPN": [
			"<CMD>5f80</CMD><CMD>18802700729b27000580</CMD><CMD>17802700729b2700638027000a8027000280</CMD><CMD>16802700729b27002f81</CMD>この{間|あいだ}<BREAK><CMD>f481</CMD>のお{店|みせ}から<BREAK>{出|で}てきた{人|ひと}が",
			"おこっていたのを<BREAK>{見|み}てしまった<CMD>ff8127000280</CMD>",
			"セッキャクが{悪|わる}いとか<BREAK>ブツブツもんくを{言|い}っていたぞ<BREAK>これは{問題|もんだい}じゃない<CMD>ff8127000380</CMD>？",
			"{町|まち}のひょうばんでも<BREAK>セッキャクが{話題|わだい}に<BREAK>なっていたこともあった<CMD>ff8127000280</CMD>",
			"<CMD>18802700729b27000380</CMD><CMD>17802700729b2700ab8027000a8027000180</CMD><CMD>16802700729b27003081</CMD>あの{話|はなし}も　おそらく<BREAK><CMD>f481</CMD>のとこだった<CMD>ff8127000280</CMD>",
			"お{客|きゃく}さんには<BREAK>{気持|きも}ちよく{買|か}い{物|もの}を<BREAK>してもらおう<CMD>ff8127000580</CMD>？<CMD>4f80</CMD>",
			"\f"
		]
	},
	{
		"Index": 59,
		"JPN": [
			"<CMD>5f80</CMD><CMD>18802700729b27000580</CMD><CMD>17802700729b2700638027000a8027000280</CMD><CMD>16802700729b27002f81</CMD>タイヘン<CMD>ff8127000080</CMD>！<BREAK><CMD>f481</CMD>のお{店|みせ}<BREAK>ひょうばん{悪|わる}いみたい<CMD>ff8127000080</CMD>",
			"{品|しな}ぞろえが{良|よ}くなくて<BREAK>ほしい{商品|しょうひん}が<BREAK>お{店|みせ}においていないってさ！",
			"この{前|まえ}<CMD>028227000080</CMD>が{聞|き}いた<BREAK>お{店|みせ}の{話|はなし}も",
			"もしかして<BREAK><CMD>f481</CMD>のお{店|みせ}の<BREAK>ことだった<CMD>ff8127000380</CMD>？",
			"<CMD>18802700729b27000380</CMD><CMD>17802700729b2700ab8027000a8027000180</CMD><CMD>16802700729b27003081</CMD>とにかく　お{店|みせ}に{出|で}て<BREAK>{仕事|しごと}しておこう<CMD>ff8127000580</CMD>！<BREAK>サボりはダメ<CMD>ff8127000080</CMD>！<CMD>4f80</CMD>",
			"\f"
		]
	},
	{
		"Index": 60,
		"JPN": [
			"<CMD>4f80</CMD>",
			"<CMD>11802700c1a4270027a5</CMD>",
			"\f"
		]
	},
	{
		"Index": 61,
		"JPN": [
			"<CMD>4f80</CMD>",
			"<CMD>11802700c1a4270027a5</CMD>",
			"\f"
		]
	},
	{
		"Index": 62,
		"JPN": [
			"<CMD>4f80</CMD>",
			"<CMD>11802700c1a4270027a5</CMD>",
			"\f"
		]
	},
	{
		"Index": 63,
		"JPN": [
			"<CMD>4f80</CMD>",
			"<CMD>11802700c1a4270027a5</CMD>",
			"\f"
		]
	},
	{
		"Index": 64,
		"JPN": [
			"<CMD>4f80</CMD>",
			"<CMD>11802700c1a4270027a5</CMD>",
			"\f"
		]
	},
	{
		"Index": 65,
		"JPN": [
			"<CMD>18802700729b27000080</CMD><CMD>17802700729b2700b28027000a8027000180</CMD><CMD>16802700729b27006981</CMD>ん？<BREAK>あまくていいかおり<CMD>ff8127000080</CMD><BREAK><CMD>f481</CMD>なのか？",
			"<CMD>18802700729b27000180</CMD><CMD>17802700729b2700ad802700068027000280</CMD><CMD>16802700729b27005581</CMD>うん　やさしくて<BREAK>いいかおり<CMD>ff8127000080</CMD><CMD>4f80</CMD>",
			"\f"
		]
	},
	{
		"Index": 66,
		"JPN": [
			"<CMD>18802700729b27000580</CMD><CMD>17802700729b2700af802700088027000180</CMD><CMD>16802700729b27005681</CMD>ん？　さわやかなかおりが<BREAK>ただよってくると{思|おも}ったら<BREAK><CMD>f481</CMD>だった<CMD>ff8127000380</CMD>！",
			"<CMD>18802700729b27000180</CMD><CMD>17802700729b2700ad802700068027000280</CMD><CMD>16802700729b27005581</CMD>シンコキュウしたくなる<BREAK>スカッと{晴|は}れわたった<BREAK>{空|そら}みたいなかおり<CMD>ff8127000080</CMD>！<CMD>4f80</CMD>",
			"\f"
		]
	},
	{
		"Index": 67,
		"JPN": [
			"<CMD>18802700729b27000580</CMD><CMD>17802700729b2700aa8027000a8027000180</CMD><CMD>16802700729b27002d81</CMD>ん？　なんだか{急|きゅう}に<BREAK>ねむくなってきた<CMD>ff8127000280</CMD>",
			"<CMD>18802700729b27000180</CMD><CMD>17802700729b2700ad802700068027000280</CMD><CMD>16802700729b27005581</CMD>そうか！　<CMD>f481</CMD>から<BREAK>おだやかになるかおりが<BREAK>してくるから<CMD>ff8127000080</CMD><CMD>4f80</CMD>",
			"\f"
		]
	},
	{
		"Index": 68,
		"JPN": [
			"<CMD>18802700729b27000580</CMD><CMD>17802700729b2700af802700088027000180</CMD><CMD>16802700729b27005681</CMD>ん？　いつものバイくらい<BREAK>やる{気|き}がわいてくるのは<BREAK>きっとこのかおりのせい<CMD>ff8127000080</CMD>！",
			"<CMD>18802700729b27000180</CMD><CMD>17802700729b2700ad802700068027000280</CMD><CMD>16802700729b27005581</CMD><CMD>f481</CMD>からしてくる<BREAK>しげきてきなかおりが<BREAK>{活力|カツリョク}になる<CMD>ff8127000280</CMD>！<CMD>4f80</CMD>",
			"\f"
		]
	},
	{
		"Index": 69,
		"JPN": [
			"<CMD>18802700729b27000280</CMD><CMD>17802700729b27001c802700088027000480</CMD><CMD>16802700729b27007d81</CMD>ゲホッ…<BREAK>おいおい！　そのにおい<BREAK>つけすぎ<CMD>ff8127000080</CMD>！<CMD>4f80</CMD>",
			"\f"
		]
	},
	{
		"Index": 70,
		"JPN": [
			"<CMD>028227000080</CMD>は{今|いま}まで<BREAK>シンプルって　タンジュンなだけ<BREAK>って{思|おも}ってた<CMD>ff8127000280</CMD>",
			"<CMD>18802700729b27000780</CMD><CMD>17802700729b2700b18027000a8027000180</CMD><CMD>16802700729b27009081</CMD>でも　いいよソレ！",
			"{歌|うた}でも{歌|うた}えば<BREAK>もっと{服|ふく}のよさが<BREAK>きわだつと{思|おも}う<CMD>ff8127000280</CMD><CMD>4f80</CMD>",
			"\f"
		]
	},
	{
		"Index": 71,
		"JPN": [
			"<CMD>18802700729b27000580</CMD><CMD>17802700729b2700af802700088027000180</CMD><CMD>16802700729b27005681</CMD>だれかと{思|おも}ったら<BREAK><CMD>f481</CMD>じゃないか！<BREAK>{見|み}とれてしまった<CMD>ff8127000280</CMD>",
			"いっそのこと<BREAK><CMD>f481</CMD>がアイドルに<BREAK>なったらどう<CMD>ff8127000180</CMD>？",
			"<CMD>18802700729b27000180</CMD><CMD>17802700729b2700ad802700068027000280</CMD><CMD>16802700729b27005581</CMD>そのかわいさなら<BREAK><CMD>028227000080</CMD>だけじゃなくて　みんなが<BREAK>オウエンしてくれる<CMD>ff8127000280</CMD>！<CMD>4f80</CMD>",
			"\f"
		]
	},
	{
		"Index": 72,
		"JPN": [
			"<CMD>18802700729b27000580</CMD><CMD>17802700729b2700af802700088027000180</CMD><CMD>16802700729b27005681</CMD>やるなぁ<CMD>f481</CMD><BREAK>その{服|フク}　にあってるし<BREAK>カッコイイ<CMD>ff8127000280</CMD>",
			"<CMD>18802700729b27000180</CMD><CMD>17802700729b2700ad802700068027000280</CMD><CMD>16802700729b27005581</CMD>{歌|うた}でも{歌|うた}ったら<BREAK>ファンができるんじゃないか？<CMD>4f80</CMD>",
			"\f"
		]
	},
	{
		"Index": 73,
		"JPN": [
			"<CMD>18802700729b27000580</CMD><CMD>17802700729b2700af802700088027000180</CMD><CMD>16802700729b27005681</CMD>アイドルを{見|み}つけたと{思|おも}ったら<BREAK><CMD>f481</CMD><CMD>ff8127000080</CMD><BREAK>でもそのカッコすごいな！",
			"<CMD>18802700729b27000180</CMD><CMD>17802700729b2700ad802700068027000280</CMD><CMD>16802700729b27005581</CMD>ゴージャスのお{手本|てほん}<CMD>ff8127000080</CMD>！<BREAK>すぐにでもアイドルに<BREAK>なれるんじゃない<CMD>ff8127000380</CMD>？",
			"{歌|うた}でも{歌|うた}ったら<BREAK>ファンができるよ　きっと<CMD>4f80</CMD>",
			"\f"
		]
	},
	{
		"Index": 74,
		"JPN": [
			"<CMD>18802700729b27000580</CMD><CMD>17802700729b2700af802700088027000180</CMD><CMD>16802700729b27005681</CMD>あれ？　<CMD>f481</CMD><BREAK>{着|き}がえた<CMD>ff8127000380</CMD>？<CMD>4f80</CMD>",
			"\f"
		]
	},
	{
		"Index": 75,
		"JPN": [
			"なんか…　<CMD>f481</CMD>を{見|み}てると<BREAK>イライラする<CMD>ff8127000280</CMD>",
			"\f"
		]
	},
	{
		"Index": 76,
		"JPN": [
			"なんで　おいかけてくる<CMD>ff8127000380</CMD>？<BREAK>ちょっと{1人|ひとり}になりたい<CMD>ff8127000280</CMD>",
			"\f"
		]
	},
	{
		"Index": 77,
		"JPN": [
			"<CMD>18802700729b27000680</CMD><CMD>17802700729b2700088027000a8027000180</CMD><CMD>16802700729b27007e81</CMD>やったね！　<CMD>f481</CMD>が<BREAK>イタズラされやすいのは<BREAK>スキだらけだから<CMD>ff8127000080</CMD>！",
			"\f"
		]
	},
	{
		"Index": 78,
		"JPN": [
			"やぁ<CMD>f481</CMD>…",
			"<CMD>18802700729b27000380</CMD><CMD>17802700729b2700ab8027000a8027000180</CMD><CMD>16802700729b27002e81</CMD>トホホ…ってヤツ<CMD>ff8127000080</CMD>",
			"\f"
		]
	},
	{
		"Index": 79,
		"JPN": [
			"なぁ<CMD>f481</CMD>…",
			"さいきんの<CMD>028227000080</CMD>たち<BREAK>{気|き}まずかったと{思|おも}う<CMD>ff8127000280</CMD><BREAK>だからその…ゴメン<CMD>4f80</CMD><CMD>498027001c842700008027000080</CMD>",
			"\f"
		]
	},
	{
		"Index": 80,
		"JPN": [
			"<CMD>4c80270068822700118327000180</CMD>",
			"おぅ！<BREAK>ちょっと{聞|き}いて<CMD>ff8127000480</CMD><BREAK>トレンドランキングなんだが…",
			"<CMD>18802700729b27000080</CMD><CMD>17802700729b2700b28027000a8027000180</CMD><CMD>16802700729b27006981</CMD><CMD>f481</CMD>は<BREAK>トップの<CMD>2a8227000180</CMD><BREAK>{気|き}になってる<CMD>ff8127000380</CMD>？<CMD>618027000880</CMD>",
			"<CMD>128027000780</CMD>",
			"\f"
		]
	},
	{
		"Index": 81,
		"JPN": [
			"<CMD>4c80270068822700118327000180</CMD>",
			"おぅ！<BREAK>ちょっと{聞|き}いて<CMD>ff8127000480</CMD><BREAK>トレンドランキングなんだが…",
			"<CMD>18802700729b27000080</CMD><CMD>17802700729b2700b28027000a8027000180</CMD><CMD>16802700729b27006981</CMD><CMD>f481</CMD>は<BREAK><CMD>2a8227000280</CMD><BREAK>{気|き}になってる<CMD>ff8127000380</CMD>？<CMD>618027000880</CMD>",
			"<CMD>128027000680</CMD>",
			"\f"
		]
	},
	{
		"Index": 82,
		"JPN": [
			"<CMD>4c80270068822700118327000180</CMD>",
			"おぅ！<BREAK>ちょっと{聞|き}いて<CMD>ff8127000480</CMD><BREAK>トレンドランキングなんだが…",
			"<CMD>18802700729b27000080</CMD><CMD>17802700729b2700b28027000a8027000180</CMD><CMD>16802700729b27006981</CMD><CMD>f481</CMD>は<BREAK><CMD>2a8227000380</CMD><BREAK>{気|き}になってる<CMD>ff8127000380</CMD>？<CMD>618027000880</CMD>",
			"<CMD>128027000580</CMD>",
			"\f"
		]
	},
	{
		"Index": 83,
		"JPN": [
			"<CMD>4c80270068822700118327000180</CMD>",
			"おぅ！<BREAK>ちょっと{聞|き}いて<CMD>ff8127000480</CMD><BREAK>トレンドランキングなんだが…",
			"<CMD>18802700729b27000080</CMD><CMD>17802700729b2700b28027000a8027000180</CMD><CMD>16802700729b27006981</CMD><CMD>f481</CMD>は<BREAK>トップの<CMD>2a8227000180</CMD><BREAK>{気|き}になってる<CMD>ff8127000380</CMD>？<CMD>618027000880</CMD>",
			"<CMD>128027000480</CMD>",
			"\f"
		]
	},
	{
		"Index": 84,
		"JPN": [
			"<CMD>4c80270068822700118327000180</CMD>",
			"おぅ！<BREAK>ちょっと{聞|き}いて<CMD>ff8127000480</CMD><BREAK>トレンドランキングなんだが…",
			"<CMD>18802700729b27000080</CMD><CMD>17802700729b2700b28027000a8027000180</CMD><CMD>16802700729b27006981</CMD><CMD>f481</CMD>は<BREAK><CMD>2a8227000280</CMD><BREAK>{気|き}になってる<CMD>ff8127000380</CMD>？<CMD>618027000880</CMD>",
			"<CMD>128027000380</CMD>",
			"\f"
		]
	},
	{
		"Index": 85,
		"JPN": [
			"<CMD>4c80270068822700118327000180</CMD>",
			"おぅ！<BREAK>ちょっと{聞|き}いて<CMD>ff8127000480</CMD><BREAK>トレンドランキングなんだが…",
			"<CMD>18802700729b27000080</CMD><CMD>17802700729b2700b28027000a8027000180</CMD><CMD>16802700729b27006981</CMD><CMD>f481</CMD>は<BREAK><CMD>2a8227000380</CMD><BREAK>{気|き}になってる<CMD>ff8127000380</CMD>？<CMD>618027000880</CMD>",
			"<CMD>128027000280</CMD>",
			"\f"
		]
	},
	{
		"Index": 86,
		"JPN": [
			"<CMD>4c80270068822700118327000180</CMD>",
			"おぅ！<BREAK>ちょっと{聞|き}いて<CMD>ff8127000480</CMD><BREAK>トレンドランキングなんだが…",
			"<CMD>18802700729b27000080</CMD><CMD>17802700729b2700b28027000a8027000180</CMD><CMD>16802700729b27006981</CMD><CMD>f481</CMD>は<BREAK>トップの<CMD>2a8227000180</CMD><BREAK>{気|き}になってる<CMD>ff8127000380</CMD>？<CMD>618027000880</CMD>",
			"<CMD>128027000180</CMD>",
			"\f"
		]
	},
	{
		"Index": 87,
		"JPN": [
			"<CMD>3780</CMD>",
			"いいとおもう<CMD>128027000180</CMD>",
			"べつにふつう<CMD>128027000280</CMD>",
			"\f"
		]
	},
	{
		"Index": 88,
		"JPN": [
			"<CMD>18802700729b27000180</CMD><CMD>17802700729b2700ad802700068027000280</CMD><CMD>16802700729b27005581</CMD>なるほど！<BREAK><CMD>f481</CMD>も{気|き}に<BREAK>してたってこと<CMD>ff8127000080</CMD>！<CMD>608027000080</CMD>",
			"だったら<CMD>028227000080</CMD>も<BREAK>チェックしてみる<CMD>ff8127000280</CMD><CMD>4f80</CMD><CMD>49802700298427000b8027000180</CMD>",
			"\f"
		]
	},
	{
		"Index": 89,
		"JPN": [
			"ふつう　か…　むむむ<BREAK>あまり{気|き}にしなくていいのかもな<BREAK>わかったよ　ありがとう！<CMD>4f80</CMD>",
			"\f"
		]
	},
	{
		"Index": 90,
		"JPN": [
			"<CMD>18802700729b27000180</CMD><CMD>17802700729b2700ad802700068027000280</CMD><CMD>16802700729b27005581</CMD>こうやって<BREAK><CMD>f481</CMD>と　いっしょにいると<BREAK>{楽|たの}しい<CMD>ff8127000280</CMD><CMD>4f80</CMD>",
			"\f"
		]
	},
	{
		"Index": 91,
		"JPN": [
			"<CMD>18802700729b27000180</CMD><CMD>17802700729b2700ad802700068027000280</CMD><CMD>16802700729b27005581</CMD>この{前|まえ}<BREAK>いい{買い物|かいもの}をした<CMD>ff8127000280</CMD><BREAK>{今度|こんど}　{見|み}せてあげる<CMD>ff8127000280</CMD><CMD>4f80</CMD>",
			"\f"
		]
	},
	{
		"Index": 92,
		"JPN": [
			"<CMD>18802700729b27000780</CMD><CMD>17802700729b2700b18027000a8027000180</CMD>ほしい{物|もの}が<BREAK>いっぱいあるときって<BREAK>こまる<CMD>ff8127000280</CMD><CMD>4f80</CMD>",
			"\f"
		]
	},
	{
		"Index": 93,
		"JPN": [
			"<CMD>18802700729b27000180</CMD><CMD>17802700729b2700ad802700068027000280</CMD><CMD>16802700729b27005581</CMD>こうやって<BREAK><CMD>f481</CMD>と　いっしょにいると<BREAK>{楽|たの}しい<CMD>ff8127000280</CMD><CMD>4f80</CMD>",
			"\f"
		]
	},
	{
		"Index": 94,
		"JPN": [
			"<CMD>18802700729b27000180</CMD><CMD>17802700729b2700ad802700068027000280</CMD><CMD>16802700729b27005581</CMD>この{前|まえ}<BREAK>いい{買い物|かいもの}をした<CMD>ff8127000280</CMD><BREAK>{今度|こんど}　{見|み}せてあげる<CMD>ff8127000280</CMD><CMD>4f80</CMD>",
			"\f"
		]
	},
	{
		"Index": 95,
		"JPN": [
			"<CMD>18802700729b27000780</CMD><CMD>17802700729b2700b18027000a8027000180</CMD>ほしい{物|もの}が<BREAK>いっぱいあるときって<BREAK>こまる<CMD>ff8127000280</CMD><CMD>4f80</CMD>",
			"\f"
		]
	},
	{
		"Index": 96,
		"JPN": [
			"<CMD>18802700729b27000180</CMD><CMD>17802700729b2700ad802700068027000280</CMD><CMD>16802700729b27005581</CMD>こうやって<BREAK><CMD>f481</CMD>と　いっしょにいると<BREAK>{楽|たの}しい<CMD>ff8127000280</CMD><CMD>4f80</CMD>",
			"\f"
		]
	},
	{
		"Index": 97,
		"JPN": [
			"<CMD>18802700729b27000180</CMD><CMD>17802700729b2700ad802700068027000280</CMD><CMD>16802700729b27005581</CMD>この{前|まえ}<BREAK>いい{買い物|かいもの}をした<CMD>ff8127000280</CMD><BREAK>{今度|こんど}　{見|み}せてあげる<CMD>ff8127000280</CMD><CMD>4f80</CMD>",
			"\f"
		]
	},
	{
		"Index": 98,
		"JPN": [
			"<CMD>18802700729b27000780</CMD><CMD>17802700729b2700b18027000a8027000180</CMD>ほしい{物|もの}が<BREAK>いっぱいあるときって<BREAK>こまる<CMD>ff8127000280</CMD><CMD>4f80</CMD>",
			"\f"
		]
	},
	{
		"Index": 99,
		"JPN": [
			"<CMD>18802700729b27000180</CMD><CMD>17802700729b2700ad802700068027000280</CMD><CMD>16802700729b27005581</CMD>こうやって<BREAK><CMD>f481</CMD>と　いっしょにいると<BREAK>{楽|たの}しい<CMD>ff8127000280</CMD><CMD>4f80</CMD>",
			"\f"
		]
	}
]