[
	{
		"Index": 20,
		"JPN": [
			"<CMD>18802700729b27000680</CMD><CMD>17802700729b2700088027000a8027000180</CMD><CMD>16802700729b27007e81</CMD>おい　ちょっと<CMD>128227000080</CMD>の<BREAK>ウワサを{聞|き}いたんだけどさ",
			"<CMD>128227000080</CMD>が<CMD>1382</CMD>で<BREAK>なんかすごく<BREAK><CMD>1582</CMD>だったって",
			"<CMD>18802700729b27000080</CMD><CMD>17802700729b2700b28027000a8027000180</CMD><CMD>16802700729b27006981</CMD>ウワサになってんだけど<BREAK>ホント<CMD>ff8127000180</CMD>？<CMD>128027000180</CMD>",
			"\f"
		]
	},
	{
		"Index": 21,
		"JPN": [
			"<CMD>3780</CMD>",
			"うん　そう<CMD>128027000180</CMD>",
			"ちがうかな<CMD>128027000280</CMD>",
			"\f"
		]
	},
	{
		"Index": 22,
		"JPN": [
			"<CMD>18802700729b27000580</CMD><CMD>17802700729b2700af802700088027000180</CMD><CMD>16802700729b27005681</CMD>そうなのか！<BREAK>ただのウワサだと<BREAK>{思|おも}ってた<CMD>ff8127000280</CMD>",
			"なにか　{困|こま}ってるなら<BREAK><CMD>028227000080</CMD>に　{相談|そうだん}しろよな！",
			"\f"
		]
	},
	{
		"Index": 23,
		"JPN": [
			"なんだ　ちがう<CMD>ff8127000380</CMD>",
			"びっくりさせやがるぜ！<CMD>2180</CMD>",
			"\f"
		]
	},
	{
		"Index": 24,
		"JPN": [
			"<CMD>18802700729b27000680</CMD><CMD>17802700729b2700088027000a8027000180</CMD><CMD>16802700729b27007e81</CMD>おい　ちょっと<CMD>128227000080</CMD>の<BREAK>ウワサを{聞|き}いたんだけどさ",
			"<CMD>128227000080</CMD>が<CMD>1382</CMD>で<BREAK>すごくあやしげな<BREAK><CMD>1582</CMD>って…",
			"<CMD>18802700729b27000080</CMD><CMD>17802700729b2700b28027000a8027000180</CMD><CMD>16802700729b27006981</CMD>ウワサになってんだけど<BREAK>ホント<CMD>ff8127000180</CMD>？<CMD>128027000180</CMD>",
			"\f"
		]
	},
	{
		"Index": 25,
		"JPN": [
			"<CMD>3780</CMD>",
			"うん　そう<CMD>128027000180</CMD>",
			"ちがうかな<CMD>128027000280</CMD>",
			"\f"
		]
	},
	{
		"Index": 26,
		"JPN": [
			"<CMD>18802700729b27000580</CMD><CMD>17802700729b2700af802700088027000180</CMD><CMD>16802700729b27005681</CMD>そうなのか！<BREAK>ただのウワサだと<BREAK>{思|おも}ってた<CMD>ff8127000280</CMD>",
			"おもしろいことなら<BREAK><CMD>028227000080</CMD>も　まぜろよな",
			"\f"
		]
	},
	{
		"Index": 27,
		"JPN": [
			"なんだ　ちがう<CMD>ff8127000380</CMD>",
			"びっくりさせやがるぜ！<CMD>2180</CMD>",
			"\f"
		]
	},
	{
		"Index": 28,
		"JPN": [
			"<CMD>18802700729b27000680</CMD><CMD>17802700729b2700088027000a8027000180</CMD><CMD>16802700729b27007e81</CMD>おい　ちょっと<CMD>128227000080</CMD>の<BREAK>ウワサを{聞|き}いたんだけどさ",
			"<CMD>128227000080</CMD>が<CMD>1382</CMD>で<BREAK>すごくあやしげな<BREAK><CMD>1582</CMD>って…",
			"<CMD>18802700729b27000080</CMD><CMD>17802700729b2700b28027000a8027000180</CMD><CMD>16802700729b27006981</CMD>ウワサになってんだけど<BREAK>ホント<CMD>ff8127000180</CMD>？<CMD>128027000180</CMD>",
			"\f"
		]
	},
	{
		"Index": 29,
		"JPN": [
			"<CMD>3780</CMD>",
			"うん　そう<CMD>128027000180</CMD>",
			"ちがうかな<CMD>128027000280</CMD>",
			"\f"
		]
	},
	{
		"Index": 30,
		"JPN": [
			"<CMD>18802700729b27000580</CMD><CMD>17802700729b2700af802700088027000180</CMD><CMD>16802700729b27005681</CMD>そうなのか！<BREAK>ただのウワサだと<BREAK>{思|おも}ってた<CMD>ff8127000280</CMD>",
			"おもしろいことなら<BREAK><CMD>028227000080</CMD>も　まぜろよな",
			"\f"
		]
	},
	{
		"Index": 31,
		"JPN": [
			"なんだ　ちがう<CMD>ff8127000380</CMD>",
			"びっくりさせやがるぜ！<CMD>2180</CMD>",
			"\f"
		]
	},
	{
		"Index": 32,
		"JPN": [
			"<CMD>18802700729b27000680</CMD><CMD>17802700729b2700088027000a8027000180</CMD><CMD>16802700729b27007e81</CMD>おい　ちょっと<CMD>128227000080</CMD>の<BREAK>ウワサを{聞|き}いたんだけどさ",
			"<CMD>128227000080</CMD>が<CMD>1382</CMD>で<BREAK>なにかをていねいに<BREAK><CMD>1582</CMD>って…",
			"<CMD>18802700729b27000080</CMD><CMD>17802700729b2700b28027000a8027000180</CMD><CMD>16802700729b27006981</CMD>ウワサになってんだけど<BREAK>ホント<CMD>ff8127000180</CMD>？<CMD>128027000180</CMD>",
			"\f"
		]
	},
	{
		"Index": 33,
		"JPN": [
			"<CMD>3780</CMD>",
			"うん　そう<CMD>128027000180</CMD>",
			"ちがうかな<CMD>128027000280</CMD>",
			"\f"
		]
	},
	{
		"Index": 34,
		"JPN": [
			"<CMD>18802700729b27000580</CMD><CMD>17802700729b2700af802700088027000180</CMD><CMD>16802700729b27005681</CMD>そうなのか！<BREAK>ただのウワサだと<BREAK>{思|おも}ってた<CMD>ff8127000280</CMD>",
			"おもしろいことなら<BREAK><CMD>028227000080</CMD>も　まぜろよな",
			"\f"
		]
	},
	{
		"Index": 35,
		"JPN": [
			"なんだ　ちがう<CMD>ff8127000380</CMD>",
			"びっくりさせやがるぜ！<CMD>2180</CMD>",
			"\f"
		]
	},
	{
		"Index": 60,
		"JPN": [
			"<CMD>18802700729b27000680</CMD><CMD>17802700729b2700088027000a8027000180</CMD><CMD>16802700729b27007e81</CMD>おい　ちょっと<CMD>128227000080</CMD>の<BREAK>ウワサを{聞|き}いたんだけどさ",
			"<CMD>128227000080</CMD>がさ<BREAK>すごくかっこいいって<BREAK><CMD>1582</CMD>らしいけど",
			"<CMD>18802700729b27000080</CMD><CMD>17802700729b2700b28027000a8027000180</CMD><CMD>16802700729b27006981</CMD>{聞|き}いてるか？<CMD>128027000180</CMD>",
			"\f"
		]
	},
	{
		"Index": 61,
		"JPN": [
			"<CMD>3780</CMD>",
			"きいてる<CMD>128027000180</CMD>",
			"しらない<CMD>128027000280</CMD>",
			"\f"
		]
	},
	{
		"Index": 62,
		"JPN": [
			"なんだ　{知|し}ってたのか<BREAK>そんなウワサがでるなんて<BREAK>ちょっとうらやましいぜ",
			"\f"
		]
	},
	{
		"Index": 63,
		"JPN": [
			"なんだ　しらない<CMD>ff8127000380</CMD>",
			"まぁ　しょせんウワサだけどな<CMD>2180</CMD>",
			"\f"
		]
	},
	{
		"Index": 64,
		"JPN": [
			"<CMD>18802700729b27000680</CMD><CMD>17802700729b2700088027000a8027000180</CMD><CMD>16802700729b27007e81</CMD>おい　ちょっと<CMD>128227000080</CMD>の<BREAK>ウワサを{聞|き}いたんだけどさ",
			"<CMD>128227000080</CMD>がさ<BREAK>すごくこまやかで<BREAK><CMD>1582</CMD>らしいけど",
			"<CMD>18802700729b27000080</CMD><CMD>17802700729b2700b28027000a8027000180</CMD><CMD>16802700729b27006981</CMD>{聞|き}いてるか？<CMD>128027000180</CMD>",
			"\f"
		]
	},
	{
		"Index": 65,
		"JPN": [
			"<CMD>3780</CMD>",
			"きいてる<CMD>128027000180</CMD>",
			"しらない<CMD>128027000280</CMD>",
			"\f"
		]
	},
	{
		"Index": 66,
		"JPN": [
			"なんだ　{知|し}ってたのか<BREAK>そんなウワサがでるなんて<BREAK>そうとうなもんだな",
			"\f"
		]
	},
	{
		"Index": 67,
		"JPN": [
			"なんだ　しらない<CMD>ff8127000380</CMD>",
			"まぁ　しょせんウワサだけどな<CMD>2180</CMD>",
			"\f"
		]
	},
	{
		"Index": 68,
		"JPN": [
			"<CMD>18802700729b27000680</CMD><CMD>17802700729b2700088027000a8027000180</CMD><CMD>16802700729b27007e81</CMD>おい　ちょっと<CMD>128227000080</CMD>の<BREAK>ウワサを{聞|き}いたんだけどさ",
			"<CMD>128227000080</CMD>がさ<BREAK>すごくイタズラばかりで<BREAK><CMD>1582</CMD>らしいけど",
			"<CMD>18802700729b27000080</CMD><CMD>17802700729b2700b28027000a8027000180</CMD><CMD>16802700729b27006981</CMD>{聞|き}いてるか？<CMD>128027000180</CMD>",
			"\f"
		]
	},
	{
		"Index": 69,
		"JPN": [
			"<CMD>3780</CMD>",
			"きいてる<CMD>128027000180</CMD>",
			"しらない<CMD>128027000280</CMD>",
			"\f"
		]
	},
	{
		"Index": 70,
		"JPN": [
			"なんだ　{知|し}ってたのか<BREAK>こころあたりが　あるなら",
			"ほどほどにしたほうが<BREAK>いいと{思|おも}うぜ",
			"\f"
		]
	},
	{
		"Index": 71,
		"JPN": [
			"なんだ　しらない<CMD>ff8127000380</CMD>",
			"こころあたりがあるなら<BREAK>ほどほどにしたほうが<BREAK>いいぜ！<CMD>2180</CMD>",
			"\f"
		]
	}
]