{
	"Args": "0009100038185820",
	"Strings": [
		{
			"Offset": 12,
			"Text": "Ben"
		},
		{
			"Offset": 32,
			"Text": "I"
		},
		{
			"Offset": 44,
			"Text": "I'm a bit awkward"
		},
		{
			"Offset": 80,
			"Text": "だ"
		},
		{
			"Offset": 92,
			"Text": "だね"
		},
		{
			"Offset": 104,
			"Text": "んだ"
		},
		{
			"Offset": 116,
			"Text": "んか"
		},
		{
			"Offset": 128,
			"Text": "くれ"
		},
		{
			"Offset": 140,
			"Text": "か"
		}
	],
	"Arg2": "330f00017498ffef020e212d325363e200010d15ec260020"
}