{
	"Args": "000a110038285848",
	"Strings": [
		{
			"Offset": 12,
			"Text": "Wuss"
		},
		{
			"Offset": 32,
			"Text": "オレ"
		},
		{
			"Offset": 44,
			"Text": "I hate to say..."
		},
		{
			"Offset": 80,
			"Text": "だなオイ"
		},
		{
			"Offset": 92,
			"Text": "かオイ"
		},
		{
			"Offset": 104,
			"Text": "ぜオイ"
		},
		{
			"Offset": 116,
			"Text": "のかオイ"
		},
		{
			"Offset": 128,
			"Text": "くれオイ"
		},
		{
			"Offset": 140,
			"Text": "やオイ"
		}
	],
	"Arg2": "660e00036a9cffef020f222d3451630000000b1de2260520"
}