{
	"Args": "000a030038284818",
	"Strings": [
		{
			"Offset": 12,
			"Text": "Catherine"
		},
		{
			"Offset": 32,
			"Text": "わたし"
		},
		{
			"Offset": 44,
			"Text": "Oh no, Why me!"
		},
		{
			"Offset": 80,
			"Text": "よね"
		},
		{
			"Offset": 92,
			"Text": "だわね"
		},
		{
			"Offset": 104,
			"Text": "わね"
		},
		{
			"Offset": 116,
			"Text": "の"
		},
		{
			"Offset": 128,
			"Text": "ください"
		},
		{
			"Offset": 140,
			"Text": "ね"
		}
	],
	"Arg2": "8f0a010b74a0ffef050a1e283253632044000d21ec260a20"
}