{
	"Args": "0006090038503020",
	"Strings": [
		{
			"Offset": 12,
			"Text": "Kapu"
		},
		{
			"Offset": 32,
			"Text": "ぼく"
		},
		{
			"Offset": 44,
			"Text": "Namaste~"
		},
		{
			"Offset": 80,
			"Text": "なのです"
		},
		{
			"Offset": 92,
			"Text": "ですか"
		},
		{
			"Offset": 104,
			"Text": "のです"
		},
		{
			"Offset": 116,
			"Text": "のですか"
		},
		{
			"Offset": 128,
			"Text": "ください"
		},
		{
			"Offset": 140,
			"Text": "です"
		}
	],
	"Arg2": "990d00047da5ffef010a212d3250630020000a1b00260a20"
}