{
	"Args": "0004180048285838",
	"Strings": [
		{
			"Offset": 12,
			"Text": "Cruller"
		},
		{
			"Offset": 32,
			"Text": "ボクチン"
		},
		{
			"Offset": 44,
			"Text": "So, what was it?"
		},
		{
			"Offset": 80,
			"Text": "だっけか"
		},
		{
			"Offset": 92,
			"Text": "だっけ"
		},
		{
			"Offset": 104,
			"Text": "んだっけ"
		},
		{
			"Offset": 116,
			"Text": "んだっけ"
		},
		{
			"Offset": 128,
			"Text": "くれっか"
		},
		{
			"Offset": 140,
			"Text": "か"
		}
	],
	"Arg2": "cc0c00056da0ffef020c1e2d3652632064000c1900260a20"
}