{
	"Args": "000a130038483058",
	"Strings": [
		{
			"Offset": 12,
			"Text": "Castan"
		},
		{
			"Offset": 32,
			"Text": "おら"
		},
		{
			"Offset": 44,
			"Text": "*tumbles*"
		},
		{
			"Offset": 80,
			"Text": "コロ"
		},
		{
			"Offset": 92,
			"Text": "コロ…"
		},
		{
			"Offset": 104,
			"Text": "コロ"
		},
		{
			"Offset": 116,
			"Text": "コロ…"
		},
		{
			"Offset": 128,
			"Text": "コロロ"
		},
		{
			"Offset": 140,
			"Text": "コロ"
		}
	],
	"Arg2": "000c000264a3ffef030a1e2d334e63e04000081cd8260a20"
}