{
	"Args": "0002100038483058",
	"Strings": [
		{
			"Offset": 12,
			"Text": "Spadda"
		},
		{
			"Offset": 32,
			"Text": "オレさま"
		},
		{
			"Offset": 44,
			"Text": "I might be lying."
		},
		{
			"Offset": 80,
			"Text": "だ"
		},
		{
			"Offset": 92,
			"Text": "だな"
		},
		{
			"Offset": 104,
			"Text": "もんね"
		},
		{
			"Offset": 116,
			"Text": "っぽいな"
		},
		{
			"Offset": 128,
			"Text": "みるか"
		},
		{
			"Offset": 140,
			"Text": "な"
		}
	],
	"Arg2": "140e00026ca7ffef020b202d364e630020000818ec260a20"
}