{
	"Args": "00041e0038483058",
	"Strings": [
		{
			"Offset": 12,
			"Text": "William"
		},
		{
			"Offset": 32,
			"Text": "わたし"
		},
		{
			"Offset": 44,
			"Text": "I'm warming up!"
		},
		{
			"Offset": 80,
			"Text": "です"
		},
		{
			"Offset": 92,
			"Text": "ですか"
		},
		{
			"Offset": 104,
			"Text": "のです"
		},
		{
			"Offset": 116,
			"Text": "のですか"
		},
		{
			"Offset": 128,
			"Text": "ください"
		},
		{
			"Offset": 140,
			"Text": "ね"
		}
	],
	"Arg2": "990d000265a0ffef010f212d3650630020000a1b00260a20"
}