{
	"Args": "00060f0038285848",
	"Strings": [
		{
			"Offset": 12,
			"Text": "Anthony"
		},
		{
			"Offset": 32,
			"Text": "オレっち"
		},
		{
			"Offset": 44,
			"Text": "It's way better."
		},
		{
			"Offset": 80,
			"Text": "だ～"
		},
		{
			"Offset": 92,
			"Text": "だな～"
		},
		{
			"Offset": 104,
			"Text": "んだぜ～"
		},
		{
			"Offset": 116,
			"Text": "だろ～"
		},
		{
			"Offset": 128,
			"Text": "くれよ～"
		},
		{
			"Offset": 140,
			"Text": "な～"
		}
	],
	"Arg2": "660e000374abffef050f222d344d63000000071de2260a20"
}