{
	"Args": "0008090060203850",
	"Strings": [
		{
			"Offset": 12,
			"Text": "Cosmina"
		},
		{
			"Offset": 32,
			"Text": "わたし"
		},
		{
			"Offset": 44,
			"Text": "♪ *sparkle* ♪"
		},
		{
			"Offset": 80,
			"Text": "だって"
		},
		{
			"Offset": 92,
			"Text": "なのかな"
		},
		{
			"Offset": 104,
			"Text": "の"
		},
		{
			"Offset": 116,
			"Text": "の"
		},
		{
			"Offset": 128,
			"Text": "よね～"
		},
		{
			"Offset": 140,
			"Text": "って"
		}
	],
	"Arg2": "330f01087c9dffef030c1e293548630020000220d8260a20"
}