{
	"Args": "0002040038584820",
	"Strings": [
		{
			"Offset": 12,
			"Text": "Hailey"
		},
		{
			"Offset": 32,
			"Text": "アタシ"
		},
		{
			"Offset": 44,
			"Text": "I'm not ready yet"
		},
		{
			"Offset": 80,
			"Text": "だね"
		},
		{
			"Offset": 92,
			"Text": "だよね"
		},
		{
			"Offset": 104,
			"Text": "よ"
		},
		{
			"Offset": 116,
			"Text": "よね"
		},
		{
			"Offset": 128,
			"Text": "ほしいな"
		},
		{
			"Offset": 140,
			"Text": "か"
		}
	],
	"Arg2": "660e0106aaa6ffef020a2228355263002c000c24e2261e20"
}