{
	"Args": "00000e0040503038",
	"Strings": [
		{
			"Offset": 12,
			"Text": "Amanda"
		},
		{
			"Offset": 32,
			"Text": "ココロン"
		},
		{
			"Offset": 44,
			"Text": "Love me do!"
		},
		{
			"Offset": 80,
			"Text": "なの"
		},
		{
			"Offset": 92,
			"Text": "なの"
		},
		{
			"Offset": 104,
			"Text": "の"
		},
		{
			"Offset": 116,
			"Text": "の"
		},
		{
			"Offset": 128,
			"Text": "なの"
		},
		{
			"Offset": 140,
			"Text": "なの"
		}
	],
	"Arg2": "1e0d0107a796ffef050e202b364f630000000923d8260a20"
}