{
	"Args": "000a070038483058",
	"Strings": [
		{
			"Offset": 12,
			"Text": "Maureen"
		},
		{
			"Offset": 32,
			"Text": "ボク"
		},
		{
			"Offset": 44,
			"Text": "Are ya listening?"
		},
		{
			"Offset": 80,
			"Text": "なんだよ"
		},
		{
			"Offset": 92,
			"Text": "だってね"
		},
		{
			"Offset": 104,
			"Text": "きぶん"
		},
		{
			"Offset": 116,
			"Text": "かんじ"
		},
		{
			"Offset": 128,
			"Text": "よ～"
		},
		{
			"Offset": 140,
			"Text": "よ～"
		}
	],
	"Arg2": "cc0c000271a3ffef040d202d325263e040000c1ae2261e20"
}