{
	"Args": "0001090040503038",
	"Strings": [
		{
			"Offset": 12,
			"Text": "Jamie"
		},
		{
			"Offset": 32,
			"Text": "アタシ"
		},
		{
			"Offset": 44,
			"Text": "So, so, so!"
		},
		{
			"Offset": 80,
			"Text": "だね"
		},
		{
			"Offset": 92,
			"Text": "だよね"
		},
		{
			"Offset": 104,
			"Text": "よ～"
		},
		{
			"Offset": 116,
			"Text": "っしょ"
		},
		{
			"Offset": 128,
			"Text": "よね"
		},
		{
			"Offset": 140,
			"Text": "ね"
		}
	],
	"Arg2": "660e01077aaaffef020a222c324963e060000325d8261e20"
}