{
	"Args": "0007150038185028",
	"Strings": [
		{
			"Offset": 12,
			"Text": "Melody"
		},
		{
			"Offset": 32,
			"Text": "わたし"
		},
		{
			"Offset": 44,
			"Text": "*fluff* *fluff*"
		},
		{
			"Offset": 80,
			"Text": "モコ"
		},
		{
			"Offset": 92,
			"Text": "モコ"
		},
		{
			"Offset": 104,
			"Text": "モコ"
		},
		{
			"Offset": 116,
			"Text": "モココ"
		},
		{
			"Offset": 128,
			"Text": "モコ"
		},
		{
			"Offset": 140,
			"Text": "モコ"
		}
	],
	"Arg2": "0010010977a0ffef050c222c354a630000000427ec260a20"
}