{
	"Args": "00020c0040583820",
	"Strings": [
		{
			"Offset": 12,
			"Text": "Benjamin"
		},
		{
			"Offset": 32,
			"Text": "ぼく"
		},
		{
			"Offset": 44,
			"Text": "I've been before."
		},
		{
			"Offset": 80,
			"Text": "ですね"
		},
		{
			"Offset": 92,
			"Text": "ですか"
		},
		{
			"Offset": 104,
			"Text": "のです"
		},
		{
			"Offset": 116,
			"Text": "のですか"
		},
		{
			"Offset": 128,
			"Text": "ください"
		},
		{
			"Offset": 140,
			"Text": "ですよ"
		}
	],
	"Arg2": "cc0c000490a6ffef020f222c3550630040000a1cd8260a20"
}