{
	"Args": "00000c0040505828",
	"Strings": [
		{
			"Offset": 12,
			"Text": "Cheo"
		},
		{
			"Offset": 32,
			"Text": "わたち"
		},
		{
			"Offset": 44,
			"Text": "it's impolite but"
		},
		{
			"Offset": 80,
			"Text": "よ"
		},
		{
			"Offset": 92,
			"Text": "かしら"
		},
		{
			"Offset": 104,
			"Text": "わ"
		},
		{
			"Offset": 116,
			"Text": "わよね"
		},
		{
			"Offset": 128,
			"Text": "ね"
		},
		{
			"Offset": 140,
			"Text": "ね"
		}
	],
	"Arg2": "660a010664a7ffef040a1e28334e63004000081fd8200a20"
}