{
	"Args": "00031a0038284818",
	"Strings": [
		{
			"Offset": 12,
			"Text": "Annie"
		},
		{
			"Offset": 32,
			"Text": "わたし"
		},
		{
			"Offset": 44,
			"Text": "How do you do?"
		},
		{
			"Offset": 80,
			"Text": "でしてよ"
		},
		{
			"Offset": 92,
			"Text": "ですの"
		},
		{
			"Offset": 104,
			"Text": "のですわ"
		},
		{
			"Offset": 116,
			"Text": "のですか"
		},
		{
			"Offset": 128,
			"Text": "ください"
		},
		{
			"Offset": 140,
			"Text": "よ"
		}
	],
	"Arg2": "5c07010aa268ffef040c1e293651630040000b21ec200a20"
}