{
	"Args": "00021c0038505838",
	"Strings": [
		{
			"Offset": 12,
			"Text": "Lucky"
		},
		{
			"Offset": 32,
			"Text": "オレ"
		},
		{
			"Offset": 44,
			"Text": "Don't cringe!"
		},
		{
			"Offset": 80,
			"Text": "だよなっ"
		},
		{
			"Offset": 92,
			"Text": "だよな"
		},
		{
			"Offset": 104,
			"Text": "ぞっ"
		},
		{
			"Offset": 116,
			"Text": "って"
		},
		{
			"Offset": 128,
			"Text": "くれよっ"
		},
		{
			"Offset": 140,
			"Text": "ぜっ"
		}
	],
	"Arg2": "cc0c00008e9cffef010b1f283450630020000a15ec260a20"
}