{
	"Args": "0006060060203850",
	"Strings": [
		{
			"Offset": 12,
			"Text": "Pamela"
		},
		{
			"Offset": 32,
			"Text": "わたし"
		},
		{
			"Offset": 44,
			"Text": "Yes, I know."
		},
		{
			"Offset": 80,
			"Text": "だわ"
		},
		{
			"Offset": 92,
			"Text": "かしら"
		},
		{
			"Offset": 104,
			"Text": "のよ"
		},
		{
			"Offset": 116,
			"Text": "のかしら"
		},
		{
			"Offset": 128,
			"Text": "みて"
		},
		{
			"Offset": 140,
			"Text": "わよ"
		}
	],
	"Arg2": "660e010872a2ffef010e212b334863022003021fd8260f20"
}