{
	"Args": "0006140040503038",
	"Strings": [
		{
			"Offset": 12,
			"Text": "Naomi"
		},
		{
			"Offset": 32,
			"Text": "アタイ"
		},
		{
			"Offset": 44,
			"Text": "I'll show you..."
		},
		{
			"Offset": 80,
			"Text": "よ"
		},
		{
			"Offset": 92,
			"Text": "よね"
		},
		{
			"Offset": 104,
			"Text": "よ"
		},
		{
			"Offset": 116,
			"Text": "の"
		},
		{
			"Offset": 128,
			"Text": "よ"
		},
		{
			"Offset": 140,
			"Text": "よ"
		}
	],
	"Arg2": "cc0c01077399ffef040b1f2c3348630020000224e2260020"
}