{
	"Args": "0008060038503020",
	"Strings": [
		{
			"Offset": 12,
			"Text": "Billy"
		},
		{
			"Offset": 32,
			"Text": "ボク"
		},
		{
			"Offset": 44,
			"Text": "The data shows!"
		},
		{
			"Offset": 80,
			"Text": "である"
		},
		{
			"Offset": 92,
			"Text": "であるか"
		},
		{
			"Offset": 104,
			"Text": "のである"
		},
		{
			"Offset": 116,
			"Text": "のかな"
		},
		{
			"Offset": 128,
			"Text": "みるか"
		},
		{
			"Offset": 140,
			"Text": "かな"
		}
	],
	"Arg2": "e10a00046ba8ffef030a1e2d364763022001011b00261920"
}