{
	"Args": "00011a0038185028",
	"Strings": [
		{
			"Offset": 12,
			"Text": "Libby"
		},
		{
			"Offset": 32,
			"Text": "ウチ"
		},
		{
			"Offset": 44,
			"Text": "Let me tell you."
		},
		{
			"Offset": 80,
			"Text": "だよ"
		},
		{
			"Offset": 92,
			"Text": "だってね"
		},
		{
			"Offset": 104,
			"Text": "んだよ"
		},
		{
			"Offset": 116,
			"Text": "の"
		},
		{
			"Offset": 128,
			"Text": "よ"
		},
		{
			"Offset": 140,
			"Text": "よっ"
		}
	],
	"Arg2": "330b0109729bffef020b1f283550630040000a24e2260520"
}