{
	"Args": "0007040038503020",
	"Strings": [
		{
			"Offset": 12,
			"Text": "Barkley"
		},
		{
			"Offset": 32,
			"Text": "わたし"
		},
		{
			"Offset": 44,
			"Text": "Clean your ears."
		},
		{
			"Offset": 80,
			"Text": "である"
		},
		{
			"Offset": 92,
			"Text": "であるか"
		},
		{
			"Offset": 104,
			"Text": "のである"
		},
		{
			"Offset": 116,
			"Text": "のか"
		},
		{
			"Offset": 128,
			"Text": "くれ"
		},
		{
			"Offset": 140,
			"Text": "か"
		}
	],
	"Arg2": "ae0b000465aaffef030a1e2d364763e02000011b00261920"
}