{
	"Args": "0007110048285838",
	"Strings": [
		{
			"Offset": 12,
			"Text": "Shawn"
		},
		{
			"Offset": 32,
			"Text": "ぼく"
		},
		{
			"Offset": 44,
			"Text": "Mhm Mhm..."
		},
		{
			"Offset": 80,
			"Text": "だ…"
		},
		{
			"Offset": 92,
			"Text": "か……"
		},
		{
			"Offset": 104,
			"Text": "の…"
		},
		{
			"Offset": 116,
			"Text": "の……"
		},
		{
			"Offset": 128,
			"Text": "…"
		},
		{
			"Offset": 140,
			"Text": "…"
		}
	],
	"Arg2": "e10a000567a9ffef04091e2d354763e024000117e2261e20"
}