{
	"Args": "0000180038584820",
	"Strings": [
		{
			"Offset": 12,
			"Text": "Hanna"
		},
		{
			"Offset": 32,
			"Text": "あたくし"
		},
		{
			"Offset": 44,
			"Text": "Ufufu..."
		},
		{
			"Offset": 80,
			"Text": "…"
		},
		{
			"Offset": 92,
			"Text": "かしら…"
		},
		{
			"Offset": 104,
			"Text": "の…"
		},
		{
			"Offset": 116,
			"Text": "のかしら"
		},
		{
			"Offset": 128,
			"Text": "くれる…"
		},
		{
			"Offset": 140,
			"Text": "とかね…"
		}
	],
	"Arg2": "e10a010672a1ffef010f222c334763e020000126ec260a20"
}