{
	"Args": "0000030038185820",
	"Strings": [
		{
			"Offset": 12,
			"Text": "Wyatt"
		},
		{
			"Offset": 32,
			"Text": "オレ"
		},
		{
			"Offset": 44,
			"Text": "Yes!"
		},
		{
			"Offset": 80,
			"Text": "だぜ"
		},
		{
			"Offset": 92,
			"Text": "かい"
		},
		{
			"Offset": 104,
			"Text": "んだ"
		},
		{
			"Offset": 116,
			"Text": "のかい"
		},
		{
			"Offset": 128,
			"Text": "くれ"
		},
		{
			"Offset": 140,
			"Text": "ぜ"
		}
	],
	"Arg2": "660e000167acffef020e212d324a63636001041de2260020"
}