{
	"Args": "00081a0038483058",
	"Strings": [
		{
			"Offset": 12,
			"Text": "Mikey"
		},
		{
			"Offset": 32,
			"Text": "おれっち"
		},
		{
			"Offset": 44,
			"Text": " Well, to me..."
		},
		{
			"Offset": 80,
			"Text": "だぞ"
		},
		{
			"Offset": 92,
			"Text": "か"
		},
		{
			"Offset": 104,
			"Text": "んだ"
		},
		{
			"Offset": 116,
			"Text": "のか"
		},
		{
			"Offset": 128,
			"Text": "くれ"
		},
		{
			"Offset": 140,
			"Text": "かい"
		}
	],
	"Arg2": "c209000271a0ffef050c222d354963e024000316ec260f20"
}