{
	"Args": "00020a0038584820",
	"Strings": [
		{
			"Offset": 12,
			"Text": "Janet"
		},
		{
			"Offset": 32,
			"Text": "アタシ"
		},
		{
			"Offset": 44,
			"Text": "Oh my..."
		},
		{
			"Offset": 80,
			"Text": "なのよ"
		},
		{
			"Offset": 92,
			"Text": "なの"
		},
		{
			"Offset": 104,
			"Text": "のよ"
		},
		{
			"Offset": 116,
			"Text": "のかしら"
		},
		{
			"Offset": 128,
			"Text": "みて"
		},
		{
			"Offset": 140,
			"Text": "かしら"
		}
	],
	"Arg2": "310e0106699dffef030f222c364663e02c000027ec200a20"
}