{
	"Args": "000b180060203850",
	"Strings": [
		{
			"Offset": 12,
			"Text": "Meg"
		},
		{
			"Offset": 32,
			"Text": "メグ"
		},
		{
			"Offset": 44,
			"Text": "Um, like, yeah?"
		},
		{
			"Offset": 80,
			"Text": "じゃん"
		},
		{
			"Offset": 92,
			"Text": "じゃんか"
		},
		{
			"Offset": 104,
			"Text": "じゃん"
		},
		{
			"Offset": 116,
			"Text": "じゃんか"
		},
		{
			"Offset": 128,
			"Text": "よ"
		},
		{
			"Offset": 140,
			"Text": "ぜ"
		}
	],
	"Arg2": "990d01086f9affef050f222c364663e22c01001fd8260f20"
}