{
	"Args": "0003080038284818",
	"Strings": [
		{
			"Offset": 12,
			"Text": "Sonya"
		},
		{
			"Offset": 32,
			"Text": "アタシ"
		},
		{
			"Offset": 44,
			"Text": "Just between us.."
		},
		{
			"Offset": 80,
			"Text": "パコン"
		},
		{
			"Offset": 92,
			"Text": "ポコン"
		},
		{
			"Offset": 104,
			"Text": "パコン"
		},
		{
			"Offset": 116,
			"Text": "のポコン"
		},
		{
			"Offset": 128,
			"Text": "ポコン"
		},
		{
			"Offset": 140,
			"Text": "パコン"
		}
	],
	"Arg2": "000c010b66acffef030c1e29354d63c028010722e2261e20"
}