{
	"Args": "0005030048285838",
	"Strings": [
		{
			"Offset": 12,
			"Text": "Petal"
		},
		{
			"Offset": 32,
			"Text": "はなこ"
		},
		{
			"Offset": 44,
			"Text": "Pretty cute!"
		},
		{
			"Offset": 80,
			"Text": "でしょ"
		},
		{
			"Offset": 92,
			"Text": "でしょ"
		},
		{
			"Offset": 104,
			"Text": "でしょ"
		},
		{
			"Offset": 116,
			"Text": "のでしょ"
		},
		{
			"Offset": 128,
			"Text": "よね"
		},
		{
			"Offset": 140,
			"Text": "よね"
		}
	],
	"Arg2": "990d010a68a5ffef020c1f29364663e060000023d8261920"
}