{
	"Args": "00021a0048285838",
	"Strings": [
		{
			"Offset": 12,
			"Text": "Gary"
		},
		{
			"Offset": 32,
			"Text": "ボク"
		},
		{
			"Offset": 44,
			"Text": "Hey..Have we met?"
		},
		{
			"Offset": 80,
			"Text": "だよ…"
		},
		{
			"Offset": 92,
			"Text": "なの…"
		},
		{
			"Offset": 104,
			"Text": "よ…"
		},
		{
			"Offset": 116,
			"Text": "の…"
		},
		{
			"Offset": 128,
			"Text": "よ…"
		},
		{
			"Offset": 140,
			"Text": "……"
		}
	],
	"Arg2": "990d00057096ffef050d202d324b63e20001051cd8261e20"
}