{
	"Args": "0000110038584820",
	"Strings": [
		{
			"Offset": 12,
			"Text": "Lydia"
		},
		{
			"Offset": 32,
			"Text": "あちし"
		},
		{
			"Offset": 44,
			"Text": "But you see.."
		},
		{
			"Offset": 80,
			"Text": "だって"
		},
		{
			"Offset": 92,
			"Text": "だって"
		},
		{
			"Offset": 104,
			"Text": "って"
		},
		{
			"Offset": 116,
			"Text": "のって"
		},
		{
			"Offset": 128,
			"Text": "って"
		},
		{
			"Offset": 140,
			"Text": "って"
		}
	],
	"Arg2": "cc0c01066a9effef050e212b345463e040000e24e2260a20"
}