{
	"Args": "0002180050204010",
	"Strings": [
		{
			"Offset": 12,
			"Text": "Sarge"
		},
		{
			"Offset": 32,
			"Text": "じぶん"
		},
		{
			"Offset": 44,
			"Text": "Victory!"
		},
		{
			"Offset": 80,
			"Text": "である"
		},
		{
			"Offset": 92,
			"Text": "であるか"
		},
		{
			"Offset": 104,
			"Text": "のだ"
		},
		{
			"Offset": 116,
			"Text": "のか"
		},
		{
			"Offset": 128,
			"Text": "くれ"
		},
		{
			"Offset": 140,
			"Text": "か"
		}
	],
	"Arg2": "660e0000739cffef020b1f2d335363e044000d1de2260a20"
}