{
	"Args": "0005130038185028",
	"Strings": [
		{
			"Offset": 12,
			"Text": "Amber"
		},
		{
			"Offset": 32,
			"Text": "アタイ"
		},
		{
			"Offset": 44,
			"Text": "*giggle*"
		},
		{
			"Offset": 80,
			"Text": "だ"
		},
		{
			"Offset": 92,
			"Text": "だって"
		},
		{
			"Offset": 104,
			"Text": "んだ"
		},
		{
			"Offset": 116,
			"Text": "の"
		},
		{
			"Offset": 128,
			"Text": "よ"
		},
		{
			"Offset": 140,
			"Text": "ぜ"
		}
	],
	"Arg2": "510c01096f9fffef010e212b334863e060010227ec260f20"
}