{
	"Args": "00050e0038185028",
	"Strings": [
		{
			"Offset": 12,
			"Text": "パキラ"
		},
		{
			"Offset": 32,
			"Text": "アタイ"
		},
		{
			"Offset": 44,
			"Text": "それって　キホン"
		},
		{
			"Offset": 80,
			"Text": "なんよ"
		},
		{
			"Offset": 92,
			"Text": "なんか"
		},
		{
			"Offset": 104,
			"Text": "んよ"
		},
		{
			"Offset": 116,
			"Text": "んか"
		},
		{
			"Offset": 128,
			"Text": "おくれよ"
		},
		{
			"Offset": 140,
			"Text": "よ"
		}
	],
	"Arg2": "660e010972a6ffef040c2029335163e020000027ec260a20"
}