{
	"Args": "0004060038284818",
	"Strings": [
		{
			"Offset": 12,
			"Text": "メロリン"
		},
		{
			"Offset": 32,
			"Text": "ワタシ"
		},
		{
			"Offset": 44,
			"Text": "えっと　えっと…"
		},
		{
			"Offset": 80,
			"Text": "なのにね"
		},
		{
			"Offset": 92,
			"Text": "なのかな"
		},
		{
			"Offset": 104,
			"Text": "のにね"
		},
		{
			"Offset": 116,
			"Text": "のかな"
		},
		{
			"Offset": 128,
			"Text": "ください"
		},
		{
			"Offset": 140,
			"Text": "よね"
		}
	],
	"Arg2": "cc0c010b7ca0ffef040c1e293648632060000222e2260a20"
}