{
	"Args": "0004160060203850",
	"Strings": [
		{
			"Offset": 12,
			"Text": "ジュリエンヌ"
		},
		{
			"Offset": 32,
			"Text": "あたくし"
		},
		{
			"Offset": 44,
			"Text": "いま…　なにかんがえてるの？"
		},
		{
			"Offset": 80,
			"Text": "なのよね"
		},
		{
			"Offset": 92,
			"Text": "よね～"
		},
		{
			"Offset": 104,
			"Text": "わよ"
		},
		{
			"Offset": 116,
			"Text": "でしょう"
		},
		{
			"Offset": 128,
			"Text": "くださる"
		},
		{
			"Offset": 140,
			"Text": "かしら"
		}
	],
	"Arg2": "330f010869a5ffef010e212b364c630000000621ec260a20"
}