{
	"Args": "0001110050204010",
	"Strings": [
		{
			"Offset": 12,
			"Text": "ロペス"
		},
		{
			"Offset": 32,
			"Text": "ボク"
		},
		{
			"Offset": 44,
			"Text": "ボクてきにはさ…"
		},
		{
			"Offset": 80,
			"Text": "なわけ"
		},
		{
			"Offset": 92,
			"Text": "なの"
		},
		{
			"Offset": 104,
			"Text": "わけよ"
		},
		{
			"Offset": 116,
			"Text": "つもり"
		},
		{
			"Offset": 128,
			"Text": "よね"
		},
		{
			"Offset": 140,
			"Text": "ってわけ"
		}
	],
	"Arg2": "a70e00006c9cffef030f1f2d354a63e00000041b00260a20"
}