{
	"Args": "00030e0050485028",
	"Strings": [
		{
			"Offset": 12,
			"Text": "スティーブ"
		},
		{
			"Offset": 32,
			"Text": "オレ"
		},
		{
			"Offset": 44,
			"Text": "スマートにいえば…"
		},
		{
			"Offset": 80,
			"Text": "だね"
		},
		{
			"Offset": 92,
			"Text": "かな"
		},
		{
			"Offset": 104,
			"Text": "よ"
		},
		{
			"Offset": 116,
			"Text": "のかな"
		},
		{
			"Offset": 128,
			"Text": "くれよ"
		},
		{
			"Offset": 140,
			"Text": "ね"
		}
	],
	"Arg2": "49080000aa9affef010b1f28364d630040000715ec260a20"
}