{
	"Args": "0003030038285810",
	"Strings": [
		{
			"Offset": 12,
			"Text": "マオジ"
		},
		{
			"Offset": 32,
			"Text": "オレ"
		},
		{
			"Offset": 44,
			"Text": "オヤジもいってたけど…"
		},
		{
			"Offset": 80,
			"Text": "だ"
		},
		{
			"Offset": 92,
			"Text": "か"
		},
		{
			"Offset": 104,
			"Text": "ぞ"
		},
		{
			"Offset": 116,
			"Text": "のか"
		},
		{
			"Offset": 128,
			"Text": "みろ"
		},
		{
			"Offset": 140,
			"Text": "ぜ"
		}
	],
	"Arg2": "330b0000709fffef050a1f28344e63004000081ae2260a20"
}