{
	"Args": "0005010048584038",
	"Strings": [
		{
			"Offset": 12,
			"Text": "ロゼ"
		},
		{
			"Offset": 32,
			"Text": "アタシ"
		},
		{
			"Offset": 44,
			"Text": "それって　アタリマエよね"
		},
		{
			"Offset": 80,
			"Text": "じゃない"
		},
		{
			"Offset": 92,
			"Text": "なの"
		},
		{
			"Offset": 104,
			"Text": "の"
		},
		{
			"Offset": 116,
			"Text": "わけ"
		},
		{
			"Offset": 128,
			"Text": "よ"
		},
		{
			"Offset": 140,
			"Text": "よね"
		}
	],
	"Arg2": "cc0c0106b079ffef050e212c364f630000000923d8260a20"
}