{
	"Args": "00020b0038483050",
	"Strings": [
		{
			"Offset": 12,
			"Text": "メルル"
		},
		{
			"Offset": 32,
			"Text": "わたしぃ"
		},
		{
			"Offset": 44,
			"Text": "そうなんですぅ"
		},
		{
			"Offset": 80,
			"Text": "ですぅ"
		},
		{
			"Offset": 92,
			"Text": "ですかぁ"
		},
		{
			"Offset": 104,
			"Text": "のですぅ"
		},
		{
			"Offset": 116,
			"Text": "ですかぁ"
		},
		{
			"Offset": 128,
			"Text": "ほしぃの"
		},
		{
			"Offset": 140,
			"Text": "ですぅ"
		}
	],
	"Arg2": "990d010bae6dffef050c2229354f630020000925d8260a20"
}