{
	"Args": "0002150040284048",
	"Strings": [
		{
			"Offset": 12,
			"Text": "ナオミ"
		},
		{
			"Offset": 32,
			"Text": "アタシ"
		},
		{
			"Offset": 44,
			"Text": "ウケるー！"
		},
		{
			"Offset": 80,
			"Text": "じゃーん"
		},
		{
			"Offset": 92,
			"Text": "だっけ"
		},
		{
			"Offset": 104,
			"Text": "のよねー"
		},
		{
			"Offset": 116,
			"Text": "カンジ"
		},
		{
			"Offset": 128,
			"Text": "ってば"
		},
		{
			"Offset": 140,
			"Text": "よねー"
		}
	],
	"Arg2": "cc0c01076f8cffef050e222b3554630040000e27ec260a20"
}