{
	"Args": "0007180038483058",
	"Strings": [
		{
			"Offset": 12,
			"Text": "チュータロー"
		},
		{
			"Offset": 32,
			"Text": "ワタクシ"
		},
		{
			"Offset": 44,
			"Text": "ギャクにいうと"
		},
		{
			"Offset": 80,
			"Text": "サ"
		},
		{
			"Offset": 92,
			"Text": "かい"
		},
		{
			"Offset": 104,
			"Text": "のサ"
		},
		{
			"Offset": 116,
			"Text": "のかい"
		},
		{
			"Offset": 128,
			"Text": "おきなよ"
		},
		{
			"Offset": 140,
			"Text": "か"
		}
	],
	"Arg2": "5c0b000269a5ffef050c212d3547630020000116ec260f20"
}