{
	"Args": "0004110048285838",
	"Strings": [
		{
			"Offset": 12,
			"Text": "オーラ"
		},
		{
			"Offset": 32,
			"Text": "アタクシ"
		},
		{
			"Offset": 44,
			"Text": "レイカンによるとね"
		},
		{
			"Offset": 80,
			"Text": "ね"
		},
		{
			"Offset": 92,
			"Text": "なの"
		},
		{
			"Offset": 104,
			"Text": "のね"
		},
		{
			"Offset": 116,
			"Text": "のね"
		},
		{
			"Offset": 128,
			"Text": "みてね"
		},
		{
			"Offset": 140,
			"Text": "かしらね"
		}
	],
	"Arg2": "660a010a70a2ffef030c2029354b63e028000f26ec261920"
}