{
	"Args": "0000140048285838",
	"Strings": [
		{
			"Offset": 12,
			"Text": "ジェンヌ"
		},
		{
			"Offset": 32,
			"Text": "わたくし"
		},
		{
			"Offset": 44,
			"Text": "ラララ～"
		},
		{
			"Offset": 80,
			"Text": "ララー"
		},
		{
			"Offset": 92,
			"Text": "かしラー"
		},
		{
			"Offset": 104,
			"Text": "ワワー"
		},
		{
			"Offset": 116,
			"Text": "のかラー"
		},
		{
			"Offset": 128,
			"Text": "ネー"
		},
		{
			"Offset": 140,
			"Text": "ネー"
		}
	],
	"Arg2": "990d010a66a7ffef010b1f2c3646636020000f23d8261920"
}