{
	"Args": "0009050038185028",
	"Strings": [
		{
			"Offset": 12,
			"Text": "たまみ"
		},
		{
			"Offset": 32,
			"Text": "あたし"
		},
		{
			"Offset": 44,
			"Text": "うーんと…"
		},
		{
			"Offset": 80,
			"Text": "なの"
		},
		{
			"Offset": 92,
			"Text": "なの"
		},
		{
			"Offset": 104,
			"Text": "の"
		},
		{
			"Offset": 116,
			"Text": "の"
		},
		{
			"Offset": 128,
			"Text": "…"
		},
		{
			"Offset": 140,
			"Text": "……"
		}
	],
	"Arg2": "330f01096ea7ffef030b1f28354c63a038000626ec260520"
}