{
	"Args": "00051a0048285838",
	"Strings": [
		{
			"Offset": 12,
			"Text": "シャーベット"
		},
		{
			"Offset": 32,
			"Text": "わたくし"
		},
		{
			"Offset": 44,
			"Text": "ずがたかい"
		},
		{
			"Offset": 80,
			"Text": "であるぞ"
		},
		{
			"Offset": 92,
			"Text": "であるか"
		},
		{
			"Offset": 104,
			"Text": "ぞ"
		},
		{
			"Offset": 116,
			"Text": "のか"
		},
		{
			"Offset": 128,
			"Text": "くれるか"
		},
		{
			"Offset": 140,
			"Text": "かね"
		}
	],
	"Arg2": "000c010a649effef010c1f29325163e020000b23d8201920"
}