{
	"Args": "00001b0040503038",
	"Strings": [
		{
			"Offset": 12,
			"Text": "シルビア"
		},
		{
			"Offset": 32,
			"Text": "アタシ"
		},
		{
			"Offset": 44,
			"Text": "ちょっとー"
		},
		{
			"Offset": 80,
			"Text": "なのよね"
		},
		{
			"Offset": 92,
			"Text": "なのよね"
		},
		{
			"Offset": 104,
			"Text": "のよね"
		},
		{
			"Offset": 116,
			"Text": "のね"
		},
		{
			"Offset": 128,
			"Text": "よ"
		},
		{
			"Offset": 140,
			"Text": "かしら"
		}
	],
	"Arg2": "eb0d01076ba0ffef050e212b334f63e000000927ec260020"
}