{
	"Args": "0001060060203850",
	"Strings": [
		{
			"Offset": 12,
			"Text": "バーバラ"
		},
		{
			"Offset": 32,
			"Text": "わたし"
		},
		{
			"Offset": 44,
			"Text": "そうなんだけどっ"
		},
		{
			"Offset": 80,
			"Text": "なんだ"
		},
		{
			"Offset": 92,
			"Text": "だって"
		},
		{
			"Offset": 104,
			"Text": "んだ"
		},
		{
			"Offset": 116,
			"Text": "のか"
		},
		{
			"Offset": 128,
			"Text": "ってば"
		},
		{
			"Offset": 140,
			"Text": "ってば"
		}
	],
	"Arg2": "660e010874a6ffef010e212b3352630020000c24e2260f20"
}