{
	"Args": "000b130038185028",
	"Strings": [
		{
			"Offset": 12,
			"Text": "グレース"
		},
		{
			"Offset": 32,
			"Text": "あたい"
		},
		{
			"Offset": 44,
			"Text": "クフフ…"
		},
		{
			"Offset": 80,
			"Text": "だな"
		},
		{
			"Offset": 92,
			"Text": "なん"
		},
		{
			"Offset": 104,
			"Text": "んだよ"
		},
		{
			"Offset": 116,
			"Text": "んか"
		},
		{
			"Offset": 128,
			"Text": "くれ"
		},
		{
			"Offset": 140,
			"Text": "ぜ"
		}
	],
	"Arg2": "000c01096f96ffef050d202a354b63e300060522e2260520"
}