{
	"Args": "0002020038284818",
	"Strings": [
		{
			"Offset": 12,
			"Text": "ももっぺ"
		},
		{
			"Offset": 32,
			"Text": "ももっぺ"
		},
		{
			"Offset": 44,
			"Text": "ももん"
		},
		{
			"Offset": 80,
			"Text": "だもも"
		},
		{
			"Offset": 92,
			"Text": "なんだも"
		},
		{
			"Offset": 104,
			"Text": "もも"
		},
		{
			"Offset": 116,
			"Text": "のもも"
		},
		{
			"Offset": 128,
			"Text": "もも"
		},
		{
			"Offset": 140,
			"Text": "もも"
		}
	],
	"Arg2": "990d010b67a9ffef040c2229334663e020010025d8261e20"
}