{
	"Args": "0009180038483058",
	"Strings": [
		{
			"Offset": 12,
			"Text": "ＴＶ２０Ｃ"
		},
		{
			"Offset": 32,
			"Text": "ボク"
		},
		{
			"Offset": 44,
			"Text": "ガガガ…"
		},
		{
			"Offset": 80,
			"Text": "ガピ"
		},
		{
			"Offset": 92,
			"Text": "ピガ"
		},
		{
			"Offset": 104,
			"Text": "ガピ"
		},
		{
			"Offset": 116,
			"Text": "のピガ"
		},
		{
			"Offset": 128,
			"Text": "ガピ"
		},
		{
			"Offset": 140,
			"Text": "ガピ"
		}
	],
	"Arg2": "660e000264aaffef050c212d355363e044000d1ae2260f20"
}