{
	"Args": "000b060038503020",
	"Strings": [
		{
			"Offset": 12,
			"Text": "デューク"
		},
		{
			"Offset": 32,
			"Text": "わたくし"
		},
		{
			"Offset": 44,
			"Text": "おもうに"
		},
		{
			"Offset": 80,
			"Text": "ですよ"
		},
		{
			"Offset": 92,
			"Text": "ですね"
		},
		{
			"Offset": 104,
			"Text": "のです"
		},
		{
			"Offset": 116,
			"Text": "のですか"
		},
		{
			"Offset": 128,
			"Text": "ください"
		},
		{
			"Offset": 140,
			"Text": "かね"
		}
	],
	"Arg2": "330b00046f9effef010b1f2d365063e040000a15ec261920"
}