{
	"Args": "0000010040404040",
	"Strings": [
		{
			"Offset": 12,
			"Text": "George"
		},
		{
			"Offset": 32,
			"Text": "ワタシ"
		},
		{
			"Offset": 44,
			"Text": "（なんでワシが…）"
		},
		{
			"Offset": 80,
			"Text": "だ"
		},
		{
			"Offset": 92,
			"Text": "な"
		},
		{
			"Offset": 104,
			"Text": "だろう"
		},
		{
			"Offset": 116,
			"Text": "だ"
		},
		{
			"Offset": 128,
			"Text": "な"
		},
		{
			"Offset": 140,
			"Text": "だろう"
		}
	],
	"Arg2": "511000000101010100000000000000020001ff49f6260020"
}