{
	"Args": "0000010040404040",
	"Strings": [
		{
			"Offset": 12,
			"Text": "Agt.Remix"
		},
		{
			"Offset": 32,
			"Text": "ボク"
		},
		{
			"Offset": 44,
			"Text": "でざ　キミちょっとやってみない"
		},
		{
			"Offset": 80,
			"Text": "よ"
		},
		{
			"Offset": 92,
			"Text": "な"
		},
		{
			"Offset": 104,
			"Text": "だろう"
		},
		{
			"Offset": 116,
			"Text": "だ"
		},
		{
			"Offset": 128,
			"Text": "な"
		},
		{
			"Offset": 140,
			"Text": "だろう"
		}
	],
	"Arg2": "ae0f00000101010100000000000000020001ff53f6260020"
}