{
	"Args": "0000010040404040",
	"Strings": [
		{
			"Offset": 12,
			"Text": "Donald"
		},
		{
			"Offset": 32,
			"Text": "オレ"
		},
		{
			"Offset": 44,
			"Text": "やってみない"
		},
		{
			"Offset": 80,
			"Text": "だな"
		},
		{
			"Offset": 92,
			"Text": "な"
		},
		{
			"Offset": 104,
			"Text": "だろう"
		},
		{
			"Offset": 116,
			"Text": "だ"
		},
		{
			"Offset": 128,
			"Text": "な"
		},
		{
			"Offset": 140,
			"Text": "だろう"
		}
	],
	"Arg2": "850b00000101010100000000000000020001ff5400260020"
}