{
	"Args": "0000010040404040",
	"Strings": [
		{
			"Offset": 12,
			"Text": "Hassan"
		},
		{
			"Offset": 32,
			"Text": "ワタシ"
		},
		{
			"Offset": 44,
			"Text": "コレ　トテモイイモノデース"
		},
		{
			"Offset": 80,
			"Text": "デース"
		},
		{
			"Offset": 92,
			"Text": "デスカー"
		},
		{
			"Offset": 104,
			"Text": "デース"
		},
		{
			"Offset": 116,
			"Text": "デスカー"
		},
		{
			"Offset": 128,
			"Text": "デース"
		},
		{
			"Offset": 140,
			"Text": "デース"
		}
	],
	"Arg2": "cc0c00000101010100000000000000020001ff5500260020"
}