[
	{
		"Index": 1,
		"JPN": [
			"<CMD>18802700729b27000180</CMD><CMD>17802700729b270001802700048027000280</CMD><CMD>16802700729b27005581</CMD>Well, well, well <CMD>f481</CMD>\nthank you very much for\n using our mall.",
			"\f"
		]
	},
	{
		"Index": 3,
		"JPN": [
			"<CMD>18802700729b27000180</CMD><CMD>17802700729b2700ad802700068027000280</CMD><CMD>16802700729b27005581</CMD>Hey, come on in.\nTake a good look around.",
			"\f"
		]
	},
	{
		"Index": 4,
		"JPN": [
			"Come on in, welcome to <BREAK><CMD>0982</CMD>!",
			"\f"
		]
	},
	{
		"Index": 5,
		"JPN": [
			"Come on in, welcome to <BREAK><CMD>0982</CMD>!",
			"\f"
		]
	},
	{
		"Index": 6,
		"JPN": [
			"Come on in, welcome to <BREAK><CMD>0982</CMD>!",
			"\f"
		]
	},
	{
		"Index": 7,
		"JPN": [
			"Come on in, welcome to <BREAK><CMD>0982</CMD>!",
			"\f"
		]
	},
	{
		"Index": 8,
		"JPN": [
			"Come on in, welcome to <BREAK><CMD>0982</CMD>!",
			"\f"
		]
	},
	{
		"Index": 9,
		"JPN": [
			"Come on in, welcome to <BREAK><CMD>0982</CMD>!",
			"\f"
		]
	},
	{
		"Index": 10,
		"JPN": [
			"Come on in, welcome to <BREAK><CMD>0982</CMD>!",
			"\f"
		]
	},
	{
		"Index": 11,
		"JPN": [
			"Come on in, welcome to <BREAK><CMD>0982</CMD>!",
			"\f"
		]
	},
	{
		"Index": 12,
		"JPN": [
			"Come on in, welcome to <BREAK><CMD>0982</CMD>!",
			"\f"
		]
	},
	{
		"Index": 13,
		"JPN": [
			"Come on in, welcome to <BREAK><CMD>0982</CMD>!",
			"\f"
		]
	},
	{
		"Index": 14,
		"JPN": [
			"Come on in, welcome to <BREAK><CMD>0982</CMD>!",
			"\f"
		]
	},
	{
		"Index": 15,
		"JPN": [
			"Come on in, welcome to <BREAK><CMD>0982</CMD>!",
			"\f"
		]
	},
	{
		"Index": 16,
		"JPN": [
			"Come on in, welcome to <BREAK><CMD>0982</CMD>!",
			"\f"
		]
	},
	{
		"Index": 20,
		"JPN": [
			"Come on in, welcome to AEON.",
			"\f"
		]
	}
]