[
	{
		"Index": 0,
		"JPN": [
			"<CMD>18802700729b27000180</CMD><CMD>17802700729b2700ad802700068027000280</CMD><CMD>16802700729b27005581</CMD>ああ　{今日|きょう}もたくさん<BREAK>{遊|あそ}び{回|まわ}って<BREAK>くたびれたな",
			"そろそろ{帰|かえ}ろう<CMD>ff8127000580</CMD>",
			"<CMD>13802700758e</CMD>",
			"\f"
		]
	},
	{
		"Index": 1,
		"JPN": [
			"<CMD>3780</CMD>",
			"もっと{遊|あそ}ぼうよ<CMD>13802700768e</CMD>",
			"バイバイ<CMD>13802700778e</CMD>",
			"\f"
		]
	},
	{
		"Index": 2,
		"JPN": [
			"<CMD>18802700729b27000780</CMD><CMD>17802700729b2700b18027000a8027000180</CMD>う～ん…<BREAK>もうちょっとくらいなら<BREAK>つきあってやってもいい<CMD>ff8127000280</CMD> <CMD>4a80</CMD>",
			"\f"
		]
	},
	{
		"Index": 3,
		"JPN": [
			"<CMD>18802700729b27000180</CMD><CMD>17802700729b2700ad802700068027000280</CMD><CMD>16802700729b27005581</CMD>ねる{前|まえ}には　ちゃんと<BREAK>{歯|は}をみがけよ！<BREAK>…なんてな！",
			"\f"
		]
	},
	{
		"Index": 4,
		"JPN": [
			"<CMD>18802700729b27000380</CMD><CMD>17802700729b2700ab8027000a8027000180</CMD><CMD>16802700729b27003081</CMD>なんだか<BREAK>つまらなくなってきたな",
			"またこんど<BREAK>{声|こえ}をかけてくれよ<BREAK>それじゃ！<CMD>17802700739b2700688027000a80</CMD>",
			"\f"
		]
	},
	{
		"Index": 5,
		"JPN": [
			"<CMD>18802700729b27000180</CMD><CMD>17802700729b2700ad802700068027000280</CMD><CMD>16802700729b27005581</CMD>ああ　{今日|きょう}もたくさん<BREAK>{遊|あそ}び{回|まわ}って<BREAK>くたびれたな",
			"<CMD>028227000080</CMD>もちょっとつかれたぜ<BREAK>そろそろ{帰|かえ}ろう<CMD>ff8127000580</CMD>",
			"\f"
		]
	}
]