[
	{
		"Index": 0,
		"JPN": [
			"<CMD>18802700729b27000080</CMD><CMD>17802700729b2700b28027000a8027000180</CMD><CMD>16802700729b27006981</CMD>ねえ　<CMD>f481</CMD> <BREAK>ヒマ<CMD>ff8127000180</CMD>？",
			"{良|よ}かったら<BREAK><CMD>028227000080</CMD>といっしょに<BREAK>どこか{遊|あそ}びに{行|い}かない<CMD>ff8127000180</CMD>？",
			"<CMD>13802700fd88</CMD>",
			"\f"
		]
	},
	{
		"Index": 1,
		"JPN": [
			"<CMD>3780</CMD>",
			"うん<CMD>13802700fe88</CMD>",
			"ゴメン<CMD>13802700ff88</CMD>",
			"\f"
		]
	},
	{
		"Index": 2,
		"JPN": [
			"<CMD>228027000280</CMD><CMD>18802700729b27000680</CMD><CMD>17802700729b2700088027000a8027000180</CMD><CMD>16802700729b27007e81</CMD>そう{言|い}うと{思|おも}った<CMD>ff8127000280</CMD><BREAK>それじゃ　{行|い}こうか",
			"\f"
		]
	},
	{
		"Index": 3,
		"JPN": [
			"<CMD>18802700729b27000580</CMD><CMD>17802700729b2700af802700088027000280</CMD><CMD>16802700729b27005981</CMD><CMD>028227000080</CMD>と<BREAK>{遊|あそ}びたくない<CMD>ff8127000380</CMD>？",
			"<CMD>18802700729b27000680</CMD><CMD>17802700729b2700088027000a8027000180</CMD><CMD>16802700729b27007e81</CMD>ふ～ん　ならいいよ<BREAK><CMD>028227000080</CMD>だって<BREAK>{実|じつ}はいそがしい<CMD>ff8127000280</CMD>",
			"\f"
		]
	},
	{
		"Index": 4,
		"JPN": [
			"<CMD>18802700729b27000080</CMD><CMD>17802700729b2700b28027000a8027000180</CMD><CMD>16802700729b27006981</CMD><CMD>f481</CMD> <BREAK>{時間|じかん}ある<CMD>ff8127000180</CMD>？",
			"<CMD>028227000080</CMD>といっしょに<BREAK>{遊|あそ}んでくれたら<BREAK>うれしいんだけどな",
			"<CMD>138027000189</CMD>",
			"\f"
		]
	},
	{
		"Index": 5,
		"JPN": [
			"<CMD>3780</CMD>",
			"いいよ<CMD>138027000289</CMD>",
			"いや<CMD>138027000389</CMD>",
			"\f"
		]
	},
	{
		"Index": 6,
		"JPN": [
			"<CMD>228027000280</CMD><CMD>18802700729b27000180</CMD><CMD>17802700729b2700ad802700068027000280</CMD><CMD>16802700729b27005581</CMD>そっか",
			"<CMD>f481</CMD>も{本当|ほんとう}は<BREAK><CMD>028227000080</CMD>といっしょに<BREAK>{遊|あそ}びたかったんだね",
			"それじゃ　さっそく<BREAK>{行|い}こう<CMD>ff8127000580</CMD>",
			"\f"
		]
	},
	{
		"Index": 7,
		"JPN": [
			"そうなんだ…<BREAK>まあいいや",
			"<CMD>18802700729b27000680</CMD><CMD>17802700729b2700088027000a8027000180</CMD><CMD>16802700729b27007e81</CMD><CMD>028227000080</CMD>も　<CMD>f481</CMD>とは<BREAK>いっしょに<BREAK>{遊|あそ}びたくないからね",
			"\f"
		]
	},
	{
		"Index": 8,
		"JPN": [
			"ねえ<BREAK><CMD>f481</CMD>",
			"<CMD>18802700729b27000080</CMD><CMD>17802700729b2700b28027000a8027000180</CMD><CMD>16802700729b27006981</CMD><CMD>028227000080</CMD>は<BREAK>お{茶|ちゃ}が{飲|の}みたいんだけど<BREAK><CMD>f481</CMD>もつきあって<CMD>ff8127000480</CMD>",
			"<CMD>138027000589</CMD>",
			"\f"
		]
	},
	{
		"Index": 9,
		"JPN": [
			"<CMD>3780</CMD>",
			"{行|い}く<CMD>138027000689</CMD>",
			"{行|い}かない<CMD>138027000789</CMD>",
			"\f"
		]
	},
	{
		"Index": 10,
		"JPN": [
			"<CMD>228027000280</CMD><CMD>18802700729b27000180</CMD><CMD>17802700729b2700ad802700068027000280</CMD><CMD>16802700729b27005581</CMD>そうこなくっちゃ<BREAK>{勉強|べんきょう}の{後|あと}のお{茶|ちゃ}は<BREAK>{最高|さいこう}においしい<CMD>ff8127000280</CMD>",
			"それじゃ　さっそく<BREAK>{行|い}こう<CMD>ff8127000580</CMD>",
			"\f"
		]
	},
	{
		"Index": 11,
		"JPN": [
			"<CMD>18802700729b27000680</CMD><CMD>17802700729b2700088027000a8027000180</CMD><CMD>16802700729b27007e81</CMD><CMD>028227000080</CMD>とお{茶|ちゃ}を{飲|の}むのが<BREAK>そんなにイヤなのかい？<BREAK>がっかり<CMD>ff8127000080</CMD>",
			"\f"
		]
	},
	{
		"Index": 12,
		"JPN": [
			"<CMD>18802700729b27000080</CMD><CMD>17802700729b2700b28027000a8027000180</CMD><CMD>16802700729b27006981</CMD><CMD>f481</CMD>さっきのじゅぎょうで<BREAK>わからなかったところは<BREAK>ない<CMD>ff8127000380</CMD>？",
			"{良|よ}かったら<BREAK><CMD>028227000080</CMD>がムリョウで<BREAK>{教|おし}えてあげる<CMD>ff8127000280</CMD>",
			"<CMD>138027000989</CMD>",
			"\f"
		]
	},
	{
		"Index": 13,
		"JPN": [
			"<CMD>3780</CMD>",
			"ありがとう<CMD>138027000a89</CMD>",
			"エンリョする<CMD>138027000b89</CMD>",
			"\f"
		]
	},
	{
		"Index": 14,
		"JPN": [
			"<CMD>228027000280</CMD><CMD>18802700729b27000680</CMD><CMD>17802700729b2700088027000a8027000180</CMD><CMD>16802700729b27007e81</CMD>お{礼|れい}なんて<BREAK>いい<CMD>ff8127000280</CMD>",
			"<CMD>028227000080</CMD>のチシキを<BREAK>みんなに{分|わ}けてあげたい<BREAK>だけ<CMD>ff8127000080</CMD>",
			"それじゃ　さっそく<BREAK><CMD>008027000580</CMD>おんしつ<CMD>008027000180</CMD>に<BREAK>{行|い}こう<CMD>ff8127000580</CMD>",
			"\f"
		]
	},
	{
		"Index": 15,
		"JPN": [
			"<CMD>18802700729b27000680</CMD><CMD>17802700729b2700088027000a8027000180</CMD><CMD>16802700729b27007e81</CMD>ふうん<BREAK>そうか",
			"わからなかったところが<BREAK>ないフリして<BREAK>ミエをはってるんだね？",
			"\f"
		]
	}
]