[
	{
		"Index": 0,
		"JPN": [
			"<CMD>18802700729b27000280</CMD><CMD>17802700729b27001c802700088027000480</CMD><CMD>16802700729b27007d81</CMD>おい　<CMD>f481</CMD>！<BREAK>{今|いま}から{遊|あそ}びに{行|い}く<CMD>ff8127000280</CMD>！<BREAK><CMD>028227000080</CMD>につきあえ！",
			"<CMD>13802700fd88</CMD>",
			"\f"
		]
	},
	{
		"Index": 1,
		"JPN": [
			"<CMD>3780</CMD>",
			"はい<CMD>13802700fe88</CMD>",
			"いいえ<CMD>13802700ff88</CMD>",
			"\f"
		]
	},
	{
		"Index": 2,
		"JPN": [
			"<CMD>228027000280</CMD><CMD>18802700729b27000180</CMD><CMD>17802700729b2700ad802700068027000280</CMD><CMD>16802700729b27005581</CMD>いい{返事|へんじ}<CMD>ff8127000080</CMD>！<BREAK>それじゃ<BREAK>いっしょに{行|い}こう<CMD>ff8127000580</CMD>！",
			"\f"
		]
	},
	{
		"Index": 3,
		"JPN": [
			"<CMD>18802700729b27000280</CMD><CMD>17802700729b27001c802700088027000480</CMD><CMD>16802700729b27007d81</CMD><CMD>f481</CMD><BREAK><CMD>028227000080</CMD>の{言|い}うことが<BREAK>{聞|き}けないって{言|い}う<CMD>ff8127000380</CMD>？",
			"{後|あと}でおぼえてろよ！",
			"\f"
		]
	},
	{
		"Index": 4,
		"JPN": [
			"<CMD>18802700729b27000280</CMD><CMD>17802700729b27001c802700088027000480</CMD><CMD>16802700729b27007d81</CMD>よお　<CMD>f481</CMD><BREAK><CMD>028227000080</CMD>　{今|いま}から{遊|あそ}びに<BREAK>{行|い}くけど　いっしょに{来|く}るよな？",
			"<CMD>138027000189</CMD>",
			"\f"
		]
	},
	{
		"Index": 5,
		"JPN": [
			"<CMD>3780</CMD>",
			"うん<CMD>138027000289</CMD>",
			"いや<CMD>138027000389</CMD>",
			"\f"
		]
	},
	{
		"Index": 6,
		"JPN": [
			"<CMD>228027000280</CMD><CMD>18802700729b27000680</CMD><CMD>17802700729b2700088027000a8027000180</CMD><CMD>16802700729b27007e81</CMD>そっか　{来|き}てくれるのか<BREAK>やけに　すなお<CMD>ff8127000080</CMD><BREAK>とにかく　{行|い}こう<CMD>ff8127000580</CMD>！",
			"\f"
		]
	},
	{
		"Index": 7,
		"JPN": [
			"<CMD>18802700729b27000280</CMD><CMD>17802700729b27001c802700088027000480</CMD><CMD>16802700729b27007d81</CMD>なんだと！<BREAK>まさか　{他|ほか}のヤツと<BREAK>{遊|あそ}びにいくんじゃないだろうな？",
			"\f"
		]
	},
	{
		"Index": 8,
		"JPN": [
			"おい　<CMD>f481</CMD><BREAK><CMD>028227000080</CMD>と<BREAK>お{茶飲|ちゃの}みに{行|い}こう<CMD>ff8127000580</CMD>",
			"<CMD>18802700729b27000680</CMD><CMD>17802700729b2700088027000a8027000180</CMD><CMD>16802700729b27007e81</CMD><CMD>f481</CMD>も<BREAK>ノドかわいたよな？",
			"<CMD>138027000589</CMD>",
			"\f"
		]
	},
	{
		"Index": 9,
		"JPN": [
			"<CMD>3780</CMD>",
			"かわいた<CMD>138027000689</CMD>",
			"かわいてない<CMD>138027000789</CMD>",
			"\f"
		]
	},
	{
		"Index": 10,
		"JPN": [
			"<CMD>228027000280</CMD><CMD>18802700729b27000180</CMD><CMD>17802700729b2700ad802700068027000280</CMD><CMD>16802700729b27005581</CMD>だよな～？<BREAK>そう{言|い}うと{思|おも}った<CMD>ff8127000280</CMD><BREAK>じゃ　さっそく{行|い}こう<CMD>ff8127000580</CMD>！",
			"\f"
		]
	},
	{
		"Index": 11,
		"JPN": [
			"<CMD>18802700729b27000680</CMD><CMD>17802700729b2700088027000a8027000180</CMD><CMD>16802700729b27007e81</CMD>そうなのか？<BREAK><CMD>f481</CMD>　こっそり{自分|じぶん}だけ<BREAK>ジュース{飲|の}んでないだろうな？",
			"\f"
		]
	},
	{
		"Index": 12,
		"JPN": [
			"<CMD>18802700729b27000280</CMD><CMD>17802700729b27001c802700088027000480</CMD><CMD>16802700729b27007d81</CMD>おい　<CMD>f481</CMD><BREAK><CMD>028227000080</CMD>に<BREAK>{勉強|べんきょう}おしえて<CMD>ff8127000480</CMD>",
			"<CMD>138027000989</CMD>",
			"\f"
		]
	},
	{
		"Index": 13,
		"JPN": [
			"<CMD>3780</CMD>",
			"うん<CMD>138027000a89</CMD>",
			"ゴメン<CMD>138027000b89</CMD>",
			"\f"
		]
	},
	{
		"Index": 14,
		"JPN": [
			"<CMD>228027000280</CMD><CMD>18802700729b27000180</CMD><CMD>17802700729b2700ad802700068027000280</CMD><CMD>16802700729b27005581</CMD>ほんとか！　{助|たす}かるぜ<BREAK>{先生|せんせい}の{話|はなし}<BREAK>ゼンゼンわかんなかった<CMD>ff8127000280</CMD>",
			"このままじゃ<BREAK>また　ろうかに<BREAK>{立|た}たされちまう<CMD>ff8127000280</CMD>",
			"それじゃ　さっそく<BREAK><CMD>008027000580</CMD>おんしつ<CMD>008027000180</CMD>に<BREAK>{行|い}こう<CMD>ff8127000580</CMD>",
			"おかしぐらい　{用意|ようい}しろよ",
			"\f"
		]
	},
	{
		"Index": 15,
		"JPN": [
			"<CMD>18802700729b27000280</CMD><CMD>17802700729b27001c802700088027000480</CMD><CMD>16802700729b27007d81</CMD>なんだと？<BREAK><CMD>028227000080</CMD>の{言|い}うことが<BREAK>{聞|き}けないって{言|い}う<CMD>ff8127000380</CMD>？",
			"{後|あと}でおぼえてろよ！",
			"\f"
		]
	}
]