[
	{
		"Index": 0,
		"JPN": [
			"<CMD>18802700729b27000280</CMD><CMD>17802700729b27001c802700088027000480</CMD><CMD>16802700729b27007d81</CMD>おう！<BREAK><CMD>028227000080</CMD>はもう{行|い}く<CMD>ff8127000280</CMD>",
			"またあと<CMD>ff8127000080</CMD>",
			"\f"
		]
	},
	{
		"Index": 1,
		"JPN": [
			"<CMD>18802700729b27000280</CMD><CMD>17802700729b27001c802700088027000480</CMD><CMD>16802700729b27007d81</CMD>また　<CMD>f481</CMD>かよ？<BREAK><CMD>028227000080</CMD>　いそがしいんだよ！<BREAK>イライラしてる<CMD>ff8127000280</CMD>",
			"<CMD>18802700729b27000680</CMD><CMD>17802700729b2700088027000a8027000180</CMD><CMD>16802700729b27007e81</CMD>わかったか？　じゃあな！<CMD>618027000b80</CMD>",
			"\f"
		]
	},
	{
		"Index": 2,
		"JPN": [
			"<CMD>18802700729b27000280</CMD><CMD>17802700729b27001c802700088027000480</CMD><CMD>16802700729b27007d81</CMD>あー　もう！<BREAK>さっきから　いそがしいって<BREAK>{言|い}ってる<CMD>ff8127000280</CMD>！",
			"<CMD>028227000080</CMD>に<BREAK>なぐられたくなかったら<BREAK>しつこくすんな！",
			"<CMD>18802700729b27000280</CMD><CMD>17802700729b27001c802700088027000480</CMD><CMD>16802700729b27007d81</CMD>わかった<CMD>ff8127000180</CMD>？<BREAK>じゃあな！<CMD>228027000b80</CMD><CMD>618027000b80</CMD>",
			"\f"
		]
	},
	{
		"Index": 20,
		"JPN": [
			"<CMD>0382</CMD>のことは<BREAK>{話|はな}し{上手|じょうず}だって<BREAK>みんな　ほめてた<CMD>ff8127000280</CMD>",
			"<CMD>0382</CMD>は　どんなヤツにでも<BREAK>{平気|へいき}で{話|はな}しかけるんだ<BREAK>{大|たい}したヤツ<CMD>ff8127000080</CMD>",
			"この<CMD>028227000080</CMD>とだって<BREAK>ビビらないで{話|はな}せるんだから<BREAK>すげーよな",
			"\f"
		]
	},
	{
		"Index": 21,
		"JPN": [
			"<CMD>0382</CMD>は　メチャメチャ<BREAK>{頭|あたま}がいいヤツなんだ<BREAK>{町|まち}のウワサになるくらい<CMD>ff8127000080</CMD>",
			"{先生|せんせい}にどんなこと{聞|き}かれても<BREAK>すらすら{答|こた}えちまうんだから<BREAK>すげーよな",
			"ナイショだけどな<BREAK><CMD>028227000080</CMD>も　よく<CMD>0382</CMD>に<BREAK>{教|おし}えてもらった<CMD>ff8127000280</CMD>",
			"\f"
		]
	},
	{
		"Index": 22,
		"JPN": [
			"<CMD>0382</CMD>は　メチャクチャ<BREAK>{友|とも}だちが{多|おお}いんだ<BREAK>みんなカンシンしてた<CMD>ff8127000280</CMD>",
			"ああやって　{誰|だれ}とでも<BREAK>すぐに{仲良|なかよ}くなれるのって<BREAK>すげーと{思|おも}わない<CMD>ff8127000380</CMD>？",
			"<CMD>18802700729b27000380</CMD><CMD>17802700729b2700ab8027000a8027000180</CMD><CMD>16802700729b27003081</CMD><CMD>028227000080</CMD>なんて<BREAK>みんなこわがって<BREAK>{仲良|なかよ}くなれないんだよ…",
			"\f"
		]
	},
	{
		"Index": 23,
		"JPN": [
			"<CMD>18802700729b27000680</CMD><CMD>17802700729b2700088027000a8027000180</CMD><CMD>16802700729b27007e81</CMD><CMD>0382</CMD>は　イタズラ{好|ず}きで<BREAK>こまったヤツだって<BREAK>{町|まち}のウワサになってた<CMD>ff8127000280</CMD>",
			"イタズラの{数|かず}だけだったら<BREAK><CMD>028227000080</CMD>なんかよりも<BREAK>ずっと{多|おお}かったんだ",
			"<CMD>18802700729b27000380</CMD><CMD>17802700729b2700ab8027000a8027000180</CMD><CMD>16802700729b27003081</CMD>でも　おこられるのは<BREAK><CMD>028227000080</CMD>のほうが{多|おお}いんだよな…<BREAK>{何|なん}でだろーな？",
			"\f"
		]
	},
	{
		"Index": 24,
		"JPN": [
			"<CMD>0382</CMD>は<BREAK><CMD>028227000080</CMD>の{友|とも}だち<CMD>ff8127000080</CMD>",
			"<CMD>0382</CMD>とは　ときどき<BREAK>{遊|あそ}んだりしてたんだ<BREAK>ふつうに{仲良|なかよ}かった<CMD>ff8127000280</CMD>",
			"もっと{時間|じかん}があったら<BREAK>もっと{仲良|なかよ}くなれたかも<BREAK>しれねーな",
			"\f"
		]
	},
	{
		"Index": 25,
		"JPN": [
			"<CMD>0382</CMD>は　{親友|しんゆう}だ<BREAK><CMD>028227000080</CMD>たちは　かたいキズナで<BREAK>むすばれてる<CMD>ff8127000280</CMD>",
			"<CMD>0382</CMD>がこまった{時|とき}には<BREAK>いつでも{助|たす}けてやったし<BREAK>アイツも<CMD>028227000080</CMD>を{助|たす}けてくれた",
			"<CMD>18802700729b27000280</CMD><CMD>17802700729b27001c802700088027000480</CMD><CMD>16802700729b27007d81</CMD>もし　<CMD>0382</CMD>の<BREAK>{悪口言|わるぐちい}うヤツがいたら<BREAK>タダじゃおかない！",
			"\f"
		]
	},
	{
		"Index": 26,
		"JPN": [
			"<CMD>18802700729b27000780</CMD><CMD>17802700729b2700b18027000a8027000180</CMD><CMD>0382</CMD>と<CMD>028227000080</CMD>とは<BREAK>{恋人同士|こいびとどうし}<CMD>ff8127000080</CMD>",
			"<CMD>18802700729b27000280</CMD><CMD>17802700729b27001c802700088027000480</CMD><CMD>16802700729b27007d81</CMD><CMD>0382</CMD>が　{泣|な}かされたら<BREAK><CMD>028227000080</CMD>が　{泣|な}かせたヤツを<BREAK>ぶっとばしてやる<CMD>ff8127000280</CMD>",
			"まだ　そんなコトは<BREAK>{一度|いちど}もないんだけどな",
			"\f"
		]
	},
	{
		"Index": 28,
		"JPN": [
			"<CMD>0382</CMD>とは<BREAK>よくいっしょに<BREAK>ベンチで{話|はなし}をした<CMD>ff8127000280</CMD>",
			"{笑|わら}っちゃうだろ？<BREAK><CMD>028227000080</CMD>が<CMD>0382</CMD>とふたりで<BREAK>ベンチに{座|すわ}って{話|はな}してるなんて",
			"ただ{座|すわ}って{話|はな}すだけなんて<BREAK><CMD>028227000080</CMD>らしくないけど<BREAK>{何|なん}か　{楽|たの}しかった<CMD>ff8127000280</CMD>～",
			"\f"
		]
	},
	{
		"Index": 29,
		"JPN": [
			"<CMD>0382</CMD>とは<BREAK>よくいっしょに<BREAK>{魚|さかな}を{釣|つ}って{遊|あそ}んだ<CMD>ff8127000280</CMD>！",
			"ふたりで{協力|きょうりょく}して<BREAK>すげー{大物|おおもの}をねらったり<BREAK>したんだぞ！",
			"すげー{楽|たの}しかった<CMD>ff8127000280</CMD>！",
			"\f"
		]
	},
	{
		"Index": 30,
		"JPN": [
			"<CMD>0382</CMD>とは　{何度|なんど}も<BREAK>{虫取|むしと}りに{行|い}ったんだ<BREAK>{楽|たの}しかったぜ！",
			"{一度|いちど}　{見|み}たコトのない<BREAK>ヘンな{虫|むし}をつかまえて<BREAK>{大|おお}さわぎになったんだ",
			"すぐ{逃|に}げられちゃったけど<BREAK>あの{虫|むし}<BREAK>{何|なん}だったんだろう<CMD>ff8127000180</CMD>？",
			"\f"
		]
	},
	{
		"Index": 31,
		"JPN": [
			"よく<CMD>0382</CMD>といっしょに<BREAK>ほうきに{乗|の}って{遠|とお}くまで<BREAK>{遊|あそ}びに{行|い}った<CMD>ff8127000280</CMD>",
			"<CMD>0382</CMD>があんまり{飛|と}ばすから<BREAK><CMD>028227000080</CMD>は　ついてくのが<BREAK>{大変|たいへん}だったんだ！",
			"<CMD>18802700729b27000580</CMD><CMD>17802700729b2700638027000a8027000280</CMD><CMD>16802700729b27002f81</CMD>あんなにおとなしい{顔|かお}<BREAK>してんのにな～<BREAK>{人|ひと}は　{見|み}かけによらねーぜ",
			"\f"
		]
	},
	{
		"Index": 32,
		"JPN": [
			"<CMD>0382</CMD>が{買|か}い{物|もの}したいって<BREAK>{言|い}いだすから　<CMD>028227000080</CMD>も<BREAK>いっしょに{行|い}った<CMD>ff8127000280</CMD>",
			"{買|か}い{物|も}の{時|のとき}には　<CMD>0382</CMD><BREAK>すっげー{楽|たの}しそうだったぜ<BREAK>{買|か}い{物|もの}すんのが{好|す}きなのか？",
			"<CMD>18802700729b27000780</CMD><CMD>17802700729b2700b18027000a8027000180</CMD><CMD>028227000080</CMD>は{買|か}い{物|もの}なんて<BREAK>めんどくせーだけだけど<BREAK>まあ　しょーがねえよな",
			"\f"
		]
	},
	{
		"Index": 33,
		"JPN": [
			"<CMD>0382</CMD>には<BREAK>よく{勉強|べんきょう}を<BREAK>{教|おし}えてもらった<CMD>ff8127000280</CMD>",
			"<CMD>0382</CMD>は　<CMD>028227000080</CMD>より<BREAK>{頭|あたま}いいし　{宿題|しゅくだい}とか<BREAK><CMD>0382</CMD>がいないと…",
			"ぜんぜんできねーんだよ",
			"<CMD>18802700729b27000780</CMD><CMD>17802700729b2700b18027000a8027000180</CMD>まあ　{勉強|べんきょう}って{言|い}っても<BREAK>すぐに　<CMD>028227000080</CMD>があきちまって<BREAK>{遊|あそ}びになるんだけどな",
			"\f"
		]
	},
	{
		"Index": 34,
		"JPN": [
			"<CMD>0382</CMD>といっしょの{時|とき}は<BREAK>よく　お{茶飲|ちゃの}みながら<BREAK>ふたりでしゃべってた<CMD>ff8127000280</CMD>",
			"のんびりお{茶飲|ちゃの}むなんて<BREAK><CMD>028227000080</CMD>には　にあわないけどな<BREAK><CMD>0382</CMD>とだと　{楽|たの}しいんだ",
			"いっしょに{飲|の}むヤツによって<BREAK>お{茶|ちゃ}って　{味|あじ}が{変|か}わるんだよな",
			"<CMD>0382</CMD>が<BREAK>{何|なに}か{入|い}れた<CMD>ff8127000380</CMD>？",
			"\f"
		]
	}
]