[
	{
		"Index": 61,
		"JPN": [
			"<CMD>3780</CMD>",
			"いいよ！<CMD>138027000a91</CMD>",
			"むずかしいなぁ<CMD>138027000b91</CMD>",
			"\f"
		]
	},
	{
		"Index": 62,
		"JPN": [
			"サンキュ<BREAK>じゃ　ＰＭ７{時|じ}に<CMD>008027000580</CMD>{恋人|こいびと}みさき<CMD>008027000180</CMD>で<BREAK>{待|ま}ってるから　かならず{来|き}てくれよ",
			"\f"
		]
	},
	{
		"Index": 63,
		"JPN": [
			"じゃ　{来|こ}られる<BREAK>{時間|じかん}を{教|おし}えて　くれねえか？",
			"<CMD>138027000d91</CMD>",
			"\f"
		]
	},
	{
		"Index": 65,
		"JPN": [
			"<CMD>3780</CMD>",
			"ＡＭ１１{時|じ}<CMD>138027000e91</CMD>",
			"ＰＭ１{時|じ}<CMD>138027000f91</CMD>",
			"ＰＭ４{時|じ}<CMD>138027001091</CMD>",
			"ＰＭ７{時|じ}<CMD>138027001191</CMD>",
			"ＰＭ９{時|じ}<CMD>138027001291</CMD>",
			"\f"
		]
	},
	{
		"Index": 66,
		"JPN": [
			"おう　ＡＭ１１{時|じ}だな…<BREAK>{待|ま}ってるからな！<BREAK>かならず{来|こ}いよ！",
			"\f"
		]
	},
	{
		"Index": 67,
		"JPN": [
			"おう　ＰＭ１{時|じ}だな…<BREAK>{待|ま}ってるからな！<BREAK>かならず{来|こ}いよ！",
			"\f"
		]
	},
	{
		"Index": 68,
		"JPN": [
			"おう　ＰＭ４{時|じ}だな…<BREAK>{待|ま}ってるからな！<BREAK>かならず{来|こ}いよ！",
			"\f"
		]
	},
	{
		"Index": 69,
		"JPN": [
			"おう　ＰＭ７{時|じ}だな…<BREAK>{待|ま}ってるからな！<BREAK>かならず{来|こ}いよ！",
			"\f"
		]
	},
	{
		"Index": 70,
		"JPN": [
			"おう　ＰＭ９{時|じ}だな…<BREAK>{待|ま}ってるからな！<BREAK>かならず{来|こ}いよ！",
			"\f"
		]
	},
	{
		"Index": 76,
		"JPN": [
			"<CMD>3780</CMD>",
			"いいよ！<CMD>138027001991</CMD>",
			"むずかしいなぁ<CMD>138027001a91</CMD>",
			"\f"
		]
	},
	{
		"Index": 77,
		"JPN": [
			"サンキュ<BREAK>じゃ　ＰＭ６{時|じ}に<CMD>008027000580</CMD>{恋人|こいびと}みさき<CMD>008027000180</CMD>で<BREAK>{待|ま}ってるから　かならず{来|き}てくれよ",
			"\f"
		]
	},
	{
		"Index": 78,
		"JPN": [
			"じゃ　{来|こ}られる<BREAK>{時間|じかん}を{教|おし}えて　くれねえか？",
			"<CMD>138027001c91</CMD>",
			"\f"
		]
	},
	{
		"Index": 80,
		"JPN": [
			"<CMD>3780</CMD>",
			"ＡＭ１０{時|じ}<CMD>138027001d91</CMD>",
			"ＰＭ１２{時|じ}<CMD>138027001e91</CMD>",
			"ＰＭ３{時|じ}<CMD>138027001f91</CMD>",
			"ＰＭ６{時|じ}<CMD>138027002091</CMD>",
			"ＰＭ８{時|じ}<CMD>138027002191</CMD>",
			"\f"
		]
	},
	{
		"Index": 81,
		"JPN": [
			"おう　ＡＭ１０{時|じ}だな…<BREAK>{待|ま}ってるからな！<BREAK>かならず{来|こ}いよ！",
			"\f"
		]
	},
	{
		"Index": 82,
		"JPN": [
			"おう　ＰＭ１２{時|じ}だな…<BREAK>{待|ま}ってるからな！<BREAK>かならず{来|こ}いよ！",
			"\f"
		]
	},
	{
		"Index": 83,
		"JPN": [
			"おう　ＰＭ３{時|じ}だな…<BREAK>{待|ま}ってるからな！<BREAK>かならず{来|こ}いよ！",
			"\f"
		]
	},
	{
		"Index": 84,
		"JPN": [
			"おう　ＰＭ６{時|じ}だな…<BREAK>{待|ま}ってるからな！<BREAK>かならず{来|こ}いよ！",
			"\f"
		]
	},
	{
		"Index": 85,
		"JPN": [
			"おう　ＰＭ８{時|じ}だな…<BREAK>{待|ま}ってるからな！<BREAK>かならず{来|こ}いよ！",
			"\f"
		]
	},
	{
		"Index": 86,
		"JPN": [
			"<CMD>18802700729b27000180</CMD><CMD>17802700729b2700ad802700068027000280</CMD><CMD>16802700729b27005581</CMD>よし！<BREAK>じゃあ{先|さき}に{行|い}って<BREAK>{待|ま}ってるぜ！",
			"\f"
		]
	},
	{
		"Index": 90,
		"JPN": [
			"ん？　でも　<CMD>f481</CMD> <BREAK>だれかとやくそくしてないか？",
			"やっぱり　やくそくは<BREAK>{守|まも}らないと<BREAK>ダメ<CMD>ff8127000080</CMD>",
			"\f"
		]
	},
	{
		"Index": 91,
		"JPN": [
			"<CMD>49802700bc822700018027000180</CMD>",
			"\f"
		]
	},
	{
		"Index": 92,
		"JPN": [
			"<CMD>49802700be822700018027000180</CMD>",
			"\f"
		]
	},
	{
		"Index": 93,
		"JPN": [
			"<CMD>008027000580</CMD>{恋人|こいびと}みさき<CMD>008027000180</CMD>だからな！<BREAK>わすれんじゃないぞ！",
			"\f"
		]
	},
	{
		"Index": 95,
		"JPN": [
			"なあ　これから<BREAK>あそびにいこうぜ！",
			"<CMD>138027002c91</CMD>",
			"\f"
		]
	},
	{
		"Index": 96,
		"JPN": [
			"<CMD>3780</CMD>",
			"いこう！<CMD>138027002d91</CMD>",
			"あとにする<CMD>138027002e91</CMD>",
			"\f"
		]
	},
	{
		"Index": 97,
		"JPN": [
			"<CMD>18802700729b27000680</CMD><CMD>17802700729b2700088027000a8027000180</CMD><CMD>16802700729b27007e81</CMD>おっし　きまりだ！<BREAK>どこにいこうか？",
			"\f"
		]
	},
	{
		"Index": 98,
		"JPN": [
			"そうか　んじゃまた…",
			"\f"
		]
	}
]