[
	{
		"Index": 0,
		"JPN": [
			"おっ　<CMD>f481</CMD><BREAK>グレムリンの{子|こ}どもなんか<BREAK>つれて　{子守り|こもり}<CMD>ff8127000180</CMD>？",
			"なんだよ　まだぜんぜん<BREAK>なれてないみたい<CMD>ff8127000180</CMD>？<BREAK>ま　<CMD>028227000080</CMD>には{無理|ムリ}<CMD>ff8127000080</CMD>",
			"よく{引き受け|ひきうけ}たな　<CMD>f481</CMD>",
			"よし　ソイツらを<CMD>028227000080</CMD>の<BREAK>{手下|てした}として<BREAK>{教育|キョウイク}して<CMD>ff8127000480</CMD>！<CMD>4f80</CMD>",
			"\f"
		]
	},
	{
		"Index": 1,
		"JPN": [
			"<CMD>f481</CMD><BREAK>{今日|きょう}も{子守り|こもり}<CMD>ff8127000180</CMD>？",
			"なんか　かなり{手下|てした}っぽく<BREAK>なってきてる<CMD>ff8127000280</CMD><BREAK>なかなかやるな",
			"ま　<CMD>028227000080</CMD>にはそんな<BREAK>めんどくさいことは<BREAK>{向|む}いてないからやらない<CMD>ff8127000280</CMD>！<CMD>4f80</CMD>",
			"\f"
		]
	},
	{
		"Index": 2,
		"JPN": [
			"よう　<CMD>f481</CMD>！<BREAK>{今日|きょう}もソイツらと<BREAK>いっしょ<CMD>ff8127000180</CMD>！",
			"たいしたもん<CMD>ff8127000080</CMD><BREAK>ソイツら　<CMD>f481</CMD>に<BREAK>かんぜんにベッタリ<CMD>ff8127000080</CMD>！",
			"<CMD>028227000080</CMD>にもソイツらみたいな<BREAK>{子分|こぶん}がほしい<CMD>ff8127000280</CMD>！<BREAK>うらやましいぜ　<CMD>f481</CMD>！<CMD>4f80</CMD>",
			"\f"
		]
	},
	{
		"Index": 16,
		"JPN": [
			"<CMD>49802700408627003c80</CMD>",
			"\f"
		]
	}
]