[
	{
		"Index": 0,
		"JPN": [
			"どうしたんだい？",
			"<CMD>138027003d8f</CMD>",
			"\f"
		]
	},
	{
		"Index": 1,
		"JPN": [
			"<CMD>3780</CMD>",
			"またね<CMD>138027003e8f</CMD>",
			"なんでもない<CMD>138027003f8f</CMD>",
			"\f"
		]
	},
	{
		"Index": 2,
		"JPN": [
			"じゃあ<BREAK><CMD>008027000880</CMD>しばらく　ここで{遊|あそ}んでるから<CMD>008027000180</CMD><BREAK>また　{声|こえ}をかけて<CMD>ff8127000480</CMD>！<CMD>4f80</CMD>",
			"\f"
		]
	},
	{
		"Index": 3,
		"JPN": [
			"そうかい？<BREAK>じゃあ　どうする<CMD>ff8127000380</CMD>？<CMD>4f80</CMD>",
			"\f"
		]
	},
	{
		"Index": 10,
		"JPN": [
			"ん？",
			"<CMD>13802700478f</CMD>",
			"\f"
		]
	},
	{
		"Index": 11,
		"JPN": [
			"<CMD>3780</CMD>",
			"またね<CMD>13802700488f</CMD>",
			"なんでもない<CMD>13802700498f</CMD>",
			"\f"
		]
	},
	{
		"Index": 12,
		"JPN": [
			"じゃあ　<CMD>008027000880</CMD>しばらく　ここで<BREAK>{遊|あそ}んでる<CMD>008027000180</CMD><CMD>ff8127000580</CMD><CMD>4f80</CMD>",
			"\f"
		]
	},
	{
		"Index": 13,
		"JPN": [
			"そうかい…<CMD>4f80</CMD>",
			"\f"
		]
	},
	{
		"Index": 70,
		"JPN": [
			"<CMD>18802700729b27000580</CMD><CMD>17802700729b2700af802700088027000280</CMD><CMD>16802700729b27005981</CMD>おっ　ひ　ひらめいた！！<BREAK>これはすぐに<BREAK>{書|か}いておかないと…",
			"わるいけど　２かいにいくと<BREAK>{忘|わす}れそうだから<BREAK>ここにいるよ",
			"\f"
		]
	},
	{
		"Index": 71,
		"JPN": [
			"<CMD>18802700729b27000580</CMD><CMD>17802700729b2700af802700088027000280</CMD><CMD>16802700729b27005981</CMD>おっ　ひ　ひらめいた！！<BREAK>これはすぐに<BREAK>{書|か}いておかないと…",
			"べ　べつに…<BREAK>コワイからじゃない<CMD>ff8127000280</CMD>",
			"\f"
		]
	},
	{
		"Index": 72,
		"JPN": [
			"<CMD>18802700729b27000580</CMD><CMD>17802700729b2700af802700088027000280</CMD><CMD>16802700729b27005981</CMD>おっ　ひ　ひらめいた！！<BREAK>わるいけど　またあとでね",
			"\f"
		]
	},
	{
		"Index": 87,
		"JPN": [
			"<CMD>18802700729b27000180</CMD><CMD>17802700729b2700ad802700068027000280</CMD><CMD>16802700729b27005581</CMD><CMD>028227000080</CMD>も<BREAK>ぜひ　{同行|どうこう}させてほしいな",
			"<CMD>13802700948f</CMD>",
			"\f"
		]
	},
	{
		"Index": 88,
		"JPN": [
			"<CMD>3780</CMD>",
			"いいよ<CMD>13802700958f</CMD>",
			"またね<CMD>13802700968f</CMD>",
			"\f"
		]
	},
	{
		"Index": 89,
		"JPN": [
			"<CMD>18802700729b27000180</CMD><CMD>17802700729b2700ad802700068027000280</CMD><CMD>16802700729b27005581</CMD>{計算通|けいさんどお}りだね！<BREAK>あたりまえかな？",
			"じゃあ<BREAK>さっそく{行|い}こう！<CMD>4a80</CMD>",
			"\f"
		]
	},
	{
		"Index": 90,
		"JPN": [
			"<CMD>18802700729b27000580</CMD><CMD>17802700729b2700af802700088027000280</CMD><CMD>16802700729b27005981</CMD>なんで……<BREAK>どこかで{計算|けいさん}ミスをしたかな？",
			"でも<BREAK>こんどはぜったい<BREAK>{遊|あそ}ぼうね！",
			"\f"
		]
	},
	{
		"Index": 96,
		"JPN": [
			"それなら　<CMD>028227000080</CMD>は<BREAK>お{店|みせ}の{中|なか}で<BREAK>{待|ま}ってる<CMD>ff8127000280</CMD>",
			"\f"
		]
	},
	{
		"Index": 97,
		"JPN": [
			"{何|なに}か　{用事|ようじ}がある<CMD>ff8127000380</CMD>？<BREAK>{海岸|かいがん}で{待|ま}ってるから<BREAK>{終|お}わったら{来|き}て<CMD>ff8127000480</CMD>",
			"\f"
		]
	},
	{
		"Index": 98,
		"JPN": [
			"<CMD>18802700729b27000180</CMD><CMD>17802700729b2700ad802700068027000280</CMD><CMD>16802700729b27005581</CMD>{用事|ようじ}は{済|す}んだみたいだね<BREAK>じゃあ　いっしょに<BREAK>{行|い}こうか<CMD>4a80</CMD>",
			"\f"
		]
	},
	{
		"Index": 99,
		"JPN": [
			"なにか　{用事|ようじ}があるようだね？<BREAK>この{辺|へん}で{待|ま}ってるから<BREAK>{行|い}ってきなよ！",
			"\f"
		]
	}
]