[
	{
		"Index": 0,
		"JPN": [
			"<CMD>18802700729b27000080</CMD><CMD>17802700729b2700b28027000a8027000180</CMD><CMD>16802700729b27006981</CMD>もうこんな{時間|じかん}だ<BREAK>そろそろ　{帰|かえ}ろうか？",
			"<CMD>13802700758e</CMD>",
			"\f"
		]
	},
	{
		"Index": 1,
		"JPN": [
			"<CMD>3780</CMD>",
			"もっと{遊|あそ}ぶ<CMD>13802700768e</CMD>",
			"うん<CMD>13802700778e</CMD>",
			"\f"
		]
	},
	{
		"Index": 2,
		"JPN": [
			"<CMD>18802700729b27000780</CMD><CMD>17802700729b2700b18027000a8027000180</CMD>たしかに<BREAK>まだ{遊|あそ}び{足|た}りないね<CMD>4a80</CMD>",
			"<CMD>18802700729b27000180</CMD><CMD>17802700729b2700ad802700068027000280</CMD><CMD>16802700729b27005581</CMD>よし！<BREAK>もっとたくさん{遊|あそ}ぼうか",
			"\f"
		]
	},
	{
		"Index": 3,
		"JPN": [
			"じゃあ　また<BREAK>こんどね",
			"{楽|たの}しかったよ<BREAK>バイバイ",
			"\f"
		]
	},
	{
		"Index": 4,
		"JPN": [
			"ちょっと<BREAK>あきてきちゃったかな…",
			"こんどは<BREAK>さそってね！",
			"{約束|やくそく}だよ！<CMD>17802700739b2700688027000a80</CMD>",
			"\f"
		]
	},
	{
		"Index": 5,
		"JPN": [
			"<CMD>18802700729b27000080</CMD><CMD>17802700729b2700b28027000a8027000180</CMD><CMD>16802700729b27006981</CMD>もうこんな{時間|じかん}だ<BREAK>なごりおしいけど　<BREAK>そろそろ{帰|かえ}る<CMD>ff8127000580</CMD>",
			"\f"
		]
	}
]