[
	{
		"Index": 0,
		"JPN": [
			"ちょっといいかな…",
			"<CMD>18802700729b27000580</CMD><CMD>17802700729b2700af802700088027000180</CMD><CMD>16802700729b27005681</CMD>まず　アツいロックのたましいを<BREAK>コーデにとりいれてみるのが<BREAK>いいと{思|おも}う<CMD>ff8127000280</CMD>",
			"つまり　ロックっぽい<BREAK>スタイルのコーデを<BREAK>{作|つく}るわけ<CMD>ff8127000080</CMD>",
			"<CMD>18802700729b27000180</CMD><CMD>17802700729b2700ad802700068027000280</CMD><CMD>16802700729b27005581</CMD>そうすれば　きっと<BREAK>いい{感|かん}じのものが<BREAK>できる<CMD>ff8127000280</CMD>",
			"\f"
		]
	},
	{
		"Index": 1,
		"JPN": [
			"ちょっといいかな…",
			"<CMD>18802700729b27000580</CMD><CMD>17802700729b2700af802700088027000180</CMD><CMD>16802700729b27005681</CMD>{思|おも}うのだが　コーデを{作|つく}る{時|とき}<BREAK>{大事|だいじ}なのは　やはり　どんな<BREAK>スタイルにするか<CMD>ff8127000080</CMD>",
			"<CMD>18802700729b27000180</CMD><CMD>17802700729b2700ad802700068027000280</CMD><CMD>16802700729b27005581</CMD>そこで　まず<BREAK>スポーティなスタイルを<BREAK>{目指|めざ}す<CMD>ff8127000280</CMD>",
			"どうやってコーデを<BREAK>スポーティにするかは<BREAK>これから{考|かんが}えてみる<CMD>ff8127000280</CMD>",
			"\f"
		]
	},
	{
		"Index": 2,
		"JPN": [
			"ちょっといいかな…",
			"<CMD>18802700729b27000580</CMD><CMD>17802700729b2700af802700088027000180</CMD><CMD>16802700729b27005681</CMD>{今|いま}　{思|おも}いついたのだけど<BREAK>やはり　スタンダード<CMD>ff8127000080</CMD>",
			"<CMD>18802700729b27000680</CMD><CMD>17802700729b2700088027000a8027000180</CMD><CMD>16802700729b27007e81</CMD>なにがって？<BREAK>もちろんコーデの{話|はなし}<CMD>ff8127000080</CMD>",
			"<CMD>18802700729b27000180</CMD><CMD>17802700729b2700ad802700068027000280</CMD><CMD>16802700729b27005581</CMD>まずは　スタンダードなスタイルの<BREAK>コーデを{目指|めざ}せば　いいのが<BREAK>できる{気|き}がする<CMD>ff8127000280</CMD>",
			"\f"
		]
	},
	{
		"Index": 3,
		"JPN": [
			"ちょっといいかな…",
			"<CMD>18802700729b27000380</CMD><CMD>17802700729b2700ab8027000a8027000180</CMD><CMD>16802700729b27003081</CMD>なんでこう　{思|おも}うような<BREAK>コーデができないのか<BREAK>フシギ<CMD>ff8127000080</CMD>",
			"<CMD>18802700729b27000580</CMD><CMD>17802700729b2700af802700088027000180</CMD><CMD>16802700729b27005681</CMD>ん？　フシギ……？<BREAK>そうか！<BREAK>フシギなコーデ<CMD>ff8127000080</CMD>！",
			"まずは<BREAK>フシギな{感|かん}じのコーデを<BREAK>{作|つく}ってみる<CMD>ff8127000280</CMD>",
			"\f"
		]
	},
	{
		"Index": 4,
		"JPN": [
			"ちょっといいかな…",
			"<CMD>18802700729b27000580</CMD><CMD>17802700729b2700aa8027000a8027000180</CMD><CMD>16802700729b27002d81</CMD>うーん　どんなコーデを<BREAK>{作|つく}ればいいのか<BREAK>{考|かんが}えているのだけど…",
			"まずは　エレガントな<BREAK>{感|かん}じのものを{目指|めざ}してみると<BREAK>いいかもしれない<CMD>ff8127000280</CMD>",
			"<CMD>18802700729b27000180</CMD><CMD>17802700729b2700ad802700068027000280</CMD><CMD>16802700729b27005581</CMD>うん　そんな{気|き}がする<CMD>ff8127000280</CMD><BREAK>エレガントなコーデを<BREAK>{作|つく}ってみる<CMD>ff8127000280</CMD>",
			"\f"
		]
	},
	{
		"Index": 5,
		"JPN": [
			"ちょっといいかな…",
			"{何|なに}から{手|て}をつけるべきか<BREAK>いろいろ{考|かんが}えてみた<CMD>ff8127000280</CMD>",
			"とりあえず<BREAK>クールな{感|かん}じのコーデを<BREAK>{目指|めざ}すのがいいと{思|おも}う<CMD>ff8127000280</CMD>",
			"<CMD>18802700729b27000180</CMD><CMD>17802700729b2700ad802700068027000280</CMD><CMD>16802700729b27005581</CMD>やっぱり<BREAK>クールなファッションが<BREAK>{一番|いちばん}<CMD>ff8127000080</CMD>",
			"\f"
		]
	},
	{
		"Index": 6,
		"JPN": [
			"ちょっといいかな…",
			"<CMD>18802700729b27000580</CMD><CMD>17802700729b2700af802700088027000180</CMD><CMD>16802700729b27005681</CMD>とりあえず　{色|いろ}から<BREAK>{考|かんが}えるのが<BREAK>よいと{思|おも}う<CMD>ff8127000280</CMD>",
			"{色|いろ}には　あたたかい{色|いろ}と<BREAK>さわやかな{色|いろ}がある<CMD>ff8127000280</CMD>",
			"{青|あお}とか　{水色|みずいろ}なんかは<BREAK>さわやかな{色|いろ}<CMD>ff8127000080</CMD>",
			"{他|ほか}にも{緑|みどり}や　むらさきも<BREAK>いいかもしれない<CMD>ff8127000280</CMD>",
			"<CMD>18802700729b27000180</CMD><CMD>17802700729b2700ad802700068027000280</CMD><CMD>16802700729b27005581</CMD>そんなさわやかな{色|いろ}を<BREAK>コーデに{使|つか}ってみると<BREAK>いいと{思|おも}う<CMD>ff8127000280</CMD>",
			"\f"
		]
	},
	{
		"Index": 7,
		"JPN": [
			"ちょっといいかな…",
			"<CMD>18802700729b27000580</CMD><CMD>17802700729b2700af802700088027000180</CMD><CMD>16802700729b27005681</CMD>とりあえず<BREAK>フォーマルというのが<BREAK>キーワードだと{思|おも}う<CMD>ff8127000280</CMD>",
			"<CMD>18802700729b27000080</CMD><CMD>17802700729b2700b28027000a8027000180</CMD><CMD>16802700729b27006981</CMD>コーデをフォーマルな{感|かん}じに<BREAK>するには　どうするのが<BREAK>いいと{思|おも}う<CMD>ff8127000380</CMD>？",
			"<CMD>18802700729b27000580</CMD><CMD>17802700729b2700aa8027000a8027000180</CMD><CMD>16802700729b27002d81</CMD>まずはそこから<BREAK>{考|かんが}えてみる<CMD>ff8127000280</CMD>",
			"\f"
		]
	},
	{
		"Index": 8,
		"JPN": [
			"ちょっといいかな…",
			"<CMD>18802700729b27000580</CMD><CMD>17802700729b2700af802700088027000180</CMD><CMD>16802700729b27005681</CMD>{色|いろ}はやっぱり<BREAK>ピンクを{使|つか}うのが<BREAK>いいと{思|おも}う<CMD>ff8127000280</CMD>",
			"かわいいコーデには<BREAK>ピンクが{合|あ}うはず<CMD>ff8127000080</CMD>",
			"<CMD>18802700729b27000580</CMD><CMD>17802700729b2700af802700088027000280</CMD><CMD>16802700729b27005981</CMD>コーデのどこにピンクを<BREAK>{使|つか}うのがいいかなぁ<BREAK>まよう<CMD>ff8127000280</CMD>",
			"\f"
		]
	},
	{
		"Index": 9,
		"JPN": [
			"ちょっといいかな…",
			"<CMD>18802700729b27000380</CMD><CMD>17802700729b2700ab8027000a8027000180</CMD><CMD>16802700729b27003081</CMD>ずっと　コーデに<BREAK>なにか{足|た}りない{気|き}が<BREAK>していた<CMD>ff8127000280</CMD>",
			"<CMD>18802700729b27000080</CMD><CMD>17802700729b2700b28027000a8027000180</CMD><CMD>16802700729b27006981</CMD>コーデに<CMD>008027000480</CMD>ジャケット<CMD>008027000180</CMD>を<BREAK>{取|と}り{入|い}れてみては<BREAK>どう<CMD>ff8127000180</CMD>？",
			"うん　そうすると<BREAK>きっといい{感|かん}じに<BREAK>なると{思|おも}う<CMD>ff8127000280</CMD>",
			"\f"
		]
	},
	{
		"Index": 10,
		"JPN": [
			"<CMD>18802700729b27000080</CMD><CMD>17802700729b2700b28027000a8027000180</CMD><CMD>16802700729b27006981</CMD>ところで<CMD>f481</CMD><BREAK><CMD>028227000080</CMD>なりに<BREAK>{考|かんが}えてみた<CMD>ff8127000280</CMD>",
			"<CMD>18802700729b27000580</CMD><CMD>17802700729b2700af802700088027000180</CMD><CMD>16802700729b27005681</CMD>{今|いま}　もとめているコーデに<BREAK>ひつようなもの　それは<BREAK>かわいさだと{思|おも}う<CMD>ff8127000280</CMD>",
			"つまり<BREAK>かわいいコーデを{作|つく}るのが",
			"<CMD>18802700729b27000180</CMD><CMD>17802700729b2700ad802700068027000280</CMD><CMD>16802700729b27005581</CMD>そうごうてきにはんだんして<BREAK>セイカイかもしれない<CMD>ff8127000280</CMD>",
			"\f"
		]
	},
	{
		"Index": 11,
		"JPN": [
			"<CMD>18802700729b27000080</CMD><CMD>17802700729b2700b28027000a8027000180</CMD><CMD>16802700729b27006981</CMD>ところで<CMD>f481</CMD><BREAK><CMD>028227000080</CMD>なりに<BREAK>{考|かんが}えてみた<CMD>ff8127000280</CMD>",
			"<CMD>18802700729b27000580</CMD><CMD>17802700729b2700af802700088027000180</CMD><CMD>16802700729b27005681</CMD>{今|いま}　もとめているコーデに<BREAK>ひつようなもの　それは<BREAK>かっこよさだと{思|おも}う<CMD>ff8127000280</CMD>",
			"つまり<BREAK>かっこいいコーデを{作|つく}るのが",
			"<CMD>18802700729b27000180</CMD><CMD>17802700729b2700ad802700068027000280</CMD><CMD>16802700729b27005581</CMD>そうごうてきにはんだんして<BREAK>セイカイかもしれない<CMD>ff8127000280</CMD>",
			"\f"
		]
	},
	{
		"Index": 12,
		"JPN": [
			"<CMD>18802700729b27000080</CMD><CMD>17802700729b2700b28027000a8027000180</CMD><CMD>16802700729b27006981</CMD>ところで<CMD>f481</CMD><BREAK><CMD>028227000080</CMD>なりに<BREAK>{考|かんが}えてみた<CMD>ff8127000280</CMD>",
			"<CMD>18802700729b27000580</CMD><CMD>17802700729b2700af802700088027000180</CMD><CMD>16802700729b27005681</CMD>{今|いま}　もとめているコーデに<BREAK>ひつようなもの　それは<BREAK>シンプルさだと{思|おも}う<CMD>ff8127000280</CMD>",
			"つまり<BREAK>シンプルなコーデを{作|つく}るのが",
			"<CMD>18802700729b27000180</CMD><CMD>17802700729b2700ad802700068027000280</CMD><CMD>16802700729b27005581</CMD>そうごうてきにはんだんして<BREAK>セイカイかもしれない<CMD>ff8127000280</CMD>",
			"\f"
		]
	},
	{
		"Index": 13,
		"JPN": [
			"<CMD>18802700729b27000080</CMD><CMD>17802700729b2700b28027000a8027000180</CMD><CMD>16802700729b27006981</CMD>ところで<CMD>f481</CMD><BREAK><CMD>028227000080</CMD>なりに<BREAK>{考|かんが}えてみた<CMD>ff8127000280</CMD>",
			"<CMD>18802700729b27000580</CMD><CMD>17802700729b2700af802700088027000180</CMD><CMD>16802700729b27005681</CMD>{今|いま}　もとめているコーデに<BREAK>ひつようなもの　それは<BREAK>ゴージャスだと{思|おも}う<CMD>ff8127000280</CMD>",
			"つまり<BREAK>ゴージャスなコーデを{作|つく}るのが",
			"<CMD>18802700729b27000180</CMD><CMD>17802700729b2700ad802700068027000280</CMD><CMD>16802700729b27005581</CMD>そうごうてきにはんだんして<BREAK>セイカイかもしれない<CMD>ff8127000280</CMD>",
			"\f"
		]
	},
	{
		"Index": 14,
		"JPN": [
			"<CMD>18802700729b27000080</CMD><CMD>17802700729b2700b28027000a8027000180</CMD><CMD>16802700729b27006981</CMD>ところで<CMD>f481</CMD><BREAK><CMD>028227000080</CMD>なりに<BREAK>{考|かんが}えてみた<CMD>ff8127000280</CMD>",
			"<CMD>18802700729b27000580</CMD><CMD>17802700729b2700af802700088027000180</CMD><CMD>16802700729b27005681</CMD>{今|いま}　もとめているコーデに<BREAK>ひつようなもの　それは<BREAK>{赤|あか}だと{思|おも}う<CMD>ff8127000280</CMD>",
			"つまり<BREAK>じょうねつの{赤|あか}を{使|つか}う{事|こと}が",
			"<CMD>18802700729b27000180</CMD><CMD>17802700729b2700ad802700068027000280</CMD><CMD>16802700729b27005581</CMD>そうごうてきにはんだんして<BREAK>セイカイかもしれない<CMD>ff8127000280</CMD>",
			"\f"
		]
	},
	{
		"Index": 15,
		"JPN": [
			"<CMD>18802700729b27000080</CMD><CMD>17802700729b2700b28027000a8027000180</CMD><CMD>16802700729b27006981</CMD>ところで<CMD>f481</CMD><BREAK><CMD>028227000080</CMD>なりに<BREAK>{考|かんが}えてみた<CMD>ff8127000280</CMD>",
			"<CMD>18802700729b27000580</CMD><CMD>17802700729b2700af802700088027000180</CMD><CMD>16802700729b27005681</CMD>{今|いま}　もとめているコーデに<BREAK>ひつようなもの　それは<BREAK>{青|あお}だと{思|おも}う<CMD>ff8127000280</CMD>",
			"つまり<BREAK>{海|うみ}の{青|あお}を{使|つか}う{事|こと}が",
			"<CMD>18802700729b27000180</CMD><CMD>17802700729b2700ad802700068027000280</CMD><CMD>16802700729b27005581</CMD>そうごうてきにはんだんして<BREAK>セイカイかもしれない<CMD>ff8127000280</CMD>",
			"\f"
		]
	},
	{
		"Index": 16,
		"JPN": [
			"<CMD>18802700729b27000080</CMD><CMD>17802700729b2700b28027000a8027000180</CMD><CMD>16802700729b27006981</CMD>ところで<CMD>f481</CMD><BREAK><CMD>028227000080</CMD>なりに<BREAK>{考|かんが}えてみた<CMD>ff8127000280</CMD>",
			"<CMD>18802700729b27000580</CMD><CMD>17802700729b2700af802700088027000180</CMD><CMD>16802700729b27005681</CMD>{今|いま}　もとめているコーデに<BREAK>ひつようなもの　それは<BREAK>{黄色|きいろ}だと{思|おも}う<CMD>ff8127000280</CMD>",
			"つまり<BREAK><CMD>008027000480</CMD>レモン<CMD>008027000180</CMD>のような<BREAK>すっぱい{黄色|きいろ}を{使|つか}う{事|こと}が",
			"<CMD>18802700729b27000180</CMD><CMD>17802700729b2700ad802700068027000280</CMD><CMD>16802700729b27005581</CMD>そうごうてきにはんだんして<BREAK>セイカイかもしれない<CMD>ff8127000280</CMD>",
			"\f"
		]
	},
	{
		"Index": 17,
		"JPN": [
			"<CMD>18802700729b27000080</CMD><CMD>17802700729b2700b28027000a8027000180</CMD><CMD>16802700729b27006981</CMD>ところで<CMD>f481</CMD><BREAK><CMD>028227000080</CMD>なりに<BREAK>{考|かんが}えてみた<CMD>ff8127000280</CMD>",
			"<CMD>18802700729b27000580</CMD><CMD>17802700729b2700af802700088027000180</CMD><CMD>16802700729b27005681</CMD>{今|いま}　もとめているコーデに<BREAK>ひつようなもの　それは<BREAK>{緑色|みどりいろ}だと{思|おも}う<CMD>ff8127000280</CMD>",
			"つまり<BREAK>{森|もり}のような{緑色|みどりいろ}を<BREAK>{使|つか}う{事|こと}が",
			"<CMD>18802700729b27000180</CMD><CMD>17802700729b2700ad802700068027000280</CMD><CMD>16802700729b27005581</CMD>そうごうてきにはんだんして<BREAK>セイカイかもしれない<CMD>ff8127000280</CMD>",
			"\f"
		]
	},
	{
		"Index": 18,
		"JPN": [
			"<CMD>18802700729b27000080</CMD><CMD>17802700729b2700b28027000a8027000180</CMD><CMD>16802700729b27006981</CMD>ところで<CMD>f481</CMD><BREAK><CMD>028227000080</CMD>なりに<BREAK>{考|かんが}えてみた<CMD>ff8127000280</CMD>",
			"<CMD>18802700729b27000580</CMD><CMD>17802700729b2700af802700088027000180</CMD><CMD>16802700729b27005681</CMD>{今|いま}　もとめているコーデに<BREAK>ひつようなもの　それは<BREAK>むらさき{色|いろ}だと{思|おも}う<CMD>ff8127000280</CMD>",
			"つまり<BREAK>しんぴてきでセクシーな<BREAK>むらさき{色|いろ}を{使|つか}う{事|こと}が",
			"<CMD>18802700729b27000180</CMD><CMD>17802700729b2700ad802700068027000280</CMD><CMD>16802700729b27005581</CMD>そうごうてきにはんだんして<BREAK>セイカイかもしれない<CMD>ff8127000280</CMD>",
			"\f"
		]
	},
	{
		"Index": 19,
		"JPN": [
			"<CMD>18802700729b27000080</CMD><CMD>17802700729b2700b28027000a8027000180</CMD><CMD>16802700729b27006981</CMD>ところで<CMD>f481</CMD><BREAK><CMD>028227000080</CMD>なりに<BREAK>{考|かんが}えてみた<CMD>ff8127000280</CMD>",
			"<CMD>18802700729b27000580</CMD><CMD>17802700729b2700af802700088027000180</CMD><CMD>16802700729b27005681</CMD>{今|いま}　もとめているコーデに<BREAK>ひつようなもの　それは<BREAK>{茶色|ちゃいろ}だと{思|おも}う<CMD>ff8127000280</CMD>",
			"つまり<BREAK>{大地|だいち}のような{茶色|ちゃいろ}を<BREAK>{使|つか}う{事|こと}が",
			"<CMD>18802700729b27000180</CMD><CMD>17802700729b2700ad802700068027000280</CMD><CMD>16802700729b27005581</CMD>そうごうてきにはんだんして<BREAK>セイカイかもしれない<CMD>ff8127000280</CMD>",
			"\f"
		]
	},
	{
		"Index": 20,
		"JPN": [
			"<CMD>18802700729b27000080</CMD><CMD>17802700729b2700b28027000a8027000180</CMD><CMD>16802700729b27006981</CMD>ところで<CMD>f481</CMD><BREAK><CMD>028227000080</CMD>なりに<BREAK>{考|かんが}えてみた<CMD>ff8127000280</CMD>",
			"<CMD>18802700729b27000580</CMD><CMD>17802700729b2700af802700088027000180</CMD><CMD>16802700729b27005681</CMD>{今|いま}　もとめているコーデに<BREAK>ひつようなもの　それは<BREAK>{黒|くろ}だと{思|おも}う<CMD>ff8127000280</CMD>",
			"つまり<BREAK>{大人|おとな}びた{黒|くろ}を{使|つか}う{事|こと}が",
			"<CMD>18802700729b27000180</CMD><CMD>17802700729b2700ad802700068027000280</CMD><CMD>16802700729b27005581</CMD>そうごうてきにはんだんして<BREAK>セイカイかもしれない<CMD>ff8127000280</CMD>",
			"\f"
		]
	},
	{
		"Index": 21,
		"JPN": [
			"<CMD>18802700729b27000080</CMD><CMD>17802700729b2700b28027000a8027000180</CMD><CMD>16802700729b27006981</CMD>ところで<CMD>f481</CMD><BREAK><CMD>028227000080</CMD>なりに<BREAK>{考|かんが}えてみた<CMD>ff8127000280</CMD>",
			"<CMD>18802700729b27000580</CMD><CMD>17802700729b2700af802700088027000180</CMD><CMD>16802700729b27005681</CMD>{今|いま}　もとめているコーデに<BREAK>ひつようなもの　それは<BREAK>{白|しろ}だと{思|おも}う<CMD>ff8127000280</CMD>",
			"つまり<BREAK>けがれなき{白|しろ}を{使|つか}う{事|こと}が",
			"<CMD>18802700729b27000180</CMD><CMD>17802700729b2700ad802700068027000280</CMD><CMD>16802700729b27005581</CMD>そうごうてきにはんだんして<BREAK>セイカイかもしれない<CMD>ff8127000280</CMD>",
			"\f"
		]
	},
	{
		"Index": 22,
		"JPN": [
			"<CMD>18802700729b27000080</CMD><CMD>17802700729b2700b28027000a8027000180</CMD><CMD>16802700729b27006981</CMD>ところで<CMD>f481</CMD><BREAK><CMD>028227000080</CMD>なりに<BREAK>{考|かんが}えてみた<CMD>ff8127000280</CMD>",
			"<CMD>18802700729b27000580</CMD><CMD>17802700729b2700af802700088027000180</CMD><CMD>16802700729b27005681</CMD>{今|いま}　もとめているコーデに<BREAK>ひつようなもの　それは<BREAK>グレーだと{思|おも}う<CMD>ff8127000280</CMD>",
			"つまり<BREAK>{白|しろ}でも{黒|くろ}でもなく<BREAK>グレーを{使|つか}う{事|こと}が",
			"<CMD>18802700729b27000180</CMD><CMD>17802700729b2700ad802700068027000280</CMD><CMD>16802700729b27005581</CMD>そうごうてきにはんだんして<BREAK>セイカイかもしれない<CMD>ff8127000280</CMD>",
			"\f"
		]
	},
	{
		"Index": 23,
		"JPN": [
			"<CMD>18802700729b27000080</CMD><CMD>17802700729b2700b28027000a8027000180</CMD><CMD>16802700729b27006981</CMD>ところで<CMD>f481</CMD><BREAK><CMD>028227000080</CMD>なりに<BREAK>{考|かんが}えてみた<CMD>ff8127000280</CMD>",
			"<CMD>18802700729b27000580</CMD><CMD>17802700729b2700af802700088027000180</CMD><CMD>16802700729b27005681</CMD>{今|いま}　もとめているコーデに<BREAK>ひつようなもの　それは<BREAK>ピンク{色|いろ}だと{思|おも}う<CMD>ff8127000280</CMD>",
			"つまり<BREAK>{女|おんな}の{子|こ}がこのみそうな<BREAK>ピンク{色|いろ}を{使|つか}う{事|こと}が",
			"<CMD>18802700729b27000180</CMD><CMD>17802700729b2700ad802700068027000280</CMD><CMD>16802700729b27005581</CMD>そうごうてきにはんだんして<BREAK>セイカイかもしれない<CMD>ff8127000280</CMD>",
			"\f"
		]
	},
	{
		"Index": 24,
		"JPN": [
			"<CMD>18802700729b27000080</CMD><CMD>17802700729b2700b28027000a8027000180</CMD><CMD>16802700729b27006981</CMD>ところで<CMD>f481</CMD><BREAK><CMD>028227000080</CMD>なりに<BREAK>{考|かんが}えてみた<CMD>ff8127000280</CMD>",
			"<CMD>18802700729b27000580</CMD><CMD>17802700729b2700af802700088027000180</CMD><CMD>16802700729b27005681</CMD>{今|いま}　もとめているコーデに<BREAK>ひつようなもの　それは<BREAK>オレンジ{色|いろ}だと{思|おも}う<CMD>ff8127000280</CMD>",
			"つまり<BREAK>あまずっぱいオレンジ{色|いろ}を<BREAK>{使|つか}う{事|こと}が",
			"<CMD>18802700729b27000180</CMD><CMD>17802700729b2700ad802700068027000280</CMD><CMD>16802700729b27005581</CMD>そうごうてきにはんだんして<BREAK>セイカイかもしれない<CMD>ff8127000280</CMD>",
			"\f"
		]
	},
	{
		"Index": 25,
		"JPN": [
			"<CMD>18802700729b27000080</CMD><CMD>17802700729b2700b28027000a8027000180</CMD><CMD>16802700729b27006981</CMD>ところで<CMD>f481</CMD><BREAK><CMD>028227000080</CMD>なりに<BREAK>{考|かんが}えてみた<CMD>ff8127000280</CMD>",
			"<CMD>18802700729b27000580</CMD><CMD>17802700729b2700af802700088027000180</CMD><CMD>16802700729b27005681</CMD>{今|いま}　もとめているコーデに<BREAK>ひつようなもの　それは<BREAK>{水色|みずいろ}だと{思|おも}う<CMD>ff8127000280</CMD>",
			"つまり<BREAK>{女|おんな}の{子|こ}にも{大人気|だいにんき}な<BREAK>{水色|みずいろ}を{使|つか}う{事|こと}が",
			"<CMD>18802700729b27000180</CMD><CMD>17802700729b2700ad802700068027000280</CMD><CMD>16802700729b27005581</CMD>そうごうてきにはんだんして<BREAK>セイカイかもしれない<CMD>ff8127000280</CMD>",
			"\f"
		]
	},
	{
		"Index": 26,
		"JPN": [
			"<CMD>18802700729b27000680</CMD><CMD>17802700729b2700088027000a8027000180</CMD><CMD>16802700729b27007e81</CMD>おや？<BREAK>なんでもない<CMD>ff8127000380</CMD>？",
			"<CMD>18802700729b27000080</CMD><CMD>17802700729b270001802700048027000080</CMD>でしたら　{服|ふく}を{見|み}て<BREAK>まわる{事|こと}にもどるのを<BREAK>ていあんする<CMD>ff8127000280</CMD>",
			"\f"
		]
	}
]