[
	{
		"Index": 0,
		"JPN": [
			"さて　ファッションショーの<BREAK>かいさい{期間|きかん}に<BREAK>とつにゅうした<CMD>ff8127000280</CMD>",
			"<CMD>18802700729b27000180</CMD><CMD>17802700729b2700ad802700068027000280</CMD><CMD>16802700729b27005581</CMD>さまざまなコーデを{見|み}ることが<BREAK>できそうなので　<CMD>028227000080</CMD>としても<BREAK>とても{期待|きたい}している<CMD>ff8127000280</CMD>",
			"\f"
		]
	},
	{
		"Index": 1,
		"JPN": [
			"<CMD>18802700729b27000080</CMD><CMD>17802700729b2700b28027000a8027000180</CMD><CMD>16802700729b27006981</CMD>ファッションショーが<BREAK>{開|ひら}かれてるけど　<CMD>f481</CMD>は<BREAK>さんかする<CMD>ff8127000380</CMD>？",
			"ブランドを{持|も}つ<CMD>f481</CMD>は<BREAK>しゅさいもできるわけ<CMD>ff8127000080</CMD>",
			"<CMD>18802700729b27000180</CMD><CMD>17802700729b2700ad802700068027000280</CMD><CMD>16802700729b27005581</CMD>{実|じつ}に　うらやましい<CMD>ff8127000280</CMD>",
			"\f"
		]
	},
	{
		"Index": 2,
		"JPN": [
			"<CMD>18802700729b27000480</CMD><CMD>17802700729b2700ab8027000a8027000180</CMD><CMD>16802700729b27007f81</CMD>{今回|こんかい}のファッションショーでは<BREAK><CMD>f481</CMD>のひょうかは<BREAK>あまりよくなかったよう<CMD>ff8127000080</CMD>",
			"しかし{次|つぎ}には　きっと<BREAK>{高|たか}くひょうかされると<BREAK><CMD>028227000080</CMD>は{信|しん}じている<CMD>ff8127000280</CMD>",
			"\f"
		]
	},
	{
		"Index": 3,
		"JPN": [
			"ファッションショーを<BREAK>はいけんした<CMD>ff8127000280</CMD><BREAK>そこそこ　{見事|みごと}<CMD>ff8127000080</CMD>",
			"<CMD>18802700729b27000580</CMD><CMD>17802700729b2700af802700088027000180</CMD><CMD>16802700729b27005681</CMD>まさか<CMD>f481</CMD>が　モデルの<BREAK>ソシツを{持|も}っていたとは<BREAK>{知|し}らなかった<CMD>ff8127000280</CMD>",
			"\f"
		]
	},
	{
		"Index": 4,
		"JPN": [
			"<CMD>18802700729b27000180</CMD><CMD>17802700729b2700ad802700068027000280</CMD><CMD>16802700729b27005581</CMD>ファッションショーは　{実|じつ}に<BREAK>すばらしかった<CMD>ff8127000280</CMD>",
			"{完全|カンゼン}に　だつぼう<CMD>ff8127000080</CMD>",
			"<CMD>18802700729b27000780</CMD><CMD>17802700729b2700b18027000a8027000180</CMD>ステージに{立|た}つ<CMD>f481</CMD>は<BREAK>スターみたいだった<CMD>ff8127000280</CMD>",
			"\f"
		]
	},
	{
		"Index": 5,
		"JPN": [
			"<CMD>18802700729b27000580</CMD><CMD>17802700729b2700af802700088027000280</CMD><CMD>16802700729b27005981</CMD>ファッションショー{見|み}たけど<BREAK>あまりセイコウとは<BREAK>{言|い}えなかったみたい<CMD>ff8127000080</CMD>",
			"<CMD>18802700729b27000580</CMD><CMD>17802700729b2700aa8027000a8027000180</CMD><CMD>16802700729b27002d81</CMD>たくさん{本|ほん}を{読|よ}めば<BREAK>{次|つぎ}のキカイに　きっと<BREAK>やくに{立|た}つと{思|おも}う<CMD>ff8127000280</CMD>",
			"\f"
		]
	},
	{
		"Index": 6,
		"JPN": [
			"<CMD>f481</CMD>のファッションショー<BREAK>はいけんしたけど　びみょうに<BREAK>いいショーだった<CMD>ff8127000280</CMD>",
			"<CMD>18802700729b27000580</CMD><CMD>17802700729b2700af802700088027000180</CMD><CMD>16802700729b27005681</CMD><CMD>f481</CMD>に　モデルだけでなく<BREAK>しゅさい{者|しゃ}のソシツもあったとは<BREAK>おどろき<CMD>ff8127000080</CMD>",
			"\f"
		]
	},
	{
		"Index": 7,
		"JPN": [
			"<CMD>18802700729b27000180</CMD><CMD>17802700729b2700ad802700068027000280</CMD><CMD>16802700729b27005581</CMD>ファッションショーを{見|み}たけど<BREAK>あまりのすばらしさに<BREAK>{感動|かんどう}をおさえきれない<CMD>ff8127000280</CMD>",
			"しゅさい{者|しゃ}の<CMD>f481</CMD>に<BREAK>ショーをセイコウさせるヒケツを<BREAK>ぜひ　{教|おし}えてほしい<CMD>ff8127000280</CMD>",
			"\f"
		]
	},
	{
		"Index": 8,
		"JPN": [
			"<CMD>008027000480</CMD>ロイヤルブランド<CMD>008027000180</CMD>に<CMD>f481</CMD>が<BREAK>にんていされたと{聞|き}いた<CMD>ff8127000280</CMD>",
			"<CMD>18802700729b27000180</CMD><CMD>17802700729b2700ad802700068027000280</CMD><CMD>16802700729b27005581</CMD>おめでとう<CMD>ff8127000080</CMD>！",
			"ファッションの{分野|ぶんや}では<BREAK>サイコウのめいよ<CMD>ff8127000080</CMD>",
			"<CMD>18802700729b27000780</CMD><CMD>17802700729b2700b18027000a8027000180</CMD>{本当|ホントウ}にすごい{人|ヒト}<CMD>ff8127000080</CMD>",
			"\f"
		]
	},
	{
		"Index": 9,
		"JPN": [
			"そういえば<BREAK>もうじき<CMD>008027000480</CMD>おしゃれＭＶＰ<CMD>008027000180</CMD>の<BREAK>{発表|はっぴょう}があるはず<CMD>ff8127000080</CMD>",
			"<CMD>18802700729b27000080</CMD><CMD>17802700729b2700b28027000a8027000180</CMD><CMD>16802700729b27006981</CMD>{今回|こんかい}はだれだろう？",
			"<CMD>028227000080</CMD>は{毎回|まいかい}<BREAK><CMD>008027000480</CMD>おしゃれＭＶＰ<CMD>008027000180</CMD>を<BREAK>{予想|よそう}する<CMD>ff8127000280</CMD>",
			"<CMD>18802700729b27000280</CMD><CMD>17802700729b27001c802700088027000480</CMD><CMD>16802700729b27007d81</CMD>{計算上|けいさんじょう}は{正|ただ}しいのに<BREAK>なぜか　いつも<BREAK>{当|あ}たらない<CMD>ff8127000280</CMD>",
			"\f"
		]
	},
	{
		"Index": 10,
		"JPN": [
			"<CMD>18802700729b27000180</CMD><CMD>17802700729b2700ad802700068027000280</CMD><CMD>16802700729b27005581</CMD><CMD>f481</CMD><BREAK><CMD>008027000480</CMD>おしゃれＭＶＰ<CMD>008027000180</CMD>かくとく<BREAK>おめでとう！",
			"たしかに　<CMD>f481</CMD>のコーデは<BREAK><CMD>008027000480</CMD>おしゃれＭＶＰ<CMD>008027000180</CMD>にふさわしい<BREAK>すばらしいものだった<CMD>ff8127000280</CMD>",
			"\f"
		]
	},
	{
		"Index": 11,
		"JPN": [
			"<CMD>18802700729b27000580</CMD><CMD>17802700729b2700af802700088027000280</CMD><CMD>16802700729b27005981</CMD><CMD>f481</CMD><BREAK>{今回|こんかい}は　<CMD>008027000480</CMD>おしゃれＭＶＰ<CMD>008027000180</CMD><BREAK>とれなくて　ざんねん<CMD>ff8127000080</CMD>",
			"{計算上|けいさんじょう}　<CMD>f481</CMD>が<BREAK><CMD>008027000480</CMD>おしゃれＭＶＰ<CMD>008027000180</CMD>でも",
			"おかしくなかったと<BREAK>{思|おも}う<CMD>ff8127000280</CMD>",
			"\f"
		]
	},
	{
		"Index": 30,
		"JPN": [
			"<CMD>18802700729b27000080</CMD><CMD>17802700729b2700b28027000a8027000180</CMD><CMD>16802700729b27006981</CMD>え？<BREAK><CMD>f481</CMD>のコーデを<BREAK><CMD>028227000080</CMD>に{着|き}てほしい<CMD>ff8127000380</CMD>？",
			"うーん…<BREAK>ん？　まって<CMD>ff8127000480</CMD>",
			"コーデとは<BREAK>ジッケンそのもの<CMD>ff8127000080</CMD>",
			"<CMD>18802700729b27000180</CMD><CMD>17802700729b2700ad802700068027000280</CMD><CMD>16802700729b27005581</CMD>そのためとあれば<BREAK>{着|き}てもよい<CMD>ff8127000280</CMD>",
			"\f"
		]
	},
	{
		"Index": 31,
		"JPN": [
			"<CMD>18802700729b27000080</CMD><CMD>17802700729b2700b28027000a8027000180</CMD><CMD>16802700729b27006981</CMD>ほう？<BREAK><CMD>028227000080</CMD>に{着|き}てほしいコーデが<BREAK>ある<CMD>ff8127000380</CMD>？",
			"<CMD>f481</CMD>がそこまで{言|い}うなら<BREAK>わかった<CMD>ff8127000280</CMD>",
			"コーデとは<BREAK>ジッケンそのもの<CMD>ff8127000080</CMD>",
			"<CMD>18802700729b27000180</CMD><CMD>17802700729b2700ad802700068027000280</CMD><CMD>16802700729b27005581</CMD><CMD>f481</CMD>の{大事|だいじ}な<BREAK>ジッケンのためとあれば",
			"<CMD>028227000080</CMD>は　よろこんで<BREAK>この{身|み}を　ささげる<CMD>ff8127000280</CMD>",
			"\f"
		]
	},
	{
		"Index": 32,
		"JPN": [
			"<CMD>18802700729b27000080</CMD><CMD>17802700729b2700b28027000a8027000180</CMD><CMD>16802700729b27006981</CMD><CMD>028227000080</CMD>にすすめたい<BREAK>コーデがある<CMD>ff8127000380</CMD>？",
			"それはありがたい<CMD>ff8127000280</CMD>",
			"コーデとは<BREAK>ジッケンそのもの<CMD>ff8127000080</CMD>",
			"<CMD>18802700729b27000580</CMD><CMD>17802700729b2700af802700088027000180</CMD><CMD>16802700729b27005681</CMD><CMD>f481</CMD>といえば<BREAK>ブランドを{持|も}っているわけで",
			"<CMD>18802700729b27000180</CMD><CMD>17802700729b2700ad802700068027000280</CMD><CMD>16802700729b27005581</CMD>ジッケンのために<BREAK>この{身|み}を　ささげるのであれば<BREAK>{思|おも}い{残|のこ}すことはない<CMD>ff8127000280</CMD>",
			"\f"
		]
	},
	{
		"Index": 33,
		"JPN": [
			"<CMD>18802700729b27000080</CMD><CMD>17802700729b2700b28027000a8027000180</CMD><CMD>16802700729b27006981</CMD>それは{本当|ほんとう}<CMD>ff8127000180</CMD>？",
			"<CMD>f481</CMD>から<CMD>028227000080</CMD>に<BREAK>おすすめのコーデがあるなんて…",
			"コーデとは<BREAK>ジッケンそのもの<CMD>ff8127000080</CMD>",
			"<CMD>18802700729b27000180</CMD><CMD>17802700729b2700ad802700068027000280</CMD><CMD>16802700729b27005581</CMD>こんな めいよなことは<BREAK>ない<CMD>ff8127000280</CMD>",
			"\f"
		]
	},
	{
		"Index": 34,
		"JPN": [
			"<CMD>18802700729b27000080</CMD><CMD>17802700729b2700b28027000a8027000180</CMD><CMD>16802700729b27006981</CMD>{気|き}がかわった<CMD>ff8127000380</CMD>？",
			"まあ　{落|お}ち{着|つ}いて　よく{考|かんが}えて<BREAK>{決|き}めるといい<CMD>ff8127000280</CMD>",
			"\f"
		]
	},
	{
		"Index": 35,
		"JPN": [
			"<CMD>18802700729b27000780</CMD><CMD>17802700729b2700aa8027000a8027000280</CMD><CMD>16802700729b27002d81</CMD>しちゃくなら<BREAK>{少|すこ}し{前|まえ}にしたばかり<CMD>ff8127000080</CMD>",
			"{何事|なにごと}も<BREAK>あせるのは　よくない<CMD>ff8127000280</CMD>",
			"\f"
		]
	},
	{
		"Index": 36,
		"JPN": [
			"<CMD>18802700729b27000080</CMD><CMD>17802700729b2700b28027000a8027000180</CMD><CMD>16802700729b27006981</CMD>はて……？<BREAK><CMD>028227000080</CMD>のキオクが<BREAK>たしかなら……",
			"<CMD>18802700729b27000580</CMD><CMD>17802700729b2700aa8027000a8027000180</CMD><CMD>16802700729b27002d81</CMD>このコーデは{前|まえ}にも{一度|いちど}<BREAK><CMD>f481</CMD>に{教|おし}えられて<BREAK>{着|き}たことがある<CMD>ff8127000280</CMD>",
			"したがって<BREAK>{今回|こんかい}はやめておく<CMD>ff8127000280</CMD>",
			"<CMD>18802700729b27000180</CMD><CMD>17802700729b2700ad802700068027000280</CMD><CMD>16802700729b27005581</CMD>でも　べつのコーデができたら<BREAK>また{声|こえ}をかけて<CMD>ff8127000480</CMD>",
			"\f"
		]
	},
	{
		"Index": 37,
		"JPN": [
			"<CMD>18802700729b27000580</CMD><CMD>17802700729b2700af802700088027000180</CMD><CMD>16802700729b27005681</CMD>このコーデは<BREAK>ひじょうにユニークで<BREAK>ドクソウテキ<CMD>ff8127000080</CMD>",
			"それだけに　{人|ひと}によっては<BREAK>きびしい　ひょうかを<BREAK>するかもしれないけど……",
			"<CMD>18802700729b27000680</CMD><CMD>17802700729b2700088027000a8027000180</CMD><CMD>16802700729b27007e81</CMD><CMD>028227000080</CMD>は　これ　{高|たか}く<BREAK>ひょうかする<CMD>ff8127000280</CMD>",
			"<CMD>18802700729b27000180</CMD><CMD>17802700729b2700ad802700068027000280</CMD><CMD>16802700729b27005581</CMD>いいコーデを{教|おし}えてくれて<BREAK>カンシャする<CMD>ff8127000280</CMD>",
			"\f"
		]
	},
	{
		"Index": 38,
		"JPN": [
			"<CMD>18802700729b27000180</CMD><CMD>17802700729b2700ad802700068027000280</CMD><CMD>16802700729b27005581</CMD>これは　なかなか<BREAK>よいコーデ<CMD>ff8127000080</CMD>",
			"<CMD>18802700729b27000580</CMD><CMD>17802700729b2700af802700088027000180</CMD><CMD>16802700729b27005681</CMD>そういえば　{今週|こんしゅう}の<BREAK><CMD>008027000480</CMD>ベリーズ<CMD>008027000180</CMD>のとくしゅうにも<BREAK>{合|あ}っている<CMD>ff8127000280</CMD>",
			"さすがは<CMD>f481</CMD><BREAK>{流行|はやり}をしっかり<BREAK>おさえている<CMD>ff8127000280</CMD>",
			"\f"
		]
	},
	{
		"Index": 39,
		"JPN": [
			"<CMD>18802700729b27000180</CMD><CMD>17802700729b2700ad802700068027000280</CMD><CMD>16802700729b27005581</CMD>これ　とてもすぐれた<BREAK>コーデだと{思|おも}う<CMD>ff8127000280</CMD>",
			"そういえば　{来週|らいしゅう}の<BREAK><CMD>008027000480</CMD>ベリーズ<CMD>008027000180</CMD>のヨコクとも<BREAK>{合|あ}っているみたい<CMD>ff8127000080</CMD>",
			"<CMD>18802700729b27000080</CMD><CMD>17802700729b2700b28027000a8027000180</CMD><CMD>16802700729b27006981</CMD><CMD>f481</CMD>は　これからの<BREAK>{流行|はやり}をよそくしてた<CMD>ff8127000380</CMD>？",
			"<CMD>18802700729b27000580</CMD><CMD>17802700729b2700af802700088027000180</CMD><CMD>16802700729b27005681</CMD>これは　そうとうスゴイ<CMD>ff8127000280</CMD>",
			"\f"
		]
	},
	{
		"Index": 40,
		"JPN": [
			"<CMD>18802700729b27000580</CMD><CMD>17802700729b2700aa8027000a8027000180</CMD><CMD>16802700729b27002d81</CMD>うーん……<BREAK>{正直|しょうじき}に{言|い}っていい<CMD>ff8127000380</CMD>？",
			"このコーデ　とてもだいたんで<BREAK>ユニークだとは{思|おも}う<CMD>ff8127000280</CMD>",
			"<CMD>18802700729b27000480</CMD><CMD>17802700729b2700ab8027000a8027000180</CMD><CMD>16802700729b27007f81</CMD>でも　もっと　{世間|せけん}に<BREAK>{受|う}け{入|い}れらるようにしたほうが<BREAK>よくなると{思|おも}う<CMD>ff8127000280</CMD>",
			"<CMD>008027000480</CMD>ベリーズ<CMD>008027000180</CMD>で<BREAK>ファッションを{研究|けんきゅう}すると<BREAK>いいかもしれない<CMD>ff8127000280</CMD>",
			"\f"
		]
	},
	{
		"Index": 41,
		"JPN": [
			"これと　にているコーデが<BREAK>{今週|こんしゅう}の<CMD>008027000480</CMD>ベリーズ<CMD>008027000180</CMD>で<BREAK>とくしゅうされていた<CMD>ff8127000280</CMD>",
			"だがしかし",
			"<CMD>008027000480</CMD>ベリーズ<CMD>008027000180</CMD>にのっていても<BREAK><CMD>028227000080</CMD>のこのみに{合|あ}うとは<BREAK>かぎらない<CMD>ff8127000280</CMD>",
			"<CMD>18802700729b27000480</CMD><CMD>17802700729b2700ab8027000a8027000180</CMD><CMD>16802700729b27007f81</CMD>せっかくなのに{悪|わる}いけど<BREAK>これは<CMD>028227000080</CMD>には<BREAK>{合|あ}わないみたい<CMD>ff8127000280</CMD>",
			"\f"
		]
	},
	{
		"Index": 42,
		"JPN": [
			"これと　にているコーデが<BREAK>{来週|らいしゅう}の<CMD>008027000480</CMD>ベリーズ<CMD>008027000180</CMD>の<BREAK>よこくに　{出|で}ていた<CMD>ff8127000280</CMD>",
			"<CMD>18802700729b27000380</CMD><CMD>17802700729b2700ab8027000a8027000180</CMD><CMD>16802700729b27003081</CMD>しかし　ざっしにのっていても<BREAK><CMD>028227000080</CMD>のこのみに{合|あ}うとは<BREAK>かぎらない<CMD>ff8127000280</CMD>",
			"せっかくなのに{悪|わる}いけど<BREAK>これは<CMD>028227000080</CMD>には<BREAK>{合|あ}わないみたい<CMD>ff8127000280</CMD>",
			"\f"
		]
	},
	{
		"Index": 43,
		"JPN": [
			"<CMD>18802700729b27000080</CMD><CMD>17802700729b2700b28027000a8027000180</CMD><CMD>16802700729b27006981</CMD>え？　これが<CMD>f481</CMD>の<BREAK>オススメのコーデ<CMD>ff8127000180</CMD>？",
			"<CMD>18802700729b27000580</CMD><CMD>17802700729b2700aa8027000a8027000180</CMD><CMD>16802700729b27002d81</CMD>うーん……",
			"ちょっとコメントは<BREAK>ひかえさせてもらう<CMD>ff8127000280</CMD>",
			"\f"
		]
	},
	{
		"Index": 44,
		"JPN": [
			"<CMD>18802700729b27000580</CMD><CMD>17802700729b2700aa8027000a8027000180</CMD><CMD>16802700729b27002d81</CMD>うーん…<BREAK>このコーデ<CMD>ff8127000180</CMD>？",
			"<CMD>18802700729b27000780</CMD><CMD>17802700729b2700aa8027000a8027000280</CMD><CMD>16802700729b27002d81</CMD><CMD>028227000080</CMD>が　{着|き}ているのより<BREAK>すぐれているとは<BREAK>{思|おも}えない<CMD>ff8127000280</CMD>",
			"でも　{今|いま}のも　それほど<BREAK>いいわけじゃない<CMD>ff8127000280</CMD>",
			"<CMD>18802700729b27000080</CMD><CMD>17802700729b2700b28027000a8027000180</CMD><CMD>16802700729b27006981</CMD>これは　まだまだ<BREAK>{勉強|べんきょう}が{足|た}りないと<BREAK>{言|い}うこと<CMD>ff8127000180</CMD>？",
			"\f"
		]
	},
	{
		"Index": 45,
		"JPN": [
			"<CMD>18802700729b27000580</CMD><CMD>17802700729b2700af802700088027000180</CMD><CMD>16802700729b27005681</CMD>なるほど！　<CMD>028227000080</CMD>が{今|いま}<BREAK>{着|き}ているのより　このほうが<BREAK>ずっといいコーデ<CMD>ff8127000080</CMD>",
			"<CMD>18802700729b27000180</CMD><CMD>17802700729b2700ad802700068027000280</CMD><CMD>16802700729b27005581</CMD>コーデについてのなやみが<BREAK>これで{消|き}えた<CMD>ff8127000280</CMD>",
			"\f"
		]
	},
	{
		"Index": 46,
		"JPN": [
			"<CMD>18802700729b27000680</CMD><CMD>17802700729b2700088027000a8027000180</CMD><CMD>16802700729b27007e81</CMD><CMD>028227000080</CMD>なりに　{研究|けんきゅう}して<BREAK>{新|あたら}しいコーデを<BREAK>{考|かんが}えてみた<CMD>ff8127000280</CMD>",
			"そこで　<CMD>f481</CMD>に<BREAK>ぜひ　{意見|いけん}を<BREAK>{聞|き}かせてほしい<CMD>ff8127000280</CMD>",
			"\f"
		]
	},
	{
		"Index": 47,
		"JPN": [
			"<CMD>18802700729b27000080</CMD><CMD>17802700729b2700b28027000a8027000180</CMD><CMD>16802700729b27006981</CMD>これがそのコーデなんだけど<BREAK>どう<CMD>ff8127000180</CMD>？",
			"キャッカンテキな<BREAK>{意見|いけん}を{言|い}って<CMD>ff8127000480</CMD>",
			"<CMD>138027002194</CMD>",
			"\f"
		]
	},
	{
		"Index": 48,
		"JPN": [
			"<CMD>18802700729b27000180</CMD><CMD>17802700729b2700ad802700068027000280</CMD><CMD>16802700729b27005581</CMD>ありがとう！<BREAK>やはり<CMD>028227000080</CMD>は<BREAK>まちがっていなかった<CMD>ff8127000280</CMD>",
			"この{調子|ちょうし}で<BREAK>ファッションの{研究|けんきゅう}を<BREAK>ケイゾクする<CMD>ff8127000280</CMD>",
			"\f"
		]
	},
	{
		"Index": 49,
		"JPN": [
			"<CMD>18802700729b27000080</CMD><CMD>17802700729b2700b28027000a8027000180</CMD><CMD>16802700729b27006981</CMD>あれれ？<BREAK><CMD>028227000080</CMD>がまちがって<BREAK>いた<CMD>ff8127000380</CMD>？",
			"ファッションは　おくが{深|ふか}い<BREAK>{世界|せかい}<CMD>ff8127000080</CMD>",
			"\f"
		]
	},
	{
		"Index": 50,
		"JPN": [
			"<CMD>18802700729b27000180</CMD><CMD>17802700729b2700ad802700068027000280</CMD><CMD>16802700729b27005581</CMD>よかった<CMD>ff8127000280</CMD>",
			"<CMD>18802700729b27000780</CMD><CMD>17802700729b2700b18027000a8027000180</CMD>{実|じつ}はそれほど　じしんがあった<BREAK>わけではなかった<CMD>ff8127000280</CMD>",
			"コーデについては<BREAK>まだいろいろ<BREAK>{研究|けんきゅう}がひつよう<CMD>ff8127000080</CMD>",
			"\f"
		]
	},
	{
		"Index": 51,
		"JPN": [
			"<CMD>18802700729b27000080</CMD><CMD>17802700729b2700b28027000a8027000180</CMD><CMD>16802700729b27006981</CMD>そう<CMD>ff8127000180</CMD>？",
			"<CMD>18802700729b27000180</CMD><CMD>17802700729b2700ad802700068027000280</CMD><CMD>16802700729b27005581</CMD>{正直|しょうじき}に{言|い}ってくれて<BREAK>かんしゃする<CMD>ff8127000280</CMD>",
			"はっきり{言|い}ってくれたおかげで<BREAK>かえって　コーデのなやみが<BREAK>ふっきれた<CMD>ff8127000280</CMD>",
			"\f"
		]
	},
	{
		"Index": 52,
		"JPN": [
			"<CMD>18802700729b27000180</CMD><CMD>17802700729b2700ad802700068027000280</CMD><CMD>16802700729b27005581</CMD>{今日|きょう}は　ありがとう<BREAK><CMD>f481</CMD>の{意見|いけん}は<BREAK>とてもさんこうになる<CMD>ff8127000280</CMD>",
			"また{気|き}になることがあったら<BREAK>{意見|いけん}を{聞|き}かせてほしい<CMD>ff8127000280</CMD>",
			"\f"
		]
	},
	{
		"Index": 53,
		"JPN": [
			"<CMD>3780</CMD>",
			"いいと{思|おも}う<CMD>13802700ffff</CMD>",
			"いまいち<CMD>13802700ffff</CMD>",
			"\f"
		]
	},
	{
		"Index": 80,
		"JPN": [
			"<CMD>3780</CMD>",
			"{行|い}く<CMD>13802700ffff</CMD>",
			"{行|い}かない<CMD>13802700ffff</CMD>",
			"\f"
		]
	},
	{
		"Index": 81,
		"JPN": [
			"<CMD>3780</CMD>",
			"{買|か}いたいものを{聞|き}く<CMD>13802700ffff</CMD>",
			"{相談|そうだん}にのる<CMD>13802700ffff</CMD>",
			"コーデする<CMD>13802700ffff</CMD>",
			"{買|か}い{物|もの}をやめる<CMD>13802700ffff</CMD>",
			"なんでもない<CMD>13802700ffff</CMD>",
			"\f"
		]
	},
	{
		"Index": 82,
		"JPN": [
			"<CMD>18802700729b27000180</CMD><CMD>17802700729b2700ad802700068027000280</CMD><CMD>16802700729b27005581</CMD>りょうかい<CMD>ff8127000080</CMD><BREAK>キグウなことに　<CMD>028227000080</CMD>も<BREAK>{服|ふく}を{買|か}いたかった<CMD>ff8127000280</CMD>",
			"<CMD>18802700729b27000180</CMD><CMD>17802700729b2700ad802700068027000280</CMD><CMD>16802700729b27005581</CMD><CMD>f481</CMD>の{意見|いけん}も　ぜひ<BREAK>さんこうにしたい<CMD>ff8127000280</CMD>",
			"というわけで　いっしょに<BREAK>ショッピングに{行|い}く<CMD>ff8127000280</CMD>",
			"\f"
		]
	},
	{
		"Index": 83,
		"JPN": [
			"<CMD>18802700729b27000480</CMD><CMD>17802700729b2700ab8027000a8027000180</CMD><CMD>16802700729b27007f81</CMD>ああ　もうしわけない<CMD>ff8127000280</CMD><BREAK><CMD>f481</CMD>",
			"<CMD>18802700729b27000580</CMD><CMD>17802700729b2700aa8027000a8027000180</CMD><CMD>16802700729b27002d81</CMD><CMD>028227000080</CMD>　{今|いま}はいろいろと<BREAK>することがあるので<BREAK>ショッピングには{行|い}けない<CMD>ff8127000280</CMD>",
			"しかしながら　きょうみはあるので<BREAK>また{今度|こんど}　さそってくれると<BREAK>うれしい<CMD>ff8127000280</CMD>",
			"\f"
		]
	},
	{
		"Index": 84,
		"JPN": [
			"<CMD>18802700729b27000580</CMD><CMD>17802700729b2700aa8027000a8027000180</CMD><CMD>16802700729b27002d81</CMD><CMD>f481</CMD><BREAK>{少々|しょうしょう}　おねがいが<BREAK>ある<CMD>ff8127000280</CMD>",
			"{服|ふく}を{買|か}いたいのだけど<BREAK><CMD>f481</CMD>のような",
			"<CMD>028227000080</CMD>の{事|こと}を<BREAK>{知|し}っているような<BREAK>{知|し}らないような{人|ヒト}に",
			"<CMD>18802700729b27000780</CMD><CMD>17802700729b2700aa8027000a8027000280</CMD><CMD>16802700729b27002d81</CMD>キャッカンテキなアドバイスを<BREAK>してほしいので<BREAK>つきあってほしい<CMD>ff8127000280</CMD>",
			"<CMD>138027003c94</CMD>",
			"\f"
		]
	},
	{
		"Index": 85,
		"JPN": [
			"<CMD>18802700729b27000580</CMD><CMD>17802700729b2700aa8027000a8027000180</CMD><CMD>16802700729b27002d81</CMD><CMD>f481</CMD><BREAK>{少々|しょうしょう}　おねがいが<BREAK>ある<CMD>ff8127000280</CMD>",
			"{服|ふく}を{買|か}いたいのだけど<BREAK><CMD>f481</CMD>のような",
			"<CMD>028227000080</CMD>の{事|こと}を<BREAK>よく{知|し}っている{人|ヒト}に",
			"<CMD>18802700729b27000780</CMD><CMD>17802700729b2700aa8027000a8027000280</CMD><CMD>16802700729b27002d81</CMD>シュカンテキなアドバイスを<BREAK>してほしいので<BREAK>つきあってほしい<CMD>ff8127000280</CMD>",
			"これは　{服|ふく}を{買|か}う{上|うえ}で<BREAK>とても{大切|たいせつ}なプロセス<CMD>ff8127000080</CMD>",
			"<CMD>18802700729b27000780</CMD><CMD>17802700729b2700aa8027000a8027000280</CMD><CMD>16802700729b27002d81</CMD>なんとても<CMD>f481</CMD>に<BREAK>お{願|ねが}いしたい<CMD>ff8127000280</CMD>",
			"<CMD>138027003c94</CMD>",
			"\f"
		]
	},
	{
		"Index": 86,
		"JPN": [
			"<CMD>18802700729b27000180</CMD><CMD>17802700729b2700ad802700068027000280</CMD><CMD>16802700729b27005581</CMD>ふぅ　よかった<BREAK>うれしい<CMD>ff8127000280</CMD>",
			"では　{時間|じかん}をムダにせず<BREAK>さっそくお{店|みせ}に{出発|しゅっぱつ}<CMD>ff8127000080</CMD>",
			"\f"
		]
	},
	{
		"Index": 87,
		"JPN": [
			"<CMD>18802700729b27000380</CMD><CMD>17802700729b2700ab8027000a8027000180</CMD><CMD>16802700729b27003081</CMD>ああ　それはざんねん<CMD>ff8127000080</CMD><BREAK>でも　<CMD>f481</CMD>にも<BREAK>つごうがある<CMD>ff8127000580</CMD>",
			"では{今度|こんど}　<CMD>f481</CMD>の<BREAK>{都合|つごう}のいい{時|とき}に　また<BREAK>さそうことにする<CMD>ff8127000280</CMD>",
			"\f"
		]
	},
	{
		"Index": 88,
		"JPN": [
			"なるほど　これもゴウリテキで<BREAK>なかなか　よいコーデ<CMD>ff8127000080</CMD><BREAK>しかしながら…",
			"<CMD>18802700729b27000680</CMD><CMD>17802700729b2700088027000a8027000180</CMD><CMD>16802700729b27007e81</CMD><CMD>028227000080</CMD>は　さらにこの{上|うえ}をいく<BREAK>コーデを　ツイキュウして<BREAK>みたい<CMD>ff8127000280</CMD>",
			"\f"
		]
	},
	{
		"Index": 89,
		"JPN": [
			"では　お{店|みせ}の{人|ヒト}に　{代金|だいきん}を<BREAK>はらってくる<CMD>ff8127000280</CMD>",
			"\f"
		]
	},
	{
		"Index": 90,
		"JPN": [
			"<CMD>18802700729b27000180</CMD><CMD>17802700729b2700ad802700068027000280</CMD><CMD>16802700729b27005581</CMD>{本日|ほんじつ}は　ごくろうさま<CMD>ff8127000080</CMD><BREAK>ひじょうに　カンシャ<CMD>ff8127000080</CMD><BREAK><CMD>f481</CMD>",
			"もっと{早|はや}く<CMD>f481</CMD>に<BREAK>コーデのこと　ソウダンすれば<BREAK>よかった<CMD>ff8127000280</CMD>",
			"<CMD>18802700729b27000180</CMD><CMD>17802700729b2700ad802700068027000280</CMD><CMD>16802700729b27005581</CMD>{今日買|きょうか}ったコーデなど<BREAK>{実|じつ}にインショウテキ<CMD>ff8127000080</CMD>",
			"<CMD>18802700729b27000180</CMD><CMD>17802700729b2700ad802700068027000280</CMD><CMD>16802700729b27005581</CMD>よかったら　またいっしょに<BREAK>ショッピングをしたい<CMD>ff8127000280</CMD>",
			"\f"
		]
	},
	{
		"Index": 91,
		"JPN": [
			"<CMD>18802700729b27000180</CMD><CMD>17802700729b2700ad802700068027000280</CMD><CMD>16802700729b27005581</CMD>{本日|ほんじつ}は　ごくろうさま<BREAK>カンシャ<CMD>ff8127000080</CMD><BREAK><CMD>f481</CMD>",
			"もっと{早|はや}く<CMD>f481</CMD>に<BREAK>コーデのこと　ソウダンすれば<BREAK>よかった<CMD>ff8127000280</CMD>",
			"\f"
		]
	},
	{
		"Index": 92,
		"JPN": [
			"<CMD>18802700729b27000180</CMD><CMD>17802700729b2700ad802700068027000280</CMD><CMD>16802700729b27005581</CMD>もくてきの{服|ふく}は{買|か}えなかったが<BREAK>{本日|ほんじつ}の{買|か}い{物|もの}は<BREAK>{実|じつ}にユウイギだった<CMD>ff8127000280</CMD>",
			"いずれまた　<CMD>f481</CMD>との<BREAK>ショッピングをキボウする<CMD>ff8127000280</CMD>",
			"\f"
		]
	},
	{
		"Index": 93,
		"JPN": [
			"<CMD>18802700729b27000580</CMD><CMD>17802700729b2700af802700088027000180</CMD><CMD>16802700729b27005681</CMD>おや　その{服|ふく}に{使|つか}われている<BREAK><CMD>4582</CMD>という{色|いろ}は　{実|じつ}に<BREAK>あざやか<CMD>ff8127000080</CMD>",
			"<CMD>18802700729b27000180</CMD><CMD>17802700729b2700ad802700068027000280</CMD><CMD>16802700729b27005581</CMD><CMD>028227000080</CMD>の{好|この}みの{色|いろ}も<BREAK><CMD>4582</CMD><CMD>ff8127000080</CMD>",
			"\f"
		]
	},
	{
		"Index": 94,
		"JPN": [
			"ふむふむ<BREAK>その{服|ふく}を{一言|ひとこと}で{表|あらわ}すと<BREAK><CMD>4682</CMD>ってイメージ<CMD>ff8127000080</CMD>",
			"<CMD>4682</CMD>ってイメージは<BREAK><CMD>028227000080</CMD>のシュミに<BREAK>{合|あ}っている<CMD>ff8127000280</CMD>",
			"\f"
		]
	},
	{
		"Index": 95,
		"JPN": [
			"うーん　その{服|ふく}に{使|つか}われている<BREAK><CMD>4582</CMD>は<CMD>028227000080</CMD>の<BREAK>{好|す}きな{色|いろ}<CMD>ff8127000280</CMD>",
			"<CMD>18802700729b27000580</CMD><CMD>17802700729b2700aa8027000a8027000180</CMD><CMD>16802700729b27002d81</CMD>しかしながら　{服全体|ふくぜんたい}の<BREAK>{調和|ちょうわ}を{考|かんが}えると　{買|か}うのなら<BREAK>べつの{服|ふく}の{方|ほう}がよい<CMD>ff8127000280</CMD>",
			"\f"
		]
	},
	{
		"Index": 96,
		"JPN": [
			"<CMD>4682</CMD>ってイメージだとは<BREAK>{思|おも}う<CMD>ff8127000280</CMD><BREAK>とはいえ……",
			"<CMD>18802700729b27000580</CMD><CMD>17802700729b2700aa8027000a8027000180</CMD><CMD>16802700729b27002d81</CMD>こういう{服|ふく}は{好|す}きで　すでに<BREAK>{何着|なんちゃく}か{所持|しょじ}しているので<BREAK>{今日|きょう}はべつの{服|ふく}がいい<CMD>ff8127000280</CMD>",
			"\f"
		]
	},
	{
		"Index": 97,
		"JPN": [
			"<CMD>18802700729b27000080</CMD><CMD>17802700729b2700b28027000a8027000180</CMD><CMD>16802700729b27006981</CMD>この{服|ふく}が　にあっているかどうか<BREAK><CMD>f481</CMD>のキャッカンテキな<BREAK>{意見|イケン}を{聞|き}きたい<CMD>ff8127000280</CMD>",
			"\f"
		]
	},
	{
		"Index": 98,
		"JPN": [
			"<CMD>028227000080</CMD>が{思|おも}うに　この{服|ふく}は<BREAK><CMD>f481</CMD>にこそ<BREAK>にあう<CMD>ff8127000280</CMD>",
			"\f"
		]
	},
	{
		"Index": 99,
		"JPN": [
			"<CMD>18802700729b27000580</CMD><CMD>17802700729b2700638027000a8027000280</CMD><CMD>16802700729b27002f81</CMD>うーむ<BREAK>{買|か}うべきか　{買|か}わざるべきか<BREAK>それが{問題|もんだい}<CMD>ff8127000080</CMD>",
			"\f"
		]
	}
]