[
	{
		"Index": 0,
		"JPN": [
			"<CMD>18802700729b27000780</CMD><CMD>17802700729b2700b18027000a8027000180</CMD>んー？<BREAK>そろそろ{行|い}かないと<BREAK>いけない<CMD>ff8127000280</CMD>",
			"だって…<BREAK>おなかすいちゃった<CMD>ff8127000280</CMD><BREAK>ごめんね",
			"<CMD>18802700729b27000180</CMD><CMD>17802700729b2700ad802700068027000280</CMD><CMD>16802700729b27005581</CMD>だから　<BREAK>{後|あと}で　{話|はなし}をきかせて！<BREAK>またね",
			"\f"
		]
	},
	{
		"Index": 1,
		"JPN": [
			"<CMD>18802700729b27000780</CMD><CMD>17802700729b2700b18027000a8027000180</CMD>えっと…<BREAK>ごめんね　{用事|ようじ}があって<BREAK>{今|いま}はダメ<CMD>ff8127000080</CMD>",
			"また{後|あと}で<BREAK><CMD>f481</CMD>の　{話|はなし}を<BREAK>{聞|き}かせてくれる？",
			"えと…<BREAK>そういうわけで<BREAK>ごめんね<CMD>618027000b80</CMD>",
			"\f"
		]
	},
	{
		"Index": 2,
		"JPN": [
			"<CMD>18802700729b27000780</CMD><CMD>17802700729b2700b18027000a8027000180</CMD>えっと…ごめん<BREAK><CMD>f481</CMD>の{話|はなし}は<BREAK>{聞|き}いてあげたいんだけど…",
			"おなかすいちゃった<CMD>ff8127000280</CMD><BREAK>ごめんね",
			"{後|あと}で　<CMD>f481</CMD>の{話|はなし}<BREAK>{聞|き}かせてほしい<CMD>ff8127000280</CMD><BREAK>また{後|あと}で<CMD>ff8127000080</CMD><CMD>228027000b80</CMD><CMD>618027000b80</CMD>",
			"\f"
		]
	},
	{
		"Index": 20,
		"JPN": [
			"<CMD>18802700729b27000180</CMD><CMD>17802700729b2700ad802700068027000280</CMD><CMD>16802700729b27005581</CMD><CMD>0382</CMD>は<BREAK>お{話|はなし}がとっても<BREAK>{上手|じょうず}<CMD>ff8127000080</CMD>",
			"お{腹|なか}がすいて{落|お}ちこんでても<BREAK>いつの{間|ま}にか{忘|わす}れて<BREAK>{楽|たの}しくなってくる<CMD>ff8127000280</CMD>！",
			"\f"
		]
	},
	{
		"Index": 21,
		"JPN": [
			"<CMD>18802700729b27000180</CMD><CMD>17802700729b2700ad802700068027000280</CMD><CMD>16802700729b27005581</CMD><CMD>0382</CMD>は<BREAK>すっごく<BREAK>{頭|あたま}がいい<CMD>ff8127000280</CMD>",
			"{先生|せんせい}に{指|さ}されても<BREAK>すぐに{答|こた}えちゃうって<BREAK>どんな{頭|あたま}をしてる<CMD>ff8127000380</CMD>…",
			"\f"
		]
	},
	{
		"Index": 22,
		"JPN": [
			"<CMD>18802700729b27000180</CMD><CMD>17802700729b2700ad802700068027000280</CMD><CMD>16802700729b27005581</CMD><CMD>0382</CMD>は<BREAK>{人気者|にんきもの}って{評判|ひょうばん}<CMD>ff8127000080</CMD>",
			"いつでも{誰|だれ}かに{囲|かこ}まれて<BREAK>{楽|たの}しそうにしてるのって…<BREAK>なんだか　お{日|ひ}さまみたい",
			"<CMD>18802700729b27000180</CMD><CMD>17802700729b2700ad802700068027000280</CMD><CMD>16802700729b27005581</CMD>そういうのって<BREAK>あこがれる<CMD>ff8127000280</CMD>",
			"\f"
		]
	},
	{
		"Index": 23,
		"JPN": [
			"<CMD>18802700729b27000380</CMD><CMD>17802700729b2700ab8027000a8027000180</CMD><CMD>16802700729b27003081</CMD>え　<CMD>0382</CMD>…？<BREAK>{町|まち}の{人|ひと}は<BREAK>イジワルだって{言|い}ってる<CMD>ff8127000280</CMD>",
			"なんか<BREAK>{人|ひと}のイヤがるコトばっかり<BREAK>するって…",
			"{実|じつ}は…　<CMD>028227000080</CMD>も…<BREAK>あっ<BREAK><CMD>0382</CMD>にはナイショ！",
			"\f"
		]
	},
	{
		"Index": 24,
		"JPN": [
			"<CMD>18802700729b27000180</CMD><CMD>17802700729b2700ad802700068027000280</CMD><CMD>16802700729b27005581</CMD><CMD>028227000080</CMD>と<CMD>0382</CMD>は<BREAK>お{友|とも}だち<CMD>ff8127000080</CMD>",
			"これからもいっしょに<BREAK>お{茶|ちゃ}したり　ご{飯食|はんた}べたりして<BREAK>もっと{仲良|なかよ}くなりたい<CMD>ff8127000280</CMD>",
			"\f"
		]
	},
	{
		"Index": 25,
		"JPN": [
			"<CMD>18802700729b27000180</CMD><CMD>17802700729b2700ad802700068027000280</CMD><CMD>16802700729b27005581</CMD>{実|じつ}はね<BREAK><CMD>0382</CMD>と<CMD>028227000080</CMD>って<BREAK>{親友|しんゆう}<CMD>ff8127000080</CMD>",
			"いつまでも{仲良|なかよ}しだよって<BREAK>いつも{言|い}ってる<CMD>ff8127000280</CMD>",
			"\f"
		]
	},
	{
		"Index": 26,
		"JPN": [
			"<CMD>18802700729b27000780</CMD><CMD>17802700729b2700b18027000a8027000180</CMD>あのね　あのね<BREAK><CMD>0382</CMD>は<BREAK><CMD>028227000080</CMD>の{恋人|こいびと}<CMD>ff8127000080</CMD>",
			"あっ　もしかして　{今|いま}<BREAK>{似合|にあ}わないって{思|おも}った<CMD>ff8127000380</CMD>！<BREAK>ひどいな～！",
			"\f"
		]
	},
	{
		"Index": 28,
		"JPN": [
			"<CMD>18802700729b27000180</CMD><CMD>17802700729b2700ad802700068027000280</CMD><CMD>16802700729b27005581</CMD>この{間|あいだ}<BREAK><CMD>0382</CMD>といっしょに<BREAK>ベンチでお{話|はなし}した<CMD>ff8127000280</CMD>",
			"たくさんたくさん<BREAK>おしゃべりしたよ<BREAK>でも　まだしゃべりたりないな",
			"\f"
		]
	},
	{
		"Index": 29,
		"JPN": [
			"<CMD>18802700729b27000180</CMD><CMD>17802700729b2700ad802700068027000280</CMD><CMD>16802700729b27005581</CMD>この{間|あいだ}は<CMD>0382</CMD>と<BREAK>いっしょに<BREAK>{釣|つ}りをした<CMD>ff8127000280</CMD>",
			"とっても{楽|たの}しかった<BREAK><CMD>028227000080</CMD>はホントは{釣|つ}りより<BREAK>{食|た}べるほうが{楽|たの}しいけどね！",
			"\f"
		]
	},
	{
		"Index": 30,
		"JPN": [
			"<CMD>18802700729b27000180</CMD><CMD>17802700729b2700ad802700068027000280</CMD><CMD>16802700729b27005581</CMD>この{前|まえ}<BREAK><CMD>0382</CMD>といっしょに<BREAK>{虫取|むしと}りした<CMD>ff8127000280</CMD>",
			"{走|はし}り{回|まわ}って　おなかぺこぺこ<BREAK>でも　ホントは　<CMD>028227000080</CMD><BREAK>{虫|むし}は{苦手|にがて}<CMD>ff8127000080</CMD>…",
			"\f"
		]
	},
	{
		"Index": 31,
		"JPN": [
			"<CMD>18802700729b27000180</CMD><CMD>17802700729b2700ad802700068027000280</CMD><CMD>16802700729b27005581</CMD>ほうきで<BREAK>ツーリングしてきた<CMD>ff8127000280</CMD><BREAK><CMD>0382</CMD>といっしょさ",
			"{風|かぜ}を{切|き}ってビュ～ン！<BREAK>って　{飛|と}ぶの",
			"<CMD>18802700729b27000780</CMD><CMD>17802700729b2700b18027000a8027000180</CMD>{見|み}てるのはいいけど<BREAK>{自分|じぶん}で{飛|と}ぶのは<BREAK>ちょっとコワイ<CMD>ff8127000280</CMD>",
			"\f"
		]
	},
	{
		"Index": 32,
		"JPN": [
			"<CMD>18802700729b27000180</CMD><CMD>17802700729b2700ad802700068027000280</CMD><CMD>16802700729b27005581</CMD>お{買|か}いものした<CMD>ff8127000280</CMD><BREAK><CMD>0382</CMD>といっしょで<BREAK>{楽|たの}しかったよ",
			"<CMD>028227000080</CMD>のお{目当|めあ}ては<BREAK>{買|か}い{物|もの}よりも　その{後|あと}の<BREAK>お{茶|ちゃ}だったんだけどね！",
			"\f"
		]
	},
	{
		"Index": 33,
		"JPN": [
			"<CMD>18802700729b27000180</CMD><CMD>17802700729b2700ad802700068027000280</CMD><CMD>16802700729b27005581</CMD>この{間|あいだ}<BREAK><CMD>0382</CMD>といっしょに<BREAK>{勉強|べんきょう}した<CMD>ff8127000280</CMD>",
			"{座|すわ}ってただけなのに<BREAK>{頭|あたま}を{使|つか}っても<BREAK>お{腹|なか}って　へる<CMD>ff8127000280</CMD>…",
			"\f"
		]
	},
	{
		"Index": 34,
		"JPN": [
			"<CMD>18802700729b27000180</CMD><CMD>17802700729b2700ad802700068027000280</CMD><CMD>16802700729b27005581</CMD>この{間|あいだ}<BREAK><CMD>0382</CMD>とお{茶|ちゃ}した<CMD>ff8127000280</CMD>",
			"おいしいお{茶|ちゃ}と<BREAK>おいしいおかし…<BREAK>{思|おも}い{出|だ}してもヨダレが{出|で}そう…",
			"<CMD>18802700729b27000780</CMD><CMD>17802700729b2700b18027000a8027000180</CMD>{何|なに}を{話|はな}してたのかって？<BREAK>わすれちゃった<CMD>ff8127000280</CMD>！<BREAK>あはは！",
			"\f"
		]
	}
]