[
	{
		"Index": 0,
		"JPN": [
			"{今|いま}　{思|おも}ったんだけど…",
			"じゅうようなのは<BREAK>とにかくロックって　カンジが<BREAK>することだと{思|おも}う<CMD>ff8127000080</CMD>",
			"<CMD>18802700729b27000580</CMD><CMD>17802700729b2700aa8027000a8027000180</CMD><CMD>16802700729b27002d81</CMD>コーデ{全体|ぜんたい}を{見|み}た{時|とき}に<BREAK>ロックっていうのが<BREAK>つたわるようにしたい<CMD>ff8127000280</CMD>",
			"\f"
		]
	},
	{
		"Index": 1,
		"JPN": [
			"{今|いま}　{思|おも}ったんだけど…",
			"<CMD>18802700729b27000080</CMD><CMD>17802700729b2700b28027000a8027000180</CMD><CMD>16802700729b27006981</CMD>うーん　{運動|うんどう}するなら<BREAK>やっぱりスポーティなカンジが<BREAK>いい<CMD>ff8127000380</CMD>？",
			"うん　ためしに<BREAK>スポーティなスタイルの<BREAK>コーデを{作|つく}ってみる<CMD>ff8127000280</CMD>",
			"<CMD>18802700729b27000080</CMD><CMD>17802700729b2700b28027000a8027000180</CMD><CMD>16802700729b27006981</CMD>えーっと<BREAK>スポーティなカンジの{服|ふく}は<BREAK>どこにある<CMD>ff8127000380</CMD>？",
			"\f"
		]
	},
	{
		"Index": 2,
		"JPN": [
			"{今|いま}　{思|おも}ったんだけど…",
			"<CMD>18802700729b27000080</CMD><CMD>17802700729b2700b28027000a8027000180</CMD><CMD>16802700729b27006981</CMD>ラクチンな{服|ふく}っていうと…<BREAK>やっぱりふだん{着|き}なれている<BREAK>ものがいい<CMD>ff8127000380</CMD>？",
			"そうなると…<BREAK>スタンダードなスタイルの<BREAK>{服|ふく}がよさそう<CMD>ff8127000080</CMD>",
			"<CMD>18802700729b27000780</CMD><CMD>17802700729b2700aa8027000a8027000280</CMD><CMD>16802700729b27002d81</CMD>どうやってスタンダードを<BREAK>オシャレに{組|く}み{合|あ}わせるのかが<BREAK>もんだい<CMD>ff8127000080</CMD>",
			"\f"
		]
	},
	{
		"Index": 3,
		"JPN": [
			"{今|いま}　{思|おも}ったんだけど…",
			"<CMD>18802700729b27000580</CMD><CMD>17802700729b2700af802700088027000280</CMD><CMD>16802700729b27005981</CMD>オバケっていうと…<BREAK>やっぱりフシギなカンジ<CMD>ff8127000180</CMD>？",
			"コーデをフシギなカンジにすれば<BREAK>オバケになる{練習|れんしゅう}が<BREAK>できそう<CMD>ff8127000080</CMD>",
			"<CMD>18802700729b27000180</CMD><CMD>17802700729b2700ad802700068027000280</CMD><CMD>16802700729b27005581</CMD>それじゃあ　<CMD>f481</CMD><BREAK>コーデをフシギな{服|ふく}で<BREAK>まとめてみよう<CMD>ff8127000580</CMD>",
			"\f"
		]
	},
	{
		"Index": 4,
		"JPN": [
			"{今|いま}　{思|おも}ったんだけど…",
			"<CMD>028227000080</CMD>　{今回|こんかい}のコーデで<BREAK>{大物|おおもの}っぽい{気品|きひん}を<BREAK>おぎないたい<CMD>ff8127000280</CMD>",
			"<CMD>18802700729b27000080</CMD><CMD>17802700729b2700b28027000a8027000180</CMD><CMD>16802700729b27006981</CMD>そうなるとやっぱり<BREAK>エレガントなカンジが<BREAK>するといい<CMD>ff8127000380</CMD>？",
			"<CMD>18802700729b27000180</CMD><CMD>17802700729b2700ad802700068027000280</CMD><CMD>16802700729b27005581</CMD>さっそく<BREAK>エレガントな{服|ふく}をえらんで<BREAK>コーデを{作|つく}ってみる<CMD>ff8127000280</CMD>",
			"\f"
		]
	},
	{
		"Index": 5,
		"JPN": [
			"{今|いま}　{思|おも}ったんだけど…",
			"<CMD>18802700729b27000080</CMD><CMD>17802700729b2700b28027000a8027000180</CMD><CMD>16802700729b27006981</CMD>クールにアピールすることが<BREAK>じゅうようみたい<CMD>ff8127000080</CMD>",
			"じゃあさっそく<BREAK>クールでかっこいいコーデを<BREAK>{考|かんが}えてみる<CMD>ff8127000280</CMD>",
			"<CMD>18802700729b27000180</CMD><CMD>17802700729b2700ad802700068027000280</CMD><CMD>16802700729b27005581</CMD><CMD>f481</CMD>もいっしょに<BREAK>クールなカンジの{服|ふく}を<BREAK>さがして<CMD>ff8127000480</CMD>",
			"\f"
		]
	},
	{
		"Index": 6,
		"JPN": [
			"{今|いま}　{思|おも}ったんだけど…",
			"<CMD>18802700729b27000580</CMD><CMD>17802700729b2700af802700088027000180</CMD><CMD>16802700729b27005681</CMD>そういえばドラマの{主人公|しゅじんこう}は<BREAK>{青|あお}っぽい　さわやかな{服|ふく}を<BREAK>{着|き}てた<CMD>ff8127000280</CMD>",
			"{青|あお}　{水色|みずいろ}　{緑|みどり}　むらさき<BREAK>の{服|ふく}を{使|つか}えば　コーデが<BREAK>さわやかになりそう<CMD>ff8127000080</CMD>",
			"<CMD>18802700729b27000180</CMD><CMD>17802700729b2700ad802700068027000280</CMD><CMD>16802700729b27005581</CMD>よーし<CMD>028227000080</CMD>も<BREAK>{青|あお}っぽい{服|ふく}を{着|き}て<BREAK>さわやかになる<CMD>ff8127000280</CMD>",
			"\f"
		]
	},
	{
		"Index": 7,
		"JPN": [
			"{今|いま}　{思|おも}ったんだけど…",
			"<CMD>18802700729b27000580</CMD><CMD>17802700729b2700aa8027000a8027000180</CMD><CMD>16802700729b27002d81</CMD>うーん…<BREAK>パーティーにふさわしいのは<BREAK>フォーマルなカンジ<CMD>ff8127000180</CMD>？",
			"それなら　フォーマルな{感|かん}じの<BREAK>{服|ふく}をえらべばいい<CMD>ff8127000380</CMD>？",
			"<CMD>18802700729b27000780</CMD><CMD>17802700729b2700aa8027000a8027000280</CMD><CMD>16802700729b27002d81</CMD>なんだかさがすのが<BREAK>たいへんそう<CMD>ff8127000080</CMD><BREAK><CMD>f481</CMD>　てつだって<CMD>ff8127000480</CMD>",
			"\f"
		]
	},
	{
		"Index": 8,
		"JPN": [
			"{今|いま}　{思|おも}ったんだけど…",
			"<CMD>18802700729b27000780</CMD><CMD>17802700729b2700aa8027000a8027000280</CMD><CMD>16802700729b27002d81</CMD>わすれるところだった<BREAK>やっぱりピンクも<BREAK>{大事|だいじ}だと{思|おも}う<CMD>ff8127000080</CMD>",
			"<CMD>18802700729b27000180</CMD><CMD>17802700729b2700ad802700068027000280</CMD><CMD>16802700729b27005581</CMD>ピンクでかわいらしい…<BREAK>そういうカンジのコーデを<BREAK><CMD>028227000080</CMD>は{作|つく}りたい<CMD>ff8127000280</CMD>",
			"\f"
		]
	},
	{
		"Index": 9,
		"JPN": [
			"{今|いま}　{思|おも}ったんだけど…",
			"<CMD>18802700729b27000580</CMD><CMD>17802700729b2700af802700088027000180</CMD><CMD>16802700729b27005681</CMD>この{前|まえ}<BREAK>{町|まち}でみたおしゃれな{人|ひと}は<BREAK><CMD>008027000480</CMD>ジャケット<CMD>008027000180</CMD>を{着|き}てた<CMD>ff8127000280</CMD>",
			"クールなカンジになったら<BREAK>{次|つぎ}は<CMD>008027000480</CMD>ジャケット<CMD>008027000180</CMD>を<BREAK>コーデに{入|い}れてみる<CMD>ff8127000280</CMD>",
			"<CMD>18802700729b27000680</CMD><CMD>17802700729b2700088027000a8027000180</CMD><CMD>16802700729b27007e81</CMD>これで　みんなから<BREAK>キャーキャー{言|い}われること<BREAK>まちがいなし<CMD>ff8127000080</CMD>",
			"\f"
		]
	},
	{
		"Index": 10,
		"JPN": [
			"<CMD>18802700729b27000580</CMD><CMD>17802700729b2700af802700088027000180</CMD><CMD>16802700729b27005681</CMD>あ　そうだ　<CMD>f481</CMD><BREAK><CMD>028227000080</CMD>なりに<BREAK>{考|かんが}えてみた<CMD>ff8127000280</CMD>",
			"<CMD>18802700729b27000180</CMD><CMD>17802700729b2700ad802700068027000280</CMD><CMD>16802700729b27005581</CMD>{今|いま}　さがしているコーデに<BREAK>ひつようなものは<BREAK>かわいさだと{思|おも}う<CMD>ff8127000280</CMD>",
			"えーとつまり<BREAK>かわいいコーデを{作|つく}るのが",
			"<CMD>18802700729b27000180</CMD><CMD>17802700729b2700ad802700068027000280</CMD><CMD>16802700729b27005581</CMD>いちばん　おいしい<BREAK>{気|き}がしてきた<CMD>ff8127000280</CMD>",
			"\f"
		]
	},
	{
		"Index": 11,
		"JPN": [
			"<CMD>18802700729b27000580</CMD><CMD>17802700729b2700af802700088027000180</CMD><CMD>16802700729b27005681</CMD>あ　そうだ　<CMD>f481</CMD><BREAK><CMD>028227000080</CMD>なりに<BREAK>{考|かんが}えてみた<CMD>ff8127000280</CMD>",
			"<CMD>18802700729b27000180</CMD><CMD>17802700729b2700ad802700068027000280</CMD><CMD>16802700729b27005581</CMD>{今|いま}　さがしているコーデに<BREAK>ひつようなものは<BREAK>かっこよさだと{思|おも}う<CMD>ff8127000280</CMD>",
			"えーとつまり<BREAK>かっこいいコーデを{作|つく}るのが",
			"<CMD>18802700729b27000180</CMD><CMD>17802700729b2700ad802700068027000280</CMD><CMD>16802700729b27005581</CMD>いちばん　おいしい<BREAK>{気|き}がしてきた<CMD>ff8127000280</CMD>",
			"\f"
		]
	},
	{
		"Index": 12,
		"JPN": [
			"<CMD>18802700729b27000580</CMD><CMD>17802700729b2700af802700088027000180</CMD><CMD>16802700729b27005681</CMD>あ　そうだ　<CMD>f481</CMD><BREAK><CMD>028227000080</CMD>なりに<BREAK>{考|かんが}えてみた<CMD>ff8127000280</CMD>",
			"<CMD>18802700729b27000180</CMD><CMD>17802700729b2700ad802700068027000280</CMD><CMD>16802700729b27005581</CMD>{今|いま}　さがしているコーデに<BREAK>ひつようなものは<BREAK>シンプルさだと{思|おも}う<CMD>ff8127000280</CMD>",
			"えーとつまり<BREAK>シンプルなコーデを{作|つく}るのが",
			"<CMD>18802700729b27000180</CMD><CMD>17802700729b2700ad802700068027000280</CMD><CMD>16802700729b27005581</CMD>いちばん　おいしい<BREAK>{気|き}がしてきた<CMD>ff8127000280</CMD>",
			"\f"
		]
	},
	{
		"Index": 13,
		"JPN": [
			"<CMD>18802700729b27000580</CMD><CMD>17802700729b2700af802700088027000180</CMD><CMD>16802700729b27005681</CMD>あ　そうだ　<CMD>f481</CMD><BREAK><CMD>028227000080</CMD>なりに<BREAK>{考|かんが}えてみた<CMD>ff8127000280</CMD>",
			"<CMD>18802700729b27000180</CMD><CMD>17802700729b2700ad802700068027000280</CMD><CMD>16802700729b27005581</CMD>{今|いま}　さがしているコーデに<BREAK>ひつようなものは<BREAK>ゴージャスだと{思|おも}う<CMD>ff8127000280</CMD>",
			"えーとつまり<BREAK>ゴージャスなコーデを{作|つく}るのが",
			"<CMD>18802700729b27000180</CMD><CMD>17802700729b2700ad802700068027000280</CMD><CMD>16802700729b27005581</CMD>いちばん　おいしい<BREAK>{気|き}がしてきた<CMD>ff8127000280</CMD>",
			"\f"
		]
	},
	{
		"Index": 14,
		"JPN": [
			"<CMD>18802700729b27000580</CMD><CMD>17802700729b2700af802700088027000180</CMD><CMD>16802700729b27005681</CMD>あ　そうだ　<CMD>f481</CMD><BREAK><CMD>028227000080</CMD>なりに<BREAK>{考|かんが}えてみた<CMD>ff8127000280</CMD>",
			"<CMD>18802700729b27000180</CMD><CMD>17802700729b2700ad802700068027000280</CMD><CMD>16802700729b27005581</CMD>{今|いま}　さがしているコーデに<BREAK>ひつようなものは<BREAK>{赤|あか}だと{思|おも}う<CMD>ff8127000280</CMD>",
			"えーとつまり<BREAK>リンゴみたいに<BREAK>{赤|あか}いコーデを{作|つく}るのが",
			"<CMD>18802700729b27000180</CMD><CMD>17802700729b2700ad802700068027000280</CMD><CMD>16802700729b27005581</CMD>いちばん　おいしい<BREAK>{気|き}がしてきた<CMD>ff8127000280</CMD>",
			"\f"
		]
	},
	{
		"Index": 15,
		"JPN": [
			"<CMD>18802700729b27000580</CMD><CMD>17802700729b2700af802700088027000180</CMD><CMD>16802700729b27005681</CMD>あ　そうだ　<CMD>f481</CMD><BREAK><CMD>028227000080</CMD>なりに<BREAK>{考|かんが}えてみた<CMD>ff8127000280</CMD>",
			"<CMD>18802700729b27000180</CMD><CMD>17802700729b2700ad802700068027000280</CMD><CMD>16802700729b27005581</CMD>{今|いま}　さがしいるコーデに<BREAK>ひつようなものは<BREAK>{青|あお}だと{思|おも}う<CMD>ff8127000280</CMD>",
			"えーとつまり<BREAK>{魚|さかな}がたくさんいる{海|うみ}みたいに<BREAK>{青|あお}いコーデを{作|つく}るのが",
			"<CMD>18802700729b27000180</CMD><CMD>17802700729b2700ad802700068027000280</CMD><CMD>16802700729b27005581</CMD>いちばん　おいしい<BREAK>{気|き}がしてきた<CMD>ff8127000280</CMD>",
			"\f"
		]
	},
	{
		"Index": 16,
		"JPN": [
			"<CMD>18802700729b27000580</CMD><CMD>17802700729b2700af802700088027000180</CMD><CMD>16802700729b27005681</CMD>あ　そうだ　<CMD>f481</CMD><BREAK><CMD>028227000080</CMD>なりに<BREAK>{考|かんが}えてみた<CMD>ff8127000280</CMD>",
			"<CMD>18802700729b27000180</CMD><CMD>17802700729b2700ad802700068027000280</CMD><CMD>16802700729b27005581</CMD>{今|いま}　さがしているコーデに<BREAK>ひつようなものは<BREAK>{黄色|きいろ}だと{思|おも}う<CMD>ff8127000280</CMD>",
			"えーとつまり<BREAK>バナナみたいに<BREAK>{黄色|きいろ}いコーデを{作|つく}るのが",
			"<CMD>18802700729b27000180</CMD><CMD>17802700729b2700ad802700068027000280</CMD><CMD>16802700729b27005581</CMD>いちばん　おいしい<BREAK>{気|き}がしてきた<CMD>ff8127000280</CMD>",
			"\f"
		]
	},
	{
		"Index": 17,
		"JPN": [
			"<CMD>18802700729b27000580</CMD><CMD>17802700729b2700af802700088027000180</CMD><CMD>16802700729b27005681</CMD>あ　そうだ　<CMD>f481</CMD><BREAK><CMD>028227000080</CMD>なりに<BREAK>{考|かんが}えてみた<CMD>ff8127000280</CMD>",
			"<CMD>18802700729b27000180</CMD><CMD>17802700729b2700ad802700068027000280</CMD><CMD>16802700729b27005581</CMD>{今|いま}　さがしているコーデに<BREAK>ひつようなものは<BREAK>{緑色|みどりいろ}だと{思|おも}う<CMD>ff8127000280</CMD>",
			"えーとつまり<BREAK>キュウリみたいな<BREAK>{緑色|みどりいろ}のコーデを{作|つく}るのが",
			"<CMD>18802700729b27000180</CMD><CMD>17802700729b2700ad802700068027000280</CMD><CMD>16802700729b27005581</CMD>いちばん　おいしい<BREAK>{気|き}がしてきた<CMD>ff8127000280</CMD>",
			"\f"
		]
	},
	{
		"Index": 18,
		"JPN": [
			"<CMD>18802700729b27000580</CMD><CMD>17802700729b2700af802700088027000180</CMD><CMD>16802700729b27005681</CMD>あ　そうだ　<CMD>f481</CMD><BREAK><CMD>028227000080</CMD>なりに<BREAK>{考|かんが}えてみた<CMD>ff8127000280</CMD>",
			"<CMD>18802700729b27000180</CMD><CMD>17802700729b2700ad802700068027000280</CMD><CMD>16802700729b27005581</CMD>{今|いま}　さがしているコーデに<BREAK>ひつようなものは<BREAK>むらさき{色|いろ}だと{思|おも}う<CMD>ff8127000280</CMD>",
			"えーとつまり<BREAK>ナスみたいな<BREAK>むらさき{色|いろ}のコーデを{作|つく}るのが",
			"<CMD>18802700729b27000180</CMD><CMD>17802700729b2700ad802700068027000280</CMD><CMD>16802700729b27005581</CMD>いちばん　おいしい<BREAK>{気|き}がしてきた<CMD>ff8127000280</CMD>",
			"\f"
		]
	},
	{
		"Index": 19,
		"JPN": [
			"<CMD>18802700729b27000580</CMD><CMD>17802700729b2700af802700088027000180</CMD><CMD>16802700729b27005681</CMD>あ　そうだ　<CMD>f481</CMD><BREAK><CMD>028227000080</CMD>なりに<BREAK>{考|かんが}えてみた<CMD>ff8127000280</CMD>",
			"<CMD>18802700729b27000180</CMD><CMD>17802700729b2700ad802700068027000280</CMD><CMD>16802700729b27005581</CMD>{今|いま}　さがしいるコーデに<BREAK>ひつようなものは<BREAK>{茶色|ちゃいろ}だと{思|おも}う<CMD>ff8127000280</CMD>",
			"えーとつまり<BREAK>チョコレートみたいな<BREAK>{茶色|ちゃいろ}いコーデを{作|つく}るのが",
			"<CMD>18802700729b27000180</CMD><CMD>17802700729b2700ad802700068027000280</CMD><CMD>16802700729b27005581</CMD>いちばん　おいしい<BREAK>{気|き}がしてきた<CMD>ff8127000280</CMD>",
			"\f"
		]
	},
	{
		"Index": 20,
		"JPN": [
			"<CMD>18802700729b27000580</CMD><CMD>17802700729b2700af802700088027000180</CMD><CMD>16802700729b27005681</CMD>あ　そうだ　<CMD>f481</CMD><BREAK><CMD>028227000080</CMD>なりに<BREAK>{考|かんが}えてみた<CMD>ff8127000280</CMD>",
			"<CMD>18802700729b27000180</CMD><CMD>17802700729b2700ad802700068027000280</CMD><CMD>16802700729b27005581</CMD>{今|いま}　さがしているコーデに<BREAK>ひつようなものは<BREAK>{黒|くろ}だと{思|おも}う<CMD>ff8127000280</CMD>",
			"えーとつまり<BREAK>パリパリしたノリみたいな<BREAK>{黒|くろ}いコーデを{作|つく}るのが",
			"<CMD>18802700729b27000180</CMD><CMD>17802700729b2700ad802700068027000280</CMD><CMD>16802700729b27005581</CMD>いちばん　おいしい<BREAK>{気|き}がしてきた<CMD>ff8127000280</CMD>",
			"\f"
		]
	},
	{
		"Index": 21,
		"JPN": [
			"<CMD>18802700729b27000580</CMD><CMD>17802700729b2700af802700088027000180</CMD><CMD>16802700729b27005681</CMD>あ　そうだ　<CMD>f481</CMD><BREAK><CMD>028227000080</CMD>なりに<BREAK>{考|かんが}えてみた<CMD>ff8127000280</CMD>",
			"<CMD>18802700729b27000180</CMD><CMD>17802700729b2700ad802700068027000280</CMD><CMD>16802700729b27005581</CMD>{今|いま}　さがしているコーデに<BREAK>ひつようなものは<BREAK>{白|しろ}だと{思|おも}う<CMD>ff8127000280</CMD>",
			"えーとつまり<BREAK>たきたてのゴハンみたいな<BREAK>{白|しろ}いコーデを{作|つく}るのが",
			"<CMD>18802700729b27000180</CMD><CMD>17802700729b2700ad802700068027000280</CMD><CMD>16802700729b27005581</CMD>いちばん　おいしい<BREAK>{気|き}がしてきた<CMD>ff8127000280</CMD>",
			"\f"
		]
	},
	{
		"Index": 22,
		"JPN": [
			"<CMD>18802700729b27000580</CMD><CMD>17802700729b2700af802700088027000180</CMD><CMD>16802700729b27005681</CMD>あ　そうだ　<CMD>f481</CMD><BREAK><CMD>028227000080</CMD>なりに<BREAK>{考|かんが}えてみた<CMD>ff8127000280</CMD>",
			"<CMD>18802700729b27000180</CMD><CMD>17802700729b2700ad802700068027000280</CMD><CMD>16802700729b27005581</CMD>{今|いま}　さがしているコーデに<BREAK>ひつようなものは<BREAK>はい{色|いろ}だと{思|おも}う<CMD>ff8127000280</CMD>",
			"えーとつまり<BREAK>けむりみたいな<BREAK>はい{色|いろ}のコーデを{作|つく}るのが",
			"<CMD>18802700729b27000180</CMD><CMD>17802700729b2700ad802700068027000280</CMD><CMD>16802700729b27005581</CMD>いちばん　おいしい<BREAK>{気|き}がしてきた<CMD>ff8127000280</CMD>",
			"\f"
		]
	},
	{
		"Index": 23,
		"JPN": [
			"<CMD>18802700729b27000580</CMD><CMD>17802700729b2700af802700088027000180</CMD><CMD>16802700729b27005681</CMD>あ　そうだ　<CMD>f481</CMD><BREAK><CMD>028227000080</CMD>なりに<BREAK>{考|かんが}えてみた<CMD>ff8127000280</CMD>",
			"<CMD>18802700729b27000180</CMD><CMD>17802700729b2700ad802700068027000280</CMD><CMD>16802700729b27005581</CMD>{今|いま}　さがしているコーデに<BREAK>ひつようなものは<BREAK>ピンク{色|いろ}だと{思|おも}う<CMD>ff8127000280</CMD>",
			"えーとつまり<BREAK>ピーチみたいに<BREAK>ピンク{色|いろ}のコーデを{作|つく}るのが",
			"<CMD>18802700729b27000180</CMD><CMD>17802700729b2700ad802700068027000280</CMD><CMD>16802700729b27005581</CMD>いちばん　おいしい<BREAK>{気|き}がしてきた<CMD>ff8127000280</CMD>",
			"\f"
		]
	},
	{
		"Index": 24,
		"JPN": [
			"<CMD>18802700729b27000580</CMD><CMD>17802700729b2700af802700088027000180</CMD><CMD>16802700729b27005681</CMD>あ　そうだ　<CMD>f481</CMD><BREAK><CMD>028227000080</CMD>なりに<BREAK>{考|かんが}えてみた<CMD>ff8127000280</CMD>",
			"<CMD>18802700729b27000180</CMD><CMD>17802700729b2700ad802700068027000280</CMD><CMD>16802700729b27005581</CMD>{今|いま}　さがしているコーデに<BREAK>ひつようなものは<BREAK>オレンジ{色|いろ}だと{思|おも}う<CMD>ff8127000280</CMD>",
			"えーとつまり<BREAK>こたつの{上|うえ}のみかんみたいに<BREAK>オレンジ{色|いろ}のコーデを{作|つく}るのが",
			"<CMD>18802700729b27000180</CMD><CMD>17802700729b2700ad802700068027000280</CMD><CMD>16802700729b27005581</CMD>いちばん　おいしい<BREAK>{気|き}がしてきた<CMD>ff8127000280</CMD>",
			"\f"
		]
	},
	{
		"Index": 25,
		"JPN": [
			"<CMD>18802700729b27000580</CMD><CMD>17802700729b2700af802700088027000180</CMD><CMD>16802700729b27005681</CMD>あ　そうだ　<CMD>f481</CMD><BREAK><CMD>028227000080</CMD>なりに<BREAK>{考|かんが}えてみた<CMD>ff8127000280</CMD>",
			"<CMD>18802700729b27000180</CMD><CMD>17802700729b2700ad802700068027000280</CMD><CMD>16802700729b27005581</CMD>{今|いま}　さがしているコーデに<BREAK>ひつようなものは<BREAK>{水色|みずいろ}だと{思|おも}う<CMD>ff8127000280</CMD>",
			"えーとつまり<BREAK>ソーダのアイスみたいに<BREAK>{水色|みずいろ}のコーデを{作|つく}るのが",
			"<CMD>18802700729b27000180</CMD><CMD>17802700729b2700ad802700068027000280</CMD><CMD>16802700729b27005581</CMD>いちばん　おいしい<BREAK>{気|き}がしてきた<CMD>ff8127000280</CMD>",
			"\f"
		]
	},
	{
		"Index": 26,
		"JPN": [
			"<CMD>18802700729b27000680</CMD><CMD>17802700729b2700088027000a8027000180</CMD><CMD>16802700729b27007e81</CMD>ん～？<BREAK>なんでもない<CMD>ff8127000380</CMD>？",
			"だったら　おなかがすく{前|まえ}に<BREAK>{早|はや}く{見|みて}てまわろう<CMD>ff8127000580</CMD>",
			"\f"
		]
	}
]