[
	{
		"Index": 0,
		"JPN": [
			"<CMD>18802700729b27000780</CMD><CMD>17802700729b2700b18027000a8027000180</CMD><CMD>16802700729b27009081</CMD>ちょっといいかな？<BREAK><CMD>f481</CMD>と<CMD>028227000080</CMD>にとって<BREAK>{大事|だいじ}なお{話|はなし}があるんだけど…",
			"ちょっと　お{話|はなし}をする<BREAK>{時間|じかん}はある<CMD>ff8127000380</CMD>？",
			"<CMD>13802700a18f</CMD>",
			"\f"
		]
	},
	{
		"Index": 1,
		"JPN": [
			"<CMD>3780</CMD>",
			"なんの{話|はなし}？<CMD>13802700a28f</CMD>",
			"いそがしいから…<CMD>13802700a38f</CMD>",
			"\f"
		]
	},
	{
		"Index": 2,
		"JPN": [
			"<CMD>18802700729b27000780</CMD><CMD>17802700729b2700b18027000a8027000180</CMD>うん　とてもたいせつな<BREAK>お{話|はなし}<CMD>ff8127000080</CMD>！",
			"ＰＭ６{時|じ}に　<CMD>008027000580</CMD>{恋人|こいびと}みさき<CMD>008027000180</CMD>に<BREAK>{来|き}て<CMD>ff8127000480</CMD>",
			"<CMD>138027001891</CMD>",
			"\f"
		]
	},
	{
		"Index": 3,
		"JPN": [
			"<CMD>18802700729b27000480</CMD><CMD>17802700729b2700ab8027000a8027000180</CMD><CMD>16802700729b27007f81</CMD>そう…<BREAK>じゃあ　{仕方|しかた}ない<CMD>ff8127000280</CMD>",
			"またいつか　{時間|じかん}がある{時|とき}に<BREAK>たいせつなお{話|はなし}…<BREAK>{聞|き}いてほしい<CMD>ff8127000280</CMD>",
			"\f"
		]
	},
	{
		"Index": 4,
		"JPN": [
			"<CMD>18802700729b27000180</CMD><CMD>17802700729b2700ad802700068027000280</CMD><CMD>16802700729b27005581</CMD>{本当|ほんとう}に{来|き}てくれたんだ<BREAK>ありがとう",
			"お{話|はなし}っていうのは…<BREAK><CMD>f481</CMD>",
			"{勉強|べんきょう}や<BREAK>{友|とも}だちのことで<BREAK>なやむことあるでしょ",
			"<CMD>18802700729b27000780</CMD><CMD>17802700729b2700b18027000a8027000180</CMD><CMD>16802700729b27009081</CMD>そんなときに　<CMD>028227000080</CMD>みたいに<BREAK>たよれる{恋人|こいびと}がいると<BREAK>いいと{思|おも}わない？",
			"<CMD>13802700a58f</CMD>",
			"\f"
		]
	},
	{
		"Index": 5,
		"JPN": [
			"<CMD>3780</CMD>",
			"はい<CMD>13802700a68f</CMD>",
			"いいえ<CMD>13802700a78f</CMD>",
			"\f"
		]
	},
	{
		"Index": 6,
		"JPN": [
			"<CMD>18802700729b27000180</CMD><CMD>17802700729b270001802700048027000180</CMD><CMD>16802700729b27004181</CMD>うん　うん<BREAK>けんめいな　はんだん<CMD>ff8127000080</CMD>",
			"じゃあ<BREAK>{困|こま}ったことがあったら<BREAK>なんでも　そうだんして<CMD>ff8127000480</CMD>！",
			"<CMD>18802700729b27000780</CMD><CMD>17802700729b2700b18027000a8027000180</CMD><CMD>16802700729b27009081</CMD><CMD>028227000080</CMD>たち<BREAK>{恋人|こいびと}どうしなんだから<BREAK>えんりょはなし<CMD>ff8127000080</CMD>",
			"\f"
		]
	},
	{
		"Index": 7,
		"JPN": [
			"<CMD>18802700729b27000380</CMD><CMD>17802700729b2700ab8027000a8027000180</CMD><CMD>16802700729b27002e81</CMD>そう？<BREAK>なやみは　ないのかな？",
			"もし<BREAK>なにか<BREAK>{困|こま}ったことがあったら",
			"<CMD>18802700729b27000180</CMD><CMD>17802700729b2700ad802700068027000280</CMD><CMD>16802700729b27005581</CMD>えんりょなく<BREAK>そうだんして<CMD>ff8127000480</CMD>",
			"\f"
		]
	},
	{
		"Index": 12,
		"JPN": [
			"<CMD>18802700729b27000180</CMD><CMD>17802700729b2700ad802700068027000280</CMD><CMD>16802700729b27005581</CMD>ねえ　さいきん　<CMD>f481</CMD>と<BREAK>お{話|はな}しすることが{多|おお}い<CMD>ff8127000280</CMD>",
			"<CMD>18802700729b27000080</CMD><CMD>17802700729b2700b28027000a8027000180</CMD><CMD>16802700729b27006981</CMD>これからも　{時間|じかん}があるときには<BREAK>いっしょにお{話|はな}ししない？",
			"<CMD>13802700ad8f</CMD>",
			"\f"
		]
	},
	{
		"Index": 13,
		"JPN": [
			"<CMD>3780</CMD>",
			"いいよ<CMD>13802700ae8f</CMD>",
			"えんりょする<CMD>13802700af8f</CMD>",
			"\f"
		]
	},
	{
		"Index": 14,
		"JPN": [
			"<CMD>18802700729b27000180</CMD><CMD>17802700729b2700ad802700068027000280</CMD><CMD>16802700729b27005581</CMD>うん<BREAK>{予想通|よそうどお}りの<BREAK>{返事|へんじ}<CMD>ff8127000080</CMD>",
			"じゃあ　{友|とも}だちとして<BREAK>あらためて　よろしくして<CMD>ff8127000480</CMD>",
			"\f"
		]
	},
	{
		"Index": 15,
		"JPN": [
			"<CMD>18802700729b27000380</CMD><CMD>17802700729b2700ab8027000a8027000180</CMD><CMD>16802700729b27003081</CMD>えんりょなんて<BREAK>しなくてもいいのに…",
			"まあ　{気|き}がかわったら<BREAK>また　{声|こえ}をかけて<CMD>ff8127000480</CMD>",
			"\f"
		]
	},
	{
		"Index": 16,
		"JPN": [
			"<CMD>18802700729b27000180</CMD><CMD>17802700729b2700ad802700068027000280</CMD><CMD>16802700729b27005581</CMD>ちょうどよかった",
			"<CMD>f481</CMD>にお{話|はな}し<BREAK>したいことが<BREAK>ある<CMD>ff8127000280</CMD>",
			"<CMD>18802700729b27000080</CMD><CMD>17802700729b2700b28027000a8027000180</CMD><CMD>16802700729b27006981</CMD>あとで<BREAK><CMD>008027000580</CMD>{恋人|こいびと}みさき<CMD>008027000180</CMD>に{来|き}て<CMD>ff8127000480</CMD>！",
			"<CMD>13802700b18f</CMD>",
			"\f"
		]
	},
	{
		"Index": 17,
		"JPN": [
			"<CMD>3780</CMD>",
			"オッケー！<CMD>13802700b28f</CMD>",
			"{用事|ようじ}があって…<CMD>13802700b38f</CMD>",
			"\f"
		]
	},
	{
		"Index": 18,
		"JPN": [
			"<CMD>18802700729b27000180</CMD><CMD>17802700729b2700ad802700068027000280</CMD><CMD>16802700729b27005581</CMD>うん<BREAK><CMD>f481</CMD>は　<CMD>028227000080</CMD>のさそい<BREAK>ことわったりしないもんね",
			"じゃあ<BREAK>ＰＭ７{時|じ}に　<CMD>008027000580</CMD>{恋人|こいびと}みさき<CMD>008027000180</CMD>に<BREAK>{来|き}て<CMD>ff8127000480</CMD>",
			"<CMD>138027000991</CMD>",
			"\f"
		]
	},
	{
		"Index": 19,
		"JPN": [
			"<CMD>18802700729b27000380</CMD><CMD>17802700729b2700ab8027000a8027000180</CMD><CMD>16802700729b27003081</CMD>そう…きっと　{大切|たいせつ}な<BREAK>{用事|ようじ}なんだね…",
			"じゃあ　{次|つぎ}は<BREAK>かならずつきあうようにね！",
			"\f"
		]
	},
	{
		"Index": 20,
		"JPN": [
			"<CMD>18802700729b27000180</CMD><CMD>17802700729b2700ad802700068027000280</CMD><CMD>16802700729b27005581</CMD>きてくれたんだ<BREAK>ありがとう",
			"さっそく　そうだんなんだけど<BREAK><CMD>028227000080</CMD>たち<BREAK>{気|き}が{合|あ}うみたいだし",
			"<CMD>18802700729b27000080</CMD><CMD>17802700729b2700b28027000a8027000180</CMD><CMD>16802700729b27006981</CMD>なんでも　そうだんできる<BREAK>おしゃべりなかまに<BREAK>なってみない？",
			"<CMD>13802700b58f</CMD>",
			"\f"
		]
	},
	{
		"Index": 21,
		"JPN": [
			"<CMD>3780</CMD>",
			"はい<CMD>13802700b68f</CMD>",
			"いいえ<CMD>13802700b78f</CMD>",
			"\f"
		]
	},
	{
		"Index": 22,
		"JPN": [
			"やっぱり　<CMD>028227000080</CMD>たち<BREAK>{気|き}が{合|あ}うね！",
			"<CMD>18802700729b27000180</CMD><CMD>17802700729b2700ad802700068027000280</CMD><CMD>16802700729b27005581</CMD>それじゃあ<BREAK>これからもよろしくね！",
			"\f"
		]
	},
	{
		"Index": 23,
		"JPN": [
			"<CMD>18802700729b27000280</CMD><CMD>17802700729b27001c802700088027000480</CMD><CMD>16802700729b27007d81</CMD><CMD>028227000080</CMD>のさそいを<BREAK>ことわるとはね…",
			"<CMD>18802700729b27000180</CMD><CMD>17802700729b2700ad802700068027000280</CMD><CMD>16802700729b27005581</CMD>でも　{仕方|しかた}ないや<BREAK>まあ<BREAK>また{気|き}が{向|む}いたらよろしくね",
			"\f"
		]
	},
	{
		"Index": 32,
		"JPN": [
			"ちょうどよかった…<BREAK>この{間|あいだ}は　やくそくを<BREAK>{守|まも}れなくて　ごめん",
			"{気|き}がついたら　へんなところにいて<BREAK>{家|いえ}にも　{帰|かえ}れなくて<BREAK>こまった<CMD>ff8127000280</CMD>",
			"それで　おねがいなんだけど<BREAK>あらためて　お{話|はなし}をする<BREAK>{時間|じかん}はある<CMD>ff8127000380</CMD>？",
			"<CMD>13802700a18f</CMD>",
			"\f"
		]
	},
	{
		"Index": 36,
		"JPN": [
			"ちょうどよかった…<BREAK>この{間|あいだ}は　やくそくを<BREAK>{守|まも}れなくて　ごめん",
			"{気|き}がついたら　へんなところにいて<BREAK>{家|いえ}にも　{帰|かえ}れなくて<BREAK>こまった<CMD>ff8127000280</CMD>",
			"あとで<BREAK><CMD>008027000580</CMD>{恋人|こいびと}みさき<CMD>008027000180</CMD>に{来|き}て<CMD>ff8127000480</CMD>！",
			"<CMD>13802700b18f</CMD>",
			"\f"
		]
	},
	{
		"Index": 40,
		"JPN": [
			"お{話|はなし}っていうのは…<BREAK><CMD>f481</CMD>",
			"{勉強|べんきょう}や　{友|とも}だちの<BREAK>ことで　なやむことあるでしょ",
			"<CMD>18802700729b27000780</CMD><CMD>17802700729b2700b18027000a8027000180</CMD><CMD>16802700729b27009081</CMD>そんなときに　<CMD>028227000080</CMD>みたいに<BREAK>たよれる{恋人|こいびと}がいると<BREAK>いいと{思|おも}わない？",
			"<CMD>13802700a58f</CMD>",
			"\f"
		]
	},
	{
		"Index": 44,
		"JPN": [
			"さっそく　そうだんなんだけど<BREAK><CMD>028227000080</CMD>たち<BREAK>{気|き}が{合|あ}うみたいだし",
			"<CMD>18802700729b27000080</CMD><CMD>17802700729b2700b28027000a8027000180</CMD><CMD>16802700729b27006981</CMD>なんでも　そうだんできる<BREAK>おしゃべりなかまに<BREAK>なってみない？",
			"<CMD>13802700b58f</CMD>",
			"\f"
		]
	}
]