[
	{
		"Index": 0,
		"JPN": [
			"<CMD>18802700729b27000780</CMD><CMD>17802700729b2700b18027000a8027000180</CMD>あっ…　<CMD>028227000080</CMD><BREAK>そろそろ　{行|い}かないと…",
			"<CMD>028227000180</CMD>",
			"<CMD>f481</CMD>の{話|はなし}<BREAK>ちゃんと　{聞|き}いてあげたいから",
			"だから　また{後|あと}でね<BREAK>{待|ま}ってて<CMD>ff8127000480</CMD>",
			"\f"
		]
	},
	{
		"Index": 1,
		"JPN": [
			"<CMD>18802700729b27000780</CMD><CMD>17802700729b2700b18027000a8027000180</CMD>うーん<BREAK>まだ　{手|て}が{空|す}かないの",
			"{順番|じゅんばん}に　{話|はなし}を{聞|き}くから<BREAK>もうちょっと{待|ま}ってて<CMD>ff8127000480</CMD>",
			"ごめんね<CMD>618027000b80</CMD>",
			"\f"
		]
	},
	{
		"Index": 2,
		"JPN": [
			"<CMD>18802700729b27000780</CMD><CMD>17802700729b2700b18027000a8027000180</CMD>うーん…<BREAK><CMD>f481</CMD>の{話|はなし}　ちゃんと<BREAK>{聞|き}くって{言|い}ってる<CMD>ff8127000280</CMD>",
			"<CMD>f481</CMD>だって<BREAK>{話|はなし}はんぶんに<BREAK>{聞|き}かれたくないでしょ？",
			"そういうわけだから<BREAK>また{後|あと}でね<CMD>228027000b80</CMD><CMD>618027000b80</CMD>",
			"\f"
		]
	},
	{
		"Index": 20,
		"JPN": [
			"ねえねえ　<CMD>0382</CMD>って<BREAK>すごいんだよ　{話|はな}していると<BREAK>{勉強|べんきょう}のつかれも",
			"<CMD>18802700729b27000180</CMD><CMD>17802700729b2700ad802700068027000280</CMD><CMD>16802700729b27005581</CMD>ふきとんでいっちゃう<CMD>ff8127000280</CMD><BREAK>これって　<CMD>0382</CMD>の<BREAK>{才能|さいのう}かもね",
			"<CMD>18802700729b27000080</CMD><CMD>17802700729b2700b28027000a8027000180</CMD><CMD>16802700729b27006981</CMD>{聞|き}き{上手|じょうず}って<BREAK>やつなのかな？",
			"\f"
		]
	},
	{
		"Index": 21,
		"JPN": [
			"<CMD>0382</CMD>ってね<BREAK>むずかしい{問題|もんだい}を<BREAK>{出|だ}されても",
			"<CMD>18802700729b27000180</CMD><CMD>17802700729b2700ad802700068027000280</CMD><CMD>16802700729b27005581</CMD>ぱぱっと<BREAK>{答|こた}えちゃう<CMD>ff8127000280</CMD><BREAK>ずいぶん　{努力|どりょく}してるみたい",
			"どんな{勉強|べんきょう}してるのかな？<BREAK>なんとかして　そのヒミツを<BREAK>{知|し}りたかった<CMD>ff8127000280</CMD>",
			"\f"
		]
	},
	{
		"Index": 22,
		"JPN": [
			"<CMD>18802700729b27000180</CMD><CMD>17802700729b2700ad802700068027000280</CMD><CMD>16802700729b27005581</CMD>{町|まち}で　<CMD>0382</CMD>を{見|み}かけると<BREAK>いつも　たくさんの{人|ひと}たちに<BREAK>{話|はな}しかけられてた<CMD>ff8127000280</CMD>",
			"ずいぶん　{顔|かお}が{広|ひろ}いみたい<BREAK>{街|まち}の{有名人|ゆうめいじん}って<BREAK>やつかな？",
			"<CMD>18802700729b27000180</CMD><CMD>17802700729b2700ad802700068027000280</CMD><CMD>16802700729b27005581</CMD><CMD>0382</CMD>には<BREAK>ふしぎなみりょくが<BREAK>あるのかもね",
			"\f"
		]
	},
	{
		"Index": 23,
		"JPN": [
			"<CMD>18802700729b27000580</CMD><CMD>17802700729b2700aa8027000a8027000180</CMD><CMD>16802700729b27002d81</CMD>{実|じつ}は<CMD>0382</CMD>って<BREAK>{困|こま}ったところがあって",
			"まほうで　みんなに<BREAK>イタズラをするのが<BREAK>{大好|だいす}きなんだよ",
			"<CMD>18802700729b27000280</CMD><CMD>17802700729b27001c802700088027000480</CMD><CMD>16802700729b27007d81</CMD>ときどき　<CMD>028227000080</CMD>が<BREAK>おせっきょうするんだけど<BREAK>なかなかやめてくれない<CMD>ff8127000280</CMD>",
			"\f"
		]
	},
	{
		"Index": 24,
		"JPN": [
			"<CMD>18802700729b27000180</CMD><CMD>17802700729b2700ad802700068027000280</CMD><CMD>16802700729b27005581</CMD><CMD>0382</CMD>とは<BREAK>{友|とも}だち{同士|どうし}<CMD>ff8127000080</CMD>",
			"ただ　まだ　あんまり<BREAK><CMD>0382</CMD>こと<BREAK>{知|し}らない<CMD>ff8127000280</CMD>",
			"<CMD>18802700729b27000180</CMD><CMD>17802700729b2700ad802700068027000280</CMD><CMD>16802700729b27005581</CMD>おたがいのことを{知|し}れば<BREAK>{今|いま}より{仲良|なかよ}くなれるはずだから<BREAK>もっと　おしゃべりしたい<CMD>ff8127000280</CMD>",
			"\f"
		]
	},
	{
		"Index": 25,
		"JPN": [
			"<CMD>18802700729b27000180</CMD><CMD>17802700729b2700ad802700068027000280</CMD><CMD>16802700729b27005581</CMD><CMD>0382</CMD>とは　ふたりで<BREAK>いろんな<BREAK>お{話|はなし}をした<CMD>ff8127000280</CMD>",
			"<CMD>0382</CMD>には<BREAK>どんなことでも<BREAK>{打|う}ち{明|あ}けられた<CMD>ff8127000280</CMD>",
			"<CMD>18802700729b27000180</CMD><CMD>17802700729b2700ad802700068027000280</CMD><CMD>16802700729b27005581</CMD>やっぱり<BREAK>{持|も}つべきものは<BREAK>{親友|しんゆう}<CMD>ff8127000080</CMD>",
			"\f"
		]
	},
	{
		"Index": 26,
		"JPN": [
			"<CMD>18802700729b27000080</CMD><CMD>17802700729b2700b28027000a8027000180</CMD><CMD>16802700729b27006981</CMD>こんにちは<BREAK>ひとりで<BREAK>さんぽしてる<CMD>ff8127000380</CMD>？",
			"<CMD>18802700729b27000780</CMD><CMD>17802700729b2700b18027000a8027000180</CMD><CMD>028227000080</CMD>もまた<BREAK>{恋人|こいびと}の　<CMD>0382</CMD>と<BREAK>デートしたいなあ…",
			"<CMD>18802700729b27000180</CMD><CMD>17802700729b270001802700048027000180</CMD><CMD>16802700729b27004181</CMD>うふふ…<BREAK>うらやましい<CMD>ff8127000380</CMD>？",
			"\f"
		]
	},
	{
		"Index": 28,
		"JPN": [
			"<CMD>18802700729b27000180</CMD><CMD>17802700729b2700ad802700068027000280</CMD><CMD>16802700729b27005581</CMD><CMD>028227000080</CMD>　<CMD>0382</CMD>とは<BREAK>よく　ベンチに{座|すわ}って<BREAK>おしゃべりしてた<CMD>ff8127000280</CMD>",
			"なんだか　ずっとむかしから<BREAK>{知|し}り{合|あ}いだったような…<BREAK>{安心|あんしん}した{気分|きぶん}になれたよ",
			"<CMD>18802700729b27000180</CMD><CMD>17802700729b2700ad802700068027000280</CMD><CMD>16802700729b27005581</CMD><CMD>028227000080</CMD>と<CMD>0382</CMD>って<BREAK>とっても　{気|き}が{合|あ}うみたい<BREAK>ずっと　{仲良|なかよ}しでいたい<CMD>ff8127000280</CMD>",
			"\f"
		]
	},
	{
		"Index": 29,
		"JPN": [
			"<CMD>18802700729b27000180</CMD><CMD>17802700729b2700ad802700068027000280</CMD><CMD>16802700729b27005581</CMD><CMD>0382</CMD>といっしょに<BREAK>{釣|つ}りに{行|い}ったことも<BREAK>ある<CMD>ff8127000280</CMD>",
			"ふたりで　おしゃべりしながら<BREAK>のんびり　{釣|つ}りをして<BREAK>とても{楽|たの}しかったよ",
			"<CMD>18802700729b27000180</CMD><CMD>17802700729b2700ad802700068027000280</CMD><CMD>16802700729b27005581</CMD>また　<CMD>0382</CMD>と<BREAK>いっしょに<BREAK>{釣|つ}りへ{行|い}きたい<CMD>ff8127000280</CMD>",
			"\f"
		]
	},
	{
		"Index": 30,
		"JPN": [
			"<CMD>0382</CMD>といっしょに<BREAK>{虫取|むしと}りにも{行|い}った<CMD>ff8127000280</CMD><BREAK>{本当|ほんとう}は　あんまり",
			"<CMD>18802700729b27000780</CMD><CMD>17802700729b2700b18027000a8027000180</CMD>{虫|むし}は{好|す}きじゃないけど…<BREAK>せっかく　<CMD>0382</CMD>が<BREAK>さそってくれるからさ",
			"<CMD>18802700729b27000180</CMD><CMD>17802700729b2700ad802700068027000280</CMD><CMD>16802700729b27005581</CMD>でも　いいんだ<BREAK><CMD>0382</CMD>といっしょなら<BREAK>なんでも{楽|たの}しかったからね",
			"\f"
		]
	},
	{
		"Index": 31,
		"JPN": [
			"<CMD>18802700729b27000180</CMD><CMD>17802700729b2700ad802700068027000280</CMD><CMD>16802700729b27005581</CMD>ほうきに{乗|の}って　<CMD>0382</CMD>と<BREAK>お{出|で}かけするのも　{楽|たの}しかったよ<BREAK>ふたりで　きょうそうしたり",
			"{高|たか}いところから<BREAK>きれいな<BREAK>{景色|けしき}を{見|み}たり…",
			"<CMD>18802700729b27000180</CMD><CMD>17802700729b2700ad802700068027000280</CMD><CMD>16802700729b27005581</CMD>{次|つぎ}は　もっと{遠|とお}くまで<BREAK>お{出|で}かけしようって　{計画|けいかく}<BREAK>しているんだ　{楽|たの}しみ<CMD>ff8127000080</CMD>",
			"\f"
		]
	},
	{
		"Index": 32,
		"JPN": [
			"<CMD>18802700729b27000180</CMD><CMD>17802700729b2700ad802700068027000280</CMD><CMD>16802700729b27005581</CMD><CMD>0382</CMD>と　{街|まち}で{会|あ}うと<BREAK>よく　そのままいっしょに<BREAK>お{買|か}い{物|もの}をしていた<CMD>ff8127000280</CMD>",
			"<CMD>0382</CMD>って　{買|か}い{物|もの}が<BREAK>{好|す}きなんだよ<BREAK>{洋服|ようふく}えらびとか　いろいろ",
			"<CMD>18802700729b27000180</CMD><CMD>17802700729b2700ad802700068027000280</CMD><CMD>16802700729b27005581</CMD>{相談|そうだん}に{乗|の}ってあげながら<BREAK>ふたりで{一日中|いちにちじゅう}　{街|まち}を<BREAK>{歩|ある}き{回|まわ}っていた<CMD>ff8127000280</CMD>",
			"\f"
		]
	},
	{
		"Index": 33,
		"JPN": [
			"<CMD>18802700729b27000180</CMD><CMD>17802700729b2700ad802700068027000280</CMD><CMD>16802700729b27005581</CMD><CMD>0382</CMD>とは　ふたりで<BREAK>{勉強|べんきょう}もしていた<CMD>ff8127000280</CMD><BREAK>まじめでしょ？",
			"{勉強|べんきょう}しながら<BREAK>おしゃべりも<BREAK>たくさん　していたけど…",
			"<CMD>18802700729b27000180</CMD><CMD>17802700729b2700ad802700068027000280</CMD><CMD>16802700729b27005581</CMD>まあ<BREAK>{勉強|べんきょう}の{合間|あいま}には<BREAK>きゅうけいも　{必要|ひつよう}だもんね？",
			"\f"
		]
	},
	{
		"Index": 34,
		"JPN": [
			"<CMD>18802700729b27000180</CMD><CMD>17802700729b2700ad802700068027000280</CMD><CMD>16802700729b27005581</CMD><CMD>0382</CMD>とは<BREAK>お{茶|ちゃ}やおやつの{時間|じかん}も<BREAK>いつもいっしょだった<CMD>ff8127000280</CMD>",
			"ふたりで　{勉強|べんきょう}のこととか<BREAK>{遊|あそ}びのこととか<BREAK>いろいろお{話|はな}ししながら",
			"<CMD>18802700729b27000180</CMD><CMD>17802700729b2700ad802700068027000280</CMD><CMD>16802700729b27005581</CMD>ゆっくり　お{茶|ちゃ}を<BREAK>{味|あじ}わったんだ　またいっしょに<BREAK>お{茶|ちゃ}をのみたい<CMD>ff8127000280</CMD>",
			"\f"
		]
	}
]