[
	{
		"Index": 0,
		"JPN": [
			"<CMD>18802700729b27000780</CMD><CMD>17802700729b2700b18027000a8027000180</CMD><CMD>16802700729b27009081</CMD>{時間|じかん}　あるかな？",
			"<CMD>13802700a18f</CMD>",
			"\f"
		]
	},
	{
		"Index": 1,
		"JPN": [
			"<CMD>3780</CMD>",
			"ある<CMD>13802700a28f</CMD>",
			"ない<CMD>13802700a38f</CMD>",
			"\f"
		]
	},
	{
		"Index": 2,
		"JPN": [
			"<CMD>18802700729b27000180</CMD><CMD>17802700729b2700ad802700068027000280</CMD><CMD>16802700729b27005581</CMD>わぁい　ありがと！<BREAK>じゃ　ＰＭ６{時|じ}に<CMD>008027000580</CMD>{恋人|こいびと}みさき<CMD>008027000180</CMD>に<BREAK>{来|き}て<CMD>ff8127000480</CMD>！",
			"<CMD>138027001891</CMD>",
			"\f"
		]
	},
	{
		"Index": 3,
		"JPN": [
			"ふぅん　そうなんだ…",
			"<CMD>18802700729b27000380</CMD><CMD>17802700729b2700ab8027000a8027000180</CMD><CMD>16802700729b27003081</CMD>そういうときも　あるよね<BREAK>{仕方|しかた}がないかな<BREAK>じゃあね　バイバイ",
			"\f"
		]
	},
	{
		"Index": 4,
		"JPN": [
			"<CMD>18802700729b27000180</CMD><CMD>17802700729b2700ad802700068027000280</CMD><CMD>16802700729b27005581</CMD>あっ　ちゃんと{来|き}てくれた！<BREAK>うれしい<CMD>ff8127000580</CMD>！",
			"…あのさ<BREAK><CMD>028227000080</CMD>たちって<BREAK>なか　いいじゃない？",
			"<CMD>18802700729b27000780</CMD><CMD>17802700729b2700b18027000a8027000180</CMD><CMD>16802700729b27009081</CMD>だからさ　このまま<BREAK>{恋人|こいびと}として<BREAK>つきあってみない？",
			"<CMD>13802700a58f</CMD>",
			"\f"
		]
	},
	{
		"Index": 5,
		"JPN": [
			"<CMD>3780</CMD>",
			"いいよ<CMD>13802700a68f</CMD>",
			"いやだ<CMD>13802700a78f</CMD>",
			"\f"
		]
	},
	{
		"Index": 6,
		"JPN": [
			"<CMD>18802700729b27000180</CMD><CMD>17802700729b270001802700048027000180</CMD><CMD>16802700729b27004181</CMD>わーい　ありがと！<BREAK>{思|おも}い{切|き}ってコクハクして<BREAK>よかった<CMD>ff8127000580</CMD>！",
			"これからは<BREAK>{恋人|こいびと}として<BREAK>よろしくね！",
			"\f"
		]
	},
	{
		"Index": 7,
		"JPN": [
			"<CMD>18802700729b27000380</CMD><CMD>17802700729b2700ab8027000a8027000180</CMD><CMD>16802700729b27002e81</CMD>あ　そう…<BREAK>まだ　コクハクするには<BREAK>{早|はや}かったかな？",
			"またタイミングを{見|み}て<BREAK>{声|こえ}をかけてみるよ！<BREAK>そのときは　よろしくね！",
			"\f"
		]
	},
	{
		"Index": 12,
		"JPN": [
			"ねえ　<CMD>028227000080</CMD>たちって<BREAK>かなり{仲|なか}がいいよね？",
			"<CMD>13802700ad8f</CMD>",
			"\f"
		]
	},
	{
		"Index": 13,
		"JPN": [
			"<CMD>3780</CMD>",
			"そうだね<CMD>13802700ae8f</CMD>",
			"そう？<CMD>13802700af8f</CMD>",
			"\f"
		]
	},
	{
		"Index": 14,
		"JPN": [
			"<CMD>18802700729b27000180</CMD><CMD>17802700729b2700ad802700068027000280</CMD><CMD>16802700729b27005581</CMD>やっぱりそう{思|おも}う<CMD>ff8127000380</CMD>？<BREAK>ちょっと{特別|とくべつ}な{友|とも}だちって<BREAK>{感|かん}じがする<CMD>ff8127000280</CMD>",
			"それじゃこれからは<BREAK><CMD>028227000080</CMD>たち　{特別|とくべつ}な{友|とも}だち<BREAK>ってことでよろしく<CMD>ff8127000080</CMD>",
			"\f"
		]
	},
	{
		"Index": 15,
		"JPN": [
			"<CMD>18802700729b27000080</CMD><CMD>17802700729b2700b28027000a8027000180</CMD><CMD>16802700729b27006981</CMD>あら　そう{思|おも}わない<CMD>ff8127000380</CMD>？<BREAK><CMD>028227000080</CMD>の{思|おも}い{込|こ}み？",
			"でも　<CMD>028227000080</CMD>は<BREAK><CMD>f481</CMD>を",
			"<CMD>18802700729b27000180</CMD><CMD>17802700729b2700ad802700068027000280</CMD><CMD>16802700729b27005581</CMD>{他|ほか}の{友|とも}だちよりも<BREAK>{仲|なか}の{良|よ}い{友|とも}だちだと<BREAK>{思|おも}ってる<CMD>ff8127000280</CMD>",
			"\f"
		]
	},
	{
		"Index": 16,
		"JPN": [
			"<CMD>18802700729b27000080</CMD><CMD>17802700729b2700b28027000a8027000180</CMD><CMD>16802700729b27006981</CMD>ねえ　{今日|きょう}はヒマ<CMD>ff8127000180</CMD>？<BREAK>ちょっと{用|よう}があるんだけど<BREAK>{来|き}て<CMD>ff8127000480</CMD>！",
			"<CMD>13802700b18f</CMD>",
			"\f"
		]
	},
	{
		"Index": 17,
		"JPN": [
			"<CMD>3780</CMD>",
			"いいよ<CMD>13802700b28f</CMD>",
			"え～<CMD>13802700b38f</CMD>",
			"\f"
		]
	},
	{
		"Index": 18,
		"JPN": [
			"<CMD>18802700729b27000180</CMD><CMD>17802700729b2700ad802700068027000280</CMD><CMD>16802700729b27005581</CMD>{気持|きもち}ちよくＯＫしてくれて<BREAK>うれしい<CMD>ff8127000280</CMD>",
			"それじゃあ<BREAK><CMD>008027000580</CMD>{恋人|こいびと}みさき<CMD>008027000180</CMD>で<BREAK>ＰＭ７{時|じ}に{待|ま}ってる<CMD>ff8127000280</CMD>",
			"ちゃんと{忘|わす}れないで<BREAK>{来|き}なさい<CMD>ff8127000580</CMD>",
			"<CMD>138027000991</CMD>",
			"\f"
		]
	},
	{
		"Index": 19,
		"JPN": [
			"<CMD>18802700729b27000280</CMD><CMD>17802700729b27001c802700088027000480</CMD><CMD>16802700729b27007d81</CMD>え～　ってなによ<BREAK>いそがしい<CMD>ff8127000380</CMD>？",
			"それじゃしかたない<CMD>ff8127000280</CMD><BREAK>また　{他|ほか}のときに<BREAK>さそう<CMD>ff8127000280</CMD>",
			"\f"
		]
	},
	{
		"Index": 20,
		"JPN": [
			"ちゃんと{来|き}た<CMD>ff8127000280</CMD><BREAK>さて　{話|はなし}っていうのはね<BREAK>{親友|しんゆう}になりましょうってこと",
			"<CMD>028227000180</CMD>",
			"<CMD>18802700729b27000080</CMD><CMD>17802700729b2700b28027000a8027000180</CMD><CMD>16802700729b27006981</CMD>どう？<BREAK><CMD>028227000080</CMD>と{親友|しんゆう}に<BREAK>なる{気|き}はある<CMD>ff8127000380</CMD>？",
			"<CMD>13802700b58f</CMD>",
			"\f"
		]
	},
	{
		"Index": 21,
		"JPN": [
			"<CMD>3780</CMD>",
			"あるある<CMD>13802700b68f</CMD>",
			"う～ん<CMD>13802700b78f</CMD>",
			"\f"
		]
	},
	{
		"Index": 22,
		"JPN": [
			"<CMD>18802700729b27000180</CMD><CMD>17802700729b2700ad802700068027000280</CMD><CMD>16802700729b27005581</CMD>ＯＫね！　それじゃ{今日|きょう}から<BREAK><CMD>f481</CMD>は<CMD>028227000080</CMD>の<BREAK>{親友|しんゆう}<CMD>ff8127000080</CMD>！",
			"よろしく{頼|たの}む<CMD>ff8127000280</CMD>！",
			"\f"
		]
	},
	{
		"Index": 23,
		"JPN": [
			"あら　まだそういう{気|き}に<BREAK>なれない<CMD>ff8127000380</CMD>？<BREAK>それじゃまた{今度|こんど}<CMD>ff8127000080</CMD>",
			"\f"
		]
	},
	{
		"Index": 32,
		"JPN": [
			"{時間|じかん}　あるかな？<BREAK>この{前|まえ}は　やくそくやぶって<BREAK>ごめん",
			"{気|き}がついたら　{知|し}らない{場所|ばしょ}に<BREAK>ひとりで{立|た}ってた<CMD>ff8127000280</CMD>",
			"{家|いえ}にも{帰|かえ}れないし<BREAK><CMD>f481</CMD>の　ところにも<BREAK>{行|い}けないし　こまった<CMD>ff8127000280</CMD>",
			"それで　あらためて<BREAK>{時間|じかん}　あるかな？",
			"<CMD>13802700a18f</CMD>",
			"\f"
		]
	},
	{
		"Index": 36,
		"JPN": [
			"{時間|じかん}　あるかな？<BREAK>この{前|まえ}は　やくそくやぶって<BREAK>ごめん",
			"{気|き}がついたら　{知|し}らない{場所|ばしょ}に<BREAK>ひとりで{立|た}ってた<CMD>ff8127000280</CMD>",
			"{家|いえ}にも{帰|かえ}れないし<BREAK><CMD>f481</CMD>の　ところにも<BREAK>{行|い}けないし　こまった<CMD>ff8127000280</CMD>",
			"それで　あらためて<BREAK>{用|よう}があるんだけど<BREAK>{来|き}て<CMD>ff8127000480</CMD>",
			"<CMD>13802700b18f</CMD>",
			"\f"
		]
	},
	{
		"Index": 40,
		"JPN": [
			"…あのさ<BREAK><CMD>028227000080</CMD>たちって<BREAK>なか　いいじゃない？",
			"<CMD>18802700729b27000780</CMD><CMD>17802700729b2700b18027000a8027000180</CMD><CMD>16802700729b27009081</CMD>だからさ　このまま<BREAK>{恋人|こいびと}として<BREAK>つきあってみない？",
			"<CMD>13802700a58f</CMD>",
			"\f"
		]
	},
	{
		"Index": 44,
		"JPN": [
			"さて　{話|はなし}っていうのはね<BREAK>{親友|しんゆう}になりましょうってこと",
			"<CMD>028227000180</CMD>",
			"<CMD>18802700729b27000080</CMD><CMD>17802700729b2700b28027000a8027000180</CMD><CMD>16802700729b27006981</CMD>どう？<BREAK><CMD>028227000080</CMD>と{親友|しんゆう}に<BREAK>なる{気|き}はある<CMD>ff8127000380</CMD>？",
			"<CMD>13802700b58f</CMD>",
			"\f"
		]
	}
]