[
	{
		"Index": 0,
		"JPN": [
			"<CMD>18802700729b27000180</CMD><CMD>17802700729b2700ad802700068027000280</CMD><CMD>16802700729b27005581</CMD><CMD>008027000380</CMD>ヴィッキー<CMD>008027000180</CMD>が　{着|き}てたコーデ<BREAK>とっても　にあってた<CMD>ff8127000280</CMD>",
			"あのコーデって<BREAK><CMD>008027000480</CMD>いちまつがらスカート<CMD>008027000180</CMD>を{使|つか}って<BREAK>うまく　{見|み}せてたみたい<CMD>ff8127000080</CMD>",
			"ただ　<CMD>028227000080</CMD>なら<BREAK><CMD>008027000480</CMD>いちまつがらスカート<CMD>008027000180</CMD>じゃなく<BREAK>べつの{服|ふく}を　{使|つか}う<CMD>ff8127000580</CMD>",
			"やっぱり　コーデを{作|つく}るのなら<BREAK>べつの{服|ふく}を{使|つか}って<BREAK>{勝負|しょうぶ}しなきゃダメ<CMD>ff8127000080</CMD>",
			"\f"
		]
	},
	{
		"Index": 1,
		"JPN": [
			"<CMD>18802700729b27000180</CMD><CMD>17802700729b2700ad802700068027000280</CMD><CMD>16802700729b27005581</CMD><CMD>028227000080</CMD>も　{自分|じぶん}で<BREAK>テーマに{合|あ}わせた{服|ふく}を<BREAK>{作|つく}ってみようと{思|おも}う<CMD>ff8127000280</CMD>",
			"<CMD>008027000480</CMD>ナチュラル<CMD>008027000180</CMD>もりって<BREAK>{言|い}うくらいだから<BREAK><CMD>008027000480</CMD>もこもこファーのぬの<CMD>008027000180</CMD>を{使|つか}えば…",
			"きっと　いい{感|かん}じの{服|ふく}が<BREAK>できあがるにちがいない<CMD>ff8127000280</CMD>",
			"きっちり　バッチリ<BREAK>{作|つく}り{上|あ}げてみせる<CMD>ff8127000280</CMD>",
			"\f"
		]
	},
	{
		"Index": 2,
		"JPN": [
			"<CMD>18802700729b27000080</CMD><CMD>17802700729b2700b28027000a8027000180</CMD><CMD>16802700729b27006981</CMD>{来週|らいしゅう}のテーマ<BREAK>コートスタイルって<BREAK>どんな{感|かん}じになってる<CMD>ff8127000380</CMD>？",
			"<CMD>18802700729b27000180</CMD><CMD>17802700729b2700ad802700068027000280</CMD><CMD>16802700729b27005581</CMD>やっぱり　コートを{使|つか}って<BREAK>おしゃれに{着|き}こなすって<BREAK>{感|かん}じだとは{思|おも}う<CMD>ff8127000280</CMD>",
			"<CMD>18802700729b27000080</CMD><CMD>17802700729b2700b28027000a8027000180</CMD><CMD>16802700729b27006981</CMD>ということは　やっぱり<BREAK>コートを{使|つか}って<BREAK>コーデを{組|く}めばいい<CMD>ff8127000380</CMD>？",
			"とりあえず　コートを{見|み}かけたら<BREAK>コーデに{使|つか}えるかどうかを<BREAK>{考|かんが}えてみることにする<CMD>ff8127000280</CMD>",
			"\f"
		]
	},
	{
		"Index": 3,
		"JPN": [
			"<CMD>18802700729b27000180</CMD><CMD>17802700729b2700ad802700068027000280</CMD><CMD>16802700729b27005581</CMD><CMD>008027000380</CMD>ヴィッキー<CMD>008027000180</CMD>が　{着|き}てたコーデ<BREAK>とっても　にあってた<CMD>ff8127000280</CMD>",
			"あのコーデって<BREAK><CMD>008027000480</CMD>ジップフリルスカート<CMD>008027000180</CMD>を{使|つか}って<BREAK>うまく　{見|み}せてたみたい<CMD>ff8127000080</CMD>",
			"ただ　<CMD>028227000080</CMD>なら<BREAK><CMD>008027000480</CMD>ジップフリルスカート<CMD>008027000180</CMD>は　やめて<BREAK>べつの{服|ふく}を　{使|つか}う<CMD>ff8127000580</CMD>",
			"やっぱり　コーデを{作|つく}るのなら<BREAK>べつの{服|ふく}を{使|つか}って<BREAK>{勝負|しょうぶ}しなきゃダメ<CMD>ff8127000080</CMD>",
			"\f"
		]
	},
	{
		"Index": 4,
		"JPN": [
			"<CMD>18802700729b27000180</CMD><CMD>17802700729b2700ad802700068027000280</CMD><CMD>16802700729b27005581</CMD><CMD>028227000080</CMD>も　{自分|じぶん}で<BREAK>テーマに{合|あ}わせた{服|ふく}を<BREAK>{作|つく}ってみようと{思|おも}う<CMD>ff8127000280</CMD>",
			"スノウホワイトって<BREAK>{言|い}うくらいだから<BREAK><CMD>008027000480</CMD>ホワイトクロスのぬの<CMD>008027000180</CMD>を{使|つか}えば…",
			"きっと　いい{感|かん}じの{服|ふく}が<BREAK>できあがるにちがいない<CMD>ff8127000280</CMD>",
			"きっちり　バッチリ<BREAK>{作|つく}り{上|あ}げてみせる<CMD>ff8127000280</CMD>",
			"\f"
		]
	},
	{
		"Index": 5,
		"JPN": [
			"<CMD>18802700729b27000080</CMD><CMD>17802700729b2700b28027000a8027000180</CMD><CMD>16802700729b27006981</CMD>{来週|らいしゅう}のテーマ<BREAK>あったかコーデって<BREAK>どんな{感|かん}じになってる<CMD>ff8127000380</CMD>？",
			"<CMD>18802700729b27000080</CMD><CMD>17802700729b2700b28027000a8027000180</CMD><CMD>16802700729b27006981</CMD>{町|まち}へ{出|で}かけられるような<BREAK>あったかな{服|ふく}で<BREAK>コーデを{組|く}んだらいい<CMD>ff8127000380</CMD>？",
			"<CMD>18802700729b27000180</CMD><CMD>17802700729b2700ad802700068027000280</CMD><CMD>16802700729b27005581</CMD>えっと　それじゃあ<BREAK><CMD>028227000080</CMD>は　レギンスで<BREAK>コーデを{組|く}むことにする<CMD>ff8127000280</CMD>",
			"{使|つか}えそうな{服|ふく}を{見|み}かけたら<BREAK>コーデに{使|つか}えるかどうかを<BREAK>{考|かんが}えてみることにする<CMD>ff8127000280</CMD>",
			"\f"
		]
	},
	{
		"Index": 6,
		"JPN": [
			"<CMD>18802700729b27000180</CMD><CMD>17802700729b2700ad802700068027000280</CMD><CMD>16802700729b27005581</CMD><CMD>008027000380</CMD>ヴィッキー<CMD>008027000180</CMD>が　{着|き}てたコーデ<BREAK>とっても　にあってた<CMD>ff8127000280</CMD>",
			"あのコーデって<BREAK><CMD>008027000480</CMD>ギャザースカート<CMD>008027000180</CMD>を{使|つか}って<BREAK>うまく　{見|み}せてたみたい<CMD>ff8127000080</CMD>",
			"ただ　<CMD>028227000080</CMD>なら<BREAK><CMD>008027000480</CMD>ギャザースカート<CMD>008027000180</CMD>は　やめて<BREAK>べつの{服|ふく}を　{使|つか}う<CMD>ff8127000580</CMD>",
			"やっぱり　コーデを{作|つく}るのなら<BREAK>べつの{服|ふく}を{使|つか}って<BREAK>{勝負|しょうぶ}しなきゃダメ<CMD>ff8127000080</CMD>",
			"\f"
		]
	},
	{
		"Index": 7,
		"JPN": [
			"<CMD>18802700729b27000180</CMD><CMD>17802700729b2700ad802700068027000280</CMD><CMD>16802700729b27005581</CMD><CMD>028227000080</CMD>も　{自分|じぶん}で<BREAK>テーマに{合|あ}わせた{服|ふく}を<BREAK>{作|つく}ってみようと{思|おも}う<CMD>ff8127000280</CMD>",
			"<CMD>008027000480</CMD>モノトーン<CMD>008027000180</CMD>ルックって<BREAK>{言|い}うくらいだから<BREAK><CMD>008027000480</CMD>くろかわ<CMD>008027000180</CMD>を{使|つか}ってみる<CMD>ff8127000280</CMD>",
			"きっと　いい{感|かん}じの{服|ふく}が<BREAK>できあがるにちがいない<CMD>ff8127000280</CMD>",
			"きっちり　バッチリ<BREAK>{作|つく}り{上|あ}げてみせる<CMD>ff8127000280</CMD>",
			"\f"
		]
	},
	{
		"Index": 8,
		"JPN": [
			"<CMD>18802700729b27000080</CMD><CMD>17802700729b2700b28027000a8027000180</CMD><CMD>16802700729b27006981</CMD>{来週|らいしゅう}のテーマ<BREAK>メチャかわコーデピンクもりって<BREAK>どんな{感|かん}じになってる<CMD>ff8127000380</CMD>？",
			"<CMD>18802700729b27000180</CMD><CMD>17802700729b2700ad802700068027000280</CMD><CMD>16802700729b27005581</CMD>やっぱり　カワイイ{感|かん}じを<BREAK>{取|と}り{入|い}れないといけない<CMD>ff8127000280</CMD>",
			"カワイイ{感|かん}じと{言|い}えば<BREAK><CMD>008027000480</CMD>キュート<CMD>008027000180</CMD>や　<CMD>008027000480</CMD>ポップ<CMD>008027000180</CMD>…",
			"あと　<CMD>008027000480</CMD>ナチュラル<CMD>008027000180</CMD>な{感|かん}じで<BREAK>コーデを{組|く}んでも　いい{気|き}が<BREAK>してる<CMD>ff8127000280</CMD>",
			"カワイイ{服|ふく}を{見|み}かけたら<BREAK>コーデに{使|つか}えるかどうかを<BREAK>{考|かんが}えてみることにする<CMD>ff8127000280</CMD>",
			"\f"
		]
	},
	{
		"Index": 9,
		"JPN": [
			"<CMD>18802700729b27000180</CMD><CMD>17802700729b2700ad802700068027000280</CMD><CMD>16802700729b27005581</CMD><CMD>18802700729b27000180</CMD><CMD>17802700729b2700ad802700068027000280</CMD><CMD>16802700729b27005581</CMD><CMD>008027000380</CMD>ヴィッキー<CMD>008027000180</CMD>が　{着|き}てたコーデ<BREAK>とっても　にあってた<CMD>ff8127000280</CMD>",
			"あのコーデって<BREAK><CMD>008027000480</CMD>スポーツキュロット<CMD>008027000180</CMD>を{使|つか}って<BREAK>うまく　{見|み}せてたみたい<CMD>ff8127000080</CMD>",
			"ただ　<CMD>028227000080</CMD>なら<BREAK><CMD>008027000480</CMD>スポーツキュロット<CMD>008027000180</CMD>は　やめて<BREAK>べつの{服|ふく}を　{使|つか}う<CMD>ff8127000580</CMD>",
			"やっぱり　コーデを{作|つく}るのなら<BREAK>べつの{服|ふく}を{使|つか}って<BREAK>{勝負|しょうぶ}しなきゃダメ<CMD>ff8127000080</CMD>",
			"\f"
		]
	},
	{
		"Index": 10,
		"JPN": [
			"<CMD>18802700729b27000180</CMD><CMD>17802700729b2700ad802700068027000280</CMD><CMD>16802700729b27005581</CMD><CMD>028227000080</CMD>も　{自分|じぶん}で<BREAK>テーマに{合|あ}わせた{服|ふく}を<BREAK>{作|つく}ってみようと{思|おも}う<CMD>ff8127000280</CMD>",
			"モテカワコーデって<BREAK>{言|い}うくらいだから<BREAK><CMD>008027000480</CMD>ビビッドグリーンのぬの<CMD>008027000180</CMD>を{使|つか}えば",
			"きっと　いい{感|かん}じの{服|ふく}が<BREAK>できあがるにちがいない<CMD>ff8127000280</CMD>",
			"きっちり　バッチリ<BREAK>{作|つく}り{上|あ}げてみせる<CMD>ff8127000280</CMD>",
			"\f"
		]
	},
	{
		"Index": 11,
		"JPN": [
			"<CMD>18802700729b27000080</CMD><CMD>17802700729b2700b28027000a8027000180</CMD><CMD>16802700729b27006981</CMD>{来週|らいしゅう}のテーマ<BREAK>あったかカラーのコーデって<BREAK>どんな{感|かん}じになってる<CMD>ff8127000380</CMD>？",
			"ＨＡＰＰＹな{感|かん}じを{出|だ}すには<BREAK>{見|み}た{目|め}が　<CMD>008027000480</CMD>あたたかい{色|いろ}<CMD>008027000180</CMD>をした<BREAK>{服|ふく}を{使|つか}うといいのかも<CMD>ff8127000080</CMD>",
			"<CMD>18802700729b27000180</CMD><CMD>17802700729b2700ad802700068027000280</CMD><CMD>16802700729b27005581</CMD>となると　やっぱり<BREAK><CMD>008027000480</CMD>あたたかい{色|いろ}<CMD>008027000180</CMD>で<BREAK>コーデを{組|く}めばいい<CMD>ff8127000280</CMD>",
			"<CMD>008027000480</CMD>{赤|あか}<CMD>008027000180</CMD>や<CMD>008027000480</CMD>オレンジ<CMD>008027000180</CMD>　<CMD>008027000480</CMD>ピンク<CMD>008027000180</CMD>に<CMD>008027000480</CMD>{黄色|きいろ}<CMD>008027000180</CMD><BREAK><CMD>008027000480</CMD>{茶色|ちゃいろ}<CMD>008027000180</CMD>の{服|ふく}を{見|み}かけたら<BREAK>ためしてみる<CMD>ff8127000280</CMD>",
			"\f"
		]
	},
	{
		"Index": 12,
		"JPN": [
			"<CMD>18802700729b27000180</CMD><CMD>17802700729b2700ad802700068027000280</CMD><CMD>16802700729b27005581</CMD><CMD>008027000380</CMD>ヴィッキー<CMD>008027000180</CMD>が　{着|き}てたコーデ<BREAK>とっても　にあってた<CMD>ff8127000280</CMD>",
			"あのコーデって<BREAK><CMD>008027000480</CMD>くろレースレギンス<CMD>008027000180</CMD>を{使|つか}って<BREAK>うまく　{見|み}せてたみたい<CMD>ff8127000080</CMD>",
			"ただ　<CMD>028227000080</CMD>なら<BREAK><CMD>008027000480</CMD>くろレースレギンス<CMD>008027000180</CMD>は　やめて<BREAK>べつの{服|ふく}を　{使|つか}う<CMD>ff8127000580</CMD>",
			"やっぱり　コーデを{作|つく}るのなら<BREAK>べつの{服|ふく}を{使|つか}って<BREAK>{勝負|しょうぶ}しなきゃダメ<CMD>ff8127000080</CMD>",
			"\f"
		]
	},
	{
		"Index": 13,
		"JPN": [
			"<CMD>18802700729b27000180</CMD><CMD>17802700729b2700ad802700068027000280</CMD><CMD>16802700729b27005581</CMD><CMD>028227000080</CMD>も　{自分|じぶん}で<BREAK>テーマに{合|あ}わせた{服|ふく}を<BREAK>{作|つく}ってみようと{思|おも}う<CMD>ff8127000280</CMD>",
			"<CMD>008027000480</CMD>ベリーズ<CMD>008027000180</CMD>が{見|み}つけた<BREAK>スーパーコーデって<BREAK>{言|い}うくらいだから…",
			"そうね…<BREAK><CMD>008027000480</CMD>さくらんぼのぬの<CMD>008027000180</CMD>を{使|つか}えば…",
			"きっと　いい{感|かん}じの{服|ふく}が<BREAK>できあがるにちがいない<CMD>ff8127000280</CMD>",
			"きっちり　バッチリ<BREAK>{作|つく}り{上|あ}げてみせる<CMD>ff8127000280</CMD>",
			"\f"
		]
	},
	{
		"Index": 14,
		"JPN": [
			"<CMD>18802700729b27000080</CMD><CMD>17802700729b2700b28027000a8027000180</CMD><CMD>16802700729b27006981</CMD>{来週|らいしゅう}のテーマ<BREAK>{春|はる}チュニックのコーデって<BREAK>どんな{感|かん}じになってる<CMD>ff8127000380</CMD>？",
			"<CMD>18802700729b27000080</CMD><CMD>17802700729b2700b28027000a8027000180</CMD><CMD>16802700729b27006981</CMD>やっぱり<BREAK>チュニックを{使|つか}ったコーデを<BREAK>{考|かんが}えたらいい<CMD>ff8127000380</CMD>？",
			"<CMD>18802700729b27000180</CMD><CMD>17802700729b2700ad802700068027000280</CMD><CMD>16802700729b27005581</CMD>チュニックを{見|み}かけたら<BREAK>コーデに{使|つか}えるかどうかを<BREAK>{考|かんが}えてみることにする<CMD>ff8127000280</CMD>",
			"\f"
		]
	},
	{
		"Index": 15,
		"JPN": [
			"<CMD>18802700729b27000180</CMD><CMD>17802700729b2700ad802700068027000280</CMD><CMD>16802700729b27005581</CMD><CMD>008027000380</CMD>ヴィッキー<CMD>008027000180</CMD>が　{着|き}てたコーデ<BREAK>とっても　にあってた<CMD>ff8127000280</CMD>",
			"あのコーデって<BREAK><CMD>008027000480</CMD>せいふくスカートしろ<CMD>008027000180</CMD>を{使|つか}って<BREAK>うまく　{見|み}せてたみたい<CMD>ff8127000080</CMD>",
			"ただ　<CMD>028227000080</CMD>なら<BREAK><CMD>008027000480</CMD>せいふくスカートしろ<CMD>008027000180</CMD>じゃなく<BREAK>べつの{服|ふく}を　{使|つか}う<CMD>ff8127000580</CMD>",
			"やっぱり　コーデを{作|つく}るのなら<BREAK>べつの{服|ふく}を{使|つか}って<BREAK>{勝負|しょうぶ}しなきゃダメ<CMD>ff8127000080</CMD>",
			"\f"
		]
	},
	{
		"Index": 16,
		"JPN": [
			"<CMD>18802700729b27000180</CMD><CMD>17802700729b2700ad802700068027000280</CMD><CMD>16802700729b27005581</CMD><CMD>028227000080</CMD>も　{自分|じぶん}で<BREAK>テーマに{合|あ}わせた{服|ふく}を<BREAK>{作|つく}ってみようと{思|おも}う<CMD>ff8127000280</CMD>",
			"<CMD>008027000480</CMD>ピンク<CMD>008027000180</CMD>カラーでキメ！って<BREAK>{言|い}うくらいだから<BREAK><CMD>008027000480</CMD>さくらんぼのぬの<CMD>008027000180</CMD>を{使|つか}えば…",
			"きっと　いい{感|かん}じの{服|ふく}が<BREAK>できあがるにちがいない<CMD>ff8127000280</CMD>",
			"きっちり　バッチリ<BREAK>{作|つく}り{上|あ}げてみせる<CMD>ff8127000280</CMD>",
			"\f"
		]
	},
	{
		"Index": 17,
		"JPN": [
			"<CMD>18802700729b27000080</CMD><CMD>17802700729b2700b28027000a8027000180</CMD><CMD>16802700729b27006981</CMD>{来週|らいしゅう}のテーマ<BREAK><CMD>008027000480</CMD>ピンク×{緑|みどり}<CMD>008027000180</CMD>のコーデって<BREAK>どんな{感|かん}じになってる<CMD>ff8127000380</CMD>？",
			"テーマは　{頭|あたま}に<BREAK>スイートな{気分|キブン}　って<BREAK>ついてはいるけれど…",
			"これは　あまり<BREAK>{気|き}にしなくてもよさそう<CMD>ff8127000080</CMD>",
			"<CMD>18802700729b27000180</CMD><CMD>17802700729b2700ad802700068027000280</CMD><CMD>16802700729b27005581</CMD>やっぱり<BREAK><CMD>008027000480</CMD>ピンク{色|いろ}<CMD>008027000180</CMD>やみどり{色|いろ}の{服|ふく}で<BREAK>コーデを{組|く}めばいいはず<CMD>ff8127000080</CMD>",
			"<CMD>008027000480</CMD>ピンクや{緑|みどり}<CMD>008027000180</CMD>を<BREAK>{使|つか}ってある{服|ふく}を{見|み}かけたら<BREAK>ためしてみることにする<CMD>ff8127000280</CMD>",
			"\f"
		]
	},
	{
		"Index": 18,
		"JPN": [
			"<CMD>008027000380</CMD>ヴィッキー<CMD>008027000180</CMD>が　{着|き}てたコーデ<BREAK>とっても　にあってた<CMD>ff8127000280</CMD>",
			"あのコーデって<BREAK><CMD>008027000480</CMD>ももタイトスカート<CMD>008027000180</CMD>を{使|つか}って<BREAK>うまく　{見|み}せてたみたい<CMD>ff8127000080</CMD>",
			"ただ　<CMD>028227000080</CMD>なら<BREAK><CMD>008027000480</CMD>ももタイトスカート<CMD>008027000180</CMD>は　やめて<BREAK>べつの{服|ふく}を　{使|つか}う<CMD>ff8127000580</CMD>",
			"やっぱり　コーデを{作|つく}るのなら<BREAK>べつの{服|ふく}を{使|つか}って<BREAK>{勝負|しょうぶ}しなきゃダメ<CMD>ff8127000080</CMD>",
			"\f"
		]
	},
	{
		"Index": 19,
		"JPN": [
			"<CMD>18802700729b27000180</CMD><CMD>17802700729b2700ad802700068027000280</CMD><CMD>16802700729b27005581</CMD><CMD>028227000080</CMD>も　{自分|じぶん}で<BREAK>テーマに{合|あ}わせた{服|ふく}を<BREAK>{作|つく}ってみようと{思|おも}う<CMD>ff8127000280</CMD>",
			"そうね　{春|はる}デニムって<BREAK>{言|い}うくらいだから　<CMD>008027000480</CMD>デニムのぬの<CMD>008027000180</CMD>を<BREAK>{使|つか}ってみる<CMD>ff8127000280</CMD>",
			"きっと　いい{感|かん}じの{服|ふく}が<BREAK>できあがるにちがいない<CMD>ff8127000280</CMD>",
			"きっちり　バッチリ<BREAK>{作|つく}り{上|あ}げてみせる<CMD>ff8127000280</CMD>",
			"\f"
		]
	},
	{
		"Index": 20,
		"JPN": [
			"<CMD>18802700729b27000080</CMD><CMD>17802700729b2700b28027000a8027000180</CMD><CMD>16802700729b27006981</CMD>{来週|らいしゅう}のテーマ<BREAK>こあくまコーデって<BREAK>どんな{感|かん}じになってる<CMD>ff8127000380</CMD>？",
			"こあくまって　{言|い}うくらいだから<BREAK>かわいさと　<CMD>008027000480</CMD>ロック<CMD>008027000180</CMD>っぽさが<BREAK>いっしょになった{感|かん}じ<CMD>ff8127000180</CMD>？",
			"<CMD>18802700729b27000080</CMD><CMD>17802700729b2700b28027000a8027000180</CMD><CMD>16802700729b27006981</CMD>そうなると　つまり<BREAK><CMD>008027000480</CMD>キュート<CMD>008027000180</CMD>や<CMD>008027000480</CMD>ロック<CMD>008027000180</CMD>な{服|ふく}で<BREAK>コーデを{組|く}めばいい<CMD>ff8127000380</CMD>？",
			"<CMD>18802700729b27000180</CMD><CMD>17802700729b2700ad802700068027000280</CMD><CMD>16802700729b27005581</CMD>それじゃあ　<CMD>008027000480</CMD>キュート<CMD>008027000180</CMD>な{服|ふく}や<BREAK><CMD>008027000480</CMD>ロック<CMD>008027000180</CMD>な{服|ふく}を{見|み}かけたら<BREAK>ためしてみる<CMD>ff8127000280</CMD>",
			"\f"
		]
	},
	{
		"Index": 21,
		"JPN": [
			"<CMD>18802700729b27000180</CMD><CMD>17802700729b2700ad802700068027000280</CMD><CMD>16802700729b27005581</CMD><CMD>008027000380</CMD>ヴィッキー<CMD>008027000180</CMD>が　{着|き}てたコーデ<BREAK>とっても　にあってた<CMD>ff8127000280</CMD>",
			"あのコーデって<BREAK><CMD>008027000480</CMD>パッチワークズボン<CMD>008027000180</CMD>を{使|つか}って<BREAK>うまく　{見|み}せてたみたい<CMD>ff8127000080</CMD>",
			"ただ　<CMD>028227000080</CMD>なら<BREAK><CMD>008027000480</CMD>パッチワークズボン<CMD>008027000180</CMD>をじゃなく<BREAK>べつの{服|ふく}を　{使|つか}う<CMD>ff8127000580</CMD>",
			"やっぱり　コーデを{作|つく}るのなら<BREAK>べつの{服|ふく}を{使|つか}って<BREAK>{勝負|しょうぶ}しなきゃダメ<CMD>ff8127000080</CMD>",
			"\f"
		]
	},
	{
		"Index": 22,
		"JPN": [
			"<CMD>18802700729b27000180</CMD><CMD>17802700729b2700ad802700068027000280</CMD><CMD>16802700729b27005581</CMD><CMD>028227000080</CMD>も　{自分|じぶん}で<BREAK>テーマに{合|あ}わせた{服|ふく}を<BREAK>{作|つく}ってみようと{思|おも}う<CMD>ff8127000280</CMD>",
			"<CMD>008027000480</CMD>クールビューティースタイル<CMD>008027000180</CMD>って<BREAK>{言|い}うくらいだから<BREAK><CMD>008027000480</CMD>ひょうがらのぬの<CMD>008027000180</CMD>を{使|つか}えば…",
			"きっと　いい{感|かん}じの{服|ふく}が<BREAK>できあがるにちがいない<CMD>ff8127000280</CMD>",
			"きっちり　バッチリ<BREAK>{作|つく}り{上|あ}げてみせる<CMD>ff8127000280</CMD>",
			"\f"
		]
	},
	{
		"Index": 23,
		"JPN": [
			"<CMD>18802700729b27000080</CMD><CMD>17802700729b2700b28027000a8027000180</CMD><CMD>16802700729b27006981</CMD>{来週|らいしゅう}のテーマ<BREAK>ゆめ{見|み}るリボンのコーデって<BREAK>どんな{感|かん}じになってる<CMD>ff8127000380</CMD>？",
			"ゆめ{見|み}るリボンって<BREAK>あるくらいだから<BREAK>やっぱり…",
			"<CMD>18802700729b27000080</CMD><CMD>17802700729b2700b28027000a8027000180</CMD><CMD>16802700729b27006981</CMD>リボンのついた{服|ふく}を{集|あつ}めて<BREAK>コーデを{組|く}んだらいい<CMD>ff8127000380</CMD>？",
			"<CMD>18802700729b27000180</CMD><CMD>17802700729b2700ad802700068027000280</CMD><CMD>16802700729b27005581</CMD>リボンつきの{服|ふく}を{見|み}かけたら<BREAK>コーデに{使|つか}えるかどうかを<BREAK>{考|かんが}えてみることにする<CMD>ff8127000280</CMD>",
			"\f"
		]
	},
	{
		"Index": 24,
		"JPN": [
			"<CMD>18802700729b27000180</CMD><CMD>17802700729b2700ad802700068027000280</CMD><CMD>16802700729b27005581</CMD><CMD>008027000380</CMD>ヴィッキー<CMD>008027000180</CMD>が　{着|き}てたコーデ<BREAK>とっても　にあってた<CMD>ff8127000280</CMD>",
			"あのコーデって<BREAK><CMD>008027000480</CMD>くろチュール<CMD>008027000180</CMD>を{使|つか}って<BREAK>うまく　{見|み}せてたみたい<CMD>ff8127000080</CMD>",
			"ただ　<CMD>028227000080</CMD>なら<BREAK><CMD>008027000480</CMD>くろチュール<CMD>008027000180</CMD>は　やめて<BREAK>べつの{服|ふく}を　{使|つか}う<CMD>ff8127000580</CMD>",
			"やっぱり　コーデを{作|つく}るのなら<BREAK>べつの{服|ふく}を{使|つか}って<BREAK>{勝負|しょうぶ}しなきゃダメ<CMD>ff8127000080</CMD>",
			"\f"
		]
	},
	{
		"Index": 25,
		"JPN": [
			"<CMD>18802700729b27000180</CMD><CMD>17802700729b2700ad802700068027000280</CMD><CMD>16802700729b27005581</CMD><CMD>028227000080</CMD>も　{自分|じぶん}で<BREAK>テーマに{合|あ}わせた{服|ふく}を<BREAK>{作|つく}ってみようと{思|おも}う<CMD>ff8127000280</CMD>",
			"{夏|なつ}キャミコーデって<BREAK>{言|い}うくらいだから<BREAK><CMD>008027000480</CMD>キャミソールのかたがみ<CMD>008027000180</CMD>でなら…",
			"きっと　いい{感|かん}じの{服|ふく}が<BREAK>できあがるにちがいない<CMD>ff8127000280</CMD>",
			"きっちり　バッチリ<BREAK>{作|つく}り{上|あ}げてみせる<CMD>ff8127000280</CMD>",
			"\f"
		]
	},
	{
		"Index": 26,
		"JPN": [
			"<CMD>18802700729b27000080</CMD><CMD>17802700729b2700b28027000a8027000180</CMD><CMD>16802700729b27006981</CMD>{来週|らいしゅう}のテーマ<BREAK><CMD>008027000480</CMD>ナチュラル<CMD>008027000180</CMD>コーデって<BREAK>どんな{感|かん}じになってる<CMD>ff8127000380</CMD>？",
			"やっぱり<BREAK><CMD>008027000480</CMD>ナチュラル<CMD>008027000180</CMD>な{服|ふく}を{集|あつ}めて<BREAK>コーデを{組|く}んだらいい<CMD>ff8127000380</CMD>？",
			"あと　タイトルにある<BREAK>{着|き}こなし１・２・３<BREAK>というのは…",
			"<CMD>18802700729b27000180</CMD><CMD>17802700729b2700ad802700068027000280</CMD><CMD>16802700729b27005581</CMD>１から{教|おし}えます　って<BREAK>ことだと{思|おも}う<CMD>ff8127000280</CMD>",
			"ということで<BREAK><CMD>008027000480</CMD>ナチュラル<CMD>008027000180</CMD>な{服|ふく}を{見|み}かけたら<BREAK>ためしてみる<CMD>ff8127000280</CMD>",
			"\f"
		]
	},
	{
		"Index": 27,
		"JPN": [
			"<CMD>18802700729b27000180</CMD><CMD>17802700729b2700ad802700068027000280</CMD><CMD>16802700729b27005581</CMD><CMD>008027000380</CMD>ヴィッキー<CMD>008027000180</CMD>が　{着|き}てたコーデ<BREAK>とっても　にあってた<CMD>ff8127000280</CMD>",
			"あのコーデって<BREAK><CMD>008027000480</CMD>リボンつきスカート<CMD>008027000180</CMD>を{使|つか}って<BREAK>うまく　{見|み}せてたみたい<CMD>ff8127000080</CMD>",
			"ただ　<CMD>028227000080</CMD>なら<BREAK><CMD>008027000480</CMD>リボンつきスカート<CMD>008027000180</CMD>は　やめて<BREAK>べつの{服|ふく}を　{使|つか}う<CMD>ff8127000580</CMD>",
			"やっぱり　コーデを{作|つく}るのなら<BREAK>べつの{服|ふく}を{使|つか}って<BREAK>{勝負|しょうぶ}しなきゃダメ<CMD>ff8127000080</CMD>",
			"\f"
		]
	},
	{
		"Index": 28,
		"JPN": [
			"<CMD>18802700729b27000180</CMD><CMD>17802700729b2700ad802700068027000280</CMD><CMD>16802700729b27005581</CMD><CMD>028227000080</CMD>も　{自分|じぶん}で<BREAK>テーマに{合|あ}わせた{服|ふく}を<BREAK>{作|つく}ってみようと{思|おも}う<CMD>ff8127000280</CMD>",
			"<CMD>008027000480</CMD>クール<CMD>008027000180</CMD>にキメろ！{勝|か}ち{組|ぐみ}コーデ<BREAK>と{言|い}うくらいだから<BREAK><CMD>008027000480</CMD>ワインレッドのぬの<CMD>008027000180</CMD>を{使|つか}えば…",
			"きっと　いい{感|かん}じの{服|ふく}が<BREAK>できあがるにちがいない<CMD>ff8127000280</CMD>",
			"きっちり　バッチリ<BREAK>{作|つく}り{上|あ}げてみせる<CMD>ff8127000280</CMD>",
			"\f"
		]
	},
	{
		"Index": 29,
		"JPN": [
			"<CMD>18802700729b27000080</CMD><CMD>17802700729b2700b28027000a8027000180</CMD><CMD>16802700729b27006981</CMD>{来週|らいしゅう}のテーマ<BREAK>モテカワコーデって<BREAK>どんな{感|かん}じになってる<CMD>ff8127000380</CMD>？",
			"やっぱり<BREAK>モテカワのカワイイ{感|かん}じが<BREAK>コーデポイントだと{思|おも}う<CMD>ff8127000280</CMD>",
			"そうなると　<CMD>008027000480</CMD>キュート<CMD>008027000180</CMD>や<CMD>008027000480</CMD>ポップ<CMD>008027000180</CMD><BREAK><CMD>008027000480</CMD>ナチュラル<CMD>008027000180</CMD>なスタイルの{服|ふく}で<BREAK>コーデを{組|く}んだらいいはず<CMD>ff8127000080</CMD>",
			"<CMD>18802700729b27000180</CMD><CMD>17802700729b2700ad802700068027000280</CMD><CMD>16802700729b27005581</CMD>それじゃあ　３つのスタイルから<BREAK>２つ{使|つか}ってコーデを{組|く}むことを<BREAK>{考|かんが}えてみる<CMD>ff8127000280</CMD>",
			"\f"
		]
	},
	{
		"Index": 30,
		"JPN": [
			"<CMD>18802700729b27000180</CMD><CMD>17802700729b2700ad802700068027000280</CMD><CMD>16802700729b27005581</CMD><CMD>008027000380</CMD>ヴィッキー<CMD>008027000180</CMD>が　{着|き}てたコーデ<BREAK>とっても　にあってた<CMD>ff8127000280</CMD>",
			"あのコーデって<BREAK><CMD>008027000480</CMD>しまタイトスカート<CMD>008027000180</CMD>を{使|つか}って<BREAK>うまく　{見|み}せてたみたい<CMD>ff8127000080</CMD>",
			"ただ　<CMD>028227000080</CMD>なら<BREAK><CMD>008027000480</CMD>しまタイトスカート<CMD>008027000180</CMD>は　やめて<BREAK>べつの{服|ふく}を　{使|つか}う<CMD>ff8127000580</CMD>",
			"やっぱり　コーデを{作|つく}るのなら<BREAK>べつの{服|ふく}を{使|つか}って<BREAK>{勝負|しょうぶ}しなきゃダメ<CMD>ff8127000080</CMD>",
			"\f"
		]
	},
	{
		"Index": 31,
		"JPN": [
			"<CMD>18802700729b27000180</CMD><CMD>17802700729b2700ad802700068027000280</CMD><CMD>16802700729b27005581</CMD><CMD>028227000080</CMD>も　{自分|じぶん}で<BREAK>テーマに{合|あ}わせた{服|ふく}を<BREAK>{作|つく}ってみようと{思|おも}う<CMD>ff8127000280</CMD>",
			"すずしげコーデって<BREAK>{言|い}うくらいだから<BREAK><CMD>008027000480</CMD>みずいろのぬの<CMD>008027000180</CMD>を{使|つか}えば…",
			"きっと　いい{感|かん}じの{服|ふく}が<BREAK>できあがるにちがいない<CMD>ff8127000280</CMD>",
			"きっちり　バッチリ<BREAK>{作|つく}り{上|あ}げてみせる<CMD>ff8127000280</CMD>",
			"<CMD>028227000080</CMD>の　{見立|みた}てでは<BREAK>まちがいなく<BREAK>これが　ベストコーデ<CMD>ff8127000080</CMD>",
			"\f"
		]
	},
	{
		"Index": 32,
		"JPN": [
			"<CMD>18802700729b27000080</CMD><CMD>17802700729b2700b28027000a8027000180</CMD><CMD>16802700729b27006981</CMD>{来週|らいしゅう}のテーマ<BREAK>{和風|わふう}コーデ{大万|ダイばん}ぱくって<BREAK>どんな{感|かん}じになってる<CMD>ff8127000380</CMD>？",
			"{和風|わふう}コーデって<BREAK>はっきりと　あるくらいだから…",
			"<CMD>18802700729b27000080</CMD><CMD>17802700729b2700b28027000a8027000180</CMD><CMD>16802700729b27006981</CMD>やっぱり<BREAK><CMD>008027000480</CMD>{和風|わふう}<CMD>008027000180</CMD>の{服|ふく}を{集|あつ}めて<BREAK>コーデを{組|く}んだらいい<CMD>ff8127000380</CMD>？",
			"<CMD>18802700729b27000180</CMD><CMD>17802700729b2700ad802700068027000280</CMD><CMD>16802700729b27005581</CMD><CMD>008027000480</CMD>{和風|わふう}<CMD>008027000180</CMD>の{服|ふく}を{見|み}かけたら<BREAK>コーデに{使|つか}えるかどうかを<BREAK>{考|かんが}えてみることにする<CMD>ff8127000280</CMD>",
			"\f"
		]
	},
	{
		"Index": 33,
		"JPN": [
			"<CMD>18802700729b27000180</CMD><CMD>17802700729b2700ad802700068027000280</CMD><CMD>16802700729b27005581</CMD><CMD>008027000380</CMD>ヴィッキー<CMD>008027000180</CMD>が　{着|き}てたコーデ<BREAK>とっても　にあってた<CMD>ff8127000280</CMD>",
			"あのコーデって<BREAK><CMD>008027000480</CMD>ホットグラデスカート<CMD>008027000180</CMD>を{使|つか}って<BREAK>うまく　{見|み}せてたみたい<CMD>ff8127000080</CMD>",
			"ただ　<CMD>028227000080</CMD>なら<BREAK><CMD>008027000480</CMD>ホットグラデスカート<CMD>008027000180</CMD>は　やめて<BREAK>べつの{服|ふく}を　{使|つか}う<CMD>ff8127000580</CMD>",
			"やっぱり　コーデを{作|つく}るのなら<BREAK>べつの{服|ふく}を{使|つか}って<BREAK>{勝負|しょうぶ}しなきゃダメ<CMD>ff8127000080</CMD>",
			"\f"
		]
	},
	{
		"Index": 34,
		"JPN": [
			"<CMD>18802700729b27000180</CMD><CMD>17802700729b2700ad802700068027000280</CMD><CMD>16802700729b27005581</CMD><CMD>028227000080</CMD>も　{自分|じぶん}で<BREAK>テーマに{合|あ}わせた{服|ふく}を<BREAK>{作|つく}ってみようと{思|おも}う<CMD>ff8127000280</CMD>",
			"ふりふりフリルって<BREAK>{言|い}うくらいだから<BREAK><CMD>008027000480</CMD>フリルのぬの<CMD>008027000180</CMD>を{使|つか}えば…",
			"きっと　いい{感|かん}じの{服|ふく}が<BREAK>できあがるにちがいない<CMD>ff8127000280</CMD>",
			"きっちり　バッチリ<BREAK>{作|つく}り{上|あ}げてみせる<CMD>ff8127000280</CMD>",
			"\f"
		]
	},
	{
		"Index": 35,
		"JPN": [
			"<CMD>18802700729b27000080</CMD><CMD>17802700729b2700b28027000a8027000180</CMD><CMD>16802700729b27006981</CMD>{来週|らいしゅう}のテーマ<BREAK><CMD>008027000480</CMD>ロック<CMD>008027000180</CMD>コーデって<BREAK>どんな{感|かん}じになってる<CMD>ff8127000380</CMD>？",
			"やっぱり　ゲキアツって<BREAK>あるくらいだから…",
			"<CMD>008027000480</CMD>ロック<CMD>008027000180</CMD>な{感|かん}じの{服|ふく}を{集|あつ}めて<BREAK>コーデを{組|く}んだらいいはず<CMD>ff8127000080</CMD>",
			"<CMD>18802700729b27000180</CMD><CMD>17802700729b2700ad802700068027000280</CMD><CMD>16802700729b27005581</CMD>それじゃあ<BREAK><CMD>008027000480</CMD>ロック<CMD>008027000180</CMD>な{服|ふく}を{見|み}かけたら<BREAK>ためしてみることにする<CMD>ff8127000280</CMD>",
			"\f"
		]
	},
	{
		"Index": 36,
		"JPN": [
			"<CMD>18802700729b27000180</CMD><CMD>17802700729b2700ad802700068027000280</CMD><CMD>16802700729b27005581</CMD><CMD>008027000380</CMD>ヴィッキー<CMD>008027000180</CMD>が　{着|き}てたコーデ<BREAK>とっても　にあってた<CMD>ff8127000280</CMD>",
			"あのコーデって<BREAK><CMD>008027000480</CMD>クールグラデスカート<CMD>008027000180</CMD>を{使|つか}って<BREAK>うまく　{見|み}せてたみたい<CMD>ff8127000080</CMD>",
			"ただ　<CMD>028227000080</CMD>なら<BREAK><CMD>008027000480</CMD>クール<CMD>008027000180</CMD>グラデスカートは　やめて<BREAK>べつの{服|ふく}を　{使|つか}う<CMD>ff8127000580</CMD>",
			"やっぱり　コーデを{作|つく}るのなら<BREAK>べつの{服|ふく}を{使|つか}って<BREAK>{勝負|しょうぶ}しなきゃダメ<CMD>ff8127000080</CMD>",
			"\f"
		]
	},
	{
		"Index": 37,
		"JPN": [
			"<CMD>18802700729b27000180</CMD><CMD>17802700729b2700ad802700068027000280</CMD><CMD>16802700729b27005581</CMD><CMD>028227000080</CMD>も　{自分|じぶん}で<BREAK>テーマに{合|あ}わせた{服|ふく}を<BREAK>{作|つく}ってみようと{思|おも}う<CMD>ff8127000280</CMD>",
			"<CMD>008027000480</CMD>キュート<CMD>008027000180</CMD>にキメてって<BREAK>{言|い}うくらいだから<BREAK><CMD>008027000480</CMD>ふんわりピンクのぬの<CMD>008027000180</CMD>を{使|つか}えば…",
			"きっと　いい{感|かん}じの{服|ふく}が<BREAK>できあがるにちがいない<CMD>ff8127000280</CMD>",
			"きっちり　バッチリ<BREAK>{作|つく}り{上|あ}げてみせる<CMD>ff8127000280</CMD>",
			"\f"
		]
	},
	{
		"Index": 38,
		"JPN": [
			"<CMD>18802700729b27000080</CMD><CMD>17802700729b2700b28027000a8027000180</CMD><CMD>16802700729b27006981</CMD>{来週|らいしゅう}のテーマって<BREAK>どんな{感|かん}じになってる<CMD>ff8127000380</CMD>？",
			"<CMD>008027000480</CMD>スポーティ<CMD>008027000180</CMD>に{着|き}こなせとあるから<BREAK><CMD>008027000480</CMD>スポーティ<CMD>008027000180</CMD>な{感|かん}じの{服|ふく}は<BREAK>かならず　いるみたい<CMD>ff8127000080</CMD>",
			"<CMD>18802700729b27000080</CMD><CMD>17802700729b2700b28027000a8027000180</CMD><CMD>16802700729b27006981</CMD>{他|ほか}に　<CMD>008027000480</CMD>キュート<CMD>008027000180</CMD>や<CMD>008027000480</CMD>ポップ<CMD>008027000180</CMD><BREAK><CMD>008027000480</CMD>ナチュラル<CMD>008027000180</CMD>なスタイルを{組|く}んで<BREAK>コーデを{作|つく}ればいい<CMD>ff8127000380</CMD>？",
			"ただ　<CMD>008027000480</CMD>スポーティ<CMD>008027000180</CMD>の{他|ほか}<BREAK>さらに３つのスタイルを<BREAK>{入|い}れるのはむずかしい<CMD>ff8127000280</CMD>",
			"<CMD>18802700729b27000180</CMD><CMD>17802700729b2700ad802700068027000280</CMD><CMD>16802700729b27005581</CMD>３つのスタイルの{中|なか}から<BREAK><CMD>008027000880</CMD>２つ<CMD>008027000180</CMD>をえらんでコーデを{組|く}めば<BREAK>いいはず<CMD>ff8127000080</CMD>",
			"<CMD>008027000480</CMD>スポーティ<CMD>008027000180</CMD>な{服|ふく}や<BREAK>かわいい{感|かん}じの{服|ふく}を{見|み}たら<BREAK>コーデを　ためしてみる<CMD>ff8127000280</CMD>",
			"\f"
		]
	},
	{
		"Index": 39,
		"JPN": [
			"<CMD>18802700729b27000180</CMD><CMD>17802700729b2700ad802700068027000280</CMD><CMD>16802700729b27005581</CMD><CMD>008027000380</CMD>ヴィッキー<CMD>008027000180</CMD>が　{着|き}てたコーデ<BREAK>とっても　にあってた<CMD>ff8127000280</CMD>",
			"あのコーデって<BREAK><CMD>008027000480</CMD>おかしのスカート<CMD>008027000180</CMD>を{使|つか}って<BREAK>うまく　{見|み}せてたみたい<CMD>ff8127000080</CMD>",
			"ただ　<CMD>028227000080</CMD>なら<BREAK><CMD>008027000480</CMD>おかしのスカート<CMD>008027000180</CMD>は　やめて<BREAK>べつの{服|ふく}を　{使|つか}う<CMD>ff8127000580</CMD>",
			"やっぱり　コーデを{作|つく}るのなら<BREAK>べつの{服|ふく}を{使|つか}って<BREAK>{勝負|しょうぶ}しなきゃダメ<CMD>ff8127000080</CMD>",
			"\f"
		]
	},
	{
		"Index": 40,
		"JPN": [
			"<CMD>028227000080</CMD>も　{自分|じぶん}で<BREAK>テーマに{合|あ}わせた{服|ふく}を<BREAK>{作|つく}ってみようと{思|おも}う<CMD>ff8127000280</CMD>",
			"{秋|あき}スタンダードって<BREAK>{言|い}うくらいだから<BREAK><CMD>008027000480</CMD>デイジーのぬの<CMD>008027000180</CMD>を{使|つか}えば…",
			"きっと　いい{感|かん}じの{服|ふく}が<BREAK>できあがるにちがいない<CMD>ff8127000280</CMD>",
			"きっちり　バッチリ<BREAK>{作|つく}り{上|あ}げてみせる<CMD>ff8127000280</CMD>",
			"\f"
		]
	},
	{
		"Index": 41,
		"JPN": [
			"<CMD>18802700729b27000080</CMD><CMD>17802700729b2700b28027000a8027000180</CMD><CMD>16802700729b27006981</CMD>{来週|らいしゅう}のテーマ<BREAK>エレガントスタイルって<BREAK>どんな{感|かん}じになってる<CMD>ff8127000380</CMD>？",
			"エレガントな{服|ふく}で<BREAK>コーデを{組|く}めばいいような<BREAK>{気|き}はするけれど…",
			"ふつうのエレガントな{感|かん}じじゃ<BREAK>ダメな{気|き}もする<CMD>ff8127000280</CMD>",
			"ここは　やっぱり！<BREAK>ひとつ{上|うえ}を<BREAK>{目指|めざ}すことにする<CMD>ff8127000280</CMD>！",
			"<CMD>18802700729b27000180</CMD><CMD>17802700729b2700ad802700068027000280</CMD><CMD>16802700729b27005581</CMD>エレガントの<CMD>008027000480</CMD>スーパースタイル<CMD>008027000180</CMD><BREAK><CMD>008027000480</CMD>スーパーエレガント<CMD>008027000180</CMD>な<BREAK>コーデを{組|く}んでみる<CMD>ff8127000280</CMD>",
			"\f"
		]
	},
	{
		"Index": 42,
		"JPN": [
			"<CMD>18802700729b27000180</CMD><CMD>17802700729b2700ad802700068027000280</CMD><CMD>16802700729b27005581</CMD><CMD>008027000380</CMD>ヴィッキー<CMD>008027000180</CMD>が　{着|き}てたコーデ<BREAK>とっても　にあってた<CMD>ff8127000280</CMD>",
			"あのコーデって<BREAK><CMD>008027000480</CMD>グラデズボン<CMD>008027000180</CMD>を{使|つか}って<BREAK>うまく　{見|み}せてたみたい<CMD>ff8127000080</CMD>",
			"ただ　<CMD>028227000080</CMD>なら<BREAK><CMD>008027000480</CMD>グラデズボン<CMD>008027000180</CMD>をじゃなく<BREAK>べつの{服|ふく}を　{使|つか}う<CMD>ff8127000580</CMD>",
			"やっぱり　コーデを{作|つく}るのなら<BREAK>べつの{服|ふく}を{使|つか}って<BREAK>{勝負|しょうぶ}しなきゃダメ<CMD>ff8127000080</CMD>",
			"\f"
		]
	},
	{
		"Index": 43,
		"JPN": [
			"<CMD>18802700729b27000180</CMD><CMD>17802700729b2700ad802700068027000280</CMD><CMD>16802700729b27005581</CMD><CMD>028227000080</CMD>も　{自分|じぶん}で<BREAK>テーマに{合|あ}わせた{服|ふく}を<BREAK>{作|つく}ってみようと{思|おも}う<CMD>ff8127000280</CMD>",
			"ハロウィンコーデって<BREAK>{言|い}うくらいだから<BREAK><CMD>008027000480</CMD>きのこのぬの<CMD>008027000180</CMD>を{使|つか}えば…",
			"きっと　いい{感|かん}じの{服|ふく}が<BREAK>できあがるにちがいない<CMD>ff8127000280</CMD>",
			"きっちり　バッチリ<BREAK>{作|つく}り{上|あ}げてみせる<CMD>ff8127000280</CMD>",
			"\f"
		]
	},
	{
		"Index": 44,
		"JPN": [
			"<CMD>18802700729b27000080</CMD><CMD>17802700729b2700b28027000a8027000180</CMD><CMD>16802700729b27006981</CMD>{来週|らいしゅう}のテーマ<BREAK><CMD>008027000480</CMD>クールジャケット<CMD>008027000180</CMD>って<BREAK>どんな{感|かん}じになってる<CMD>ff8127000380</CMD>？",
			"<CMD>008027000480</CMD>クール<CMD>008027000180</CMD>なスタイルを{感|かん}じさせる<BREAK>ジャケットコーデを<BREAK>{組|く}んだらいい<CMD>ff8127000380</CMD>？",
			"<CMD>18802700729b27000180</CMD><CMD>17802700729b2700ad802700068027000280</CMD><CMD>16802700729b27005581</CMD>じゃあ　<CMD>008027000480</CMD>クール<CMD>008027000180</CMD>な{感|かん}じの{服|ふく}や<BREAK>いいジャケットを{見|み}かけたら<BREAK>ためしてみる<CMD>ff8127000280</CMD>",
			"\f"
		]
	},
	{
		"Index": 45,
		"JPN": [
			"<CMD>18802700729b27000180</CMD><CMD>17802700729b2700ad802700068027000280</CMD><CMD>16802700729b27005581</CMD><CMD>008027000380</CMD>ヴィッキー<CMD>008027000180</CMD>が　{着|き}てたコーデ<BREAK>とっても　にあってた<CMD>ff8127000280</CMD>",
			"あのコーデって<BREAK><CMD>008027000480</CMD>ラメラメスカート<CMD>008027000180</CMD>を{使|つか}って<BREAK>うまく　{見|み}せてたみたい<CMD>ff8127000080</CMD>",
			"ただ　<CMD>028227000080</CMD>なら<BREAK><CMD>008027000480</CMD>ラメラメスカート<CMD>008027000180</CMD>は　やめて<BREAK>べつの{服|ふく}を　{使|つか}う<CMD>ff8127000580</CMD>",
			"やっぱり　コーデを{作|つく}るのなら<BREAK>べつの{服|ふく}を{使|つか}って<BREAK>{勝負|しょうぶ}しなきゃダメ<CMD>ff8127000080</CMD>",
			"\f"
		]
	},
	{
		"Index": 46,
		"JPN": [
			"<CMD>18802700729b27000180</CMD><CMD>17802700729b2700ad802700068027000280</CMD><CMD>16802700729b27005581</CMD><CMD>028227000080</CMD>も　{自分|じぶん}で<BREAK>テーマに{合|あ}わせた{服|ふく}を<BREAK>{作|つく}ってみようと{思|おも}う<CMD>ff8127000280</CMD>",
			"スーパーかっこいいスタイル<BREAK>と{言|い}うくらいだから",
			"<CMD>008027000480</CMD>ロック<CMD>008027000180</CMD>な　ふんいきを{出|だ}すために<BREAK><CMD>008027000480</CMD>くろかわ<CMD>008027000180</CMD>を　{使|つか}ってみる<CMD>ff8127000280</CMD>",
			"そうすれば　きっと<BREAK>いい{感|かん}じの{服|ふく}が<BREAK>できあがるにちがいない<CMD>ff8127000280</CMD>",
			"きっちり　バッチリ<BREAK>{作|つく}り{上|あ}げてみせる<CMD>ff8127000280</CMD>",
			"\f"
		]
	},
	{
		"Index": 47,
		"JPN": [
			"<CMD>18802700729b27000080</CMD><CMD>17802700729b2700b28027000a8027000180</CMD><CMD>16802700729b27006981</CMD>{来週|らいしゅう}のテーマ<BREAK>ジャケットコーデって<BREAK>どんな{感|かん}じになってる<CMD>ff8127000380</CMD>？",
			"テーマには<BREAK><CMD>008027000480</CMD>クール<CMD>008027000180</CMD>にアピールってあるから…",
			"<CMD>008027000480</CMD>クール<CMD>008027000180</CMD>なスタイルを{感|かん}じさせた<BREAK>ジャケットコーデじゃないと<BREAK>いけないみたい<CMD>ff8127000080</CMD>",
			"<CMD>18802700729b27000180</CMD><CMD>17802700729b2700ad802700068027000280</CMD><CMD>16802700729b27005581</CMD>とりあえず　ジャケットと<BREAK><CMD>008027000480</CMD>クール<CMD>008027000180</CMD>な{服|ふく}を{見|み}かけたら<BREAK>いろいろ　ためしてみる<CMD>ff8127000280</CMD>",
			"\f"
		]
	},
	{
		"Index": 48,
		"JPN": [
			"<CMD>18802700729b27000180</CMD><CMD>17802700729b2700ad802700068027000280</CMD><CMD>16802700729b27005581</CMD><CMD>008027000380</CMD>ヴィッキー<CMD>008027000180</CMD>が　{着|き}てたコーデ<BREAK>とっても　にあってた<CMD>ff8127000280</CMD>",
			"あのコーデって<BREAK><CMD>008027000480</CMD>カラフルユニスカート<CMD>008027000180</CMD>を{使|つか}って<BREAK>うまく　{見|み}せてたみたい<CMD>ff8127000080</CMD>",
			"ただ　<CMD>028227000080</CMD>なら<BREAK><CMD>008027000480</CMD>カラフルユニスカート<CMD>008027000180</CMD>じゃなく<BREAK>べつの{服|ふく}を　{使|つか}う<CMD>ff8127000580</CMD>",
			"やっぱり　コーデを{作|つく}るのなら<BREAK>べつの{服|ふく}を{使|つか}って<BREAK>{勝負|しょうぶ}しなきゃダメ<CMD>ff8127000080</CMD>",
			"\f"
		]
	},
	{
		"Index": 49,
		"JPN": [
			"<CMD>18802700729b27000180</CMD><CMD>17802700729b2700ad802700068027000280</CMD><CMD>16802700729b27005581</CMD><CMD>028227000080</CMD>も　{自分|じぶん}で<BREAK>テーマに{合|あ}わせた{服|ふく}を<BREAK>{作|つく}ってみようと{思|おも}う<CMD>ff8127000280</CMD>",
			"さわやかな{色|いろ}で{作|つく}る　って<BREAK>テーマにあるくらいだから<BREAK><CMD>008027000480</CMD>みずいろのぬの<CMD>008027000180</CMD>を{使|つか}えば…",
			"きっと　いい{感|かん}じの{服|ふく}が<BREAK>できあがるにちがいない<CMD>ff8127000280</CMD>",
			"きっちり　バッチリ<BREAK>{作|つく}り{上|あ}げてみせる<CMD>ff8127000280</CMD>",
			"\f"
		]
	},
	{
		"Index": 50,
		"JPN": [
			"<CMD>18802700729b27000180</CMD><CMD>17802700729b2700ad802700068027000280</CMD><CMD>16802700729b27005581</CMD><CMD>008027000380</CMD>ヴィッキー<CMD>008027000180</CMD>が　{着|き}てたコーデ<BREAK>とっても　にあってた<CMD>ff8127000280</CMD>",
			"あのコーデって<BREAK><CMD>008027000480</CMD>サンタふくスカート<CMD>008027000180</CMD>を{使|つか}って<BREAK>うまく　{見|み}せてたみたい<CMD>ff8127000080</CMD>",
			"ただ　<CMD>028227000080</CMD>なら<BREAK><CMD>008027000480</CMD>サンタふくスカート<CMD>008027000180</CMD>は　やめて<BREAK>べつの{服|ふく}を　{使|つか}う<CMD>ff8127000580</CMD>",
			"やっぱり　コーデを{作|つく}るのなら<BREAK>べつの{服|ふく}を{使|つか}って<BREAK>{勝負|しょうぶ}しなきゃダメ<CMD>ff8127000080</CMD>",
			"\f"
		]
	},
	{
		"Index": 51,
		"JPN": [
			"<CMD>18802700729b27000180</CMD><CMD>17802700729b2700ad802700068027000280</CMD><CMD>16802700729b27005581</CMD>{来週|らいしゅう}のテーマは<BREAK>フォーマルコーデ{大研究|だいけんきゅう}<BREAK>と{聞|き}いた<CMD>ff8127000280</CMD>",
			"フォーマルコーデって<BREAK>あるくらいだから…",
			"やっぱり　ちゃんとした<BREAK>パーティーに{出|で}られるような<BREAK>コーデにしないといけない<CMD>ff8127000280</CMD>",
			"とりあえず　フォーマルな{服|ふく}で<BREAK>いろいろと　ためしてみる<CMD>ff8127000280</CMD>",
			"\f"
		]
	},
	{
		"Index": 52,
		"JPN": [
			"<CMD>18802700729b27000180</CMD><CMD>17802700729b2700ad802700068027000280</CMD><CMD>16802700729b27005581</CMD>あのね　<CMD>f481</CMD><BREAK>{来週|らいしゅう}コーデを　{組|く}むときは<BREAK><CMD>498227000180</CMD>がポイントらしい<CMD>ff8127000280</CMD>",
			"<CMD>498227000180</CMD>って　<CMD>f481</CMD>が<BREAK>{一番|いちばん}にあう{色|いろ}<CMD>ff8127000080</CMD>",
			"<CMD>498227000180</CMD>でコーデを{作|つく}ったら<BREAK><CMD>f481</CMD>にバッチリ<BREAK>にあうと{思|おも}う<CMD>ff8127000280</CMD>",
			"\f"
		]
	},
	{
		"Index": 53,
		"JPN": [
			"<CMD>18802700729b27000180</CMD><CMD>17802700729b2700ad802700068027000280</CMD><CMD>16802700729b27005581</CMD><CMD>4a8227000180</CMD>ってね<BREAK>{来週|らいしゅう}　コーデを{組|く}むさいの<BREAK>ポイントらしい<CMD>ff8127000280</CMD>",
			"だから　<CMD>4a8227000180</CMD>を{使|つか}えば<BREAK>まず　まちがいないと<BREAK><CMD>028227000080</CMD>は{思|おも}う<CMD>ff8127000280</CMD>",
			"それになにより<BREAK><CMD>4a8227000180</CMD>は　<CMD>f481</CMD>に<BREAK>ピッタリ{合|あ}ってる<CMD>ff8127000280</CMD>",
			"\f"
		]
	},
	{
		"Index": 54,
		"JPN": [
			"<CMD>18802700729b27000180</CMD><CMD>17802700729b2700ad802700068027000280</CMD><CMD>16802700729b27005581</CMD>{来週|らいしゅう}の<CMD>008027000480</CMD>ベリーズ<CMD>008027000180</CMD>に<BREAK>{合|あ}いそうなコーデのこと<BREAK>{聞|き}かせてあげる<CMD>ff8127000280</CMD>",
			"\f"
		]
	}
]