[
	{
		"Index": 0,
		"JPN": [
			"あっ　<CMD>f481</CMD><BREAK>ひょっとして…<BREAK>その{子|こ}の{子守り中|こもりちゅう}？",
			"{子守り|こもり}をするなんて<BREAK>いいところがある<CMD>ff8127000280</CMD>",
			"でも　<CMD>028227000080</CMD>から{見|み}た{感|かん}じ<BREAK>まだちょっと　なつかれてない<BREAK>ような{気|き}がする<CMD>ff8127000280</CMD>",
			"もっともっともっともっと<BREAK>{仲良|なかよ}くなったほうが<BREAK>いい<CMD>ff8127000480</CMD><CMD>4f80</CMD>",
			"\f"
		]
	},
	{
		"Index": 1,
		"JPN": [
			"<CMD>f481</CMD><BREAK>{今日|きょう}も{子守り中|こもりちゅう}<CMD>ff8127000180</CMD>？",
			"けっこう<CMD>f481</CMD>も<BREAK>{子守り|こもり}になれてきてるカンジ",
			"その{子|こ}からも<BREAK>なつかれてるみたいだし<BREAK>{大|たい}したもの<CMD>ff8127000080</CMD>",
			"でも　もっともっともっともっと<BREAK>{仲良|なかよ}くなったほうが<BREAK>いい<CMD>ff8127000480</CMD><CMD>4f80</CMD>",
			"\f"
		]
	},
	{
		"Index": 2,
		"JPN": [
			"<CMD>f481</CMD>…<BREAK>{子守り|こもり}してる<CMD>ff8127000380</CMD>？",
			"いっしゅん　{家族|かぞく}に<BREAK>{見|み}えた<CMD>ff8127000280</CMD>",
			"それぐらい　しぜんな{感|かん}じに<BREAK>{見|み}えたってこと<CMD>ff8127000080</CMD><BREAK><CMD>f481</CMD>はスゴイ<CMD>ff8127000280</CMD>",
			"ホント　そのなつかれっぷり<BREAK>まるで{本当|ホント}の<BREAK>きょうだいみたい<CMD>ff8127000080</CMD>",
			"でも　もっともっともっともっと<BREAK>{仲良|なかよ}くなったほうが<BREAK>いい<CMD>ff8127000480</CMD><CMD>4f80</CMD>",
			"\f"
		]
	},
	{
		"Index": 16,
		"JPN": [
			"<CMD>49802700408627003c80</CMD>",
			"\f"
		]
	}
]