[
	{
		"Index": 0,
		"JPN": [
			"<CMD>18802700729b27000780</CMD><CMD>17802700729b2700b18027000a8027000180</CMD><CMD>16802700729b27009081</CMD>ねえ　<CMD>f481</CMD>にだけ<BREAK>ひみつの　お{話|はなし}が<BREAK>あるんだけど…",
			"<CMD>18802700729b27000080</CMD><CMD>17802700729b2700b28027000a8027000180</CMD><CMD>16802700729b27006981</CMD>もちろん<BREAK>{聞|き}いてくれるわよね？",
			"<CMD>13802700a18f</CMD>",
			"\f"
		]
	},
	{
		"Index": 1,
		"JPN": [
			"<CMD>3780</CMD>",
			"なになに？<CMD>13802700a28f</CMD>",
			"{今|いま}はいそがしい<CMD>13802700a38f</CMD>",
			"\f"
		]
	},
	{
		"Index": 2,
		"JPN": [
			"ひみつのお{話|はなし}だから<BREAK>ここでしゃべるのは<BREAK>ちょっとイヤ<CMD>ff8127000080</CMD>",
			"<CMD>18802700729b27000180</CMD><CMD>17802700729b2700ad802700068027000280</CMD><CMD>16802700729b27005581</CMD><CMD>008027000580</CMD>{恋人|こいびと}みさき<CMD>008027000180</CMD>で{話|はな}すから<BREAK>ＰＭ６{時|じ}に　かならず{来|き}てね",
			"<CMD>138027001891</CMD>",
			"\f"
		]
	},
	{
		"Index": 3,
		"JPN": [
			"<CMD>18802700729b27000480</CMD><CMD>17802700729b2700ab8027000a8027000180</CMD><CMD>16802700729b27007f81</CMD>どんなにいそがしいか<BREAK>{知|し}らないけど",
			"お{話|はなし}を{聞|き}かなかったこと<BREAK>きっと　あとで<BREAK>こうかいする<CMD>ff8127000280</CMD>",
			"…まあ<BREAK><CMD>028227000080</CMD>の{気|き}が{向|む}いたら<BREAK>また{声|こえ}をかけるかもね",
			"\f"
		]
	},
	{
		"Index": 4,
		"JPN": [
			"<CMD>18802700729b27000780</CMD><CMD>17802700729b2700b18027000a8027000180</CMD><CMD>16802700729b27009081</CMD>あ　{来|き}てくれたんだ<BREAK>だれにも<BREAK>{見|み}られなかった<CMD>ff8127000380</CMD>？",
			"<CMD>18802700729b27000180</CMD><CMD>17802700729b270001802700048027000180</CMD><CMD>16802700729b27004181</CMD><CMD>f481</CMD>は<BREAK>なかなか{見|み}どころがあるから<BREAK>{恋人|こいびと}にしたいなぁ…",
			"なんて<BREAK>{思|おも}ったんだけど<BREAK>どうかしら？",
			"<CMD>13802700a58f</CMD>",
			"\f"
		]
	},
	{
		"Index": 5,
		"JPN": [
			"<CMD>3780</CMD>",
			"はい<CMD>13802700a68f</CMD>",
			"いいえ<CMD>13802700a78f</CMD>",
			"\f"
		]
	},
	{
		"Index": 6,
		"JPN": [
			"<CMD>18802700729b27000780</CMD><CMD>17802700729b2700b18027000a8027000180</CMD><CMD>16802700729b27009081</CMD>ホント？<BREAK>ちかう？",
			"ファンの{子|こ}たちには<BREAK>ナイショにする<CMD>ff8127000280</CMD>",
			"<CMD>18802700729b27000180</CMD><CMD>17802700729b270001802700048027000180</CMD><CMD>16802700729b27004181</CMD>{恋人|こいびと}になったからには<BREAK><CMD>028227000080</CMD>を{楽|たの}しませてね",
			"\f"
		]
	},
	{
		"Index": 7,
		"JPN": [
			"<CMD>18802700729b27000380</CMD><CMD>17802700729b2700ab8027000a8027000180</CMD><CMD>16802700729b27002e81</CMD><CMD>028227000080</CMD>の{告白|こくはく}を<BREAK>ことわるなんて…",
			"…まあいいわ<BREAK>{次|つぎ}のきかいがあるか<BREAK>わからないけど",
			"その{時|とき}は<BREAK>なっとくのいくへんとうを<BREAK>きかせて<CMD>ff8127000480</CMD>",
			"\f"
		]
	},
	{
		"Index": 12,
		"JPN": [
			"<CMD>18802700729b27000180</CMD><CMD>17802700729b2700ad802700068027000280</CMD><CMD>16802700729b27005581</CMD>あら　また{会|あ}ったね<BREAK><CMD>028227000080</CMD>たち　{気|き}が{合|あ}う<CMD>ff8127000580</CMD><BREAK>きっと…",
			"これはきっと<BREAK>{友|とも}だちってことだと<BREAK>{思|おも}うんだけど　どうかしら？",
			"<CMD>13802700ad8f</CMD>",
			"\f"
		]
	},
	{
		"Index": 13,
		"JPN": [
			"<CMD>3780</CMD>",
			"そうだね<CMD>13802700ae8f</CMD>",
			"ぐうぜんだよ<CMD>13802700af8f</CMD>",
			"\f"
		]
	},
	{
		"Index": 14,
		"JPN": [
			"そう<CMD>ff8127000080</CMD><BREAK>そのほうが{楽|たの}しい<CMD>ff8127000280</CMD>",
			"これからもよろしく<CMD>ff8127000080</CMD>",
			"\f"
		]
	},
	{
		"Index": 15,
		"JPN": [
			"ぐうぜんとは{思|おも}えないけど…<BREAK>まあ　いいわ",
			"{今後|こんご}<BREAK><CMD>f481</CMD>がどうしても<BREAK><CMD>028227000080</CMD>となかよくしたくなったら",
			"{考|かんが}えてあげなくもない<CMD>ff8127000280</CMD>",
			"\f"
		]
	},
	{
		"Index": 16,
		"JPN": [
			"ちょっと<CMD>f481</CMD>に<BREAK>{話|はなし}があるんだけど…",
			"<CMD>18802700729b27000080</CMD><CMD>17802700729b2700b28027000a8027000180</CMD><CMD>16802700729b27006981</CMD><CMD>008027000580</CMD>{恋人|こいびと}みさき<CMD>008027000180</CMD>まで<BREAK>{来|き}てくれない？",
			"<CMD>13802700b18f</CMD>",
			"\f"
		]
	},
	{
		"Index": 17,
		"JPN": [
			"<CMD>3780</CMD>",
			"うん　いいよ<CMD>13802700b28f</CMD>",
			"{用事|ようじ}があるんだ<CMD>13802700b38f</CMD>",
			"\f"
		]
	},
	{
		"Index": 18,
		"JPN": [
			"じゃ　ＰＭ７{時|じ}に<BREAK><CMD>008027000580</CMD>{恋人|こいびと}みさき<CMD>008027000180</CMD>で{待|ま}ってるから！<BREAK>おくれずに{来|き}て<CMD>ff8127000480</CMD>！",
			"<CMD>138027000991</CMD>",
			"\f"
		]
	},
	{
		"Index": 19,
		"JPN": [
			"<CMD>18802700729b27000280</CMD><CMD>17802700729b27001c802700088027000480</CMD><CMD>16802700729b27007d81</CMD>へー　<CMD>028227000080</CMD>のさそいを<BREAK>ことわるとはね…ちぇっ<BREAK>{次|つぎ}はかならずつきあうのよ！",
			"\f"
		]
	},
	{
		"Index": 20,
		"JPN": [
			"<CMD>18802700729b27000780</CMD><CMD>17802700729b2700b18027000a8027000180</CMD><CMD>16802700729b27009081</CMD>あ　{来|き}てくれたんだ<BREAK>だれにも<BREAK>{見|み}られなかった<CMD>ff8127000380</CMD>？",
			"<CMD>028227000180</CMD>",
			"<CMD>028227000080</CMD>たち<BREAK>おたがい　{気|き}があいそうだから",
			"<CMD>18802700729b27000080</CMD><CMD>17802700729b2700b28027000a8027000180</CMD><CMD>16802700729b27006981</CMD>これからは　もっと<BREAK>よろしくしない？",
			"<CMD>13802700b58f</CMD>",
			"\f"
		]
	},
	{
		"Index": 21,
		"JPN": [
			"<CMD>3780</CMD>",
			"いいねー<CMD>13802700b68f</CMD>",
			"やめておくよ<CMD>13802700b78f</CMD>",
			"\f"
		]
	},
	{
		"Index": 22,
		"JPN": [
			"<CMD>18802700729b27000180</CMD><CMD>17802700729b2700ad802700068027000280</CMD><CMD>16802700729b27005581</CMD>やった！<BREAK>これからもよろしく<CMD>ff8127000080</CMD>！",
			"\f"
		]
	},
	{
		"Index": 23,
		"JPN": [
			"ふーん　{意外|いがい}とまじめ…<BREAK>ざんねんだけど　しかたない<BREAK>それじゃあ　{帰|かえ}る<CMD>ff8127000280</CMD>",
			"また{考|かんが}えておいて！",
			"\f"
		]
	},
	{
		"Index": 32,
		"JPN": [
			"ねえ　<CMD>f481</CMD>…<BREAK>この{間|あいだ}は　やくそくやぶって<BREAK>ごめんなさい<CMD>ff8127000080</CMD>",
			"<CMD>028227000080</CMD>　{気|き}がついたら<BREAK>{知|し}らないところに　いた<CMD>ff8127000280</CMD>",
			"だから　あらためて<BREAK>お{話|はなし}があるんだけど…",
			"もちろん<BREAK>{聞|き}いてくれるわよね？",
			"<CMD>13802700a18f</CMD>",
			"\f"
		]
	},
	{
		"Index": 36,
		"JPN": [
			"ねえ　<CMD>f481</CMD>…<BREAK>この{間|あいだ}は　やくそくやぶって<BREAK>ごめんなさい<CMD>ff8127000080</CMD>",
			"<CMD>028227000080</CMD>　{気|き}がついたら<BREAK>{知|し}らないところに　いた<CMD>ff8127000280</CMD>",
			"だから　あらためて<BREAK>お{話|はなし}があるんだけど…",
			"<CMD>008027000580</CMD>{恋人|こいびと}みさき<CMD>008027000180</CMD>まで<BREAK>{来|き}てくれない？",
			"<CMD>13802700b18f</CMD>",
			"\f"
		]
	},
	{
		"Index": 40,
		"JPN": [
			"<CMD>18802700729b27000180</CMD><CMD>17802700729b270001802700048027000180</CMD><CMD>16802700729b27004181</CMD><CMD>f481</CMD>は<BREAK>なかなか{見|み}どころがあるから<BREAK>{恋人|こいびと}にしたいなぁ…",
			"なんて<BREAK>{思|おも}ったんだけど<BREAK>どうかしら？",
			"<CMD>13802700a58f</CMD>",
			"\f"
		]
	},
	{
		"Index": 44,
		"JPN": [
			"<CMD>028227000080</CMD>たち<BREAK>おたがい　{気|き}があいそうだから",
			"<CMD>18802700729b27000080</CMD><CMD>17802700729b2700b28027000a8027000180</CMD><CMD>16802700729b27006981</CMD>これからは　もっと<BREAK>よろしくしない？",
			"<CMD>13802700b58f</CMD>",
			"\f"
		]
	}
]