[
	{
		"Index": 0,
		"JPN": [
			"<CMD>18802700729b27000780</CMD><CMD>17802700729b2700b18027000a8027000180</CMD>あら？　<CMD>028227000080</CMD><BREAK>そろそろ　いかないと<BREAK>いけない<CMD>ff8127000280</CMD>",
			"<CMD>028227000180</CMD>",
			"じゃ　またね～！",
			"\f"
		]
	},
	{
		"Index": 1,
		"JPN": [
			"<CMD>18802700729b27000180</CMD><CMD>17802700729b2700ad802700068027000280</CMD><CMD>16802700729b27005581</CMD>あら？　また　<CMD>f481</CMD>なの？<BREAK>またって　{言|い}ったのに",
			"{人気者|ニンキモノ}は　つらいなぁ<BREAK>あとで　{聞|き}いてあげる<CMD>ff8127000580</CMD><BREAK>じゃあね～！<CMD>618027000b80</CMD>",
			"\f"
		]
	},
	{
		"Index": 2,
		"JPN": [
			"<CMD>18802700729b27000780</CMD><CMD>17802700729b2700b18027000a8027000180</CMD>あら？　また　<CMD>f481</CMD>？<BREAK>あとで　{話|はなし}を{聞|き}いてあげるって<BREAK>{言|い}ってるのに　わかんない？",
			"しつこくされると<BREAK>{聞|き}く{気|き}　なくしちゃう<CMD>ff8127000280</CMD><BREAK>それでもいいの？",
			"ま　そういうわけだから<BREAK>もうちょっと　{待|ま}っててね<CMD>228027000b80</CMD><CMD>618027000b80</CMD>",
			"\f"
		]
	},
	{
		"Index": 20,
		"JPN": [
			"<CMD>18802700729b27000180</CMD><CMD>17802700729b2700ad802700068027000280</CMD><CMD>16802700729b27005581</CMD><CMD>0382</CMD>と　{話|はな}してると<BREAK>すごく{楽|たの}しい{気分|きぶん}に<BREAK>なってくる<CMD>ff8127000280</CMD>",
			"<CMD>028227000080</CMD>を<BREAK>よろこばせる<BREAK>{会話|かいわ}のツボが",
			"<CMD>18802700729b27000180</CMD><CMD>17802700729b2700ad802700068027000280</CMD><CMD>16802700729b27005581</CMD>わかってるって<BREAK>{感|かん}じがした<CMD>ff8127000280</CMD>",
			"\f"
		]
	},
	{
		"Index": 21,
		"JPN": [
			"<CMD>18802700729b27000180</CMD><CMD>17802700729b2700ad802700068027000280</CMD><CMD>16802700729b27005581</CMD><CMD>0382</CMD>は<BREAK>{勉強|べんきょう}が<BREAK>とくいだった<CMD>ff8127000280</CMD>",
			"むずかしい<BREAK>{問題|もんだい}でも　スラスラ<BREAK>{答|こた}えていたんだ",
			"<CMD>18802700729b27000180</CMD><CMD>17802700729b2700ad802700068027000280</CMD><CMD>16802700729b27005581</CMD>なかなかのもの<BREAK>だった<CMD>ff8127000280</CMD>",
			"\f"
		]
	},
	{
		"Index": 22,
		"JPN": [
			"<CMD>18802700729b27000180</CMD><CMD>17802700729b2700ad802700068027000280</CMD><CMD>16802700729b27005581</CMD><CMD>0382</CMD>ってさ　すごく<BREAK>{友|とも}だちが{多|おお}いみたい<BREAK>{町|まち}を{歩|ある}いてると　いつも",
			"たくさんの{人|ひと}たちから<BREAK>{話|はな}しかけられてた<CMD>ff8127000280</CMD><BREAK>ちょっとした{有名人|ゆうめいじん}だったよ",
			"<CMD>18802700729b27000180</CMD><CMD>17802700729b2700ad802700068027000280</CMD><CMD>16802700729b27005581</CMD>まあ　<CMD>028227000080</CMD>や　あなたじゃあ<BREAK>あんな　{人気者|ニンキモノ}になるのは<BREAK>ムリかもしれないけどね",
			"\f"
		]
	},
	{
		"Index": 23,
		"JPN": [
			"<CMD>18802700729b27000480</CMD><CMD>17802700729b2700ab8027000a8027000180</CMD><CMD>16802700729b27007f81</CMD><CMD>0382</CMD>は　{魔法|まほう}で<BREAK>イタズラするのが{好|す}きっていう<BREAK>{困|こま}ったところもあった<CMD>ff8127000280</CMD>",
			"イタズラが{上手|じょうず}で<BREAK>{先生|せんせい}にも　なかなか<BREAK>つかまらない<CMD>ff8127000280</CMD>",
			"<CMD>18802700729b27000480</CMD><CMD>17802700729b2700ab8027000a8027000180</CMD><CMD>16802700729b27007f81</CMD>{困|こま}ったもんだねえ<BREAK>まあそれも　<CMD>0382</CMD>の<BREAK>おもしろいところなんだけどさ",
			"\f"
		]
	},
	{
		"Index": 24,
		"JPN": [
			"<CMD>18802700729b27000180</CMD><CMD>17802700729b2700ad802700068027000280</CMD><CMD>16802700729b27005581</CMD><CMD>0382</CMD>と　<CMD>028227000080</CMD>は<BREAK>{仲良|なかよ}しだったけど<BREAK>まだ{知|し}らないこともあった<CMD>ff8127000280</CMD>",
			"ひとりの{時|とき}は　どんなことして<BREAK>{遊|あそ}んでたんだろう…",
			"もっと　いろいろなお{話|はなし}を<BREAK>したかったなあ",
			"<CMD>18802700729b27000780</CMD><CMD>17802700729b2700b18027000a8027000180</CMD><CMD>028227000080</CMD>って　シャイだから<BREAK>かんじんな{時|とき}に<BREAK>{話|はな}せなかったの",
			"\f"
		]
	},
	{
		"Index": 25,
		"JPN": [
			"<CMD>18802700729b27000180</CMD><CMD>17802700729b2700ad802700068027000280</CMD><CMD>16802700729b27005581</CMD><CMD>0382</CMD>と　<CMD>028227000080</CMD>は<BREAK>なんでも{話|はな}せる<BREAK>あいだがらだった<CMD>ff8127000280</CMD>",
			"{勉強|べんきょう}のこととか　{恋愛|れんあい}の<BREAK>こととか…いろいろ<BREAK>お{話|はな}しした<CMD>ff8127000280</CMD>",
			"<CMD>18802700729b27000080</CMD><CMD>17802700729b2700b28027000a8027000180</CMD><CMD>16802700729b27006981</CMD>そんな{親友|しんゆう}<BREAK>うらやましい<CMD>ff8127000380</CMD>？",
			"\f"
		]
	},
	{
		"Index": 26,
		"JPN": [
			"<CMD>18802700729b27000780</CMD><CMD>17802700729b2700b18027000a8027000180</CMD><CMD>0382</CMD>とは<BREAK>よく　いっしょに<BREAK>ピクニックに{行|い}った<CMD>ff8127000280</CMD>",
			"{恋人同士|こいびとどうし}で<BREAK>またいつか　ふたりきりで<BREAK>{出|で}かけたいな…",
			"<CMD>18802700729b27000080</CMD><CMD>17802700729b2700b28027000a8027000180</CMD><CMD>16802700729b27006981</CMD>へへへ<BREAK>うらやましい<CMD>ff8127000380</CMD>？",
			"\f"
		]
	},
	{
		"Index": 28,
		"JPN": [
			"<CMD>18802700729b27000180</CMD><CMD>17802700729b2700ad802700068027000280</CMD><CMD>16802700729b27005581</CMD><CMD>028227000080</CMD>　ときどき<BREAK>ベンチに{座|すわ}って…",
			"<CMD>0382</CMD>と<BREAK>お{話し|はなし}したことを<BREAK>{思|おも}いだす<CMD>ff8127000280</CMD>",
			"<CMD>0382</CMD>と　お{話し|はなし}してると<BREAK>とっても　おだやかな<BREAK>{気|き}もちになれる<CMD>ff8127000280</CMD>",
			"<CMD>18802700729b27000080</CMD><CMD>17802700729b2700b28027000a8027000180</CMD><CMD>16802700729b27006981</CMD>なーんてね　ちょっと<BREAK><CMD>028227000080</CMD>らしく<BREAK>なかったかな？",
			"\f"
		]
	},
	{
		"Index": 29,
		"JPN": [
			"<CMD>18802700729b27000180</CMD><CMD>17802700729b2700ad802700068027000280</CMD><CMD>16802700729b27005581</CMD><CMD>0382</CMD>とは　ふたりで<BREAK>{釣|つ}りにも{行|い}った<CMD>ff8127000280</CMD><BREAK>{釣|つ}りはあんまりとくいじゃないけど",
			"<CMD>0382</CMD>といっしょなら<BREAK>{魚|さかな}が{釣|つ}れても{釣|つ}れなくても<BREAK>{楽|たの}しかった<CMD>ff8127000280</CMD>",
			"<CMD>18802700729b27000180</CMD><CMD>17802700729b2700ad802700068027000280</CMD><CMD>16802700729b27005581</CMD>{釣|つ}りっていうのは　のんびり<BREAK>{座|すわ}っているのも<BREAK>{楽|たの}しみのひとつなんだねえ",
			"\f"
		]
	},
	{
		"Index": 30,
		"JPN": [
			"<CMD>18802700729b27000180</CMD><CMD>17802700729b2700ad802700068027000280</CMD><CMD>16802700729b27005581</CMD><CMD>028227000080</CMD>　{虫取|むしと}りって<BREAK>そんなに{好|す}きじゃないんだけど<BREAK><CMD>0382</CMD>とは　{何度|なんど}か",
			"いっしょに<BREAK>{虫取|むしと}りに{行|い}った<CMD>ff8127000280</CMD>",
			"<CMD>18802700729b27000180</CMD><CMD>17802700729b2700ad802700068027000280</CMD><CMD>16802700729b27005581</CMD><CMD>0382</CMD>と　いっしょなら<BREAK>{何|なに}をしても<BREAK>{楽|たの}しかった<CMD>ff8127000280</CMD>",
			"\f"
		]
	},
	{
		"Index": 31,
		"JPN": [
			"<CMD>18802700729b27000180</CMD><CMD>17802700729b2700ad802700068027000280</CMD><CMD>16802700729b27005581</CMD>あなた　ほうきで　ツーリングに<BREAK>{出|で}かけたことはある<CMD>ff8127000380</CMD>？<BREAK><CMD>028227000080</CMD>は　<CMD>0382</CMD>と",
			"よく　ほうきでお{出|で}かけしたよ<BREAK><CMD>0382</CMD>は　ほうきに{乗|の}るのも<BREAK>とっても{上手|じょうず}だった<CMD>ff8127000280</CMD>",
			"<CMD>18802700729b27000180</CMD><CMD>17802700729b2700ad802700068027000280</CMD><CMD>16802700729b27005581</CMD>やっぱり<BREAK>さいのうがあるのかなあ",
			"\f"
		]
	},
	{
		"Index": 32,
		"JPN": [
			"<CMD>18802700729b27000180</CMD><CMD>17802700729b2700ad802700068027000280</CMD><CMD>16802700729b27005581</CMD><CMD>028227000080</CMD>は　{買|か}い{物|もの}が<BREAK>{好|す}きだから　<CMD>0382</CMD>に<BREAK>よく　つきあってもらった<CMD>ff8127000280</CMD>",
			"<CMD>0382</CMD>の{好|この}みを<BREAK>{聞|き}きながら　{洋服|ようふく}をえらんだり<BREAK>ぶんぼうぐを{買|か}ったり…",
			"<CMD>18802700729b27000180</CMD><CMD>17802700729b2700ad802700068027000280</CMD><CMD>16802700729b27005581</CMD>ふたりで<BREAK>{見|み}て{回|まわ}るのは<BREAK>けっこう{楽|たの}しかった<CMD>ff8127000280</CMD>",
			"\f"
		]
	},
	{
		"Index": 33,
		"JPN": [
			"<CMD>18802700729b27000180</CMD><CMD>17802700729b2700ad802700068027000280</CMD><CMD>16802700729b27005581</CMD>{勉強|べんきょう}する{時|とき}は<BREAK><CMD>0382</CMD>といっしょのことが<BREAK>{多|おお}かった<CMD>ff8127000280</CMD>",
			"<CMD>0382</CMD>は{勉強|べんきょう}も<BREAK>なかなかできるから",
			"<CMD>18802700729b27000180</CMD><CMD>17802700729b2700ad802700068027000280</CMD><CMD>16802700729b27005581</CMD>かなり<BREAK>たよりになった<CMD>ff8127000280</CMD>",
			"\f"
		]
	},
	{
		"Index": 34,
		"JPN": [
			"<CMD>18802700729b27000180</CMD><CMD>17802700729b2700ad802700068027000280</CMD><CMD>16802700729b27005581</CMD><CMD>0382</CMD>と<BREAK>いっしょにすごす　ティータイムも<BREAK><CMD>028227000080</CMD>の{楽|たの}しみだった<CMD>ff8127000280</CMD>",
			"{仲良|なかよ}しな{人|ひと}と<BREAK>いっしょに<BREAK>のんだほうが",
			"<CMD>18802700729b27000180</CMD><CMD>17802700729b2700ad802700068027000280</CMD><CMD>16802700729b27005581</CMD>お{茶|ちゃ}も<BREAK>おいしくなるんだよね",
			"\f"
		]
	}
]