[
	{
		"Index": 0,
		"JPN": [
			"<CMD>18802700729b27000180</CMD><CMD>17802700729b2700ad802700068027000280</CMD><CMD>16802700729b27005581</CMD>どうやら　{来週|らいしゅう}のテーマは<BREAK><CMD>008027000480</CMD>{和風|わふう}<CMD>008027000180</CMD>のコーデみたい<CMD>ff8127000080</CMD>",
			"たぶん　{服|ふく}のスタイルよりも<BREAK>{服|ふく}のがらのほうが<BREAK>じゅうようになると{思|おも}う<CMD>ff8127000280</CMD>",
			"<CMD>18802700729b27000080</CMD><CMD>17802700729b2700b28027000a8027000180</CMD><CMD>16802700729b27006981</CMD>コーデを{作|つく}る{時|とき}は<BREAK><CMD>008027000480</CMD>{和風|わふう}<CMD>008027000180</CMD>がらの{服|ふく}を<BREAK>{取|と}り{入|い}れるといい<CMD>ff8127000380</CMD>？",
			"\f"
		]
	},
	{
		"Index": 1,
		"JPN": [
			"<CMD>18802700729b27000180</CMD><CMD>17802700729b2700ad802700068027000280</CMD><CMD>16802700729b27005581</CMD><CMD>008027000380</CMD>ヴィッキー<CMD>008027000180</CMD>が{着|き}ていたのは<BREAK>どうやら　<CMD>008027000480</CMD>もこもこセーター<CMD>008027000180</CMD><BREAK>だったみたい<CMD>ff8127000080</CMD>",
			"さすがの<CMD>028227000080</CMD>でも<BREAK>あそこまでかわいく{着|き}こなせる<BREAK>じしんはない<CMD>ff8127000280</CMD>",
			"モデルとして<CMD>008027000480</CMD>ベリーズ<CMD>008027000180</CMD>にのるには<BREAK><CMD>008027000380</CMD>ヴィッキー<CMD>008027000180</CMD>とはちがう<BREAK>オリジナリティがひつよう<CMD>ff8127000080</CMD>",
			"<CMD>008027000380</CMD>ヴィッキー<CMD>008027000180</CMD>に{負|ま}けないような<BREAK>ステキなコーデを<BREAK>{作|つく}りたい<CMD>ff8127000280</CMD>",
			"\f"
		]
	},
	{
		"Index": 2,
		"JPN": [
			"<CMD>18802700729b27000180</CMD><CMD>17802700729b2700ad802700068027000280</CMD><CMD>16802700729b27005581</CMD>コートスタイルが<BREAK>{来週|らいしゅう}のテーマに<BREAK>なっているみたい<CMD>ff8127000080</CMD>",
			"<CMD>18802700729b27000080</CMD><CMD>17802700729b2700b28027000a8027000180</CMD><CMD>16802700729b27006981</CMD>コートスタイルということは…<BREAK><CMD>008027000480</CMD>しろヒョウコート<CMD>008027000180</CMD>なんかが<BREAK><CMD>028227000080</CMD>にはにあいそう<CMD>ff8127000180</CMD>？",
			"もちろん<BREAK>{他|ほか}にもっといい{服|ふく}があれば<BREAK>それを{着|き}こなすつもり<CMD>ff8127000080</CMD>",
			"ステキなコーデを{着|き}て<BREAK><CMD>008027000480</CMD>ベリーズ<CMD>008027000180</CMD>の{読者|どくしゃ}モデルに<BREAK>なりたい<CMD>ff8127000280</CMD>",
			"\f"
		]
	},
	{
		"Index": 3,
		"JPN": [
			"<CMD>18802700729b27000180</CMD><CMD>17802700729b2700ad802700068027000280</CMD><CMD>16802700729b27005581</CMD>{今度|こんど}は　カワカッコイイが<BREAK>テーマになった<CMD>ff8127000280</CMD>",
			"カワカッコイイ…<BREAK>つまり　かわいいとかっこいいの<BREAK>{両方|りょうほう}がじゅうよう<CMD>ff8127000080</CMD>",
			"かわいいカンジのスタイルと{言|い}えば<BREAK><CMD>008027000480</CMD>キュート<CMD>008027000180</CMD>　<CMD>008027000480</CMD>ポップ<CMD>008027000180</CMD>　<CMD>008027000480</CMD>ナチュラル<CMD>008027000180</CMD><BREAK>でキマリ<CMD>ff8127000080</CMD>",
			"その３つにかっこいいカンジを<BREAK>{組|く}み{合|あ}わせれば<BREAK>きっと{人気者|ニンキモノ}になれる<CMD>ff8127000280</CMD>",
			"\f"
		]
	},
	{
		"Index": 4,
		"JPN": [
			"<CMD>18802700729b27000180</CMD><CMD>17802700729b2700ad802700068027000280</CMD><CMD>16802700729b27005581</CMD>{来週|らいしゅう}はスノウホワイトが<BREAK>テーマになるみたい<CMD>ff8127000080</CMD>",
			"<CMD>18802700729b27000080</CMD><CMD>17802700729b2700b28027000a8027000180</CMD><CMD>16802700729b27006981</CMD><CMD>008027000480</CMD>ベリーズ<CMD>008027000180</CMD>で<BREAK><CMD>008027000380</CMD>ヴィッキー<CMD>008027000180</CMD>が{着|き}ていたのは<BREAK><CMD>008027000480</CMD>よそいきコート<CMD>008027000180</CMD>だった<CMD>ff8127000380</CMD>？",
			"そうなると<BREAK>{同|おな}じコートを{着|き}ていたら<BREAK><CMD>008027000380</CMD>ヴィッキー<CMD>008027000180</CMD>には{勝|か}てない<CMD>ff8127000280</CMD>",
			"<CMD>008027000480</CMD>ベリーズ<CMD>008027000180</CMD>にのる{事|こと}を{目指|めざ}すなら<BREAK>べつの{服|ふく}でもっといいコーデを<BREAK>{作|つく}ることがひつよう<CMD>ff8127000080</CMD>",
			"\f"
		]
	},
	{
		"Index": 5,
		"JPN": [
			"<CMD>18802700729b27000180</CMD><CMD>17802700729b2700ad802700068027000280</CMD><CMD>16802700729b27005581</CMD>{来週|らいしゅう}の<CMD>008027000480</CMD>ベリーズ<CMD>008027000180</CMD>のテーマは<BREAK>あったかコーデ<CMD>ff8127000080</CMD>",
			"そのテーマに{合|あ}うコーデを{着|き}れば<BREAK>{来週|らいしゅう}の<CMD>008027000480</CMD>ベリーズ<CMD>008027000180</CMD>のモデルに<BREAK>なれるかもしれない<CMD>ff8127000280</CMD>",
			"<CMD>18802700729b27000080</CMD><CMD>17802700729b2700b28027000a8027000180</CMD><CMD>16802700729b27006981</CMD>たとえば…<BREAK><CMD>008027000480</CMD>あおいダッフルコート<CMD>008027000180</CMD>なんかは<BREAK>テーマに{合|あ}いそう<CMD>ff8127000180</CMD>？",
			"{他|ほか}にもたくさんあるだろうから<BREAK>いろいろお{店|みせ}を{回|まわ}ってみると<BREAK>いいかもしれない<CMD>ff8127000280</CMD>",
			"\f"
		]
	},
	{
		"Index": 6,
		"JPN": [
			"<CMD>18802700729b27000180</CMD><CMD>17802700729b2700ad802700068027000280</CMD><CMD>16802700729b27005581</CMD>{来週|らいしゅう}は<BREAK>オトナめコーデがポイントに<BREAK>なるみたい<CMD>ff8127000080</CMD>",
			"<CMD>18802700729b27000080</CMD><CMD>17802700729b2700b28027000a8027000180</CMD><CMD>16802700729b27006981</CMD>オトナっていうと…<BREAK><CMD>008027000480</CMD>クール<CMD>008027000180</CMD>とか　エレガントな<BREAK>カンジにすればいい<CMD>ff8127000380</CMD>？",
			"ポイントをおさえたコーデを{着|き}れば<BREAK><CMD>028227000080</CMD>　<CMD>008027000480</CMD>ベリーズ<CMD>008027000180</CMD>の{読者|どくしゃ}<BREAK>モデルにえらばれたりして…",
			"\f"
		]
	},
	{
		"Index": 7,
		"JPN": [
			"<CMD>18802700729b27000180</CMD><CMD>17802700729b2700ad802700068027000280</CMD><CMD>16802700729b27005581</CMD>{今週|こんしゅう}の<CMD>008027000380</CMD>ヴィッキー<CMD>008027000180</CMD>には<BREAK>つい<CMD>028227000080</CMD>も<BREAK>{目|め}をうばわれた<CMD>ff8127000280</CMD>",
			"<CMD>008027000480</CMD>モノトーン<CMD>008027000180</CMD>ルックをああやって<BREAK>{着|き}こなすなんて…<BREAK>さすが<CMD>008027000380</CMD>ヴィッキー<CMD>008027000180</CMD><CMD>ff8127000080</CMD>",
			"とくに<CMD>008027000480</CMD>ジップアップジャケ<CMD>008027000180</CMD>！<BREAK>あの{着|き}こなしは　<CMD>028227000080</CMD>には<BREAK>マネできない<CMD>ff8127000280</CMD>",
			"こうなったら<CMD>028227000080</CMD>も<BREAK>べつの{服|ふく}を{組|く}み{合|あ}わせて<BREAK>もっといいコーデを{作|つく}る<CMD>ff8127000280</CMD>",
			"\f"
		]
	},
	{
		"Index": 8,
		"JPN": [
			"<CMD>18802700729b27000180</CMD><CMD>17802700729b2700ad802700068027000280</CMD><CMD>16802700729b27005581</CMD>{次|つぎ}のテーマでは<BREAK><CMD>008027000480</CMD>ピンク<CMD>008027000180</CMD>もりっていうのが<BREAK>{気|き}になるところ<CMD>ff8127000080</CMD>",
			"ということは…そう<BREAK><CMD>008027000480</CMD>はなのももチュニック<CMD>008027000180</CMD>なんかは<BREAK>いいかもしれない<CMD>ff8127000280</CMD>",
			"もちろん　{他|ほか}にも<BREAK>ステキな<CMD>008027000480</CMD>ピンク<CMD>008027000180</CMD>の{服|ふく}は<BREAK>ありそう<CMD>ff8127000080</CMD>",
			"ピッタリな{服|ふく}をさがすために<BREAK>いろいろなお{店|みせ}を<BREAK>{回|まわ}ることにする<CMD>ff8127000280</CMD>",
			"\f"
		]
	},
	{
		"Index": 9,
		"JPN": [
			"<CMD>18802700729b27000180</CMD><CMD>17802700729b2700ad802700068027000280</CMD><CMD>16802700729b27005581</CMD>{来週|らいしゅう}は<BREAK><CMD>008027000480</CMD>スポーティ<CMD>008027000180</CMD>コーデが<BREAK>とくしゅうされる<CMD>ff8127000280</CMD>",
			"ということは<BREAK>{次|つぎ}のコーデ{作|つく}りのポイントは<BREAK><CMD>008027000480</CMD>スポーティ<CMD>008027000180</CMD>にキマリ<CMD>ff8127000080</CMD>",
			"<CMD>008027000480</CMD>スポーティ<CMD>008027000180</CMD>なカンジの{服|ふく}を<BREAK>いろいろとチェックするひつようが<BREAK>ありそう<CMD>ff8127000080</CMD>",
			"\f"
		]
	},
	{
		"Index": 10,
		"JPN": [
			"<CMD>18802700729b27000180</CMD><CMD>17802700729b2700ad802700068027000280</CMD><CMD>16802700729b27005581</CMD><CMD>008027000480</CMD>ベリーズ<CMD>008027000180</CMD>で<CMD>008027000380</CMD>ヴィッキー<CMD>008027000180</CMD>が<BREAK>{着|き}てたコーデって　{本当|ホント}に<BREAK>モテカワってカンジだった<CMD>ff8127000280</CMD>",
			"とくにあの　<CMD>008027000480</CMD>みみつきトレーナー<CMD>008027000180</CMD>！<BREAK>もう　はんそく！　っていうくらい<BREAK>かわいかった<CMD>ff8127000280</CMD>",
			"あのコーデをこえるには<BREAK>べつの{服|ふく}で<BREAK>たいこうするしかなさそう<CMD>ff8127000080</CMD>",
			"<CMD>008027000380</CMD>ヴィッキー<CMD>008027000180</CMD>に{負|ま}けないような<BREAK>かわいいコーデを{作|つく}って<BREAK><CMD>008027000480</CMD>ベリーズ<CMD>008027000180</CMD>にのりたい<CMD>ff8127000280</CMD>",
			"\f"
		]
	},
	{
		"Index": 11,
		"JPN": [
			"<CMD>18802700729b27000180</CMD><CMD>17802700729b2700ad802700068027000280</CMD><CMD>16802700729b27005581</CMD>{次|つぎ}のテーマはあったかカラー<BREAK>それなら<CMD>008027000480</CMD>ピンクパッチシャツ<CMD>008027000180</CMD>が<BREAK>ピッタリ<CMD>ff8127000080</CMD>",
			"これをコーデに{取|と}り{入|い}れれば<BREAK><CMD>028227000080</CMD>　{来週|らいしゅう}の<CMD>008027000480</CMD>ベリーズ<CMD>008027000180</CMD>に",
			"{読者|どくしゃ}モデルとして<BREAK>{出|で}られたりして…",
			"ううん　テーマさえ{合|あ}えば<BREAK><CMD>008027000480</CMD>ピンクパッチシャツ<CMD>008027000180</CMD>じゃなくても<BREAK>だいじょうぶなはず<CMD>ff8127000080</CMD>",
			"なんだか<CMD>028227000080</CMD><BREAK>{次|つぎ}のコーデを{作|つく}るのが<BREAK>{楽|たの}しみになってきた<CMD>ff8127000280</CMD>",
			"\f"
		]
	},
	{
		"Index": 12,
		"JPN": [
			"<CMD>18802700729b27000180</CMD><CMD>17802700729b2700ad802700068027000280</CMD><CMD>16802700729b27005581</CMD>{美|び}きゃくでしせんをくぎづけ！<BREAK>…{次|つぎ}のテーマは<BREAK>なかなかシゲキてき<CMD>ff8127000080</CMD>",
			"<CMD>18802700729b27000080</CMD><CMD>17802700729b2700b28027000a8027000180</CMD><CMD>16802700729b27006981</CMD>{美|び}きゃくがテーマということは<BREAK>レギンスが<BREAK>ポイントになる<CMD>ff8127000380</CMD>？",
			"ステキなコーデを{作|つく}るために<BREAK>いろんなレギンスを<BREAK>チェックするとよさそう<CMD>ff8127000080</CMD>",
			"\f"
		]
	},
	{
		"Index": 13,
		"JPN": [
			"<CMD>18802700729b27000180</CMD><CMD>17802700729b2700ad802700068027000280</CMD><CMD>16802700729b27005581</CMD>{次|つぎ}は　スタイルをつきつめた<BREAK>スーパーコーデが<BREAK>とくしゅうされるみたい<CMD>ff8127000080</CMD>",
			"<CMD>18802700729b27000080</CMD><CMD>17802700729b2700b28027000a8027000180</CMD><CMD>16802700729b27006981</CMD><CMD>008027000380</CMD>ヴィッキー<CMD>008027000180</CMD>が{着|き}ていたのは<BREAK><CMD>008027000480</CMD>ハートネコのシャツ<CMD>008027000180</CMD><CMD>ff8127000180</CMD>？<BREAK>たしかにスーパーだった<CMD>ff8127000280</CMD>",
			"{同|おな}じシャツを{着|き}れば<BREAK><CMD>028227000080</CMD>もスーパーになれる<BREAK>だろうけど…",
			"でも<CMD>008027000380</CMD>ヴィッキー<CMD>008027000180</CMD>と{同|おな}じコーデだと<BREAK><CMD>008027000480</CMD>ベリーズ<CMD>008027000180</CMD>に{読者|どくしゃ}モデルとして<BREAK>のれない<CMD>ff8127000280</CMD>",
			"<CMD>028227000080</CMD>は　べつの{服|ふく}をさがして<BREAK>スーパーコーデに<BREAK>ちょうせんするつもり<CMD>ff8127000080</CMD>",
			"\f"
		]
	},
	{
		"Index": 14,
		"JPN": [
			"<CMD>18802700729b27000180</CMD><CMD>17802700729b2700ad802700068027000280</CMD><CMD>16802700729b27005581</CMD>{来週|らいしゅう}のテーマは<BREAK>チュニックでお{出|で}かけって<BREAK>カンジみたい<CMD>ff8127000080</CMD>",
			"たしかに{春|はる}には<BREAK>{軽|かろ}やかなカンジのチュニックが<BREAK>ピッタリだと{思|おも}う<CMD>ff8127000280</CMD>",
			"たとえば…<BREAK><CMD>008027000480</CMD>チェックチュニック<CMD>008027000180</CMD>なんかは<BREAK><CMD>028227000080</CMD>ににあいそう<CMD>ff8127000080</CMD>",
			"{他|ほか}のチュニックもいろいろ{見|み}て<BREAK>{一番|いちばん}いいチュニックを<BREAK>コーデに{入|い}れようと{思|おも}う<CMD>ff8127000280</CMD>",
			"\f"
		]
	},
	{
		"Index": 15,
		"JPN": [
			"<CMD>18802700729b27000180</CMD><CMD>17802700729b2700ad802700068027000280</CMD><CMD>16802700729b27005581</CMD>{来週|らいしゅう}のテーマは<CMD>008027000480</CMD>せい{服|ふく}<CMD>008027000180</CMD>！<BREAK>とうぜんポイントは<BREAK><CMD>008027000480</CMD>せい{服|ふく}<CMD>008027000180</CMD>っぽいかどうか<CMD>ff8127000080</CMD>",
			"{学生服|がくせいふく}だけじゃなく<BREAK>お{仕事|しごと}で{使|つか}う{服|ふく}なんかでも<BREAK>おもしろいかもしれない<CMD>ff8127000280</CMD>",
			"どんなふうに<BREAK><CMD>008027000480</CMD>せい{服|ふく}<CMD>008027000180</CMD>を{着|き}こなすか…<BREAK>{今|いま}から{楽|たの}しみ<CMD>ff8127000080</CMD>",
			"\f"
		]
	},
	{
		"Index": 16,
		"JPN": [
			"<CMD>18802700729b27000180</CMD><CMD>17802700729b2700ad802700068027000280</CMD><CMD>16802700729b27005581</CMD>かわいい<CMD>008027000480</CMD>ピンク<CMD>008027000180</CMD>カラーが<BREAK>{次|つぎ}のコーデのテーマに<BREAK>なるみたい<CMD>ff8127000080</CMD>",
			"<CMD>008027000480</CMD>チェックワンピピンク<CMD>008027000180</CMD>を{着|き}てた<BREAK>{今回|こんかい}の<CMD>008027000380</CMD>ヴィッキー<CMD>008027000180</CMD>は<BREAK>さすがのかわいさだった<CMD>ff8127000280</CMD>",
			"でも<CMD>028227000080</CMD>だって<BREAK>とびきりかわいいコーデを{作|つく}って<BREAK>{次|つぎ}の<CMD>008027000480</CMD>ベリーズ<CMD>008027000180</CMD>にのりたい<CMD>ff8127000280</CMD>",
			"<CMD>18802700729b27000080</CMD><CMD>17802700729b2700b28027000a8027000180</CMD><CMD>16802700729b27006981</CMD><CMD>008027000380</CMD>ヴィッキー<CMD>008027000180</CMD>とは<BREAK>ちがう{服|ふく}でコーデを{作|つく}って<BREAK>アピールすればいい<CMD>ff8127000380</CMD>？",
			"\f"
		]
	},
	{
		"Index": 17,
		"JPN": [
			"<CMD>18802700729b27000180</CMD><CMD>17802700729b2700ad802700068027000280</CMD><CMD>16802700729b27005581</CMD>{来週|らいしゅう}は<BREAK><CMD>008027000480</CMD>ピンク<CMD>008027000180</CMD>と<CMD>008027000480</CMD>{緑色|みどりいろ}<CMD>008027000180</CMD>の{組|く}み{合|あ}わせが<BREAK>テーマになるみたい<CMD>ff8127000080</CMD>",
			"ピンクの{服|ふく}っていうと…<BREAK><CMD>028227000080</CMD>の{一番|いちばん}のおすすめは<BREAK><CMD>008027000480</CMD>サロペットミニピンク<CMD>008027000180</CMD><CMD>ff8127000080</CMD>",
			"でももしかしたら<BREAK>{他|ほか}にもっといい<CMD>008027000480</CMD>ピンク<CMD>008027000180</CMD>の{服|ふく}が<BREAK>あるかもしれない<CMD>ff8127000280</CMD>",
			"<CMD>008027000480</CMD>{緑|みどり}<CMD>008027000180</CMD>の{服|ふく}もさがさなきゃだし<BREAK>いろいろなお{店|みせ}を{見|み}て{回|まわ}る<BREAK>ひつようがありそう<CMD>ff8127000080</CMD>",
			"\f"
		]
	},
	{
		"Index": 18,
		"JPN": [
			"<CMD>18802700729b27000180</CMD><CMD>17802700729b2700ad802700068027000280</CMD><CMD>16802700729b27005581</CMD>{来週|らいしゅう}は　{姉|あね}けいコーデを<BREAK>とくしゅうするみたい<CMD>ff8127000080</CMD>",
			"{姉|あね}けいコーデのポイントは<BREAK><CMD>008027000480</CMD>キュート<CMD>008027000180</CMD>でありながら<BREAK>エレガントでもあるところ<CMD>ff8127000080</CMD>",
			"<CMD>008027000880</CMD>２つ<CMD>008027000180</CMD>のスタイルを<BREAK>{両立|りょうりつ}させなきゃだから<BREAK>ちょうせんしがいがある<CMD>ff8127000280</CMD>",
			"\f"
		]
	},
	{
		"Index": 19,
		"JPN": [
			"<CMD>18802700729b27000180</CMD><CMD>17802700729b2700ad802700068027000280</CMD><CMD>16802700729b27005581</CMD>デニムの{服|ふく}で<BREAK>{美|うつく}しさをチャージ！<BREAK>というのが{次|つぎ}のテーマ<CMD>ff8127000080</CMD>",
			"<CMD>008027000480</CMD>ベリーズ<CMD>008027000180</CMD>では<CMD>008027000380</CMD>ヴィッキー<CMD>008027000180</CMD>が<BREAK><CMD>008027000480</CMD>デニムワンピくろ<CMD>008027000180</CMD>で<BREAK>ばっちりキメてた<CMD>ff8127000280</CMD>",
			"あの<CMD>008027000380</CMD>ヴィッキー<CMD>008027000180</CMD>にコーデで<BREAK>{勝|か}つには　<CMD>008027000480</CMD>デニムワンピくろ<CMD>008027000180</CMD>は<BREAK>さけたほうがよさそう<CMD>ff8127000080</CMD>",
			"<CMD>008027000380</CMD>ヴィッキー<CMD>008027000180</CMD>に{負|ま}けないように<BREAK>もっとステキなデニムを<BREAK><CMD>028227000080</CMD>はさがすつもり<CMD>ff8127000080</CMD>",
			"\f"
		]
	},
	{
		"Index": 20,
		"JPN": [
			"<CMD>18802700729b27000180</CMD><CMD>17802700729b2700ad802700068027000280</CMD><CMD>16802700729b27005581</CMD>{次|つぎ}のテーマはこあくま<BREAK>かわいさとキケンさがそなわった<BREAK>みわくのコーデ<CMD>ff8127000080</CMD>",
			"こういうテーマだと…<BREAK><CMD>008027000480</CMD>ヴィジュアルワンピ<CMD>008027000180</CMD>なんかが<BREAK>いいかもしれない<CMD>ff8127000280</CMD>",
			"でも　{他|ほか}の{服|ふく}を<BREAK>いろいろチェックしてみるのも<BREAK>なかなかおもしろそう<CMD>ff8127000080</CMD>",
			"\f"
		]
	},
	{
		"Index": 21,
		"JPN": [
			"<CMD>18802700729b27000180</CMD><CMD>17802700729b2700ad802700068027000280</CMD><CMD>16802700729b27005581</CMD>カラフル<CMD>008027000480</CMD>ポップ<CMD>008027000180</CMD>なコーデが<BREAK>{次|つぎ}のテーマになるみたい<CMD>ff8127000080</CMD>",
			"ということは…<CMD>008027000480</CMD>ポップ<CMD>008027000180</CMD>なカンジが<BREAK>コーデ{作|つく}りのポイントに<BREAK>なるはず<CMD>ff8127000080</CMD>",
			"ということで<BREAK>しばらく<CMD>008027000480</CMD>ポップ<CMD>008027000180</CMD>な{服|ふく}から<BREAK>{目|め}がはなせない<CMD>ff8127000280</CMD>",
			"\f"
		]
	},
	{
		"Index": 22,
		"JPN": [
			"<CMD>18802700729b27000180</CMD><CMD>17802700729b2700ad802700068027000280</CMD><CMD>16802700729b27005581</CMD><CMD>008027000480</CMD>ベリーズ<CMD>008027000180</CMD>で<BREAK><CMD>008027000380</CMD>ヴィッキー<CMD>008027000180</CMD>が{着|き}ていた<BREAK><CMD>008027000480</CMD>けいこうジャケット<CMD>008027000180</CMD>…",
			"{次|つぎ}のテーマの<BREAK><CMD>008027000480</CMD>クールビューティースタイル<CMD>008027000180</CMD>に<BREAK>ピッタリだった<CMD>ff8127000280</CMD>",
			"<CMD>18802700729b27000080</CMD><CMD>17802700729b2700b28027000a8027000180</CMD><CMD>16802700729b27006981</CMD>でも　{同|おな}じ{服|ふく}をえらんだら<BREAK><CMD>008027000480</CMD>ベリーズ<CMD>008027000180</CMD>の{読者|どくしゃ}モデルには<BREAK>なれないはず<CMD>ff8127000180</CMD>？",
			"だから　<CMD>008027000480</CMD>けいこうジャケット<CMD>008027000180</CMD>より<BREAK>もっとステキな{服|ふく}を<BREAK>{見|み}つけてみせる<CMD>ff8127000280</CMD>",
			"\f"
		]
	},
	{
		"Index": 23,
		"JPN": [
			"<CMD>18802700729b27000180</CMD><CMD>17802700729b2700ad802700068027000280</CMD><CMD>16802700729b27005581</CMD>どうやら{次|つぎ}は<BREAK>リボンのコーデが<BREAK>テーマになるみたい<CMD>ff8127000080</CMD>",
			"<CMD>18802700729b27000080</CMD><CMD>17802700729b2700b28027000a8027000180</CMD><CMD>16802700729b27006981</CMD><CMD>028227000080</CMD>ににあうとしたら…<BREAK><CMD>008027000480</CMD>パステルリボンワンピ<CMD>008027000180</CMD>なんて<BREAK>いいカンジ<CMD>ff8127000180</CMD>？",
			"ただ　{他|ほか}にもいいリボンの{服|ふく}が<BREAK>あるかもしれないから<BREAK>いろいろさがすのもアリ<CMD>ff8127000080</CMD>",
			"ステキなコーデを{作|つく}って<BREAK>{来週|らいしゅう}の<CMD>008027000480</CMD>ベリーズ<CMD>008027000180</CMD>に{読者|どくしゃ}<BREAK>モデルとしてのってみせる<CMD>ff8127000280</CMD>",
			"\f"
		]
	},
	{
		"Index": 24,
		"JPN": [
			"<CMD>18802700729b27000180</CMD><CMD>17802700729b2700ad802700068027000280</CMD><CMD>16802700729b27005581</CMD>さいきょうにかっこいいコーデが<BREAK>{次|つぎ}のテーマになった<CMD>ff8127000280</CMD>",
			"かっこいいというと<BREAK><CMD>008027000480</CMD>クール<CMD>008027000180</CMD>　<CMD>008027000480</CMD>スポーティ<CMD>008027000180</CMD>　<CMD>008027000480</CMD>ロック<CMD>008027000180</CMD><BREAK>あたりのスタイルがそう<CMD>ff8127000080</CMD>",
			"そのスタイルの{内|うち}　<CMD>008027000880</CMD>２つ<CMD>008027000180</CMD>を<BREAK>コーデの{中|なか}に{入|い}れると<BREAK>かなりきまると{思|おも}う<CMD>ff8127000280</CMD>",
			"\f"
		]
	},
	{
		"Index": 25,
		"JPN": [
			"<CMD>18802700729b27000180</CMD><CMD>17802700729b2700ad802700068027000280</CMD><CMD>16802700729b27005581</CMD>よこくページの<BREAK><CMD>008027000380</CMD>ヴィッキー<CMD>008027000180</CMD>の{色|いろ}っぽさには<BREAK>{思|おも}わず　{引|ひ}きこまれた<CMD>ff8127000280</CMD>",
			"<CMD>18802700729b27000080</CMD><CMD>17802700729b2700b28027000a8027000180</CMD><CMD>16802700729b27006981</CMD>あのコーデ　たしか{上着|うわぎ}は<BREAK><CMD>008027000480</CMD>オトナキャミシアン<CMD>008027000180</CMD><BREAK>だった<CMD>ff8127000380</CMD>？",
			"マネしてみたいくらいステキだけど<BREAK>それだと<CMD>008027000480</CMD>ベリーズ<CMD>008027000180</CMD>の{読者|どくしゃ}<BREAK>モデルになれない<CMD>ff8127000280</CMD>",
			"<CMD>008027000480</CMD>ベリーズ<CMD>008027000180</CMD>のモデルになりたいなら<BREAK>べつの{服|ふく}でコーデを<BREAK>{作|つく}らないとダメ<CMD>ff8127000080</CMD>",
			"\f"
		]
	},
	{
		"Index": 26,
		"JPN": [
			"<CMD>18802700729b27000180</CMD><CMD>17802700729b2700ad802700068027000280</CMD><CMD>16802700729b27005581</CMD><CMD>028227000080</CMD>も{今|いま}の{内|うち}から<BREAK>{次|つぎ}のテーマについて<BREAK>{考|かんが}えておかなきゃ<CMD>ff8127000080</CMD>",
			"テーマは<CMD>008027000480</CMD>ナチュラル<CMD>008027000180</CMD>コーデだから…<BREAK><CMD>008027000480</CMD>あおアロハシャツ<CMD>008027000180</CMD>なんかは<BREAK>{合|あ}ってる{気|き}がする<CMD>ff8127000280</CMD>",
			"{他|ほか}にも<CMD>008027000480</CMD>ナチュラル<CMD>008027000180</CMD>な{服|ふく}はあるし<BREAK>いろいろお{店|みせ}を<BREAK>{見|み}て{回|まわ}るのもよさそう<CMD>ff8127000080</CMD>",
			"\f"
		]
	},
	{
		"Index": 27,
		"JPN": [
			"<CMD>18802700729b27000180</CMD><CMD>17802700729b2700ad802700068027000280</CMD><CMD>16802700729b27005581</CMD>{来週|らいしゅう}のテーマでは<BREAK>サマーシャツをかわいく{着|き}るのが<BREAK>ポイントになるみたい<CMD>ff8127000080</CMD>",
			"サマーシャツがテーマなのだから<BREAK>コーデにシャツを<BREAK>{入|い}れわすれてはダメ<CMD>ff8127000080</CMD>",
			"<CMD>18802700729b27000080</CMD><CMD>17802700729b2700b28027000a8027000180</CMD><CMD>16802700729b27006981</CMD>あとは　かわいさを{出|だ}すために<BREAK><CMD>008027000480</CMD>キュート<CMD>008027000180</CMD>　<CMD>008027000480</CMD>ポップ<CMD>008027000180</CMD>　<CMD>008027000480</CMD>ナチュラル<CMD>008027000180</CMD>の<BREAK>どれかを{入|い}れればいい<CMD>ff8127000380</CMD>？",
			"\f"
		]
	},
	{
		"Index": 28,
		"JPN": [
			"<CMD>18802700729b27000080</CMD><CMD>17802700729b2700b28027000a8027000180</CMD><CMD>16802700729b27006981</CMD><CMD>008027000480</CMD>ベリーズ<CMD>008027000180</CMD>で<BREAK><CMD>008027000380</CMD>ヴィッキー<CMD>008027000180</CMD>が{着|き}ていたのは<BREAK><CMD>008027000480</CMD>くろシンプルブルゾン<CMD>008027000180</CMD><CMD>ff8127000180</CMD>？",
			"すごくシンプルなコーデなのに<BREAK>{勝|か}ち{組|ぐみ}ってカンジがするのは<BREAK><CMD>008027000380</CMD>ヴィッキー<CMD>008027000180</CMD>ならでは<CMD>ff8127000080</CMD>",
			"でも<CMD>028227000080</CMD>だって<BREAK><CMD>008027000480</CMD>クール<CMD>008027000180</CMD>にキメたコーデで<BREAK><CMD>008027000480</CMD>ベリーズ<CMD>008027000180</CMD>にのりたい<CMD>ff8127000280</CMD>",
			"<CMD>008027000380</CMD>ヴィッキー<CMD>008027000180</CMD>とはちがう{服|ふく}で<BREAK>もっと<CMD>008027000480</CMD>クール<CMD>008027000180</CMD>な{勝|か}ち{組|ぐみ}コーデを<BREAK>{作|つく}るつもり<CMD>ff8127000080</CMD>",
			"\f"
		]
	},
	{
		"Index": 29,
		"JPN": [
			"<CMD>18802700729b27000180</CMD><CMD>17802700729b2700ad802700068027000280</CMD><CMD>16802700729b27005581</CMD>この{夏|なつ}はやっぱり<BREAK>モテカワコーデでキマリ<CMD>ff8127000080</CMD>",
			"<CMD>028227000080</CMD>もモテカワを{目指|めざ}して<BREAK>まず　<CMD>008027000480</CMD>おとめなしろシャツ<CMD>008027000180</CMD>を<BREAK>コーデに{入|い}れようと{思|おも}う<CMD>ff8127000280</CMD>",
			"<CMD>18802700729b27000080</CMD><CMD>17802700729b2700b28027000a8027000180</CMD><CMD>16802700729b27006981</CMD>ねえ<CMD>f481</CMD>なら<BREAK>どんな{服|ふく}を{入|い}れて<BREAK>モテカワにする<CMD>ff8127000380</CMD>？",
			"\f"
		]
	},
	{
		"Index": 30,
		"JPN": [
			"<CMD>18802700729b27000180</CMD><CMD>17802700729b2700ad802700068027000280</CMD><CMD>16802700729b27005581</CMD>どうやらボーダースタイルで<BREAK>{着|き}こなしのなやみをかいけつする<BREAK>というテーマみたい<CMD>ff8127000080</CMD>",
			"ボーダースタイルということは<BREAK>とうぜんコーデ{作|つく}りのポイントは<BREAK>ボーダーがらの{服|ふく}になる<CMD>ff8127000280</CMD>",
			"いろんなボーダーの{服|ふく}を<BREAK>{今|いま}の{内|うち}からチェックしておくと<BREAK>みんなをリードできそう<CMD>ff8127000080</CMD>",
			"\f"
		]
	},
	{
		"Index": 31,
		"JPN": [
			"<CMD>18802700729b27000180</CMD><CMD>17802700729b2700ad802700068027000280</CMD><CMD>16802700729b27005581</CMD><CMD>008027000480</CMD>ベリーズ<CMD>008027000180</CMD>の<CMD>008027000380</CMD>ヴィッキー<CMD>008027000180</CMD>は<BREAK>すずしげコーデっていうテーマに<BREAK>ピッタリの{着|き}こなしだった<CMD>ff8127000280</CMD>",
			"とくに　<CMD>008027000480</CMD>あおみずたまシャツ<CMD>008027000180</CMD>！<BREAK>パステルなカンジの<CMD>008027000480</CMD>{水色|みずいろ}<CMD>008027000180</CMD>が<BREAK>すごくすずしげだった<CMD>ff8127000280</CMD>",
			"でも　{同|おな}じ{服|ふく}を{着|き}ていたら<BREAK><CMD>008027000480</CMD>ベリーズ<CMD>008027000180</CMD>の{読者|どくしゃ}モデルには<BREAK>えらばれないって{話|はなし}<CMD>ff8127000080</CMD>",
			"{来週|らいしゅう}のモデルを{目指|めざ}すなら<BREAK><CMD>008027000480</CMD>あおみずたまシャツ<CMD>008027000180</CMD>は<BREAK>{使|つか}っちゃダメ<CMD>ff8127000080</CMD>",
			"\f"
		]
	},
	{
		"Index": 32,
		"JPN": [
			"<CMD>18802700729b27000080</CMD><CMD>17802700729b2700b28027000a8027000180</CMD><CMD>16802700729b27006981</CMD>{次|つぎ}のテーマは{和風|わふう}コーデ<BREAK>ちょっとオリエンタルなカンジに<BREAK>なる<CMD>ff8127000380</CMD>？",
			"<CMD>028227000080</CMD>だったら　そう…<BREAK><CMD>008027000480</CMD>ちゃやむすめのうえ<CMD>008027000180</CMD>を<BREAK>コーデに{入|い}れてみるかも<CMD>ff8127000080</CMD>",
			"でも　{他|ほか}にもっといい<BREAK><CMD>008027000480</CMD>{和風|わふう}<CMD>008027000180</CMD>の{服|ふく}があったら<BREAK>そっちを{入|い}れたいし…",
			"よりステキなコーデを{作|つく}るために<BREAK>いろいろお{店|みせ}を{見|み}て{回|まわ}るのも<BREAK>いいかもしれない<CMD>ff8127000280</CMD>",
			"\f"
		]
	},
	{
		"Index": 33,
		"JPN": [
			"<CMD>18802700729b27000180</CMD><CMD>17802700729b2700ad802700068027000280</CMD><CMD>16802700729b27005581</CMD>かっこいいサマースタイルが<BREAK>{次|つぎ}の<CMD>008027000480</CMD>ベリーズ<CMD>008027000180</CMD>のテーマに<BREAK>なるみたい<CMD>ff8127000080</CMD>",
			"<CMD>008027000480</CMD>クール<CMD>008027000180</CMD>　<CMD>008027000480</CMD>スポーティ<CMD>008027000180</CMD>　<CMD>008027000480</CMD>ロック<CMD>008027000180</CMD>のうち<BREAK><CMD>008027000880</CMD>２つ<CMD>008027000180</CMD>を{取|と}り{入|い}れれば<BREAK>かなりかっこよくなるはず<CMD>ff8127000080</CMD>",
			"かっこいいコーデで<BREAK>この{夏|なつ}を<BREAK>もっとアツくしちゃう<CMD>ff8127000280</CMD>",
			"\f"
		]
	},
	{
		"Index": 34,
		"JPN": [
			"<CMD>18802700729b27000180</CMD><CMD>17802700729b2700ad802700068027000280</CMD><CMD>16802700729b27005581</CMD><CMD>008027000480</CMD>ベリーズ<CMD>008027000180</CMD>の<CMD>008027000380</CMD>ヴィッキー<CMD>008027000180</CMD>は<BREAK>{本当|ホント}に　フリルでルンルン！<BREAK>なカンジだった<CMD>ff8127000280</CMD>",
			"あの　<CMD>008027000480</CMD>フリルキュートシャツ<CMD>008027000180</CMD><BREAK><CMD>028227000080</CMD>も{見|み}ているだけで<BREAK>{心|こころ}がはずんじゃった<CMD>ff8127000280</CMD>",
			"ざんねんだけど<BREAK><CMD>028227000080</CMD>が{同|おな}じ{服|ふく}を{着|き}ても<BREAK>あんなふうにはなれない<CMD>ff8127000280</CMD>",
			"べつの{服|ふく}をいろいろさがして<BREAK><CMD>008027000380</CMD>ヴィッキー<CMD>008027000180</CMD>にも{負|ま}けないコーデを<BREAK>{作|つく}るつもり<CMD>ff8127000080</CMD>",
			"\f"
		]
	},
	{
		"Index": 35,
		"JPN": [
			"<CMD>18802700729b27000180</CMD><CMD>17802700729b2700ad802700068027000280</CMD><CMD>16802700729b27005581</CMD>{来週|らいしゅう}はどうやら<BREAK>ゲキアツな<CMD>008027000480</CMD>ロック<CMD>008027000180</CMD>コーデが<BREAK>{取|と}り{上|あ}げられるらしい<CMD>ff8127000280</CMD>",
			"ゲキアツな<CMD>008027000480</CMD>ロック<CMD>008027000180</CMD>なら…<BREAK><CMD>008027000480</CMD>ミックスロックパーカ<CMD>008027000180</CMD>なんかは<BREAK>ピッタリなはず<CMD>ff8127000080</CMD>",
			"{他|ほか}にも<CMD>f481</CMD>の<BREAK>おすすすめがあったら<BREAK>{教|おし}えて<CMD>ff8127000480</CMD>",
			"\f"
		]
	},
	{
		"Index": 36,
		"JPN": [
			"<CMD>18802700729b27000180</CMD><CMD>17802700729b2700ad802700068027000280</CMD><CMD>16802700729b27005581</CMD>{次|つぎ}はスタイリッシュさを<BREAK>てっていてきに<BREAK>ついきゅうするみたい<CMD>ff8127000080</CMD>",
			"スタイリッシュさをもとめるなら<BREAK>やっぱりかっこよくキメないと<BREAK>ダメだと{思|おも}う<CMD>ff8127000280</CMD>",
			"<CMD>008027000480</CMD>クール<CMD>008027000180</CMD>　<CMD>008027000480</CMD>スポーティ<CMD>008027000180</CMD>　そして<CMD>008027000480</CMD>ロック<CMD>008027000180</CMD><BREAK>このあたりのスタイルを<CMD>008027000880</CMD>２つ<CMD>008027000180</CMD>は<BREAK>{取|と}り{入|い}れたいところ<CMD>ff8127000080</CMD>",
			"\f"
		]
	},
	{
		"Index": 37,
		"JPN": [
			"<CMD>18802700729b27000180</CMD><CMD>17802700729b2700ad802700068027000280</CMD><CMD>16802700729b27005581</CMD><CMD>008027000480</CMD>ベリーズ<CMD>008027000180</CMD>では　<CMD>008027000380</CMD>ヴィッキー<CMD>008027000180</CMD>に<BREAK>カリスマモデルの{実力|じつりょく}を<BREAK>{見|み}せつけられたカンジ<CMD>ff8127000080</CMD>",
			"とくに　<CMD>008027000480</CMD>ピンクグラデシャツ<CMD>008027000180</CMD>！<BREAK>まさにワンランク{上|うえ}の<BREAK><CMD>008027000480</CMD>キュート<CMD>008027000180</CMD>なコーデだった<CMD>ff8127000280</CMD>",
			"でも<CMD>028227000080</CMD>は<CMD>028227000080</CMD>なりに<BREAK>ランクを{上|あ}げた<CMD>008027000480</CMD>キュート<CMD>008027000180</CMD>コーデを<BREAK>{作|つく}るつもり<CMD>ff8127000080</CMD>",
			"<CMD>008027000380</CMD>ヴィッキー<CMD>008027000180</CMD>とはちがう<BREAK>オリジナルのコーデで<BREAK>{読者|どくしゃ}モデルを{目指|めざ}す<CMD>ff8127000280</CMD>！",
			"\f"
		]
	},
	{
		"Index": 38,
		"JPN": [
			"<CMD>18802700729b27000180</CMD><CMD>17802700729b2700ad802700068027000280</CMD><CMD>16802700729b27005581</CMD>{来週|らいしゅう}は<BREAK><CMD>008027000480</CMD>スポーティ<CMD>008027000180</CMD>かつかわいいっていう<BREAK>ちょっとむずかしいテーマ<CMD>ff8127000080</CMD>",
			"<CMD>18802700729b27000080</CMD><CMD>17802700729b2700b28027000a8027000180</CMD><CMD>16802700729b27006981</CMD><CMD>008027000480</CMD>スポーティ<CMD>008027000180</CMD>なカンジっていうと…<BREAK>たとえば　<CMD>008027000480</CMD>スポーツジャージ<CMD>008027000180</CMD>とかが<BREAK>いい<CMD>ff8127000380</CMD>？",
			"でも　それにくわえて<BREAK>かわいいカンジも{足|た}さなきゃ<BREAK>ダメみたい<CMD>ff8127000080</CMD>",
			"ちょうせんしがいのあるテーマで<BREAK>もえてきた<CMD>ff8127000280</CMD>",
			"\f"
		]
	},
	{
		"Index": 39,
		"JPN": [
			"<CMD>18802700729b27000180</CMD><CMD>17802700729b2700ad802700068027000280</CMD><CMD>16802700729b27005581</CMD>どうやら{次|つぎ}の<CMD>008027000480</CMD>ベリーズ<CMD>008027000180</CMD>では<BREAK>オレンジブラウンのコーデが<BREAK>とくしゅうされるらしい<CMD>ff8127000280</CMD>",
			"とうぜん　<CMD>008027000480</CMD>オレンジ<CMD>008027000180</CMD>と<CMD>008027000480</CMD>{茶色|ちゃいろ}<CMD>008027000180</CMD>を<BREAK>コーデに{両方入|りょうほうい}れることが<BREAK>じゅうようになる<CMD>ff8127000280</CMD>",
			"この<CMD>008027000880</CMD>２つ<CMD>008027000180</CMD>の{色|いろ}を<BREAK>どうやって{組|く}み{合|あ}わせるのか…<BREAK>それがセンスの{見|み}せどころ<CMD>ff8127000080</CMD>",
			"\f"
		]
	},
	{
		"Index": 40,
		"JPN": [
			"<CMD>18802700729b27000080</CMD><CMD>17802700729b2700b28027000a8027000180</CMD><CMD>16802700729b27006981</CMD><CMD>008027000480</CMD>ベリーズ<CMD>008027000180</CMD>で<BREAK><CMD>008027000380</CMD>ヴィッキー<CMD>008027000180</CMD>が{着|き}ていたのは<BREAK><CMD>008027000480</CMD>ピースマークオレンジ<CMD>008027000180</CMD><CMD>ff8127000180</CMD>？",
			"スタンダードなはずの{服|ふく}なのに<BREAK><CMD>008027000380</CMD>ヴィッキー<CMD>008027000180</CMD>が{着|き}ると<BREAK>すごくオシャレだった<CMD>ff8127000280</CMD>",
			"{同|おな}じ{服|ふく}を{着|き}ても<BREAK><CMD>028227000080</CMD>では<CMD>008027000380</CMD>ヴィッキー<CMD>008027000180</CMD>ほど<BREAK>うまく{着|き}こなせない<CMD>ff8127000280</CMD>",
			"もっとステキな{服|ふく}をさがして<BREAK>{自分|じぶん}なりのスタンダードコーデを<BREAK>{作|つく}ってみるつもり<CMD>ff8127000080</CMD>",
			"\f"
		]
	},
	{
		"Index": 41,
		"JPN": [
			"<CMD>18802700729b27000080</CMD><CMD>17802700729b2700b28027000a8027000180</CMD><CMD>16802700729b27006981</CMD>もしかして{次|つぎ}のテーマは…<BREAK>ふつうのエレガントではなくて<BREAK>スーパーなエレガント<CMD>ff8127000180</CMD>？",
			"ということは<BREAK>なみたいていの{服|ふく}では<BREAK>テーマに{合|あ}わない<CMD>ff8127000280</CMD>",
			"たとえば　<CMD>008027000480</CMD>キラキラアイドル<CMD>008027000180</CMD>の{服|ふく}<BREAK>くらい　エレガントなカンジが<BREAK>ひつようになる<CMD>ff8127000280</CMD>",
			"コーデ{作|つく}りはむずかしいけど<BREAK>やりがいのあるテーマ<CMD>ff8127000080</CMD>",
			"\f"
		]
	},
	{
		"Index": 42,
		"JPN": [
			"<CMD>18802700729b27000180</CMD><CMD>17802700729b2700ad802700068027000280</CMD><CMD>16802700729b27005581</CMD>{次|つぎ}のテーマは<BREAK>こうようのきせつにぴったりな<BREAK><CMD>008027000480</CMD>{赤色|あかいろ}<CMD>008027000180</CMD>コーデ<CMD>ff8127000080</CMD>",
			"このテーマなら<BREAK>とうぜん<CMD>008027000480</CMD>{赤|あか}<CMD>008027000180</CMD>い{色|いろ}が<BREAK>コーデのポイントになる<CMD>ff8127000280</CMD>",
			"いろいろな{店|みせ}を{回|まわ}って<BREAK>ステキな<CMD>008027000480</CMD>{赤|あか}<CMD>008027000180</CMD>い{色|いろ}の{服|ふく}を<BREAK>{見|み}つけることにする<CMD>ff8127000280</CMD>",
			"\f"
		]
	},
	{
		"Index": 43,
		"JPN": [
			"<CMD>18802700729b27000180</CMD><CMD>17802700729b2700ad802700068027000280</CMD><CMD>16802700729b27005581</CMD>{来週|らいしゅう}はハロウィンがテーマ<BREAK><CMD>008027000380</CMD>ヴィッキー<CMD>008027000180</CMD>もふしぎなカンジの<BREAK>コーデを{着|き}ていた<CMD>ff8127000280</CMD>",
			"<CMD>18802700729b27000080</CMD><CMD>17802700729b2700b28027000a8027000180</CMD><CMD>16802700729b27006981</CMD>いかにもハロウィンってカンジの<BREAK>あの{服|ふく}は…<BREAK><CMD>008027000480</CMD>おかしのシャツのうえ<CMD>008027000180</CMD><CMD>ff8127000180</CMD>？",
			"ふしぎでオシャレな{服|ふく}だけど…<BREAK>マネしても　{読者|どくしゃ}モデルには<BREAK>えらばれない<CMD>ff8127000280</CMD>",
			"<CMD>008027000480</CMD>ベリーズ<CMD>008027000180</CMD>にのりたいし<BREAK><CMD>028227000080</CMD>はべつの{服|ふく}で<BREAK>コーデを{作|つく}ることにする<CMD>ff8127000280</CMD>",
			"\f"
		]
	},
	{
		"Index": 44,
		"JPN": [
			"<CMD>18802700729b27000180</CMD><CMD>17802700729b2700ad802700068027000280</CMD><CMD>16802700729b27005581</CMD>{次|つぎ}のテーマは<BREAK>オトナの<CMD>008027000480</CMD>クールジャケット<CMD>008027000180</CMD>って<BREAK>ことらしい<CMD>ff8127000280</CMD>",
			"ただのジャケットじゃなくて<BREAK><CMD>008027000480</CMD>クール<CMD>008027000180</CMD>であることが<BREAK>じゅうよう<CMD>ff8127000080</CMD>",
			"<CMD>18802700729b27000080</CMD><CMD>17802700729b2700b28027000a8027000180</CMD><CMD>16802700729b27006981</CMD>たとえば…<BREAK><CMD>008027000480</CMD>あおダウンジャケット<CMD>008027000180</CMD>なんかは<BREAK>テーマにピッタリ<CMD>ff8127000180</CMD>？",
			"<CMD>028227000080</CMD>も<CMD>008027000480</CMD>クール<CMD>008027000180</CMD>にキメて<BREAK>オトナのみりょくってやつを<BREAK>アピールしてみる<CMD>ff8127000280</CMD>",
			"\f"
		]
	},
	{
		"Index": 45,
		"JPN": [
			"<CMD>18802700729b27000180</CMD><CMD>17802700729b2700ad802700068027000280</CMD><CMD>16802700729b27005581</CMD>{来週|らいしゅう}のテーマは<BREAK>ずばり　エレガントスタイル…",
			"とうぜん　エレガントなカンジが<BREAK>コーデ{作|つく}りのポイントに<BREAK>なるはず<CMD>ff8127000080</CMD>",
			"エレガントな{服|ふく}を<BREAK>どうやって{組|く}み{合|あ}わせるかが<BREAK>センスの{見|み}せどころ<CMD>ff8127000080</CMD>",
			"\f"
		]
	},
	{
		"Index": 46,
		"JPN": [
			"<CMD>18802700729b27000180</CMD><CMD>17802700729b2700ad802700068027000280</CMD><CMD>16802700729b27005581</CMD>{来週|らいしゅう}は<BREAK>スーパーかっこいいスタイルが<BREAK>テーマみたいだけど…",
			"<CMD>008027000480</CMD>ベリーズ<CMD>008027000180</CMD>の<CMD>008027000380</CMD>ヴィッキー<CMD>008027000180</CMD>は<BREAK>まさしくスーパーに<BREAK>かっこよかった<CMD>ff8127000280</CMD>",
			"あそこまでかっこよく<BREAK><CMD>008027000480</CMD>ナポレオンベスト<CMD>008027000180</CMD>をキメられると<BREAK>もうマネできないカンジ<CMD>ff8127000080</CMD>",
			"スーパーかっこいいスタイルに<BREAK><CMD>028227000080</CMD>がちょうせんするにしても<BREAK>べつの{服|ふく}をさがさなきゃ<CMD>ff8127000080</CMD>",
			"\f"
		]
	},
	{
		"Index": 47,
		"JPN": [
			"<CMD>18802700729b27000180</CMD><CMD>17802700729b2700ad802700068027000280</CMD><CMD>16802700729b27005581</CMD>{来週|らいしゅう}のテーマは<BREAK>ジャケットで<BREAK><CMD>008027000480</CMD>クール<CMD>008027000180</CMD>にキメることみたい<CMD>ff8127000080</CMD>",
			"<CMD>028227000080</CMD>は　<CMD>008027000480</CMD>クレバージャケット<CMD>008027000180</CMD>で<BREAK>バッチリキメようと<BREAK>{思|おも}ってる<CMD>ff8127000280</CMD>",
			"でも　{他|ほか}にもっといい<BREAK><CMD>008027000480</CMD>クール<CMD>008027000180</CMD>なジャケットがあったら<BREAK>そっちをえらぶつもり<CMD>ff8127000080</CMD>",
			"もし<CMD>f481</CMD>が<BREAK><CMD>008027000480</CMD>クール<CMD>008027000180</CMD>なコーデを{思|おも}いついたら<BREAK>ぜひ{教|おし}えて<CMD>ff8127000480</CMD>",
			"\f"
		]
	},
	{
		"Index": 48,
		"JPN": [
			"<CMD>18802700729b27000180</CMD><CMD>17802700729b2700ad802700068027000280</CMD><CMD>16802700729b27005581</CMD>ブルーコーデの<CMD>008027000480</CMD>クールガール…<CMD>008027000180</CMD><BREAK>これが{次|つぎ}のテーマという<BREAK>ことになる<CMD>ff8127000280</CMD>",
			"ブルーコーデなのだから<BREAK>まず　<CMD>008027000480</CMD>{青|あお}<CMD>008027000180</CMD>い{色|いろ}を{使|つか}った{服|ふく}を<BREAK>コーデに{入|い}れなきゃダメ<CMD>ff8127000080</CMD>",
			"その{上|うえ}で　コーデのスタイルが<BREAK><CMD>008027000480</CMD>クール<CMD>008027000180</CMD>になるように<BREAK>{組|く}み{合|あ}わせればバッチリ<CMD>ff8127000080</CMD>",
			"\f"
		]
	},
	{
		"Index": 49,
		"JPN": [
			"<CMD>18802700729b27000180</CMD><CMD>17802700729b2700ad802700068027000280</CMD><CMD>16802700729b27005581</CMD>{次|つぎ}のテーマは<BREAK>さわやかな{色|いろ}を{使|つか}った<BREAK>すっきりスリムコーデ<CMD>ff8127000080</CMD>",
			"<CMD>008027000380</CMD>ヴィッキー<CMD>008027000180</CMD>の{着|き}ていた<BREAK>あの　<CMD>008027000480</CMD>リボンニットカーデ<CMD>008027000180</CMD>は<BREAK>ほんとうにさわやかだった<CMD>ff8127000280</CMD>",
			"でも　{読者|どくしゃ}モデルになるには<BREAK><CMD>008027000380</CMD>ヴィッキー<CMD>008027000180</CMD>のコーデのマネを<BREAK>していてはダメ<CMD>ff8127000080</CMD>",
			"<CMD>008027000380</CMD>ヴィッキー<CMD>008027000180</CMD>のコーデに{負|ま}けない<BREAK><CMD>028227000080</CMD>ならではのコーデで<BREAK>アピールするつもり<CMD>ff8127000080</CMD>",
			"\f"
		]
	},
	{
		"Index": 50,
		"JPN": [
			"<CMD>18802700729b27000180</CMD><CMD>17802700729b2700ad802700068027000280</CMD><CMD>16802700729b27005581</CMD><CMD>008027000480</CMD>ベリーズ<CMD>008027000180</CMD>によれば<BREAK>クリスマスの{勝負|しょうぶ}カラーは<BREAK><CMD>008027000480</CMD>{赤|あか}<CMD>008027000180</CMD>でキマリみたい<CMD>ff8127000080</CMD>",
			"ここは<CMD>028227000080</CMD>も　<CMD>008027000480</CMD>{赤|あか}<CMD>008027000180</CMD>い{服|ふく}で<BREAK>コーデをキメようと{思|おも}う<CMD>ff8127000280</CMD>",
			"<CMD>008027000480</CMD>{赤|あか}<CMD>008027000180</CMD>い{色|いろ}みたいに<BREAK>じょうねつてきなクリスマスを<BREAK>すごせたら…ステキ<CMD>ff8127000080</CMD>",
			"\f"
		]
	},
	{
		"Index": 51,
		"JPN": [
			"<CMD>18802700729b27000180</CMD><CMD>17802700729b2700ad802700068027000280</CMD><CMD>16802700729b27005581</CMD>{来週|らいしゅう}のテーマは<BREAK>パーティーシーズンにふかけつな<BREAK>フォーマルコーデ<CMD>ff8127000080</CMD>",
			"やっぱりパーティーに<BREAK>ふさわしいのは<BREAK>フォーマルな{服|ふく}<CMD>ff8127000080</CMD>",
			"フォーマルにもいろいろあるけれど<BREAK><CMD>008027000480</CMD>リクルートスーツ<CMD>008027000180</CMD>っていうのも<BREAK>アリだと{思|おも}う<CMD>ff8127000280</CMD>",
			"れいぎ{正|ただ}しいコーデを{作|つく}って<BREAK>パーティーでは{注目|ちゅうもく}のまとに<BREAK>なりたいところ<CMD>ff8127000080</CMD>",
			"\f"
		]
	},
	{
		"Index": 52,
		"JPN": [
			"<CMD>18802700729b27000180</CMD><CMD>17802700729b2700ad802700068027000280</CMD><CMD>16802700729b27005581</CMD>なんでも{次|つぎ}は<CMD>498227000180</CMD>が<BREAK>{注目|ちゅうもく}の{色|いろ}に<BREAK>なるらしい<CMD>ff8127000280</CMD>",
			"<CMD>028227000080</CMD>にもにあうだろうけど<BREAK><CMD>f481</CMD>ならもっと<BREAK><CMD>498227000180</CMD>がにあいそう<CMD>ff8127000080</CMD>",
			"これもいい　きかい<BREAK><CMD>498227000180</CMD>を{使|つか}ってコーデを<BREAK>{作|つく}ってみるといい<CMD>ff8127000280</CMD>",
			"\f"
		]
	},
	{
		"Index": 53,
		"JPN": [
			"<CMD>18802700729b27000180</CMD><CMD>17802700729b2700ad802700068027000280</CMD><CMD>16802700729b27005581</CMD>{来週|らいしゅう}のテーマは<BREAK><CMD>4a8227000180</CMD>なカンジに<BREAK>なるみたい<CMD>ff8127000080</CMD>",
			"<CMD>028227000080</CMD>が{見|み}たところ<BREAK><CMD>4a8227000180</CMD>なカンジは<BREAK><CMD>f481</CMD>にピッタリ<CMD>ff8127000080</CMD>",
			"<CMD>028227000080</CMD>　じしんをもって<BREAK><CMD>4a8227000180</CMD>なコーデを<BREAK>おすすめする<CMD>ff8127000280</CMD>",
			"\f"
		]
	},
	{
		"Index": 54,
		"JPN": [
			"<CMD>18802700729b27000180</CMD><CMD>17802700729b2700ad802700068027000280</CMD><CMD>16802700729b27005581</CMD><CMD>008027000480</CMD>ベリーズ<CMD>008027000180</CMD>はもう{見|み}た？<BREAK>{来週|らいしゅう}も　きょうみ{深|ぶか}い<BREAK>ないようみたい<CMD>ff8127000080</CMD>",
			"\f"
		]
	}
]