[
	{
		"Index": 0,
		"JPN": [
			"うゎ…",
			"{夜|よる}の{海|うみ}って<BREAK>{本当|ほんとう}にまっくろ<CMD>ff8127000080</CMD>！",
			"\f"
		]
	},
	{
		"Index": 1,
		"JPN": [
			"ふぅ…<BREAK>{夕|ゆう}やけはキレイだけど",
			"いつもなら<BREAK>ごはんの{時間|じかん}<CMD>ff8127000080</CMD>",
			"せっかく<CMD>f481</CMD>と<BREAK>いっしょなのに",
			"おなかが<BREAK>すいてきちゃった<CMD>ff8127000280</CMD>",
			"\f"
		]
	},
	{
		"Index": 2,
		"JPN": [
			"ふーーーーーーーーーっ<BREAK>はーーーーーーーぁ<BREAK>とってもいい{気持|きも}ち<CMD>ff8127000080</CMD>！",
			"<CMD>18802700729b27000180</CMD><CMD>17802700729b2700ad802700068027000280</CMD><CMD>16802700729b27005581</CMD>さてさて<BREAK>ピクニック　ピクニック！",
			"\f"
		]
	},
	{
		"Index": 3,
		"JPN": [
			"<CMD>f481</CMD>のお{店|みせ}<BREAK>いいフンイキ<CMD>ff8127000080</CMD>！",
			"なんだかドキドキ！<BREAK>ちょっとキンチョウ<BREAK>しちゃう<CMD>ff8127000280</CMD>",
			"<CMD>1880270078a027000180</CMD><CMD>1680270078a027004181</CMD>それで　{今日|きょう}は<BREAK>どんなメニューを<BREAK>ごちそうしてくれる<CMD>ff8127000380</CMD>？",
			"\f"
		]
	},
	{
		"Index": 6,
		"JPN": [
			"<CMD>028227000080</CMD>はねぇ<BREAK>はやおきして　おべんとうを<BREAK>{作|つく}っ…",
			"<CMD>18802700729b27000580</CMD><CMD>17802700729b2700aa8027000a8027000180</CMD><CMD>16802700729b27002d81</CMD>あっ　あれーっ！？<BREAK>わすれてきた…",
			"\f"
		]
	},
	{
		"Index": 7,
		"JPN": [
			"でも　{星|ほし}が{光|ひか}ってるから<BREAK>ちょうどいい<CMD>ff8127000280</CMD>",
			"<CMD>18802700729b27000180</CMD><CMD>17802700729b270001802700048027000180</CMD><CMD>16802700729b27004181</CMD>これいじょう{明|あか}るいと<BREAK>ちょっとハズカシイしね",
			"\f"
		]
	},
	{
		"Index": 10,
		"JPN": [
			"<CMD>18802700729b27000580</CMD><CMD>17802700729b2700af802700088027000180</CMD><CMD>16802700729b27005681</CMD>あっ？<BREAK>{今|いま}なんか　{音|おと}がした",
			"<CMD>18802700729b27000080</CMD><CMD>17802700729b2700b28027000a8027000180</CMD><CMD>16802700729b27006981</CMD>いったい{何|なん}の{音|おと}<CMD>ff8127000180</CMD>？",
			"<CMD>128027000180</CMD>",
			"\f"
		]
	},
	{
		"Index": 11,
		"JPN": [
			"<CMD>378027000180</CMD>",
			"{魚|さかな}だよ！<CMD>128027000180</CMD>",
			"{風|かぜ}だよ！<CMD>128027000280</CMD>",
			"{気|き}のせいだよ！<CMD>12802700ffff</CMD>",
			"\f"
		]
	},
	{
		"Index": 12,
		"JPN": [
			"<CMD>18802700729b27000180</CMD><CMD>17802700729b270001802700048027000180</CMD><CMD>16802700729b27004181</CMD>そっか　{魚|さかな}か…<BREAK><CMD>028227000080</CMD>たちが　{仲良|なかよ}しだから<BREAK>{飛|と}びはねて　{見|み}てた<CMD>ff8127000380</CMD>？",
			"\f"
		]
	},
	{
		"Index": 13,
		"JPN": [
			"<CMD>18802700729b27000180</CMD><CMD>17802700729b2700ad802700068027000280</CMD><CMD>16802700729b27005581</CMD>そっか　{風|かぜ}か…<BREAK>{気|き}にしすぎ<CMD>ff8127000180</CMD>？",
			"\f"
		]
	},
	{
		"Index": 14,
		"JPN": [
			"えーッ！？　ヒドイ！<BREAK><CMD>028227000080</CMD>がウソついた<BREAK>って{言|い}う<CMD>ff8127000380</CMD>？",
			"\f"
		]
	},
	{
		"Index": 15,
		"JPN": [
			"そっか　…<BREAK>{気|き}にしすぎ<CMD>ff8127000180</CMD>？",
			"{良|よ}く{考|かんが}えたら　<CMD>028227000080</CMD>の<BREAK>しんぞうが　バクバクしてるから<BREAK>その{音|おと}<CMD>ff8127000080</CMD>",
			"<CMD>18802700729b27000080</CMD><CMD>17802700729b2700b28027000a8027000180</CMD><CMD>16802700729b27006981</CMD>もしかして<BREAK>{聞|き}こえちゃってた<CMD>ff8127000380</CMD>？",
			"\f"
		]
	},
	{
		"Index": 20,
		"JPN": [
			"<CMD>18802700729b27000080</CMD><CMD>17802700729b2700b28027000a8027000180</CMD><CMD>16802700729b27006981</CMD><CMD>f481</CMD>は<BREAK>{今|いま}　どんなことを<BREAK>{考|かんが}えてた<CMD>ff8127000380</CMD>？",
			"<CMD>128027000180</CMD>",
			"\f"
		]
	},
	{
		"Index": 21,
		"JPN": [
			"<CMD>378027000180</CMD>",
			"そろそろごはんだ<CMD>128027000180</CMD>",
			"ロマンチックだ<CMD>128027000280</CMD>",
			"{明日|あした}は{晴|は}れ？<CMD>12802700ffff</CMD>",
			"\f"
		]
	},
	{
		"Index": 22,
		"JPN": [
			"<CMD>18802700729b27000180</CMD><CMD>17802700729b270001802700048027000180</CMD><CMD>16802700729b27004181</CMD>そうだよね！<BREAK>{生|い}きていくためには<BREAK>{食|た}べるのも{大切|たいせつ}<CMD>ff8127000080</CMD>",
			"<CMD>f481</CMD>も<BREAK>{同|おな}じことを{考|かんが}えてたなんて<BREAK>とってもうれしい<CMD>ff8127000280</CMD>！",
			"\f"
		]
	},
	{
		"Index": 23,
		"JPN": [
			"<CMD>18802700729b27000180</CMD><CMD>17802700729b2700ad802700068027000280</CMD><CMD>16802700729b27005581</CMD>でもロマンだけじゃ<BREAK>おなかは<BREAK>いっぱいにならない<CMD>ff8127000280</CMD>！",
			"\f"
		]
	},
	{
		"Index": 24,
		"JPN": [
			"ゲッ…<BREAK>{明日|あした}の{天気|てんき}より<BREAK>{今日|きょう}のゴハン<CMD>ff8127000080</CMD>",
			"\f"
		]
	},
	{
		"Index": 25,
		"JPN": [
			"そうだね…<BREAK>{明日|あした}は{晴|は}れそう<CMD>ff8127000080</CMD>",
			"<CMD>18802700729b27000180</CMD><CMD>17802700729b270001802700048027000180</CMD><CMD>16802700729b27004181</CMD>なんだかとっても<BREAK>うれしくなって<BREAK>きちゃった<CMD>ff8127000280</CMD>",
			"\f"
		]
	},
	{
		"Index": 30,
		"JPN": [
			"あーあ<BREAK>せっかくのピクニックが<BREAK>だいなし<CMD>ff8127000080</CMD>",
			"<CMD>18802700729b27000080</CMD><CMD>17802700729b2700b28027000a8027000180</CMD><CMD>16802700729b27006981</CMD><CMD>f481</CMD>　おなか<BREAK>すいたでしょ？　ゴメンネ",
			"<CMD>128027000180</CMD>",
			"\f"
		]
	},
	{
		"Index": 31,
		"JPN": [
			"<CMD>378027000180</CMD>",
			"{気|き}にするな<CMD>128027000180</CMD>",
			"しかたない<CMD>128027000280</CMD>",
			"ハハハハハ<CMD>12802700ffff</CMD>",
			"\f"
		]
	},
	{
		"Index": 32,
		"JPN": [
			"<CMD>18802700729b27000180</CMD><CMD>17802700729b270001802700048027000180</CMD><CMD>16802700729b27004181</CMD>ありがとう<CMD>ff8127000080</CMD>！<BREAK>そう{言|い}ってくれると<BREAK>{気|き}がまぎれる<CMD>ff8127000280</CMD>",
			"{今度来|く}るときは<BREAK>わすれないように<BREAK>する<CMD>ff8127000280</CMD>",
			"\f"
		]
	},
	{
		"Index": 33,
		"JPN": [
			"<CMD>18802700729b27000180</CMD><CMD>17802700729b2700ad802700068027000280</CMD><CMD>16802700729b27005581</CMD>まぁね<BREAK>{今|いま}さら{考|かんが}えても<BREAK>たしかに　しかたない<CMD>ff8127000280</CMD>",
			"\f"
		]
	},
	{
		"Index": 34,
		"JPN": [
			"<CMD>18802700729b27000280</CMD><CMD>17802700729b27001c802700088027000480</CMD><CMD>16802700729b27007d81</CMD>ちょっと！<BREAK>ひどい！",
			"\f"
		]
	},
	{
		"Index": 35,
		"JPN": [
			"わらって<BREAK>ゆるしてくれる<CMD>ff8127000380</CMD>？<BREAK><CMD>f481</CMD>は　やさしい<CMD>ff8127000280</CMD>",
			"<CMD>18802700729b27000180</CMD><CMD>17802700729b270001802700048027000180</CMD><CMD>16802700729b27004181</CMD>なんか<CMD>028227000080</CMD><BREAK><CMD>f481</CMD>にあまえて<BREAK>ばかり<CMD>ff8127000080</CMD>",
			"\f"
		]
	},
	{
		"Index": 40,
		"JPN": [
			"とってもおいしかった<CMD>ff8127000280</CMD>！",
			"でもゴメンね…<BREAK>ちょっとキンチョウして<BREAK>こぼしちゃった<CMD>ff8127000280</CMD>",
			"<CMD>1880270078a027000080</CMD><CMD>1680270078a027006981</CMD>ゆるしてくれる<CMD>ff8127000380</CMD>？",
			"<CMD>128027000180</CMD>",
			"\f"
		]
	},
	{
		"Index": 41,
		"JPN": [
			"<CMD>378027000180</CMD>",
			"もちろん<CMD>128027000180</CMD>",
			"{気|き}にしなくていい<CMD>128027000280</CMD>",
			"ふいとけ！<CMD>128027000380</CMD>",
			"\f"
		]
	},
	{
		"Index": 42,
		"JPN": [
			"<CMD>1880270078a027000180</CMD><CMD>1680270078a027004181</CMD>ありがとう…<BREAK><CMD>f481</CMD>ってマメだし<BREAK>やさしい<CMD>ff8127000280</CMD>",
			"<CMD>028227000080</CMD>にないものを<BREAK>{持|も}っている<CMD>ff8127000280</CMD>",
			"\f"
		]
	},
	{
		"Index": 43,
		"JPN": [
			"<CMD>1880270078a027000180</CMD><CMD>1680270078a027005581</CMD>ありがとう！<BREAK>{今度|こんど}から　{気|き}をつける<CMD>ff8127000280</CMD>",
			"\f"
		]
	},
	{
		"Index": 44,
		"JPN": [
			"はいはい…<BREAK>なんか　やな{感|かん}じ<CMD>ff8127000080</CMD>",
			"\f"
		]
	},
	{
		"Index": 50,
		"JPN": [
			"あのさ<BREAK>{聞|き}きたいことあるんだけど…<BREAK>",
			"<CMD>18802700729b27000080</CMD><CMD>17802700729b2700b28027000a8027000180</CMD><CMD>16802700729b27006981</CMD><CMD>f481</CMD>は<BREAK>まだダイジョウブ？",
			"<CMD>128027000180</CMD>",
			"\f"
		]
	},
	{
		"Index": 51,
		"JPN": [
			"<CMD>3780</CMD>",
			"{平気|へいき}だよ<CMD>128027000180</CMD>",
			"{少|すこ}しタイクツ<CMD>128027000280</CMD>",
			"\f"
		]
	},
	{
		"Index": 52,
		"JPN": [
			"ありがとう！<BREAK>あのね　あのね…",
			"\f"
		]
	},
	{
		"Index": 53,
		"JPN": [
			"そうだよね！<BREAK>そろそろ{行|い}こう<CMD>ff8127000580</CMD>",
			"\f"
		]
	},
	{
		"Index": 54,
		"JPN": [
			"ねぇ　<CMD>f481</CMD>…<BREAK>{星|ほし}って{何|なん}で<BREAK>{光|ひか}ってると{思|おも}う<CMD>ff8127000380</CMD>？",
			"<CMD>028227000080</CMD>はね<BREAK>ひとりだと　さびしいから<BREAK>ここにいるよーって",
			"{他|ほか}の{星|ほし}たちに<BREAK>{教|おし}えているんだと<BREAK>{思|おも}う<CMD>ff8127000280</CMD>",
			"<CMD>18802700729b27000180</CMD><CMD>17802700729b270001802700048027000180</CMD><CMD>16802700729b27004181</CMD>でも<CMD>028227000080</CMD>には<BREAK><CMD>f481</CMD>がいるから…<BREAK>さびしくない<CMD>ff8127000280</CMD>",
			"\f"
		]
	},
	{
		"Index": 60,
		"JPN": [
			"…ねぇ　<CMD>028227000080</CMD><BREAK>まだ　<CMD>f481</CMD>と<BREAK>{２人|ふたり}でいたいかも…",
			"<CMD>18802700729b27000080</CMD><CMD>17802700729b2700b28027000a8027000180</CMD><CMD>16802700729b27006981</CMD>おなかはもうちょっと<BREAK>ガマンするから<BREAK>いっしょにいてくれる？",
			"<CMD>128027000180</CMD>",
			"\f"
		]
	},
	{
		"Index": 61,
		"JPN": [
			"<CMD>3780</CMD>",
			"もちろん<CMD>128027000180</CMD>",
			"イヤだ<CMD>128027000280</CMD>",
			"\f"
		]
	},
	{
		"Index": 62,
		"JPN": [
			"<CMD>18802700729b27000180</CMD><CMD>17802700729b2700ad802700068027000280</CMD><CMD>16802700729b27005581</CMD>やった！<BREAK>それじゃ　もうちょっとだけ…",
			"\f"
		]
	},
	{
		"Index": 63,
		"JPN": [
			"なんかショック<CMD>ff8127000080</CMD>…<BREAK>せっかく<CMD>028227000080</CMD>が<BREAK>がんばってるのに　もぉ",
			"\f"
		]
	},
	{
		"Index": 64,
		"JPN": [
			"<CMD>18802700729b27000680</CMD><CMD>17802700729b2700088027000a8027000180</CMD><CMD>16802700729b27007e81</CMD>さーて<BREAK>ここで<CMD>f481</CMD>に<BREAK>{問題|もんだい}です！",
			"{今|いま}から３{分以内|ぷんいない}に<BREAK><CMD>028227000080</CMD>のいいところを<BREAK>１０コ　{言|い}いなさい！",
			"<CMD>18802700729b27000080</CMD><CMD>17802700729b2700b28027000a8027000180</CMD><CMD>16802700729b27006981</CMD>なーんてテストがあったら<BREAK><CMD>f481</CMD>は<BREAK>１００{点|てん}　とれる？",
			"もし　{自信|じしん}があるなら<BREAK>１つだけでいいから<BREAK>{海|うみ}に{向|む}かって　さけんでみて！",
			"<CMD>18802700729b27000180</CMD><CMD>17802700729b270001802700048027000180</CMD><CMD>16802700729b27004181</CMD>なーんて　ウソ！<BREAK>{心|こころ}の{中|なか}に<BREAK>しまっておいて<CMD>ff8127000480</CMD>",
			"\f"
		]
	},
	{
		"Index": 70,
		"JPN": [
			"<CMD>18802700729b27000080</CMD><CMD>17802700729b2700b28027000a8027000180</CMD><CMD>16802700729b27006981</CMD>ねぇ　<CMD>f481</CMD><BREAK>おなかすいたけど<BREAK>もう{少|すこ}し　ここにいたくない？",
			"<CMD>128027000180</CMD>",
			"\f"
		]
	},
	{
		"Index": 71,
		"JPN": [
			"<CMD>3780</CMD>",
			"そうだね<CMD>128027000180</CMD>",
			"げんかいだよ<CMD>128027000280</CMD>",
			"\f"
		]
	},
	{
		"Index": 72,
		"JPN": [
			"<CMD>18802700729b27000180</CMD><CMD>17802700729b270001802700048027000180</CMD><CMD>16802700729b27004181</CMD>さすが<CMD>f481</CMD><CMD>ff8127000080</CMD>！<BREAK>えへへ…！",
			"\f"
		]
	},
	{
		"Index": 73,
		"JPN": [
			"そうだよね<BREAK>じゃ　ほかの{所|ところ}へ{行|い}く<CMD>ff8127000280</CMD>",
			"\f"
		]
	},
	{
		"Index": 74,
		"JPN": [
			"<CMD>18802700729b27000180</CMD><CMD>17802700729b270001802700048027000180</CMD><CMD>16802700729b27004181</CMD><CMD>028227000080</CMD>は<BREAK>いっつもドジばかりで<BREAK>めいわくかけちゃう<CMD>ff8127000280</CMD>",
			"<CMD>f481</CMD>に<BREAK>めいわくかけないように<BREAK>なりたいけど…",
			"きっと<BREAK>すぐには{直|なお}らない<CMD>ff8127000280</CMD>",
			"\f"
		]
	},
	{
		"Index": 77,
		"JPN": [
			"<CMD>18802700729b27000780</CMD><CMD>17802700729b2700b18027000a8027000180</CMD><CMD>16802700729b27009081</CMD>ゴメンね　<CMD>f481</CMD>",
			"\f"
		]
	},
	{
		"Index": 80,
		"JPN": [
			"<CMD>18802700729b27000180</CMD><CMD>17802700729b2700ad802700068027000280</CMD><CMD>16802700729b27005581</CMD><CMD>f481</CMD><BREAK>ちょっと{寄|よ}っていこうよ",
			"\f"
		]
	},
	{
		"Index": 81,
		"JPN": [
			"<CMD>18802700729b27000180</CMD><CMD>17802700729b2700ad802700068027000280</CMD><CMD>16802700729b27005581</CMD><CMD>f481</CMD>！<BREAK>こっちおいでよ！",
			"\f"
		]
	},
	{
		"Index": 82,
		"JPN": [
			"<CMD>18802700729b27000180</CMD><CMD>17802700729b2700ad802700068027000280</CMD><CMD>16802700729b27005581</CMD><CMD>f481</CMD>！<BREAK>こっちおいでよ！",
			"\f"
		]
	},
	{
		"Index": 83,
		"JPN": [
			"<CMD>18802700729b27000180</CMD><CMD>17802700729b2700ad802700068027000280</CMD><CMD>16802700729b27005581</CMD><CMD>f481</CMD>！<BREAK>こっちおいでよ！",
			"\f"
		]
	}
]