[
	{
		"Index": 0,
		"JPN": [
			"ふう…ねえ　そろそろ<BREAK>{帰|かえ}ろう<CMD>ff8127000580</CMD>",
			"<CMD>18802700729b27000780</CMD><CMD>17802700729b2700b18027000a8027000180</CMD>たくさん　{歩|ある}いたから<BREAK>つかれちゃった<CMD>ff8127000280</CMD>",
			"<CMD>13802700758e</CMD>",
			"\f"
		]
	},
	{
		"Index": 1,
		"JPN": [
			"<CMD>3780</CMD>",
			"もう{少|すこ}し{遊|あそ}ぶ<CMD>13802700768e</CMD>",
			"さようなら<CMD>13802700778e</CMD>",
			"\f"
		]
	},
	{
		"Index": 2,
		"JPN": [
			"<CMD>18802700729b27000180</CMD><CMD>17802700729b2700ad802700068027000280</CMD><CMD>16802700729b27005581</CMD><CMD>028227000080</CMD>といっしょに<BREAK>いたい<CMD>ff8127000380</CMD>？",
			"わかりました<BREAK>もうちょっとだけ<BREAK>{遊|あそ}ぼう<CMD>ff8127000580</CMD><CMD>4a80</CMD>",
			"さて　じゃあ<BREAK>なにをしよう<CMD>ff8127000580</CMD>？",
			"{行|い}き{先|さき}は<BREAK>あなたが{決|き}めて<CMD>ff8127000480</CMD>",
			"\f"
		]
	},
	{
		"Index": 3,
		"JPN": [
			"<CMD>18802700729b27000180</CMD><CMD>17802700729b2700ad802700068027000280</CMD><CMD>16802700729b27005581</CMD>はい　さようなら<BREAK>ちょっとつかれたけど<BREAK>{今日|きょう}は{楽|たの}しかった<CMD>ff8127000280</CMD>",
			"これからも　どうぞ<BREAK>なかよくして<CMD>ff8127000480</CMD><BREAK>では　ごきげんよう",
			"\f"
		]
	},
	{
		"Index": 4,
		"JPN": [
			"なんだか<BREAK>すごく　つかれた<CMD>ff8127000280</CMD>",
			"{今日|きょう}はもう{帰|かえ}って<BREAK>またこんど<BREAK>さそってほしい<CMD>ff8127000280</CMD>",
			"では　ごきげんよう<CMD>17802700739b2700688027000a80</CMD>",
			"\f"
		]
	},
	{
		"Index": 5,
		"JPN": [
			"ふう…ねえ　そろそろ<BREAK>{帰|かえ}ろう<CMD>ff8127000580</CMD>",
			"<CMD>18802700729b27000780</CMD><CMD>17802700729b2700b18027000a8027000180</CMD>たくさん　{歩|ある}いたから<BREAK>つかれちゃった<CMD>ff8127000280</CMD>",
			"それじゃ　また{今度|こんど}ね",
			"\f"
		]
	}
]