[
	{
		"Index": 0,
		"JPN": [
			"<CMD>18802700729b27000780</CMD><CMD>17802700729b2700b18027000a8027000180</CMD>えと…そろそろ<BREAK><CMD>028227000080</CMD>は　はなれたほうが<BREAK>いいのかな…？",
			"<CMD>13802700758e</CMD>",
			"\f"
		]
	},
	{
		"Index": 1,
		"JPN": [
			"<CMD>3780</CMD>",
			"まだいいよ<CMD>13802700768e</CMD>",
			"そうだね<CMD>13802700778e</CMD>",
			"\f"
		]
	},
	{
		"Index": 2,
		"JPN": [
			"<CMD>18802700729b27000480</CMD><CMD>17802700729b2700ab8027000a8027000180</CMD><CMD>16802700729b27007f81</CMD>ほ　{本当|ほんとう}に？<BREAK>それならもうちょっと<BREAK>いさせてもらおうかな <CMD>4a80</CMD>",
			"へへへ…　なんだか<BREAK>こういうの<BREAK>うれしいね",
			"\f"
		]
	},
	{
		"Index": 3,
		"JPN": [
			"うん　そうだよね…<BREAK>それじゃ{今日|きょう}は<BREAK>どうもありがとう",
			"またあそんでくれると<BREAK>うれしいな…",
			"\f"
		]
	},
	{
		"Index": 4,
		"JPN": [
			"やっぱり　<CMD>028227000080</CMD><BREAK>はなれたほうがいいよね",
			"こんどまた<BREAK>さそってくれると<BREAK>うれしいな…<CMD>17802700739b2700688027000a80</CMD>",
			"\f"
		]
	},
	{
		"Index": 5,
		"JPN": [
			"<CMD>18802700729b27000780</CMD><CMD>17802700729b2700b18027000a8027000180</CMD>えと…そろそろ<BREAK><CMD>028227000080</CMD>は　はなれたほうが<BREAK>いいのかな…？",
			"ううん　きっとそう<BREAK>それじゃ　またね<CMD>ff8127000080</CMD>",
			"\f"
		]
	}
]