[
	{
		"Index": 0,
		"JPN": [
			"<CMD>f481</CMD>　どうしたの…？",
			"<CMD>138027003d8f</CMD>",
			"\f"
		]
	},
	{
		"Index": 1,
		"JPN": [
			"<CMD>3780</CMD>",
			"またね<CMD>138027003e8f</CMD>",
			"なんでもない<CMD>138027003f8f</CMD>",
			"\f"
		]
	},
	{
		"Index": 2,
		"JPN": [
			"そ　そう…　じゃあ<BREAK><CMD>008027000880</CMD>しばらく　ここで{遊|あそ}んでるから<CMD>008027000180</CMD><BREAK>よかったら　さそって<CMD>ff8127000480</CMD><CMD>4f80</CMD>",
			"\f"
		]
	},
	{
		"Index": 3,
		"JPN": [
			"そう？<BREAK>じゃあ　どうする<CMD>ff8127000380</CMD>？<CMD>4f80</CMD>",
			"\f"
		]
	},
	{
		"Index": 10,
		"JPN": [
			"どうしたの…？",
			"<CMD>13802700478f</CMD>",
			"\f"
		]
	},
	{
		"Index": 11,
		"JPN": [
			"<CMD>3780</CMD>",
			"またね<CMD>13802700488f</CMD>",
			"なんでもない<CMD>13802700498f</CMD>",
			"\f"
		]
	},
	{
		"Index": 12,
		"JPN": [
			"そ　そう…　<BREAK>じゃあ　<CMD>008027000880</CMD>しばらく　ここで<BREAK>{遊|あそ}んでる<CMD>008027000180</CMD><CMD>ff8127000580</CMD><CMD>4f80</CMD>",
			"\f"
		]
	},
	{
		"Index": 13,
		"JPN": [
			"そう…<CMD>4f80</CMD>",
			"\f"
		]
	},
	{
		"Index": 70,
		"JPN": [
			"<CMD>18802700729b27000480</CMD><CMD>17802700729b2700ab8027000a8027000180</CMD><CMD>16802700729b27007f81</CMD>ふぅ…あの　ごめんなさい<BREAK>つかれちゃったから<BREAK><CMD>028227000080</CMD>　１かいに　いる<CMD>ff8127000280</CMD>",
			"<CMD>18802700729b27000780</CMD><CMD>17802700729b2700b18027000a8027000180</CMD>まってるから<BREAK>{１人|ひとり}で{行|い}ってきて…ふぅ…",
			"\f"
		]
	},
	{
		"Index": 71,
		"JPN": [
			"<CMD>18802700729b27000480</CMD><CMD>17802700729b2700ab8027000a8027000180</CMD><CMD>16802700729b27007f81</CMD>あ…あの　ごめんなさい<BREAK><CMD>028227000080</CMD>その…<BREAK>こわくて…",
			"<CMD>18802700729b27000780</CMD><CMD>17802700729b2700aa8027000a8027000280</CMD><CMD>16802700729b27002d81</CMD>ごめんなさい…<CMD>ff8127000080</CMD>",
			"\f"
		]
	},
	{
		"Index": 72,
		"JPN": [
			"<CMD>18802700729b27000480</CMD><CMD>17802700729b2700ab8027000a8027000180</CMD><CMD>16802700729b27007f81</CMD>ふぅ…あの　ごめんなさい<BREAK><CMD>028227000080</CMD>あの…<BREAK>つかれちゃって…",
			"<CMD>18802700729b27000780</CMD><CMD>17802700729b2700b18027000a8027000180</CMD>ごめんなさい…<BREAK>またにして<CMD>ff8127000080</CMD>",
			"\f"
		]
	},
	{
		"Index": 87,
		"JPN": [
			"もし　よかったら<BREAK><CMD>028227000080</CMD>もいっしょに<BREAK>{行|い}きたいな…",
			"<CMD>18802700729b27000080</CMD><CMD>17802700729b2700b28027000a8027000180</CMD><CMD>16802700729b27006981</CMD>ついていっても<BREAK>いいかな？",
			"<CMD>13802700948f</CMD>",
			"\f"
		]
	},
	{
		"Index": 88,
		"JPN": [
			"<CMD>3780</CMD>",
			"いいよ<CMD>13802700958f</CMD>",
			"またこんど<CMD>13802700968f</CMD>",
			"\f"
		]
	},
	{
		"Index": 89,
		"JPN": [
			"<CMD>18802700729b27000180</CMD><CMD>17802700729b2700ad802700068027000280</CMD><CMD>16802700729b27005581</CMD>なんだか<BREAK>トクベツな{感|かん}じがして<BREAK>うれしいな",
			"じゃあ<BREAK>{行|い}こうか<CMD>4a80</CMD>",
			"\f"
		]
	},
	{
		"Index": 90,
		"JPN": [
			"<CMD>18802700729b27000380</CMD><CMD>17802700729b2700ab8027000a8027000180</CMD><CMD>16802700729b27003081</CMD>そ　そう<BREAK>なにか{事情|じじょう}があるなら<BREAK>{仕方|しかた}ない<CMD>ff8127000280</CMD>",
			"…ただ　こんどは<BREAK>つれていってくれると<BREAK>うれしいな",
			"\f"
		]
	},
	{
		"Index": 96,
		"JPN": [
			"だったら　<CMD>028227000080</CMD>は<BREAK>お{店|みせ}で<BREAK>ずっと{待|ま}ってる<CMD>ff8127000280</CMD>",
			"\f"
		]
	},
	{
		"Index": 97,
		"JPN": [
			"{用事|ようじ}がある<CMD>ff8127000380</CMD>？<BREAK>だったら　{海岸|かいがん}で<BREAK>ずっと{待|ま}ってるから",
			"{先|さき}に{用事|ようじ}を<BREAK>すませた{方|ほう}が<BREAK>いい<CMD>ff8127000280</CMD>",
			"\f"
		]
	},
	{
		"Index": 98,
		"JPN": [
			"<CMD>18802700729b27000180</CMD><CMD>17802700729b2700ad802700068027000280</CMD><CMD>16802700729b27005581</CMD>{用事|ようじ}は{済|す}んだ<CMD>ff8127000380</CMD>？<BREAK>じゃあ　またいっしょに<BREAK>{遊|あそ}びましょう<CMD>4a80</CMD>",
			"\f"
		]
	},
	{
		"Index": 99,
		"JPN": [
			"{用事|ようじ}があるのかな？<BREAK>だったら　この{辺|へん}で<BREAK>ずっと{待|ま}ってるから",
			"{先|さき}に{用事|ようじ}を<BREAK>{済|す}ませてきたほうが<BREAK>いいんじゃないかな",
			"\f"
		]
	}
]