[
	{
		"Index": 0,
		"JPN": [
			"あの…　ところで<BREAK><CMD>f481</CMD>…",
			"<CMD>18802700729b27000580</CMD><CMD>17802700729b2700aa8027000a8027000180</CMD><CMD>16802700729b27002d81</CMD>{今回|こんかい}<BREAK><CMD>028227000080</CMD>はロックなカンジに<BREAK>イメチェンしたい<CMD>ff8127000280</CMD>",
			"だから　{作|つく}るコーデには<BREAK>ロックな{服|ふく}ばかりを<BREAK>{入|い}れてみる<CMD>ff8127000280</CMD>",
			"<CMD>18802700729b27000480</CMD><CMD>17802700729b2700ab8027000a8027000180</CMD><CMD>16802700729b27007f81</CMD>ロックな{服|ふく}　ロックな{服|ふく}…<BREAK>もしかして<CMD>028227000080</CMD>ににあうものを<BREAK>さがすのはたいへん<CMD>ff8127000180</CMD>？",
			"\f"
		]
	},
	{
		"Index": 1,
		"JPN": [
			"あの…　ところで<BREAK><CMD>f481</CMD>…",
			"<CMD>18802700729b27000580</CMD><CMD>17802700729b2700aa8027000a8027000180</CMD><CMD>16802700729b27002d81</CMD>やっぱり…スポーツには<BREAK>スポーティなスタイルが<BREAK>よくにあう{気|き}がする<CMD>ff8127000280</CMD>",
			"<CMD>18802700729b27000780</CMD><CMD>17802700729b2700b18027000a8027000180</CMD>スポーティなカンジで<BREAK>しかもステキなコーデなら…<BREAK>{運動|うんどう}したくなるかも<CMD>ff8127000080</CMD>",
			"\f"
		]
	},
	{
		"Index": 2,
		"JPN": [
			"あの…　ところで<BREAK><CMD>f481</CMD>…",
			"<CMD>18802700729b27000580</CMD><CMD>17802700729b2700aa8027000a8027000180</CMD><CMD>16802700729b27002d81</CMD><CMD>028227000080</CMD>ににあうような<BREAK>シンプルな{服|ふく}っていうと…",
			"<CMD>18802700729b27000780</CMD><CMD>17802700729b2700b18027000a8027000180</CMD>そうだ　スタンダードな<BREAK>スタイルなら　<CMD>028227000080</CMD>に<BREAK>にあうかもしれない<CMD>ff8127000280</CMD>",
			"\f"
		]
	},
	{
		"Index": 3,
		"JPN": [
			"あの…　ところで<BREAK><CMD>f481</CMD>…",
			"ふしぎなカンジの{服|ふく}なら<BREAK>コーデに{合|あ}いそう<CMD>ff8127000080</CMD>",
			"<CMD>18802700729b27000780</CMD><CMD>17802700729b2700b18027000a8027000180</CMD>ふしぎなカンジのコーデか……<BREAK>うん　なんだか<CMD>028227000080</CMD><BREAK>{着|き}るのがワクワクしてきた<CMD>ff8127000280</CMD>",
			"\f"
		]
	},
	{
		"Index": 4,
		"JPN": [
			"あの…　ところで<BREAK><CMD>f481</CMD>…",
			"<CMD>18802700729b27000580</CMD><CMD>17802700729b2700aa8027000a8027000180</CMD><CMD>16802700729b27002d81</CMD>おじょう{様|さま}みたいっていうと…<BREAK>やっぱりエレガントなカンジが<BREAK>{大切|たいせつ}だと{思|おも}う<CMD>ff8127000280</CMD>",
			"だから{今回|こんかい}のコーデは<BREAK>エレガントなスタイルで<BREAK>{作|つく}ってみたい<CMD>ff8127000280</CMD>",
			"\f"
		]
	},
	{
		"Index": 5,
		"JPN": [
			"あの…　ところで<BREAK><CMD>f481</CMD>…",
			"<CMD>18802700729b27000780</CMD><CMD>17802700729b2700b18027000a8027000180</CMD><CMD>028227000080</CMD><BREAK>{落|お}ち{着|つ}いてるカンジに{見|み}える<BREAK>コーデがほしい<CMD>ff8127000280</CMD>",
			"そうすると…<BREAK>クールなスタイルなんかは<BREAK>ぴったりかもしれない<CMD>ff8127000280</CMD>",
			"\f"
		]
	},
	{
		"Index": 6,
		"JPN": [
			"あの…　ところで<BREAK><CMD>f481</CMD>…",
			"<CMD>18802700729b27000580</CMD><CMD>17802700729b2700aa8027000a8027000180</CMD><CMD>16802700729b27002d81</CMD>さわやかな{色|いろ}っていうと…<BREAK>やっぱり{青|あお}に{近|ちか}い{色|いろ}は<BREAK>そんなカンジがする<CMD>ff8127000280</CMD>",
			"{青|あお}　{水色|みずいろ}　{緑|みどり}…<BREAK>それにむらさきも<BREAK>さわやかなカンジ<CMD>ff8127000080</CMD>",
			"そういう{色|いろ}を{使|つか}った{服|ふく}で<BREAK>コーデを{作|つく}る <CMD>ff8127000280</CMD>",
			"\f"
		]
	},
	{
		"Index": 7,
		"JPN": [
			"パーティーには　きちんとした<BREAK>かっこうで{行|い}くのがれいぎ<CMD>ff8127000080</CMD>",
			"だから…　フォーマルなカンジの<BREAK>{服|ふく}を<BREAK>{着|き}ればいいと{思|おも}う<CMD>ff8127000280</CMD>",
			"<CMD>18802700729b27000580</CMD><CMD>17802700729b2700638027000a8027000280</CMD><CMD>16802700729b27002f81</CMD>うーん<BREAK>フォーマルカンジの{服|ふく}を<BREAK>コーデに{入|い}れればいい<CMD>ff8127000380</CMD>？",
			"\f"
		]
	},
	{
		"Index": 8,
		"JPN": [
			"あの…　ところで<BREAK><CMD>f481</CMD>…",
			"<CMD>18802700729b27000180</CMD><CMD>17802700729b2700ad802700068027000280</CMD><CMD>16802700729b27005581</CMD>かわいい{色|いろ}っていったら<BREAK>やっぱりピンクで<BREAK>きまり<CMD>ff8127000080</CMD>",
			"そういえば<BREAK><CMD>008027000480</CMD>ベリーズ<CMD>008027000180</CMD>でも　ピンクもりを<BREAK>おすすめしてた<CMD>ff8127000280</CMD>",
			"<CMD>18802700729b27000780</CMD><CMD>17802700729b2700b18027000a8027000180</CMD>かわいさはそのままで<BREAK>さらにピンクの{服|ふく}を{入|い}れると<BREAK>ステキなコーデができそう<CMD>ff8127000080</CMD>",
			"\f"
		]
	},
	{
		"Index": 9,
		"JPN": [
			"あの…　ところで<BREAK><CMD>f481</CMD>…",
			"<CMD>18802700729b27000580</CMD><CMD>17802700729b2700af802700088027000180</CMD><CMD>16802700729b27005681</CMD>そういえば　モデルさんは<BREAK><CMD>008027000480</CMD>ジャケット<CMD>008027000180</CMD>を{着|き}てた<CMD>ff8127000280</CMD>",
			"<CMD>028227000080</CMD>もちょっと<BREAK>あのモデルさんの<BREAK>まねをしてみたい<CMD>ff8127000280</CMD>",
			"<CMD>18802700729b27000180</CMD><CMD>17802700729b2700ad802700068027000280</CMD><CMD>16802700729b27005581</CMD>コーデに<CMD>008027000480</CMD>ジャケット<CMD>008027000180</CMD>を<BREAK>{入|い}れると　<CMD>028227000080</CMD>は<BREAK>うれしくなる<CMD>ff8127000280</CMD>",
			"\f"
		]
	},
	{
		"Index": 10,
		"JPN": [
			"<CMD>18802700729b27000580</CMD><CMD>17802700729b2700638027000a8027000280</CMD><CMD>16802700729b27002f81</CMD>あのね　<CMD>f481</CMD>……<BREAK>{実|じつ}はコーデに　かわいいカンジも<BREAK>{入|い}れてほしい<CMD>ff8127000280</CMD>",
			"<CMD>18802700729b27000780</CMD><CMD>17802700729b2700aa8027000a8027000280</CMD><CMD>16802700729b27002d81</CMD><CMD>028227000080</CMD> もっと{女|おんな}の{子|こ}っぽく<BREAK>なりたいから　コーデでかわいさを<BREAK>カバーしたい<CMD>ff8127000280</CMD>",
			"<CMD>18802700729b27000580</CMD><CMD>17802700729b2700aa8027000a8027000180</CMD><CMD>16802700729b27002d81</CMD>キュートやポップ　ナチュラルの<BREAK>どれでもいいから<BREAK>コーデに{入|い}れて<CMD>ff8127000480</CMD>",
			"\f"
		]
	},
	{
		"Index": 11,
		"JPN": [
			"あのね　<CMD>f481</CMD>……<BREAK>かっこよくキメてる<BREAK>{女|おんな}の{人|ひと}って",
			"<CMD>18802700729b27000780</CMD><CMD>17802700729b2700b18027000a8027000180</CMD>なんだかオトナのみりょくを<BREAK>{感|かん}じる<CMD>ff8127000280</CMD>",
			"<CMD>18802700729b27000780</CMD><CMD>17802700729b2700aa8027000a8027000280</CMD><CMD>16802700729b27002d81</CMD><CMD>f481</CMD>……　もしよければ<BREAK>かっこいいスタイルを<BREAK>コーデに{入|い}れて<CMD>ff8127000480</CMD>",
			"\f"
		]
	},
	{
		"Index": 12,
		"JPN": [
			"あのね　<CMD>f481</CMD>……",
			"<CMD>18802700729b27000780</CMD><CMD>17802700729b2700aa8027000a8027000280</CMD><CMD>16802700729b27002d81</CMD><CMD>028227000080</CMD>って{地味|じみ}だから<BREAK>わりとシンプルな{服|ふく}が<BREAK>しっくりくる<CMD>ff8127000280</CMD>",
			"<CMD>18802700729b27000580</CMD><CMD>17802700729b2700aa8027000a8027000180</CMD><CMD>16802700729b27002d81</CMD>もしよければ<BREAK>シンプルなスタイルを<BREAK>コーデに{入|い}れて<CMD>ff8127000480</CMD>",
			"\f"
		]
	},
	{
		"Index": 13,
		"JPN": [
			"あのね　<CMD>f481</CMD>……",
			"<CMD>18802700729b27000780</CMD><CMD>17802700729b2700b18027000a8027000180</CMD> <CMD>028227000080</CMD>にとって<BREAK>おひめさまみたいなセレブは<BREAK>あこがれのそんざい<CMD>ff8127000080</CMD>",
			"<CMD>18802700729b27000580</CMD><CMD>17802700729b2700aa8027000a8027000180</CMD><CMD>16802700729b27002d81</CMD><CMD>028227000080</CMD>も　おひめさまみたいな<BREAK>{上品|じょうひん}なカンジのコーデを<BREAK>{着|き}てみたい<CMD>ff8127000280</CMD>",
			"<CMD>18802700729b27000180</CMD><CMD>17802700729b2700ad802700068027000280</CMD><CMD>16802700729b27005581</CMD>だから{今回|こんかい}のコーデに<BREAK>ゴージャスなカンジも<BREAK>{入|い}れてくれるとうれしい<CMD>ff8127000280</CMD>",
			"\f"
		]
	},
	{
		"Index": 14,
		"JPN": [
			"<CMD>18802700729b27000580</CMD><CMD>17802700729b2700638027000a8027000280</CMD><CMD>16802700729b27002f81</CMD>あのね　<CMD>f481</CMD>……<BREAK>ちょっと<CMD>028227000080</CMD>のおねがい<BREAK>{聞|き}いて<CMD>ff8127000480</CMD>",
			"<CMD>18802700729b27000380</CMD><CMD>17802700729b2700ab8027000a8027000180</CMD><CMD>16802700729b27003081</CMD>あの…　<CMD>028227000080</CMD>だけど<BREAK>もう{少|すこ}しじょうねつてきに<BREAK>なりたい<CMD>ff8127000280</CMD>",
			"<CMD>18802700729b27000180</CMD><CMD>17802700729b2700ad802700068027000280</CMD><CMD>16802700729b27005581</CMD>だから　じょうねつてきな{赤|あか}を<BREAK>コーデのどこかに<BREAK>{取|と}り{入|い}れてほしい<CMD>ff8127000280</CMD>",
			"\f"
		]
	},
	{
		"Index": 15,
		"JPN": [
			"<CMD>18802700729b27000380</CMD><CMD>17802700729b2700ab8027000a8027000180</CMD><CMD>16802700729b27003081</CMD>あのね　<CMD>f481</CMD>……<BREAK><CMD>028227000080</CMD>って　すぐ<BREAK>うろたえちゃう<CMD>ff8127000080</CMD>",
			"<CMD>18802700729b27000580</CMD><CMD>17802700729b2700aa8027000a8027000180</CMD><CMD>16802700729b27002d81</CMD>でも　{青|あお}い{色|いろ}を{身|み}につければ<BREAK>{落|お}ち{着|つ}ける{気|き}がする<CMD>ff8127000280</CMD>",
			"<CMD>18802700729b27000580</CMD><CMD>17802700729b2700aa8027000a8027000180</CMD><CMD>16802700729b27002d81</CMD><CMD>f481</CMD>　もしよければ<BREAK>{今回|こんかい}のコーデに<BREAK>{青|あお}い{色|いろ}を{入|い}れてみて<CMD>ff8127000480</CMD>",
			"\f"
		]
	},
	{
		"Index": 16,
		"JPN": [
			"<CMD>18802700729b27000580</CMD><CMD>17802700729b2700638027000a8027000280</CMD><CMD>16802700729b27002f81</CMD>あのね　<CMD>f481</CMD>……",
			"<CMD>18802700729b27000780</CMD><CMD>17802700729b2700b18027000a8027000180</CMD>{黄色|きいろ}って　{見|み}ているだけで<BREAK>{楽|たの}しげな{気分|きぶん}になれる<BREAK>ステキな{色|いろ}<CMD>ff8127000080</CMD>",
			"{落|お}ちこんだ{時|とき}に<BREAK>{黄色|きいろ}の{服|ふく}を{着|き}れば<BREAK>{前向|まえむ}きになれそう<CMD>ff8127000080</CMD>",
			"<CMD>18802700729b27000580</CMD><CMD>17802700729b2700aa8027000a8027000180</CMD><CMD>16802700729b27002d81</CMD>だから<CMD>f481</CMD>……<BREAK>できればでいいから　コーデに<BREAK>{黄色|きいろ}を{使|つか}ってほしい<CMD>ff8127000280</CMD>",
			"\f"
		]
	},
	{
		"Index": 17,
		"JPN": [
			"<CMD>18802700729b27000580</CMD><CMD>17802700729b2700638027000a8027000280</CMD><CMD>16802700729b27002f81</CMD>あのね　<CMD>f481</CMD>……",
			"<CMD>18802700729b27000780</CMD><CMD>17802700729b2700b18027000a8027000180</CMD>{今回|こんかい}のコーデなんだけど…<BREAK>{着|き}た{時|とき}に{落|お}ち{着|つ}くカンジが<BREAK>ほしい<CMD>ff8127000280</CMD>",
			"<CMD>18802700729b27000580</CMD><CMD>17802700729b2700638027000a8027000280</CMD><CMD>16802700729b27002f81</CMD>えっと　うんと……<BREAK>あ　リラックスできる{緑色|みどりいろ}を<BREAK>{入|い}れるといいかも<CMD>ff8127000080</CMD>",
			"<CMD>18802700729b27000580</CMD><CMD>17802700729b2700aa8027000a8027000180</CMD><CMD>16802700729b27002d81</CMD>だから<CMD>f481</CMD>……<BREAK>できればでいいから　コーデに<BREAK>{緑色|みどりいろ}を{使|つか}って<CMD>ff8127000480</CMD>",
			"\f"
		]
	},
	{
		"Index": 18,
		"JPN": [
			"<CMD>18802700729b27000580</CMD><CMD>17802700729b2700638027000a8027000280</CMD><CMD>16802700729b27002f81</CMD>あのね　<CMD>f481</CMD>……",
			"<CMD>18802700729b27000780</CMD><CMD>17802700729b2700b18027000a8027000180</CMD>むらさきはムードのある{色|いろ}だから<BREAK><CMD>028227000080</CMD>にも　オトナのみりょくが<BREAK>{出|で}ると{思|おも}う<CMD>ff8127000280</CMD>",
			"<CMD>18802700729b27000580</CMD><CMD>17802700729b2700aa8027000a8027000180</CMD><CMD>16802700729b27002d81</CMD>だから<CMD>f481</CMD>……<BREAK>できればでいいから　コーデに<BREAK>むらさき{色|いろ}を{使|つか}って<CMD>ff8127000480</CMD>",
			"\f"
		]
	},
	{
		"Index": 19,
		"JPN": [
			"<CMD>18802700729b27000580</CMD><CMD>17802700729b2700638027000a8027000280</CMD><CMD>16802700729b27002f81</CMD>あのね　<CMD>f481</CMD>……",
			"<CMD>18802700729b27000780</CMD><CMD>17802700729b2700b18027000a8027000180</CMD>{茶色|ちゃいろ}みたいにそぼくな{色|いろ}って<BREAK><CMD>028227000080</CMD>にとっては<BREAK>なんだか{落|お}ち{着|つ}く{色|いろ}<CMD>ff8127000080</CMD>",
			"<CMD>18802700729b27000580</CMD><CMD>17802700729b2700aa8027000a8027000180</CMD><CMD>16802700729b27002d81</CMD>だから<CMD>f481</CMD>……<BREAK>できればでいいから　コーデに<BREAK>{茶色|ちゃいろ}を{使|つか}って<CMD>ff8127000480</CMD>",
			"\f"
		]
	},
	{
		"Index": 20,
		"JPN": [
			"<CMD>18802700729b27000580</CMD><CMD>17802700729b2700638027000a8027000280</CMD><CMD>16802700729b27002f81</CMD>あのね　<CMD>f481</CMD>……",
			"<CMD>18802700729b27000780</CMD><CMD>17802700729b2700b18027000a8027000180</CMD>{黒|くろ}い{色|いろ}って<BREAK>なんだか{強|つよ}いイメージが<BREAK><CMD>028227000080</CMD>にはある<CMD>ff8127000280</CMD>",
			"<CMD>18802700729b27000780</CMD><CMD>17802700729b2700b18027000a8027000180</CMD>だから<CMD>028227000080</CMD><BREAK>{黒|くろ}い{色|いろ}を{身|み}につけると<BREAK>ちょっと{心強|こころづよ}いかも<CMD>ff8127000080</CMD>",
			"<CMD>18802700729b27000580</CMD><CMD>17802700729b2700aa8027000a8027000180</CMD><CMD>16802700729b27002d81</CMD>だから<CMD>f481</CMD>……<BREAK>できればでいいから　コーデに<BREAK>{黒|くろ}を{使|つか}って<CMD>ff8127000480</CMD>",
			"\f"
		]
	},
	{
		"Index": 21,
		"JPN": [
			"<CMD>18802700729b27000580</CMD><CMD>17802700729b2700638027000a8027000280</CMD><CMD>16802700729b27002f81</CMD>あのね　<CMD>f481</CMD>……",
			"<CMD>18802700729b27000780</CMD><CMD>17802700729b2700b18027000a8027000180</CMD>{白|しろ}い{服|ふく}って<BREAK>{上品|じょうひん}なカンジがする<CMD>ff8127000280</CMD>",
			"<CMD>18802700729b27000780</CMD><CMD>17802700729b2700b18027000a8027000180</CMD><CMD>028227000080</CMD>も　{白|しろ}い{服|ふく}を{着|き}て<BREAK>{上品|じょうひん}なレディみたいに<BREAK>なってみたい<CMD>ff8127000280</CMD>",
			"<CMD>18802700729b27000580</CMD><CMD>17802700729b2700aa8027000a8027000180</CMD><CMD>16802700729b27002d81</CMD><CMD>f481</CMD>　もしよかったら……<BREAK>{白|しろ}い{服|ふく}を{入|い}れて<BREAK>コーデを{作|つく}ってほしい<CMD>ff8127000280</CMD>",
			"\f"
		]
	},
	{
		"Index": 22,
		"JPN": [
			"<CMD>18802700729b27000580</CMD><CMD>17802700729b2700638027000a8027000280</CMD><CMD>16802700729b27002f81</CMD>あのね　<CMD>f481</CMD>……",
			"<CMD>18802700729b27000580</CMD><CMD>17802700729b2700638027000a8027000280</CMD><CMD>16802700729b27002f81</CMD>{今回|こんかい}のコーデに<BREAK>できればグレーの{服|ふく}を<BREAK>{入|い}れてほしい<CMD>ff8127000280</CMD>",
			"<CMD>18802700729b27000780</CMD><CMD>17802700729b2700b18027000a8027000180</CMD>グレーの{服|ふく}って<BREAK>{着|き}ると{落|お}ち{着|つ}いてるように<BREAK>{見|み}える{気|き}がする<CMD>ff8127000280</CMD>",
			"<CMD>18802700729b27000580</CMD><CMD>17802700729b2700aa8027000a8027000180</CMD><CMD>16802700729b27002d81</CMD><CMD>028227000080</CMD>はすぐうろたえちゃうから<BREAK>{見|み}た{目|め}ぐらいは<BREAK>{落|お}ち{着|つ}いていたい<CMD>ff8127000280</CMD>",
			"\f"
		]
	},
	{
		"Index": 23,
		"JPN": [
			"<CMD>18802700729b27000080</CMD><CMD>17802700729b2700b28027000a8027000180</CMD><CMD>16802700729b27006981</CMD>あのね　<CMD>f481</CMD>……<BREAK>{今回|こんかい}のコーデにピンクの{服|ふく}を<BREAK>{入|い}れてもだいじょうぶ<CMD>ff8127000180</CMD>？",
			"ピンクって<BREAK>すごく{女|おんな}の{子|こ}っぽい{色|いろ}だから<BREAK>ぜひともコーデに{入|い}れたい<CMD>ff8127000280</CMD>",
			"<CMD>18802700729b27000780</CMD><CMD>17802700729b2700b18027000a8027000180</CMD>こんな<CMD>028227000080</CMD>だけど<BREAK>やっぱり　{女|おんな}の{子|こ}っぽい<BREAK>かっこうにあこがれちゃう<CMD>ff8127000280</CMD>",
			"\f"
		]
	},
	{
		"Index": 24,
		"JPN": [
			"<CMD>18802700729b27000580</CMD><CMD>17802700729b2700638027000a8027000280</CMD><CMD>16802700729b27002f81</CMD>あのね　<CMD>f481</CMD>……",
			"<CMD>18802700729b27000180</CMD><CMD>17802700729b2700ad802700068027000280</CMD><CMD>16802700729b27005581</CMD>オレンジってなんだか<BREAK>{元気|げんき}がもらえそうな{色|いろ}<CMD>ff8127000080</CMD>",
			"<CMD>18802700729b27000080</CMD><CMD>17802700729b2700b28027000a8027000180</CMD><CMD>16802700729b27006981</CMD>オレンジの{服|ふく}を{着|き}たら<BREAK><CMD>028227000080</CMD>でも<BREAK>かっぱつになれる<CMD>ff8127000380</CMD>？",
			"<CMD>18802700729b27000580</CMD><CMD>17802700729b2700aa8027000a8027000180</CMD><CMD>16802700729b27002d81</CMD><CMD>f481</CMD>　できたらでいいけど<BREAK>コーデにオレンジ{色|いろ}を<BREAK>{使|つか}ってくれるとうれしい<CMD>ff8127000280</CMD>",
			"\f"
		]
	},
	{
		"Index": 25,
		"JPN": [
			"<CMD>18802700729b27000580</CMD><CMD>17802700729b2700638027000a8027000280</CMD><CMD>16802700729b27002f81</CMD>あのね　<CMD>f481</CMD>……",
			"<CMD>18802700729b27000380</CMD><CMD>17802700729b2700ab8027000a8027000180</CMD><CMD>16802700729b27003081</CMD><CMD>028227000080</CMD>って<BREAK>いつも　なやんでいるし<BREAK>くらいって{言|い}われる<CMD>ff8127000280</CMD>",
			"<CMD>18802700729b27000180</CMD><CMD>17802700729b2700ad802700068027000280</CMD><CMD>16802700729b27005581</CMD>だから　さわやかなコーデを{着|き}て<BREAK>{見|み}た{目|め}くらいはさわやかに<BREAK>なりたい<CMD>ff8127000280</CMD>",
			"<CMD>18802700729b27000580</CMD><CMD>17802700729b2700aa8027000a8027000180</CMD><CMD>16802700729b27002d81</CMD>{水色|みずいろ}はとくにさわやかなカンジ<BREAK>だから　{今回|こんかい}のコーデには<BREAK>{水色|みずいろ}を{使|つか}って<CMD>ff8127000480</CMD>",
			"\f"
		]
	},
	{
		"Index": 26,
		"JPN": [
			"<CMD>18802700729b27000680</CMD><CMD>17802700729b2700088027000a8027000180</CMD><CMD>16802700729b27007e81</CMD>えーと？<BREAK>なんでもない<CMD>ff8127000380</CMD>？",
			"だったら　このままいっしょに<BREAK>{服|ふく}を{見|み}てまわっても<BREAK>だいじょうぶ<CMD>ff8127000180</CMD>？",
			"\f"
		]
	}
]