[
	{
		"Index": 0,
		"JPN": [
			"<CMD>16802700d08727006981</CMD><CMD>f481</CMD>くんにとって<BREAK>{今年|ことし}は　どんな{年|とし}でしたか？<CMD>0c8027000280</CMD>",
			"<CMD>18802700d08727000180</CMD><CMD>16802700d08727005881</CMD>{思|おも}い{起|お}こせば　{今年|ことし}も<BREAK>いろいろな{事|こと}が<BREAK>ありましたね<CMD>0c8027000280</CMD><CMD>18802700d08727000080</CMD>",
			"\f"
		]
	},
	{
		"Index": 1,
		"JPN": [
			"<CMD>16802700d08727005881</CMD><CMD>f481</CMD>くん<BREAK>あけまして　おめでとう<CMD>0c8027000280</CMD>",
			"<CMD>16802700d08727006981</CMD>{今年|ことし}は<BREAK>どのような{年|とし}に<BREAK>なるのでしょうかね？<CMD>0c8027000280</CMD>",
			"<CMD>18802700d08727000180</CMD><CMD>16802700d08727005681</CMD>{勉強|べんきょう}に　まほうにと<BREAK>いろいろ<BREAK>{挑戦|ちょうせん}するのですぞ<CMD>0c8027000280</CMD><CMD>18802700d08727000080</CMD>",
			"\f"
		]
	},
	{
		"Index": 2,
		"JPN": [
			"<CMD>16802700d08727005881</CMD>みなさん<BREAK>そろそろ {年|とし}が<BREAK>{明|あ}けますよ<CMD>0c8027000280</CMD>",
			"{今年|ことし}は<BREAK>いろいろな{事|こと}が<BREAK>ありましたが<CMD>0c8027000280</CMD>",
			"<CMD>18802700d08727000180</CMD><CMD>16802700d08727005681</CMD>{来年|らいねん}も　この{調子|ちょうし}で<BREAK>りっぱな　まほう{使|つか}いを{目指|めざ}して<BREAK>がんばるのですぞ！<CMD>0c8027000280</CMD><CMD>18802700d08727000080</CMD>",
			"\f"
		]
	},
	{
		"Index": 3,
		"JPN": [
			"<CMD>16802700d08727005681</CMD>みなさん　{新年|しんねん}<BREAK>あけまして　おめでとう<BREAK>ございます！<CMD>0c8027000280</CMD>",
			"<CMD>18802700d08727000180</CMD><CMD>16802700d08727005881</CMD>{今年|ことし}も<BREAK>よろしく　おねがいしますよ！<CMD>0c8027000280</CMD><CMD>18802700d08727000080</CMD>",
			"\f"
		]
	},
	{
		"Index": 5,
		"JPN": [
			"<CMD>16802700d08727005681</CMD>おっと　そろそろ<BREAK>カウントダウンが<BREAK>{始|はじ}まりますよ　<CMD>f481</CMD>くん<CMD>0c8027000280</CMD>",
			"<CMD>16802700d08727005881</CMD><CMD>18802700d08727000180</CMD>わたしも　{少|すこ}し<BREAK>ワクワクしてきました！<CMD>0c8027000280</CMD><CMD>18802700d08727000080</CMD>",
			"\f"
		]
	},
	{
		"Index": 6,
		"JPN": [
			"(おまじないをとなえている…<BREAK>はなしかけるのは<BREAK>やめておこう…)<CMD>0c8027000280</CMD>",
			"\f"
		]
	},
	{
		"Index": 10,
		"JPN": [
			"<CMD>49802700f88127000280</CMD>",
			"\f"
		]
	}
]