[
	{
		"Index": 0,
		"JPN": [
			"\f"
		]
	},
	{
		"Index": 1,
		"JPN": [
			"<CMD>18802700729b27000680</CMD><CMD>17802700729b270001802700048027000080</CMD><CMD>16802700729b27007e81</CMD>{来月|らいげつ}　{2日|ふつか}から1{週間|しゅうかん}<BREAK>{毎年|まいとし}　{夏|なつ}こうれいの<BREAK><CMD>008027000480</CMD>きもだめし{大会|たいかい}<CMD>008027000180</CMD>をおこなう",
			"<CMD>16802700d18727005681</CMD>りっぱな　まほう{使|つか}いには<BREAK>ゆうきが<BREAK>そなわっているべきだ",
			"<CMD>18802700729b27000680</CMD><CMD>17802700729b270001802700048027000080</CMD><CMD>16802700729b27007e81</CMD>そこで　キミたちの<BREAK>ゆうきを{試|ため}すために<BREAK><CMD>008027000480</CMD>きもだめし{大会|たいかい}<CMD>008027000180</CMD>を{行|おこな}う",
			"<CMD>16802700d18727005681</CMD>りっぱな　まほう{使|つか}いを<BREAK>{目指|めざ}すキミたちは",
			"とうぜんながら<BREAK>さんかすべきであろう",
			"\f"
		]
	},
	{
		"Index": 2,
		"JPN": [
			"<CMD>16802700d18727005681</CMD>{毎年|まいとし}　{夏|なつ}こうれいの<BREAK><CMD>008027000480</CMD>きもだめし{大会|たいかい}<CMD>008027000180</CMD>が<BREAK>{間近|まぢか}に　せまってきた",
			"<CMD>18802700729b27000680</CMD><CMD>17802700729b270001802700048027000080</CMD><CMD>16802700729b27007e81</CMD>{日|ひ}ごろのせいかが<BREAK>ためされるときが　きたな",
			"じしんのないものは<BREAK>{今|いま}から　{本番|ほんばん}にむけて<BREAK>{準備|じゅんび}をするがいい",
			"\f"
		]
	},
	{
		"Index": 3,
		"JPN": [
			"{近日|きんじつ}　ついに<BREAK><CMD>008027000580</CMD>{町外|まちはず}れの　ゆうれいやしき<CMD>008027000180</CMD>で",
			"<CMD>18802700729b27000680</CMD><CMD>17802700729b270001802700048027000080</CMD><CMD>16802700729b27007e81</CMD><CMD>008027000480</CMD>きもだめし{大会|たいかい}<CMD>008027000180</CMD>が<BREAK>{行|おこな}われる",
			"<CMD>16802700d18727005681</CMD>キミたちの　ゆうきが<BREAK>いかほどのものか",
			"<CMD>18802700729b27000680</CMD><CMD>17802700729b270001802700048027000080</CMD><CMD>16802700729b27007e81</CMD>この{目|め}で<BREAK>たしかめさせてもらうとしよう",
			"\f"
		]
	},
	{
		"Index": 4,
		"JPN": [
			"\f"
		]
	},
	{
		"Index": 5,
		"JPN": [
			"<CMD>49802700f58127000380</CMD>",
			"\f"
		]
	},
	{
		"Index": 6,
		"JPN": [
			"<CMD>16802700d18727006981</CMD><CMD>f481</CMD>くん<BREAK>キミは　<CMD>008027000480</CMD>きもだめし{大会|たいかい}<CMD>008027000180</CMD>に<BREAK>さんかするのかね？",
			"<CMD>138027006b80</CMD>",
			"\f"
		]
	},
	{
		"Index": 7,
		"JPN": [
			"<CMD>3780</CMD>",
			"さんかする<CMD>13802700ffff</CMD>",
			"さんかしない<CMD>13802700ffff</CMD>",
			"\f"
		]
	},
	{
		"Index": 8,
		"JPN": [
			"<CMD>16802700d18727005681</CMD>よろしい",
			"\f"
		]
	},
	{
		"Index": 9,
		"JPN": [
			"それでは　さっそく<BREAK>ルールを{説明|せつめい}するとしよう",
			"<CMD>18802700729b27000680</CMD><CMD>17802700729b270001802700048027000080</CMD><CMD>16802700729b27007e81</CMD>ルールは　ひじょうに<BREAK>{簡単|かんたん}だ",
			"<CMD>008027000680</CMD>{夜|よる}の　７{時|じ}から３{時|じ}まで<CMD>008027000180</CMD>の{間|あいだ}<BREAK><CMD>008027000580</CMD>ゆうれいやしき<CMD>008027000180</CMD>にいる<CMD>008027000380</CMD>おばけ<CMD>008027000180</CMD>を<BREAK><CMD>008027000480</CMD>オナラのまほう<CMD>008027000180</CMD>でたいじしつつ…",
			"どこかにある<CMD>fb8127008380</CMD>を<BREAK>わたしのところに<BREAK>{持|も}ち{帰|かえ}ってくるだけだ",
			"\f"
		]
	},
	{
		"Index": 10,
		"JPN": [
			"<CMD>16802700d18727005681</CMD>ゆうきをふりしぼり<BREAK><CMD>fb8127008380</CMD>を<BREAK>{持|も}ち{帰|かえ}ってくるのだ",
			"\f"
		]
	},
	{
		"Index": 11,
		"JPN": [
			"<CMD>18802700d18727000380</CMD><CMD>16802700d18727007f81</CMD>そうか…<BREAK>いずれ<CMD>f481</CMD>もさんか<BREAK>すべきである<CMD>18802700d18727000080</CMD>",
			"\f"
		]
	},
	{
		"Index": 12,
		"JPN": [
			"<CMD>16802700d18727005681</CMD>やはり<BREAK><CMD>008027000480</CMD>きもだめし{大会|たいかい}<CMD>008027000180</CMD>に<BREAK>さんかするのだな？",
			"<CMD>138027007180</CMD>",
			"\f"
		]
	},
	{
		"Index": 13,
		"JPN": [
			"<CMD>3780</CMD>",
			"さんかする<CMD>13802700ffff</CMD>",
			"さんかしない<CMD>13802700ffff</CMD>",
			"\f"
		]
	},
	{
		"Index": 14,
		"JPN": [
			"<CMD>16802700d18727006981</CMD>どうした？",
			"<CMD>138027007380</CMD>",
			"\f"
		]
	},
	{
		"Index": 15,
		"JPN": [
			"<CMD>3780</CMD>",
			"はなしをする<CMD>13802700ffff</CMD>",
			"ルールをきく<CMD>13802700ffff</CMD>",
			"\f"
		]
	},
	{
		"Index": 16,
		"JPN": [
			"<CMD>16802700d18727006981</CMD><CMD>f481</CMD>くん<BREAK><CMD>fb8127008380</CMD>は<BREAK>{見|み}つかったのかね？",
			"<CMD>18802700729b27000680</CMD><CMD>17802700729b270001802700048027000080</CMD><CMD>16802700729b27007e81</CMD>ゆうきを　ふりしぼり<BREAK><CMD>fb8127008380</CMD>を<BREAK>{持|も}ち{帰|かえ}ってくるのだ<CMD>16802700d18727005681</CMD>",
			"\f"
		]
	},
	{
		"Index": 17,
		"JPN": [
			"<CMD>16802700d18727005681</CMD>では　もう{一度|１ど}<BREAK>ルールを{説明|せつめい}する",
			"<CMD>18802700729b27000680</CMD><CMD>17802700729b270001802700048027000080</CMD><CMD>16802700729b27007e81</CMD>ルールは　ひじょうに<BREAK>{簡単|かんたん}だ",
			"<CMD>008027000680</CMD>{夜|よる}の　７{時|じ}から３{時|じ}まで<CMD>008027000180</CMD>の{間|あいだ}<BREAK><CMD>008027000580</CMD>ゆうれいやしき<CMD>008027000180</CMD>にいる<CMD>008027000380</CMD>おばけ<CMD>008027000180</CMD>を<BREAK><CMD>008027000480</CMD>オナラのまほう<CMD>008027000180</CMD>でたいじしつつ…",
			"どこかにある<CMD>fb8127008380</CMD>を<BREAK>わたしのところに<BREAK>{持|も}ち{帰|かえ}ってくるだけだ",
			"\f"
		]
	},
	{
		"Index": 18,
		"JPN": [
			"<CMD>16802700d18727005581</CMD><CMD>f481</CMD>くん<BREAK><CMD>fb8127008380</CMD>を<BREAK>ぶじ　{手|て}に{入|い}れたようだな",
			"<CMD>16802700d18727005681</CMD>わたしの{生徒|せいと}なのだから<BREAK>とうぜんだな",
			"\f"
		]
	},
	{
		"Index": 19,
		"JPN": [
			"<CMD>18802700729b27000080</CMD><CMD>17802700729b2700088027000a8027000180</CMD><CMD>16802700729b27006981</CMD><CMD>16802700d18727006981</CMD><CMD>f481</CMD>よ…　まほうを<BREAK>つかう{時|とき}に　{大切|たいせつ}な{事|こと}は<BREAK>{何|なに}かわかるか？",
			"<CMD>18802700d18727000180</CMD>それは<BREAK>まほうをつかう{者|もの}の　{心|こころ}だ",
			"<CMD>18802700d18727000080</CMD><CMD>16802700d18727005681</CMD><CMD>008027000480</CMD>きもだめし{大会|たいかい}<CMD>008027000180</CMD>は<BREAK>{強|つよ}い{心|こころ}を{育|そだ}てる<BREAK>じゅぎょうである",
			"この{大会|たいかい}が　きみたちにとって<BREAK>{意味|いみ}のあるもので<BREAK>あったことをねがおう",
			"\f"
		]
	},
	{
		"Index": 20,
		"JPN": [
			"これで　{大会|たいかい}は<BREAK>{終了|しゅうりょう}するが",
			"<CMD>16802700d18727005681</CMD>これからも　{日々|ひび}の{努力|どりょく}を<BREAK>おこたらないように",
			"\f"
		]
	},
	{
		"Index": 21,
		"JPN": [
			"<CMD>16802700d18727005681</CMD>これからも　この{調子|ちょうし}で<BREAK>がんばるように",
			"\f"
		]
	}
]