[
	{
		"Index": 0,
		"JPN": [
			"\f"
		]
	},
	{
		"Index": 1,
		"JPN": [
			"<CMD>16802700d08727005681</CMD>さて　みなさんに<BREAK>おしらせがあります",
			"<CMD>18802700729b27000180</CMD><CMD>17802700729b270001802700048027000280</CMD><CMD>16802700729b27005581</CMD><CMD>18802700d08727000180</CMD>{来月2日|らいげつふつか}から1{週間|しゅうかん}<BREAK>{毎年|まいとし}こうれいの<BREAK><CMD>008027000480</CMD>にじの{雪|ゆき}まつり<CMD>008027000180</CMD>ですぞ",
			"<CMD>18802700d08727000080</CMD><CMD>008027000480</CMD>にじの{雪|ゆき}まつり<CMD>008027000180</CMD>は<BREAK>{新|あたら}しい{季節|きせつ}の<BREAK>とうらいにカンシャし",
			"<CMD>16802700d08727005881</CMD><CMD>fb8127006280</CMD>を　{空|そら}へ<BREAK>{送|おく}り{返|かえ}す　{大切|たいせつ}な<BREAK>まほうのギシキなのです",
			"そこで　みなさんには<BREAK>7{色|しょく}ある<CMD>fb8127006280</CMD>を<BREAK>{集|あつ}めておいてほしいのですよ",
			"<CMD>fb8127006280</CMD>は<BREAK>{冬|ふゆ}の{間|あいだ}だけ<BREAK>みつけることのできる",
			"ひじょうに<BREAK>めずらしいけっしょうです",
			"<CMD>16802700d08727005681</CMD>ふだんから{注意|ちゅうい}していないと<BREAK>なかなか{見|み}つけられません",
			"まほう{使|つか}いには<BREAK>かんさつ{力|りょく}もひじょうに<BREAK>{大切|たいせつ}です",
			"<CMD>18802700729b27000180</CMD><CMD>17802700729b270001802700048027000280</CMD><CMD>16802700729b27005581</CMD><CMD>18802700d08727000180</CMD><CMD>16802700d08727005681</CMD>みなさん　ぜひ<BREAK>さんかしてください<CMD>18802700d08727000080</CMD>",
			"\f"
		]
	},
	{
		"Index": 2,
		"JPN": [
			"<CMD>18802700729b27000180</CMD><CMD>17802700729b270001802700048027000280</CMD><CMD>16802700729b27005581</CMD><CMD>18802700d08727000180</CMD><CMD>16802700d08727005681</CMD>そろそろ<BREAK>{毎年|まいとし}　こうれいの<BREAK><CMD>008027000480</CMD>にじの{雪|ゆき}まつり<CMD>008027000180</CMD>です",
			"<CMD>18802700729b27000080</CMD><CMD>17802700729b2700088027000a8027000180</CMD><CMD>16802700729b27006981</CMD><CMD>18802700d08727000080</CMD><CMD>16802700d08727006981</CMD>みなさん<BREAK><CMD>fb8127006280</CMD>{集|あつ}めは<BREAK>{順調|じゅんちょう}ですか？",
			"<CMD>fb8127006280</CMD>は　{普段|ふだん}から<BREAK>{注意|ちゅうい}していないと<BREAK>{見|み}つけられません",
			"<CMD>16802700d08727005881</CMD>このまつりは<BREAK>{日頃|ひごろ}の　かんさつ{力|りょく}が<BREAK>とても{大切|たいせつ}なのです",
			"<CMD>18802700729b27000180</CMD><CMD>17802700729b270001802700048027000280</CMD><CMD>16802700729b27005581</CMD>みなさん　{一人前|１にんまえ}の<BREAK>まほう{使|つか}いになるためにも<BREAK>がんばりましょう！",
			"\f"
		]
	},
	{
		"Index": 3,
		"JPN": [
			"<CMD>18802700729b27000180</CMD><CMD>17802700729b270001802700048027000280</CMD><CMD>16802700729b27005581</CMD><CMD>18802700d08727000180</CMD><CMD>16802700d08727005681</CMD>みなさん　そろそろ<BREAK><CMD>008027000480</CMD>にじの{雪|ゆき}まつり<CMD>008027000180</CMD>ですね",
			"<CMD>18802700729b27000080</CMD><CMD>17802700729b2700088027000a8027000180</CMD><CMD>16802700729b27006981</CMD><CMD>18802700d08727000080</CMD><CMD>16802700d08727006981</CMD><CMD>fb8127006280</CMD>{集|あつ}めは<BREAK>{順調|じゅんちょう}ですか？",
			"<CMD>18802700729b27000080</CMD><CMD>17802700729b2700088027000a8027000180</CMD><CMD>16802700729b27006981</CMD>みなさん<BREAK>7{色|しょく}あるけっしょうは<BREAK>どのくらい{集|あつ}まりましたか？",
			"<CMD>fb8127006280</CMD>は<BREAK>{冬|ふゆ}の{間|あいだ}にしか<BREAK>みつけることが　できません",
			"<CMD>18802700d08727000180</CMD>わたしは<BREAK>{広場|ひろば}で{待|ま}っていますから",
			"<CMD>16802700d08727005681</CMD>がんばって<BREAK>すべての<CMD>fb8127006280</CMD>を<BREAK>{集|あつ}めましょう<CMD>18802700d08727000080</CMD>",
			"\f"
		]
	},
	{
		"Index": 4,
		"JPN": [
			"\f"
		]
	},
	{
		"Index": 5,
		"JPN": [
			"<CMD>49802700f78127000380</CMD>",
			"\f"
		]
	},
	{
		"Index": 6,
		"JPN": [
			"<CMD>18802700729b27000180</CMD><CMD>17802700729b270001802700048027000280</CMD><CMD>16802700729b27005581</CMD><CMD>16802700d08727005881</CMD><CMD>f481</CMD>くん<BREAK><CMD>008027000480</CMD>にじの{雪|ゆき}まつり<CMD>008027000180</CMD>に<BREAK>ようこそ",
			"\f"
		]
	},
	{
		"Index": 7,
		"JPN": [
			"<CMD>18802700729b27000180</CMD><CMD>17802700729b270001802700048027000280</CMD><CMD>16802700729b27005581</CMD>では　{改|あらた}めて<BREAK><CMD>008027000480</CMD>にじの{雪|ゆき}まつり<CMD>008027000180</CMD>の<BREAK>{説明|せつめい}をします",
			"<CMD>008027000480</CMD>にじの{雪|ゆき}まつり<CMD>008027000180</CMD>は<BREAK>{新|あたら}しい　{季節|きせつ}の<BREAK>とうらいにカンシャし",
			"<CMD>fb8127006280</CMD>を　{空|そら}へ<BREAK>{送|おく}り{返|かえ}す　{大切|たいせつ}な<BREAK>まほうのギシキなのです",
			"<CMD>16802700d08727005881</CMD>そのギシキで{使用|しよう}する<BREAK>けっしょうを　みなさんには<BREAK>{集|あつ}めてもらいましたが…",
			"\f"
		]
	},
	{
		"Index": 8,
		"JPN": [
			"<CMD>18802700729b27000180</CMD><CMD>17802700729b270001802700048027000280</CMD><CMD>16802700729b27005581</CMD><CMD>16802700d08727006981</CMD>さて　<CMD>f481</CMD>くんは<BREAK>７{色|しょく}ちゅう　{何色|なんしょく}を<BREAK>{集|あつ}める{事|こと}ができたのでしょうね",
			"\f"
		]
	},
	{
		"Index": 9,
		"JPN": [
			"<CMD>16802700d08727006981</CMD>おや？　<CMD>f481</CMD>くんは<BREAK><CMD>fb8127006280</CMD>を<BREAK>{持|も}って{来|き}ていませんね…",
			"これでは　まほうのギシキを<BREAK>{行|おこな}う{事|こと}ができません",
			"<CMD>16802700d08727005681</CMD><CMD>f481</CMD>くん<BREAK><CMD>fb8127006280</CMD>を<BREAK>{持|も}って{来|き}てください",
			"\f"
		]
	},
	{
		"Index": 10,
		"JPN": [
			"<CMD>16802700d08727005681</CMD><CMD>f481</CMD>くんは<BREAK><CMD>fb8127006280</CMD>を<CMD>4e8227002c8127000180</CMD>{色|しょく}<BREAK>{集|あつ}めて{来|き}たようですね！",
			"<CMD>18802700729b27000080</CMD><CMD>17802700729b2700088027000a8027000180</CMD><CMD>16802700729b27006981</CMD><CMD>16802700d08727006981</CMD>それでは　<CMD>f481</CMD>くん<BREAK>ギシキを{行|おこな}いますか？",
			"<CMD>138027003781</CMD>",
			"\f"
		]
	},
	{
		"Index": 11,
		"JPN": [
			"<CMD>3780</CMD>",
			"はい<CMD>13802700ffff</CMD>",
			"いいえ<CMD>13802700ffff</CMD>",
			"\f"
		]
	},
	{
		"Index": 12,
		"JPN": [
			"<CMD>16802700d08727005881</CMD>では　ギシキを{行|おこな}いたい{時|とき}は<BREAK>わたしに<BREAK>{声|こえ}を　かけて{下|くだ}さい",
			"\f"
		]
	},
	{
		"Index": 13,
		"JPN": [
			"<CMD>18802700729b27000180</CMD><CMD>17802700729b270001802700048027000280</CMD><CMD>16802700729b27005581</CMD><CMD>18802700d08727000180</CMD><CMD>16802700d08727004281</CMD>すてきなギシキでした<BREAK><CMD>f481</CMD>くん<BREAK>わたしは　うれしいです",
			"<CMD>18802700729b27000080</CMD><CMD>17802700729b2700088027000a8027000180</CMD><CMD>16802700729b27006981</CMD><CMD>18802700d08727000080</CMD><CMD>16802700d08727005881</CMD>{前|まえ}にも{少|すこ}し{話|はなし}をしましたが<BREAK>まほう{使|つか}いに{大切|たいせつ}な{事|こと}は<BREAK>なにかおぼえていますか？",
			"<CMD>18802700729b27000180</CMD><CMD>17802700729b270001802700048027000280</CMD><CMD>16802700729b27005581</CMD>それは{日頃|ひごろ}の　かんさつ{力|りょく}と<BREAK>{話|はな}しましたね",
			"<CMD>16802700d08727005881</CMD>この{話|はなし}には<BREAK>もう{少|すこ}し{続|つづ}きがあるのです",
			"\f"
		]
	},
	{
		"Index": 14,
		"JPN": [
			"{春|はる}から{夏|なつ}　{夏|なつ}から{秋|あき}と…<BREAK>{変|か}わりゆく{季節|きせつ}を<BREAK>かんさつすることで",
			"<CMD>16802700d08727005881</CMD>より{広|ひろ}い{視野|しや}を{持|も}った<BREAK>まほう{使|つか}いになってほしい",
			"<CMD>18802700d08727000180</CMD><CMD>16802700d08727005681</CMD>そう　わたしは<BREAK>{考|かんが}えているのです<CMD>18802700d08727000080</CMD>",
			"\f"
		]
	},
	{
		"Index": 15,
		"JPN": [
			"<CMD>16802700d08727005881</CMD>より{広|ひろ}い　{視野|しや}を{持|も}った<BREAK>まほう{使|つか}いになってほしい",
			"\f"
		]
	},
	{
		"Index": 16,
		"JPN": [
			"<CMD>18802700d08727000180</CMD><CMD>16802700d08727005681</CMD>そう　わたしは<BREAK>{考|かんが}えているのです<CMD>18802700d08727000080</CMD>",
			"\f"
		]
	},
	{
		"Index": 17,
		"JPN": [
			"<CMD>18802700d08727000180</CMD><CMD>16802700d08727004281</CMD>そうそう　すべての　けっしょうを<BREAK>{集|あつ}めた<CMD>f481</CMD>くんには<BREAK>ごほうびを{用意|ようい}しています<CMD>18802700d08727000080</CMD>",
			"\f"
		]
	},
	{
		"Index": 18,
		"JPN": [
			"<CMD>18802700d08727000180</CMD><CMD>16802700d08727005681</CMD><CMD>f481</CMD>くん<BREAK>よりいっそうの　がんばりを<BREAK>{期待|きたい}しておりますぞ<CMD>18802700d08727000080</CMD>",
			"\f"
		]
	},
	{
		"Index": 19,
		"JPN": [
			"<CMD>16802700d08727006981</CMD>おや？　<CMD>f481</CMD>くん<BREAK>もちものがいっぱいですね",
			"<CMD>16802700d08727005881</CMD>もちものを{整理|せいり}してから<BREAK>また　わたしの{所|ところ}に<BREAK>{来|き}てください",
			"\f"
		]
	},
	{
		"Index": 20,
		"JPN": [
			"<CMD>16802700d08727006981</CMD><CMD>f481</CMD>くん<BREAK>もちものを{整理|せいり}して<BREAK>きましたか？",
			"\f"
		]
	},
	{
		"Index": 21,
		"JPN": [
			"では　これにて<BREAK><CMD>008027000480</CMD>にじの{雪|ゆき}まつり<CMD>008027000180</CMD>は<BREAK>{終了|しゅうりょう}です",
			"<CMD>18802700d08727000180</CMD><CMD>16802700d08727005681</CMD>{今後|こんご}も　この{調子|ちょうし}で<BREAK>すばらしい　まほう{使|つか}いを<BREAK>{目指|めざ}して　がんばるのですぞ<CMD>18802700d08727000080</CMD>",
			"\f"
		]
	},
	{
		"Index": 22,
		"JPN": [
			"<CMD>18802700d08727000180</CMD><CMD>16802700d08727005581</CMD>がんばりましたね<BREAK><CMD>f481</CMD>くん<BREAK>なかなか　いいギシキでしたよ",
			"<CMD>18802700d08727000080</CMD>ですが…<BREAK>すべての　けっしょうを{集|あつ}めた<BREAK>ギシキは",
			"<CMD>16802700d08727005681</CMD>もっと　もっと　すばらしい<BREAK>こうけいなのです",
			"<CMD>18802700d08727000180</CMD><CMD>16802700d08727005881</CMD>{来年|らいねん}は　すべての<BREAK><CMD>fb8127006280</CMD>がそろうように<BREAK>がんばりましょう<CMD>18802700d08727000080</CMD>",
			"\f"
		]
	},
	{
		"Index": 23,
		"JPN": [
			"<CMD>18802700d08727000380</CMD><CMD>16802700d08727003081</CMD>すこし　さびしい<BREAK>ギシキになって<BREAK>しまいましたね",
			"<CMD>18802700d08727000080</CMD><CMD>16802700d08727006981</CMD><CMD>fb8127006280</CMD>{集|あつ}めは<BREAK>{大変|たいへん}でしたか<BREAK><CMD>f481</CMD>くん",
			"<CMD>16802700d08727005681</CMD>かんさつ{力|りょく}は　{日頃|ひごろ}の<BREAK>ちょっとした　{心|こころ}がけで<BREAK>みにつきます",
			"<CMD>18802700d08727000180</CMD><CMD>f481</CMD>くん<BREAK>まほうをあつかう{者|もの}として<BREAK>がんばって{行|い}きましょう<CMD>18802700d08727000080</CMD>",
			"\f"
		]
	},
	{
		"Index": 24,
		"JPN": [
			"さて　これにて<BREAK><CMD>008027000480</CMD>にじの{雪|ゆき}まつり<CMD>008027000180</CMD>は<BREAK>{終了|しゅうりょう}です",
			"<CMD>18802700d08727000180</CMD><CMD>16802700d08727005681</CMD>{今後|こんご}は　もっと<BREAK>すばらしいまほう{使|つか}いに<BREAK>なるために　がんばりましょう！<CMD>18802700d08727000080</CMD>",
			"\f"
		]
	},
	{
		"Index": 25,
		"JPN": [
			"<CMD>18802700d08727000180</CMD><CMD>16802700d08727005681</CMD>{今後|こんご}も　この{調子|ちょうし}で<BREAK>すばらしいまほう{使|つか}いを<BREAK>{目指|めざ}して　がんばるのですぞ<CMD>18802700d08727000080</CMD>",
			"\f"
		]
	},
	{
		"Index": 26,
		"JPN": [
			"<CMD>18802700d08727000180</CMD><CMD>16802700d08727005681</CMD>これからも<BREAK>すばらしいまほう{使|つか}いに<BREAK>なるために　がんばるのですぞ！<CMD>18802700d08727000080</CMD>",
			"\f"
		]
	}
]