[
	{
		"Index": 20,
		"JPN": [
			"<CMD>18802700729b27000080</CMD><CMD>17802700729b2700088027000a8027000180</CMD><CMD>16802700729b27006981</CMD>はぁ？　よー　{聞|き}こえんのう<BREAK>もちっと　{大|おお}きな{声|こえ}で<BREAK>しゃべっては　くれんかね？",
			"<CMD>18802700729b27000080</CMD><CMD>17802700729b2700088027000a8027000180</CMD><CMD>16802700729b27006981</CMD>なになに…<BREAK>この<CMD>008027000580</CMD>{町|まち}<CMD>008027000180</CMD>で　{一番|いちばん}の<BREAK>まほう{使|つか}いは　だれだ　じゃと？",
			"そうさのう…<BREAK>{今|いま}じゃ　<CMD>008027000380</CMD>{校長先生|こうちょうせんせい}<CMD>008027000180</CMD>が<BREAK>{一番|いちばん}じゃが…",
			"そのむかしは<BREAK><CMD>008027000580</CMD>かめや<CMD>008027000180</CMD>の　<CMD>008027000380</CMD>トメさん<CMD>008027000180</CMD>が<BREAK>ダントツの{使|つか}い{手|て}　じゃったのう",
			"そりゃもう<BREAK>ブイブイ{言|い}わせておったもんじゃ",
			"<CMD>18802700729b27000780</CMD><CMD>17802700729b2700088027000a8027000180</CMD><CMD>008027000380</CMD>トメさん<CMD>008027000180</CMD>といえば<BREAK>わしも　{若|わか}いころ<BREAK>いたい{目|め}にあったことがあったわい",
			"なにをやったんだ　じゃと？",
			"<CMD>18802700729b27000780</CMD><CMD>17802700729b2700088027000a8027000180</CMD>はてさて<BREAK>そんな　むかしのことは<BREAK>わすれたのう…<CMD>49802700df8027000280</CMD>",
			"\f"
		]
	},
	{
		"Index": 21,
		"JPN": [
			"<CMD>18802700729b27000080</CMD><CMD>17802700729b2700088027000a8027000180</CMD><CMD>16802700729b27006981</CMD>あん？<BREAK>{声|こえ}が{小|ちい}さくて{聞|き}こえんのう<BREAK>カメ？　カメがどうしたんじゃ？",
			"…なんじゃ<BREAK><CMD>008027000380</CMD>トメさん<CMD>008027000180</CMD>の<BREAK>{話|はなし}が　{聞|き}きたいのかい",
			"なら<BREAK>{最初|さいしょ}から　そう{言|い}うがええわ",
			"さてさて　{今|いま}はおんこうで<BREAK>{通|とお}っておる　わしじゃが<BREAK>むかしは　イタズラもんでの",
			"ある{日|ひ}　なかまといっしょに<BREAK><CMD>008027000380</CMD>トメさん<CMD>008027000180</CMD>を　からかおうと<BREAK>イタズラまほうをかけてみたんじゃ",
			"たあいない　イタズラじゃったが<BREAK><CMD>008027000380</CMD>トメさん<CMD>008027000180</CMD>ときたら　それこそ<BREAK><CMD>008027000380</CMD>オニ<CMD>008027000180</CMD>のように　おこってのぉ…",
			"<CMD>18802700729b27000780</CMD><CMD>17802700729b2700088027000a8027000180</CMD><CMD>008027000380</CMD>トメさん<CMD>008027000180</CMD>の　{杖|つえ}の　ひとふりで<BREAK>こてんぱんに　やられてしもうた",
			"<CMD>18802700729b27000180</CMD><CMD>17802700729b270001802700048027000280</CMD><CMD>16802700729b27005581</CMD>まぁ　それも　{今|いま}となっては<BREAK>{若|わか}いころの　いい{想|おも}い{出|で}じゃな<BREAK>ヒョッヒョッ！<CMD>49802700df8027000280</CMD>",
			"\f"
		]
	},
	{
		"Index": 22,
		"JPN": [
			"<CMD>18802700729b27000280</CMD><CMD>17802700729b2700508027000a8027000280</CMD><CMD>16802700729b27007d81</CMD>シメ？　さすがのわしも<BREAK>おしめなんぞ　{使|つか}ってはおらんぞ<BREAK>しっけいなヤツじゃな",
			"…なんじゃ<BREAK><CMD>008027000380</CMD>トメさん<CMD>008027000180</CMD>の{話|はなし}の{続|つづ}きかえ<BREAK>まぎらわしい…",
			"まぁ　そんなわけでな<BREAK><CMD>008027000380</CMD>トメさん<CMD>008027000180</CMD>も　{老|お}いたとはいえ<BREAK>{大|だい}まほう{使|つか}いのひとりなのじゃ",
			"<CMD>008027000380</CMD>トメさん<CMD>008027000180</CMD>に<BREAK>{頭|あたま}の{上|あ}がらん{者|もの}は<BREAK>{今|いま}でも　{少|すく}なくないのじゃぞ",
			"おまえさんたちも<BREAK>つまらん　イタズラ{心|ごころ}を<BREAK>おこすでないぞ？",
			"<CMD>18802700729b27000580</CMD><CMD>17802700729b27000a8027000a8027000180</CMD><CMD>16802700729b27002d81</CMD>としをとって　{丸|まる}くはなったがの<BREAK>それだけにおこったらどうなるか…<BREAK>わしにも{想像|そうぞう}がつかんからのう",
			"<CMD>18802700729b27000180</CMD><CMD>17802700729b270001802700048027000280</CMD><CMD>16802700729b27005581</CMD>ヒョッヒョッヒョッヒョッ！<CMD>49802700df8027000280</CMD>",
			"\f"
		]
	},
	{
		"Index": 23,
		"JPN": [
			"<CMD>18802700729b27000580</CMD><CMD>17802700729b270001802700048027000080</CMD><CMD>16802700729b27005681</CMD>この<CMD>008027000580</CMD>{学校|がっこう}<CMD>008027000180</CMD>のことを<BREAK>{一番|いちばん}　よく{知|し}っとるのは<BREAK>だれだ　じゃと？",
			"<CMD>18802700729b27000180</CMD><CMD>17802700729b270001802700048027000280</CMD><CMD>16802700729b27005581</CMD>それは　もちろん<BREAK>この<CMD>008027000580</CMD>{学校|がっこう}<CMD>008027000180</CMD>の　{長老|ちょうろう}である<BREAK>わしに　{決|き}まっとるじゃろう",
			"<CMD>18802700729b27000680</CMD><CMD>17802700729b270001802700048027000080</CMD><CMD>16802700729b27007e81</CMD><CMD>008027000380</CMD>{校長先生|こうちょうせんせい}<CMD>008027000180</CMD>？<BREAK>わしに　くらべれば<BREAK>まだまだ　ワカゾウじゃわい",
			"<CMD>18802700729b27000780</CMD><CMD>17802700729b2700088027000a8027000180</CMD><CMD>008027000380</CMD>トメさん<CMD>008027000180</CMD>？<BREAK>まぁ　たしかに　わしよりも<BREAK>{年上|としうえ}じゃし　{物知|ものし}りじゃが…",
			"<CMD>008027000580</CMD>{学校|がっこう}<CMD>008027000180</CMD>の{中|なか}のこととなると<BREAK>まぁ　{話|はなし}は{別|べつ}じゃな",
			"<CMD>008027000580</CMD>{学校|がっこう}<CMD>008027000180</CMD>にまつわることで<BREAK>わしが{知|し}らんことは<BREAK>そう{多|おお}くはないじゃろうて<CMD>49802700df8027000280</CMD>",
			"\f"
		]
	},
	{
		"Index": 24,
		"JPN": [
			"<CMD>18802700729b27000080</CMD><CMD>17802700729b2700088027000a8027000180</CMD><CMD>16802700729b27006981</CMD>なんじゃ　おまえさん<BREAK>わしが　<CMD>008027000580</CMD>{学校|がっこう}<CMD>008027000180</CMD>{一|いち}の{物知|ものし}り…<BREAK>ということをうたがっておるのか？",
			"それじゃ<BREAK>ショウコを{見|み}せようかの",
			"<CMD>18802700729b27000680</CMD><CMD>17802700729b270001802700048027000080</CMD><CMD>16802700729b27007e81</CMD>たとえば　おまえさんの<BREAK>このあいだの<BREAK>テストの{点数|てんすう}じゃが…",
			"…そんなのは<BREAK>せいせき{表|ひょう}を<BREAK>{見|み}ればわかる？",
			"よし　それじゃ<BREAK>こういう　{話|はなし}はどうじゃ",
			"<CMD>18802700729b27000680</CMD><CMD>17802700729b270001802700048027000080</CMD><CMD>16802700729b27007e81</CMD>まほう{語|ご}の　<CMD>008027000380</CMD>リカルド{先生|せんせい}<CMD>008027000180</CMD>には<BREAK>ああ{見|み}えて　カワイイ{趣味|しゅみ}が<BREAK>あるのを　{知|し}っておるかの？",
			"<CMD>18802700729b27000180</CMD><CMD>17802700729b270001802700048027000280</CMD><CMD>16802700729b27005581</CMD>ヒョッヒョッヒョッ！<BREAK>その{顔|かお}では　やっぱり<BREAK>{知|し}らんようじゃな",
			"{手紙|てがみ}を{配達|はいたつ}する<BREAK><CMD>008027000380</CMD>ゆうびんねこ<CMD>008027000180</CMD>たちが<BREAK>おるじゃろう？",
			"<CMD>008027000380</CMD>リカルド{先生|せんせい}<CMD>008027000180</CMD>は<BREAK>{彼|かれ}らを　たいそう<BREAK>かわいがっておるんじゃよ",
			"<CMD>18802700729b27000180</CMD><CMD>17802700729b270001802700048027000280</CMD><CMD>16802700729b27005581</CMD>ホントの　{話|はなし}じゃよ<BREAK>ヒョッヒョッヒョッヒョッ！<CMD>49802700df8027000280</CMD>",
			"\f"
		]
	},
	{
		"Index": 25,
		"JPN": [
			"<CMD>18802700729b27000180</CMD><CMD>17802700729b270001802700048027000280</CMD><CMD>16802700729b27005581</CMD>ヒョッヒョッヒョッ！<BREAK>{物知|ものし}りのわしには<BREAK>{言|い}わなくても　わかっておる",
			"<CMD>18802700729b27000080</CMD><CMD>17802700729b2700088027000a8027000180</CMD><CMD>16802700729b27006981</CMD>おまえさんが　{聞|き}きたいのは<BREAK><CMD>008027000380</CMD>リカルド{先生|せんせい}<CMD>008027000180</CMD>と<CMD>008027000380</CMD>ゆうびんねこ<CMD>008027000180</CMD>の<BREAK>{話|はなし}の　{続|つづ}きじゃろう？",
			"{先生|せんせい}は　いつネコたちが<BREAK><CMD>008027000580</CMD>{家|いえ}<CMD>008027000180</CMD>に　{来|き}てもいいように<BREAK>ミルクをいつも{用意|ようい}しとるんじゃ",
			"<CMD>18802700729b27000780</CMD><CMD>17802700729b2700088027000a8027000180</CMD>はたから　{見|み}たら<BREAK>それはそれは<BREAK>キミョウな{光景|こうけい}じゃて",
			"いつも　すまし{顔|がお}をした<BREAK>{口|くち}うるさいカタブツのくせに<BREAK>おかしかろう？",
			"まぁ　ヒトは<BREAK>{見|み}かけによらんという<BREAK>いい{例|れい}じゃな",
			"{口|くち}うるさいからといって<BREAK>やさしくないかと{言|い}えば<BREAK>そんなことはないんじゃのぅ",
			"<CMD>18802700729b27000080</CMD><CMD>17802700729b2700088027000a8027000180</CMD><CMD>16802700729b27006981</CMD>わし？<BREAK>わしは{見|み}かけ{通|どお}りの<BREAK>ナイスじじい　じゃよ",
			"<CMD>18802700729b27000180</CMD><CMD>17802700729b270001802700048027000280</CMD><CMD>16802700729b27005581</CMD>ヒョッヒョッヒョッ！<CMD>49802700df8027000280</CMD>",
			"\f"
		]
	},
	{
		"Index": 26,
		"JPN": [
			"<CMD>18802700729b27000180</CMD><CMD>17802700729b270001802700048027000280</CMD><CMD>16802700729b27005581</CMD>おお　<CMD>f481</CMD>か<BREAK>いつも　{元気|げんき}じゃのう",
			"ヒョッヒョッヒョ！<BREAK>けっこう　けっこう",
			"{子|こ}どもは　わんぱくなのが<BREAK>{一番|いちばん}じゃて",
			"{遊|あそ}べるうちに<BREAK>{思|おも}いっきり<BREAK>{遊|あそ}んでおくのじゃよ？",
			"まぁ　たまに<BREAK>ハメをはずすぐらいは<BREAK>ごあいきょう　じゃな",
			"わしも　もどれるものなら<BREAK>お{前|まえ}さんたちのころに<BREAK>もどりたいものじゃよ",
			"<CMD>18802700729b27000680</CMD><CMD>17802700729b270001802700048027000080</CMD><CMD>16802700729b27007e81</CMD>まぁ　わしは　{今|いま}でも<BREAK>じゅうぶん　{若|わか}いがのぉ",
			"ヒョッヒョッヒョッヒョッ！<CMD>49802700df8027000480</CMD>",
			"\f"
		]
	},
	{
		"Index": 27,
		"JPN": [
			"<CMD>18802700729b27000180</CMD><CMD>17802700729b270001802700048027000280</CMD><CMD>16802700729b27005581</CMD>うむ　{今日|きょう}も<BREAK>{元気|げんき}に　{遊|あそ}んでおるようじゃな",
			"わしも　{若|わか}いころは<BREAK><CMD>f481</CMD>に　まけないぐらい<BREAK>{遊|あそ}んでおったものじゃて",
			"ブユウデンも<BREAK>たくさんあるぞい！",
			"イタズラまほうを　{使|つか}えば<BREAK>わしの{右|みぎ}に　{出|で}るものなど<BREAK>おらんかったもんじゃ",
			"あの　<CMD>008027000380</CMD>{校長先生|こうちょうせんせい}<CMD>008027000180</CMD>の<BREAK>お{父上|ちちうえ}とも　{若|わか}いころ　よく<BREAK>イタズラ{競争|きょうそう}したものじゃ",
			"どちらが{早|はや}く<BREAK>１００{人|にん}に　イタズラまほうを<BREAK>あてられるか　とかの",
			"わしらは　{若|わか}いころ<BREAK>{悪|わる}ガキなかまだったんじゃよ<BREAK>なつかしいのぉ…",
			"おっと　これは<BREAK>うっかり　{口|くち}がすべったかの？",
			"<CMD>18802700729b27000680</CMD><CMD>17802700729b270001802700048027000080</CMD><CMD>16802700729b27007e81</CMD>{今|いま}のは　わすれておくれ<BREAK>ヒョッヒョッヒョッヒョッ！<CMD>49802700df8027000480</CMD>",
			"\f"
		]
	},
	{
		"Index": 28,
		"JPN": [
			"おお　<CMD>f481</CMD><BREAK>このあいだの　{話|はなし}は<BREAK>だれにも{話|はな}しておらんな？",
			"このあいだ{話|はな}した<BREAK><CMD>008027000380</CMD>{校長先生|こうちょうせんせい}<CMD>008027000180</CMD>のお{父上|ちちうえ}と<BREAK>わしのブユウデンについてじゃよ",
			"<CMD>18802700729b27000580</CMD><CMD>17802700729b27000a8027000a8027000180</CMD><CMD>16802700729b27002d81</CMD>あのことは　くれぐれも<BREAK>ないみつに　たのむぞ？",
			"じつはな　お{父上|ちちうえ}との<BREAK>{約束|ヤクソク}でな",
			"{今|いま}の<CMD>008027000380</CMD>{校長先生|こうちょうせんせい}<CMD>008027000180</CMD>には<BREAK>わしらが　いだいでカンペキ<BREAK>だったと　{思|おも}わせてくれと",
			"そう　たのまれて<BREAK>おったのじゃよ",
			"そう{約束|ヤクソク}した　お{父上|ちちうえ}も<BREAK>もう　だいぶ　むかしに<BREAK>なくなったが…",
			"わしとしても　{今|いま}さら　むかしは<BREAK>ブイブイ{言|い}わせていた　などとは<BREAK>はずかしくて{言|い}えんしのぉ",
			"ヒョッヒョッヒョッヒョ！",
			"だからの<BREAK>くれぐれも　あのことは<BREAK>ないみつに　たのむぞよ？<CMD>49802700df8027000480</CMD>",
			"\f"
		]
	},
	{
		"Index": 33,
		"JPN": [
			"まほうには<BREAK>さまざまな しゅるいが<BREAK>そんざいする",
			"なかには　とてつもなく<BREAK>おそろしいまほうも<BREAK>あるのじゃ…",
			"まほうのあつかいは<BREAK>くれぐれも しんちょうに<BREAK>するのじゃぞ？",
			"\f"
		]
	},
	{
		"Index": 34,
		"JPN": [
			"まほうを{使|つか}って<BREAK>あまり {友|とも}だちを<BREAK>{困|こま}らせちゃイカンぞ！",
			"イタズラまほうが　げんいんで<BREAK>よく　ケンカになるからのぉ～",
			"\f"
		]
	},
	{
		"Index": 35,
		"JPN": [
			"まほうは<BREAK>ひじょ～に<BREAK>べんりなものじゃ",
			"ただ<BREAK>まほうに　たよってばかりでは<BREAK>いけないぞぃ？",
			"\f"
		]
	},
	{
		"Index": 36,
		"JPN": [
			"まほう{語|ご}のじゅもんを<BREAK>デタラメにとなえると<BREAK>{失敗|しっぱい}まほうがでてしまう",
			"{失敗|しっぱい}まほうは<BREAK>まほう{使|つか}いにとって<BREAK>はずかしいことじゃ",
			"\f"
		]
	},
	{
		"Index": 37,
		"JPN": [
			"ヒョッヒョッヒョッヒョッ！<CMD>498027000a802700158027000180</CMD>",
			"\f"
		]
	},
	{
		"Index": 38,
		"JPN": [
			"そうか<BREAK>またなにかあったら<BREAK>よびなさい<CMD>49802700dd8027001e8027000080</CMD>",
			"\f"
		]
	}
]