[
	{
		"Index": 0,
		"JPN": [
			"<CMD>098027000c8027001480</CMD>",
			"ZZｚｚｚ…",
			"\f"
		]
	},
	{
		"Index": 4,
		"JPN": [
			"おやおや<BREAK>どうしたのです？",
			"<CMD>138027004586</CMD>",
			"\f"
		]
	},
	{
		"Index": 5,
		"JPN": [
			"<CMD>3780</CMD>",
			"おはなしする<CMD>11802700cf862700d286</CMD>",
			"かがいじゅぎょう<CMD>138027004786</CMD>",
			"やめる<CMD>138027004886</CMD>",
			"\f"
		]
	},
	{
		"Index": 7,
		"JPN": [
			"こんかいの　かがいじゅぎょうは<BREAK>おわりですよ<CMD>2b802700008027000080</CMD>",
			"\f"
		]
	},
	{
		"Index": 8,
		"JPN": [
			"またおいで<CMD>2b802700008027000080</CMD>",
			"\f"
		]
	},
	{
		"Index": 9,
		"JPN": [
			"かだいは<BREAK>おわりましたか？",
			"<CMD>138027004a86</CMD>",
			"\f"
		]
	},
	{
		"Index": 10,
		"JPN": [
			"<CMD>3780</CMD>",
			"かだいのかくにん<CMD>11802700128727004d87</CMD>",
			"はい<CMD>118027004e8727008987</CMD>",
			"いいえ<CMD>138027004c86</CMD>",
			"\f"
		]
	},
	{
		"Index": 12,
		"JPN": [
			"では　がんばってください！<CMD>2b802700008027000080</CMD>",
			"\f"
		]
	},
	{
		"Index": 14,
		"JPN": [
			"おやおや<BREAK>どうしたのかな？",
			"<CMD>138027004f86</CMD>",
			"\f"
		]
	},
	{
		"Index": 15,
		"JPN": [
			"<CMD>3780</CMD>",
			"おはなしする<CMD>11802700cf862700d286</CMD>",
			"かがいじゅぎょう<CMD>11802700888627008b86</CMD>",
			"やめる<CMD>13802700d386</CMD>",
			"\f"
		]
	},
	{
		"Index": 72,
		"JPN": [
			"<CMD>49802700fe812700038027000080</CMD>",
			"\f"
		]
	},
	{
		"Index": 73,
		"JPN": [
			"<CMD>49802700fe812700028027000080</CMD>",
			"\f"
		]
	},
	{
		"Index": 74,
		"JPN": [
			"こんかいの　かがいじゅぎょうは<BREAK>おわりですよ",
			"\f"
		]
	},
	{
		"Index": 75,
		"JPN": [
			"こんかい　かがいじゅぎょうは<BREAK>ありませんよ",
			"\f"
		]
	},
	{
		"Index": 90,
		"JPN": [
			"<CMD>11802700cf862700d286</CMD>",
			"\f"
		]
	},
	{
		"Index": 91,
		"JPN": [
			"<CMD>11802700cf862700d286</CMD>",
			"\f"
		]
	},
	{
		"Index": 92,
		"JPN": [
			"<CMD>11802700cf862700d286</CMD>",
			"\f"
		]
	},
	{
		"Index": 93,
		"JPN": [
			"<CMD>11802700cf862700d286</CMD>",
			"\f"
		]
	},
	{
		"Index": 94,
		"JPN": [
			"<CMD>11802700cf862700d286</CMD>",
			"\f"
		]
	},
	{
		"Index": 95,
		"JPN": [
			"<CMD>11802700cf862700d286</CMD>",
			"\f"
		]
	},
	{
		"Index": 96,
		"JPN": [
			"<CMD>11802700cf862700d286</CMD>",
			"\f"
		]
	},
	{
		"Index": 97,
		"JPN": [
			"<CMD>11802700cf862700d286</CMD>",
			"\f"
		]
	},
	{
		"Index": 98,
		"JPN": [
			"<CMD>11802700cf862700d286</CMD>",
			"\f"
		]
	},
	{
		"Index": 99,
		"JPN": [
			"<CMD>11802700cf862700d286</CMD>",
			"\f"
		]
	}
]