[
	{
		"Index": 0,
		"JPN": [
			"<CMD>18802700729b27000180</CMD><CMD>17802700729b270001802700048027000280</CMD><CMD>16802700729b27005581</CMD>あけまして　おめでとう<BREAK><CMD>f481</CMD>！<BREAK>{今年|ことし}もよろしくね！！",
			"<CMD>18802700729b27000580</CMD><CMD>17802700729b270001802700048027000080</CMD><CMD>16802700729b27005681</CMD>あっ…そうだ！",
			"<CMD>18802700729b27000180</CMD><CMD>17802700729b270001802700048027000280</CMD><CMD>16802700729b27005581</CMD>{新|あたら}しい<BREAK>お{花|はな}を{入荷|にゅうか}したの",
			"{良|よ}かったら<BREAK>お1ついかが？！<CMD>4d8027000681270061832700038127004083</CMD>",
			"\f"
		]
	},
	{
		"Index": 3,
		"JPN": [
			"きょうはいったい<BREAK>なんのようじかな？",
			"<CMD>128027000180</CMD>",
			"\f"
		]
	},
	{
		"Index": 4,
		"JPN": [
			"<CMD>3780</CMD>",
			"おはなしする<CMD>11802700ea9527001c96</CMD>",
			"{植物|しょくぶつ}のこと<CMD>138027007b96</CMD>",
			"ナゾのなえをかう<CMD>138027008196</CMD>",
			"ベリーをかう<CMD>10802700899627009496</CMD>",
			"やめる<CMD>13802700a596</CMD>",
			"\f"
		]
	},
	{
		"Index": 5,
		"JPN": [
			"いま　ふくぶくろを<BREAK>やってるんだけど<BREAK>{買|か}う？",
			"<CMD>13802700e695</CMD>",
			"\f"
		]
	},
	{
		"Index": 6,
		"JPN": [
			"<CMD>3780</CMD>",
			"{買|か}う<CMD>13802700e795</CMD>",
			"ふくぶくろって？<CMD>13802700e995</CMD>",
			"{買|か}わない<CMD>13802700e895</CMD>",
			"\f"
		]
	},
	{
		"Index": 7,
		"JPN": [
			"<CMD>498027003b862700288027000180</CMD>",
			"\f"
		]
	},
	{
		"Index": 8,
		"JPN": [
			"あら　じゃあ{他の用事|ほかのようじ}かな？",
			"<CMD>13802700e495</CMD>",
			"\f"
		]
	},
	{
		"Index": 9,
		"JPN": [
			"ふくぶくろはね<BREAK>お{正月|しょうがつ}に{売|う}られるもので<BREAK>たくさん{商品|しょうひん}が{入|はい}ってるの",
			"{私|わたし}たちが{売|う}るふくぶくろは<BREAK>{商品|しょうひん}が５こ{入|はい}ってるのよ",
			"ふくろのしゅるいは３つあってね<BREAK>インテリア　ふく　アイテム<BREAK>あと{色|いろ}もえらべるの",
			"ふくろと{同じ色|おなじいろ}の<BREAK>{商品|しょうひん}が{入|はい}ってるから<BREAK>{好き|スキ}な{色|いろ}をえらんでね",
			"ねだんは<BREAK>インテリアが１００００リッチ<BREAK>ふくは５０００リッチ…",
			"アイテムは１０００リッチよ",
			"あと　このふくぶくろには<BREAK>とくしゅなまほうがかけられててね",
			"ほしいとねがってるものが<BREAK>{入|はい}ってるみたいよ？",
			"トメさんがかけたまほうだから<BREAK>きっとこうかバツグンよね",
			"じゃ　もう{一度|いちど}きくよ？",
			"<CMD>13802700e595</CMD>",
			"\f"
		]
	},
	{
		"Index": 10,
		"JPN": [
			"<CMD>118027001d9627004496</CMD>",
			"\f"
		]
	},
	{
		"Index": 11,
		"JPN": [
			"<CMD>118027001d9627004496</CMD>",
			"\f"
		]
	},
	{
		"Index": 12,
		"JPN": [
			"<CMD>118027001d9627004496</CMD>",
			"\f"
		]
	},
	{
		"Index": 13,
		"JPN": [
			"<CMD>118027001d9627004496</CMD>",
			"\f"
		]
	},
	{
		"Index": 14,
		"JPN": [
			"<CMD>118027001d9627004496</CMD>",
			"\f"
		]
	},
	{
		"Index": 15,
		"JPN": [
			"<CMD>118027001d9627004496</CMD>",
			"\f"
		]
	},
	{
		"Index": 16,
		"JPN": [
			"<CMD>118027001d9627004496</CMD>",
			"\f"
		]
	},
	{
		"Index": 17,
		"JPN": [
			"<CMD>118027001d9627004496</CMD>",
			"\f"
		]
	},
	{
		"Index": 18,
		"JPN": [
			"<CMD>118027001d9627004496</CMD>",
			"\f"
		]
	},
	{
		"Index": 19,
		"JPN": [
			"<CMD>118027001d9627004496</CMD>",
			"\f"
		]
	},
	{
		"Index": 20,
		"JPN": [
			"<CMD>118027001d9627004496</CMD>",
			"\f"
		]
	},
	{
		"Index": 21,
		"JPN": [
			"<CMD>118027001d9627004496</CMD>",
			"\f"
		]
	},
	{
		"Index": 22,
		"JPN": [
			"<CMD>118027001d9627004496</CMD>",
			"\f"
		]
	},
	{
		"Index": 23,
		"JPN": [
			"<CMD>118027001d9627004496</CMD>",
			"\f"
		]
	},
	{
		"Index": 24,
		"JPN": [
			"<CMD>118027001d9627004496</CMD>",
			"\f"
		]
	},
	{
		"Index": 25,
		"JPN": [
			"<CMD>118027001d9627004496</CMD>",
			"\f"
		]
	},
	{
		"Index": 26,
		"JPN": [
			"<CMD>118027001d9627004496</CMD>",
			"\f"
		]
	},
	{
		"Index": 27,
		"JPN": [
			"<CMD>118027001d9627004496</CMD>",
			"\f"
		]
	},
	{
		"Index": 28,
		"JPN": [
			"<CMD>118027001d9627004496</CMD>",
			"\f"
		]
	},
	{
		"Index": 29,
		"JPN": [
			"<CMD>118027001d9627004496</CMD>",
			"\f"
		]
	},
	{
		"Index": 30,
		"JPN": [
			"<CMD>118027001d9627004496</CMD>",
			"\f"
		]
	},
	{
		"Index": 31,
		"JPN": [
			"<CMD>118027001d9627004496</CMD>",
			"\f"
		]
	},
	{
		"Index": 32,
		"JPN": [
			"<CMD>118027001d9627004496</CMD>",
			"\f"
		]
	},
	{
		"Index": 33,
		"JPN": [
			"<CMD>118027001d9627004496</CMD>",
			"\f"
		]
	},
	{
		"Index": 34,
		"JPN": [
			"<CMD>118027001d9627004496</CMD>",
			"\f"
		]
	},
	{
		"Index": 35,
		"JPN": [
			"<CMD>118027001d9627004496</CMD>",
			"\f"
		]
	},
	{
		"Index": 36,
		"JPN": [
			"<CMD>11802700769627007796</CMD>",
			"\f"
		]
	},
	{
		"Index": 37,
		"JPN": [
			"<CMD>118027001d9627004496</CMD>",
			"\f"
		]
	},
	{
		"Index": 38,
		"JPN": [
			"<CMD>118027001d9627004496</CMD>",
			"\f"
		]
	},
	{
		"Index": 39,
		"JPN": [
			"<CMD>118027001d9627004496</CMD>",
			"\f"
		]
	},
	{
		"Index": 40,
		"JPN": [
			"<CMD>118027001d9627004496</CMD>",
			"\f"
		]
	},
	{
		"Index": 41,
		"JPN": [
			"<CMD>118027001d9627004496</CMD>",
			"\f"
		]
	},
	{
		"Index": 42,
		"JPN": [
			"<CMD>118027001d9627004496</CMD>",
			"\f"
		]
	},
	{
		"Index": 43,
		"JPN": [
			"<CMD>118027001d9627004496</CMD>",
			"\f"
		]
	},
	{
		"Index": 44,
		"JPN": [
			"<CMD>118027001d9627004496</CMD>",
			"\f"
		]
	},
	{
		"Index": 45,
		"JPN": [
			"<CMD>118027001d9627004496</CMD>",
			"\f"
		]
	},
	{
		"Index": 46,
		"JPN": [
			"<CMD>118027001d9627004496</CMD>",
			"\f"
		]
	},
	{
		"Index": 47,
		"JPN": [
			"<CMD>118027001d9627004496</CMD>",
			"\f"
		]
	},
	{
		"Index": 48,
		"JPN": [
			"<CMD>118027001d9627004496</CMD>",
			"\f"
		]
	},
	{
		"Index": 49,
		"JPN": [
			"<CMD>118027001d9627004496</CMD>",
			"\f"
		]
	},
	{
		"Index": 50,
		"JPN": [
			"<CMD>118027001d9627004496</CMD>",
			"\f"
		]
	},
	{
		"Index": 51,
		"JPN": [
			"<CMD>118027001d9627004496</CMD>",
			"\f"
		]
	},
	{
		"Index": 52,
		"JPN": [
			"<CMD>118027001d9627004496</CMD>",
			"\f"
		]
	},
	{
		"Index": 53,
		"JPN": [
			"<CMD>118027001d9627004496</CMD>",
			"\f"
		]
	},
	{
		"Index": 54,
		"JPN": [
			"<CMD>118027001d9627004496</CMD>",
			"\f"
		]
	},
	{
		"Index": 55,
		"JPN": [
			"<CMD>118027001d9627004496</CMD>",
			"\f"
		]
	},
	{
		"Index": 56,
		"JPN": [
			"<CMD>118027001d9627004496</CMD>",
			"\f"
		]
	},
	{
		"Index": 57,
		"JPN": [
			"<CMD>118027001d9627004496</CMD>",
			"\f"
		]
	},
	{
		"Index": 58,
		"JPN": [
			"<CMD>118027001d9627004496</CMD>",
			"\f"
		]
	},
	{
		"Index": 59,
		"JPN": [
			"<CMD>118027001d9627004496</CMD>",
			"\f"
		]
	},
	{
		"Index": 60,
		"JPN": [
			"<CMD>118027001d9627004496</CMD>",
			"\f"
		]
	},
	{
		"Index": 61,
		"JPN": [
			"<CMD>11802700459627004596</CMD>",
			"\f"
		]
	},
	{
		"Index": 62,
		"JPN": [
			"<CMD>11802700469627004696</CMD>",
			"\f"
		]
	},
	{
		"Index": 63,
		"JPN": [
			"<CMD>11802700639627006696</CMD>",
			"\f"
		]
	},
	{
		"Index": 64,
		"JPN": [
			"<CMD>11802700639627006696</CMD>",
			"\f"
		]
	},
	{
		"Index": 70,
		"JPN": [
			"<CMD>18802700729b27000180</CMD><CMD>17802700729b270001802700048027000280</CMD><CMD>16802700729b27005581</CMD>いらっしゃいませ",
			"\f"
		]
	},
	{
		"Index": 71,
		"JPN": [
			"<CMD>18802700729b27000180</CMD><CMD>17802700729b270001802700048027000280</CMD><CMD>16802700729b27005581</CMD>ありがとうございます",
			"\f"
		]
	}
]