[
	{
		"Index": 0,
		"JPN": [
			"<CMD>18802700729b27000180</CMD><CMD>17802700729b270001802700048027000280</CMD><CMD>16802700729b27005581</CMD><CMD>f481</CMD>さん　{新年|しんねん}<BREAK>あけまして　おめでとう<BREAK>ございます",
			"{今年|ことし}も　この<BREAK><CMD>008027000580</CMD>ハロゲンデパート<CMD>008027000180</CMD>を",
			"どうぞ　ごひいきに<BREAK>お{願|ねが}いいたします<CMD>4d8027000181270021832700038127004083</CMD>",
			"\f"
		]
	},
	{
		"Index": 1,
		"JPN": [
			"<CMD>18802700729b27000080</CMD><CMD>17802700729b2700088027000a8027000180</CMD><CMD>16802700729b27006981</CMD>ほんじつはどのような<BREAK>ごようけんでしょうか？",
			"<CMD>138027008b93</CMD>",
			"\f"
		]
	},
	{
		"Index": 3,
		"JPN": [
			"<CMD>3780</CMD>",
			"おはなしする<CMD>11802700119427001494</CMD>",
			"つうしんはんばい<CMD>108027008d9327001e94</CMD>",
			"しょうひんの{受|う}け{取|と}り<CMD>138027008f93</CMD>",
			"やめる<CMD>138027004b94</CMD>",
			"\f"
		]
	},
	{
		"Index": 4,
		"JPN": [
			"<CMD>18802700729b27000780</CMD><CMD>17802700729b2700088027000a8027000180</CMD>もうしわけございません<BREAK>{通信|つうしん}はんばいは<BREAK>ただいま　じゅんびちゅうです",
			"<CMD>138027008e93</CMD>",
			"\f"
		]
	},
	{
		"Index": 5,
		"JPN": [
			"<CMD>4b802700ce842700008027000180</CMD>",
			"\f"
		]
	},
	{
		"Index": 6,
		"JPN": [
			"おやめになるのですね？",
			"ほかにご{用|よう}がありましたら<BREAK>おこえをかけてください",
			"\f"
		]
	},
	{
		"Index": 7,
		"JPN": [
			"<CMD>49802700ce842700018027000180</CMD>",
			"\f"
		]
	},
	{
		"Index": 8,
		"JPN": [
			"ごちゅうもんした{商品|しょうひん}を<BREAK>{受|う}け{取|と}る{場合|ばあい}には<BREAK>こちらを　お{選|えら}びください",
			"ごちゅうもんの{商品|しょうひん}を<BREAK>おわたしいたします",
			"\f"
		]
	},
	{
		"Index": 9,
		"JPN": [
			"<CMD>18802700729b27000780</CMD><CMD>17802700729b2700088027000a8027000180</CMD>もうしわけございません<BREAK>ごちゅうもんの{商品|しょうひん}は<BREAK>ただいま　とりよせちゅうです",
			"{明日|あす}の{商品|しょうひん}とう{着|ちゃく}まで<BREAK>{少々|しょうしょう}　お{待|ま}ち{下|くだ}さい",
			"\f"
		]
	},
	{
		"Index": 10,
		"JPN": [
			"<CMD>11802700b0932700b093</CMD>",
			"\f"
		]
	},
	{
		"Index": 11,
		"JPN": [
			"<CMD>11802700b1932700b193</CMD>",
			"\f"
		]
	},
	{
		"Index": 12,
		"JPN": [
			"<CMD>11802700b2932700b293</CMD>",
			"\f"
		]
	},
	{
		"Index": 13,
		"JPN": [
			"<CMD>11802700b3932700b393</CMD>",
			"\f"
		]
	},
	{
		"Index": 14,
		"JPN": [
			"<CMD>11802700ce932700d193</CMD>",
			"\f"
		]
	},
	{
		"Index": 15,
		"JPN": [
			"<CMD>11802700ce932700d193</CMD>",
			"\f"
		]
	},
	{
		"Index": 16,
		"JPN": [
			"<CMD>11802700b0932700b093</CMD>",
			"\f"
		]
	},
	{
		"Index": 17,
		"JPN": [
			"<CMD>11802700b1932700b193</CMD>",
			"\f"
		]
	},
	{
		"Index": 18,
		"JPN": [
			"<CMD>11802700b2932700b293</CMD>",
			"\f"
		]
	},
	{
		"Index": 19,
		"JPN": [
			"<CMD>11802700b3932700b393</CMD>",
			"\f"
		]
	},
	{
		"Index": 20,
		"JPN": [
			"<CMD>11802700d2932700d593</CMD>",
			"\f"
		]
	},
	{
		"Index": 21,
		"JPN": [
			"<CMD>11802700d2932700d593</CMD>",
			"\f"
		]
	},
	{
		"Index": 22,
		"JPN": [
			"<CMD>11802700b0932700b093</CMD>",
			"\f"
		]
	},
	{
		"Index": 23,
		"JPN": [
			"<CMD>11802700b1932700b193</CMD>",
			"\f"
		]
	},
	{
		"Index": 24,
		"JPN": [
			"<CMD>11802700b2932700b293</CMD>",
			"\f"
		]
	},
	{
		"Index": 25,
		"JPN": [
			"<CMD>11802700b3932700b393</CMD>",
			"\f"
		]
	},
	{
		"Index": 26,
		"JPN": [
			"<CMD>11802700209427002394</CMD>",
			"\f"
		]
	},
	{
		"Index": 27,
		"JPN": [
			"<CMD>11802700209427002394</CMD>",
			"\f"
		]
	},
	{
		"Index": 28,
		"JPN": [
			"<CMD>18802700729b27000080</CMD><CMD>17802700729b2700088027000a8027000180</CMD><CMD>16802700729b27006981</CMD>ただいま　ふくぶくろを<BREAK>はんばいちゅうです<BREAK>おひとついかがですか？",
			"<CMD>13802700a593</CMD>",
			"\f"
		]
	},
	{
		"Index": 29,
		"JPN": [
			"<CMD>3780</CMD>",
			"{買|か}う<CMD>13802700a693</CMD>",
			"ふくぶくろって？<CMD>13802700a893</CMD>",
			"{買|か}わない<CMD>13802700a793</CMD>",
			"\f"
		]
	},
	{
		"Index": 30,
		"JPN": [
			"<CMD>498027003b8627000a8027000180</CMD>",
			"\f"
		]
	},
	{
		"Index": 31,
		"JPN": [
			"おや　ではほんじつはどのような<BREAK>ごようけんでしょうか？",
			"<CMD>138027008b93</CMD>",
			"\f"
		]
	},
	{
		"Index": 32,
		"JPN": [
			"ふくぶくろとは　なかみは<BREAK>わからないものの　たくさんの<BREAK>アイテムが{入|はい}ってるふくろです",
			"<CMD>18802700729b27000180</CMD><CMD>17802700729b270001802700048027000280</CMD><CMD>16802700729b27005581</CMD>なんと{一つ|ひとつ}のふくろに<BREAK>アイテムが５こも{入|はい}っています<BREAK>とてもおトクですね",
			"ふくろのしゅるいは３つ<BREAK>インテリア　ふく　アイテム<BREAK>さらに{色|いろ}もえらべます",
			"えらんだ{色|いろ}のアイテムが<BREAK>{入|はい}ってますので<BREAK>{好き|スキ}な{色|いろ}にするといいですね",
			"ねだんは<BREAK>インテリアが１００００リッチ<BREAK>ふくは５０００リッチ…",
			"アイテムは１０００リッチです",
			"そしてじつは<BREAK>とくしゅなまほうが<BREAK>かけられているので…",
			"ほしいとねがっているアイテムが<BREAK>{入|はい}っているかも{知|し}れません",
			"<CMD>18802700729b27000180</CMD><CMD>17802700729b270001802700048027000280</CMD><CMD>16802700729b27005581</CMD>それは<CMD>f481</CMD>さんの<BREAK>{運|うん}しだいですね",
			"せつめいはいじょうです<BREAK>では　あらためて…",
			"<CMD>13802700a493</CMD>",
			"\f"
		]
	},
	{
		"Index": 35,
		"JPN": [
			"{商品|しょうひん}の{受|う}け{取|と}りですね？<BREAK>お{待|ま}ちしておりました",
			"こちらがごちゅうもんの<BREAK>{商品|しょうひん}になります",
			"\f"
		]
	},
	{
		"Index": 36,
		"JPN": [
			"<CMD>3780</CMD>",
			"インテリア<CMD>138027008d93</CMD>",
			"かべがみ・じゅうたん<CMD>138027008d93</CMD>",
			"うわぎ<CMD>138027008d93</CMD>",
			"そのほかのふく<CMD>138027008d93</CMD>",
			"やめる<CMD>13802700ffff</CMD>",
			"\f"
		]
	},
	{
		"Index": 37,
		"JPN": [
			"こうにゅうしたことのある<BREAK>しょうひんなら<BREAK>お{取|と}りよせすることが　できます",
			"<CMD>18802700729b27000080</CMD><CMD>17802700729b2700088027000a8027000180</CMD><CMD>16802700729b27006981</CMD>{何|なに}か　ごちゅうもんは<BREAK>ありますか？",
			"<CMD>13802700ac93</CMD>",
			"\f"
		]
	},
	{
		"Index": 40,
		"JPN": [
			"<CMD>f481</CMD>さんの<BREAK>{夢|ゆめ}はなんですか？",
			"<CMD>18802700729b27000180</CMD><CMD>17802700729b270001802700048027000280</CMD><CMD>16802700729b27005581</CMD>{若|わか}い{人|ひと}には<BREAK>たくさんの{夢|ゆめ}が<BREAK>あるのでしょうね",
			"わたくしにも{夢|ゆめ}がありました",
			"…どんな{夢|ゆめ}ですと？",
			"<CMD>18802700729b27000780</CMD><CMD>17802700729b2700088027000a8027000180</CMD>…{少|すこ}し　はずかしいですが<BREAK>{実|じつ}は　ミュージシャンに<BREAK>あこがれていたのです",
			"ふふふ<BREAK>{意外|いがい}ですか？",
			"まあ　{今|いま}は<BREAK><CMD>008027000580</CMD>ハロゲンデパート<CMD>008027000180</CMD>の{店員|てんいん}に<BREAK>なっていますけれど",
			"それでも　ときどきは<BREAK>ギターをひいたり<BREAK>するんですよ",
			"なつかしい　あのころを<BREAK>{思|おも}い{出|だ}しながら…<CMD>49802700df8027000280</CMD>",
			"\f"
		]
	},
	{
		"Index": 41,
		"JPN": [
			"むかし　ミュージシャンに<BREAK>なりたかった　わたくしは",
			"{親|おや}の{反対|はんたい}をおし{切|き}って<BREAK><CMD>008027000580</CMD>{町|まち}<CMD>008027000180</CMD>を{出|で}たことがありました",
			"<CMD>18802700729b27000780</CMD><CMD>17802700729b2700088027000a8027000180</CMD>もちろん<BREAK>そう{簡単|かんたん}に　ミュージシャンに<BREAK>など　なれるものではございません",
			"{夢|ゆめ}やぶれて<BREAK>ミュージシャンをあきらめた{後|あと}",
			"わたくしは　{世界中|せかいじゅう}を<BREAK>{旅|たび}して{回|まわ}ったのです",
			"なんのために　ですと？",
			"そうですね…",
			"{生|い}きる{目的|もくてき}を…<BREAK>{新|あたら}しい{夢|ゆめ}を<BREAK>{見|み}つけたかったのかもしれませんね<CMD>49802700df8027000280</CMD>",
			"\f"
		]
	},
	{
		"Index": 42,
		"JPN": [
			"ミュージシャンの{夢|ゆめ}が<BREAK>やぶれたあと<BREAK>{世界中|せかいじゅう}を{旅|たび}して…",
			"わたくしは<BREAK>なにを{見|み}つけたと{思|おも}います？",
			"<CMD>18802700729b27000780</CMD><CMD>17802700729b2700088027000a8027000180</CMD>ふらりと{立|た}ち{寄|よ}った<CMD>008027000580</CMD>{町|まち}<CMD>008027000180</CMD>で<BREAK>なんと　{妻|つま}になる{女性|じょせい}に<BREAK>めぐりあったのですよ",
			"ミュージシャンの{夢以上|ゆめいじょう}に<BREAK>すばらしいものを{見|み}つけた<BREAK>わたくしは",
			"その{女性|じょせい}とケッコンして<BREAK>ムコ{養子|ようし}となり<BREAK>{幸|しあわ}せにくらしたのです…",
			"この<CMD>008027000580</CMD>ハロゲンデパート<CMD>008027000180</CMD>は<BREAK>{妻|つま}の{実家|じっか}がケイエイする<BREAK>デパートのチェーン{店|てん}なのです",
			"その{関係|かんけい}で<BREAK>わたくしは　このデパートの<BREAK>{店員|てんいん}をしているのですよ<CMD>49802700df8027000280</CMD>",
			"\f"
		]
	},
	{
		"Index": 43,
		"JPN": [
			"{妻|つま}とケッコンしてから<BREAK>ずっと　いっしょに<BREAK>この{店|みせ}をやってきました",
			"{妻|つま}ですか？",
			"<CMD>18802700729b27000380</CMD><CMD>17802700729b270001802700048027000080</CMD><CMD>16802700729b27003081</CMD>ざんねんながら<BREAK>{彼女|かのじょ}は　{少|すこ}し{前|まえ}に<BREAK>{先立|さきだ}ちました…",
			"{妻|つま}のいなくなった<BREAK>{人生|じんせい}など……と<BREAK>また{旅|たび}に{出|で}ようかと{思|おも}いました",
			"けれど　ある{日|ひ}<BREAK>ふと　{気付|きづ}いたのです",
			"この{店|みせ}には　{妻|つま}との{思|おも}い{出|で}が<BREAK>たくさん　つまっているのだと",
			"だからわたくしは　{旅|たび}に{出|で}るより<BREAK>{思|おも}い{出|で}といっしょに<BREAK>ここに　いることにしたのです",
			"{妻|つま}は{本当|ほんとう}に<BREAK>よい{女性|じょせい}でありました",
			"<CMD>f481</CMD>さんも<BREAK>すばらしいパートナーを<BREAK>{見|み}つけられるといいですね<CMD>49802700df8027000280</CMD>",
			"\f"
		]
	},
	{
		"Index": 44,
		"JPN": [
			"やあ<BREAK><CMD>f481</CMD>さん",
			"<CMD>f481</CMD>さんも<BREAK>こういうところに　{来|く}るのですね",
			"わたくしも　たまに<BREAK><CMD>008027000380</CMD>メルシィさん<CMD>008027000180</CMD>に{会|あ}いに<BREAK>{来|く}るのですよ",
			"<CMD>008027000380</CMD>メルシィさん<CMD>008027000180</CMD>とは<BREAK>シュミの{音楽|おんがく}なかまなのです",
			"<CMD>18802700729b27000780</CMD><CMD>17802700729b2700088027000a8027000180</CMD>ときどき　いっしょに<BREAK>セッションを<BREAK>したりするのですよ",
			"<CMD>008027000380</CMD>メルシィさん<CMD>008027000180</CMD>と<BREAK>セッションをするのは<BREAK>とても{楽|たの}しいのですよ",
			"あの{時間|じかん}は<BREAK>まさに{至福|しふく}…<BREAK>と　{言|い}っても　よいぐらいです",
			"\f"
		]
	},
	{
		"Index": 67,
		"JPN": [
			"{通信|つうしん}はんばいは<BREAK>１にちで　ごちゅうもんの{品|しな}を<BREAK>おとどけいたします",
			"とどくまで<BREAK>しばらく　お{待|ま}ちください",
			"ほかにご{用|よう}がありましたら<BREAK>おこえをかけてください",
			"\f"
		]
	},
	{
		"Index": 68,
		"JPN": [
			"げんざい　{取|と}りよせ{中|ちゅう}ですので<BREAK>ごちゅうもんは　できません",
			"カタログをごらんになることは<BREAK>できますが<BREAK>どれを{見|み}ますか？",
			"<CMD>13802700ac93</CMD>",
			"\f"
		]
	},
	{
		"Index": 69,
		"JPN": [
			"ほかにご{用|よう}がありましたら<BREAK>おこえをかけてください",
			"\f"
		]
	},
	{
		"Index": 70,
		"JPN": [
			"<CMD>18802700729b27000180</CMD><CMD>17802700729b270001802700048027000280</CMD><CMD>16802700729b27005581</CMD>このフロアでは<BREAK>かぐとほうきを<BREAK>{取|と}りあつかっております",
			"ひろびろした{店内|てんない}で<BREAK>ごゆっくりお{買|か}いものを<BREAK>おたのしみください",
			"\f"
		]
	},
	{
		"Index": 71,
		"JPN": [
			"<CMD>18802700729b27000180</CMD><CMD>17802700729b270001802700048027000280</CMD><CMD>16802700729b27005581</CMD>お{気|き}に{入|い}りのかぐは<BREAK>みつかりましたでしょうか？",
			"さまざまな<BREAK>かぐがありますので<BREAK>ごゆっくりおえらびください",
			"\f"
		]
	},
	{
		"Index": 72,
		"JPN": [
			"<CMD>18802700729b27000080</CMD><CMD>17802700729b2700088027000a8027000180</CMD><CMD>16802700729b27006981</CMD>じぶんだけの<BREAK>ほうきをお{持|も}ちでしょうか？",
			"よいほうきに　おのりになれば<BREAK>りっぱな　まほう{使|つか}いへの<BREAK>{早道|はやみち}になるかと…",
			"\f"
		]
	},
	{
		"Index": 73,
		"JPN": [
			"<CMD>008027000580</CMD>ハロゲンデパート<CMD>008027000180</CMD>は<BREAK>すべてのお{客|きゃく}さまを<BREAK>えがおにするのがモットーなのです",
			"<CMD>18802700729b27000180</CMD><CMD>17802700729b270001802700048027000280</CMD><CMD>16802700729b27005581</CMD>{当店|とうてん}は<BREAK>お{客|きゃく}さまのえがおのため<BREAK>ひびどりょくしております",
			"\f"
		]
	},
	{
		"Index": 74,
		"JPN": [
			"<CMD>18802700729b27000180</CMD><CMD>17802700729b270001802700048027000280</CMD><CMD>16802700729b27005581</CMD>さまざまな{色|いろ}やがらの<BREAK>かべがみやじゅうたんを<BREAK>{取|と}りあつかっております",
			"お{客|きゃく}さま{好|ごの}みのお{部屋|へや}へ<BREAK>リフォームをされては<BREAK>いかがでしょう？",
			"\f"
		]
	},
	{
		"Index": 75,
		"JPN": [
			"<CMD>18802700729b27000180</CMD><CMD>17802700729b270001802700048027000280</CMD><CMD>16802700729b27005581</CMD>かべがみやじゅうたんを<BREAK>{明|あか}るい{色|いろ}にしただけで<BREAK>こころも{明|あか}るくなるものです",
			"ぜひお{客|きゃく}さまも<BREAK>{明|あか}るいお{部屋|へや}に<BREAK>されてはどうですか？",
			"\f"
		]
	},
	{
		"Index": 76,
		"JPN": [
			"<CMD>18802700729b27000180</CMD><CMD>17802700729b270001802700048027000280</CMD><CMD>16802700729b27005581</CMD>お{部屋|へや}に<BREAK>たいせつなかたを<BREAK>おまねきするとき…",
			"<CMD>18802700729b27000080</CMD><CMD>17802700729b2700088027000a8027000180</CMD><CMD>16802700729b27006981</CMD>ステキなかべがみやじゅうたん<BREAK>でしたらよろこんでいただける<BREAK>のではないでしょうか？",
			"\f"
		]
	},
	{
		"Index": 77,
		"JPN": [
			"<CMD>18802700729b27000080</CMD><CMD>17802700729b2700088027000a8027000180</CMD><CMD>16802700729b27006981</CMD>お{客|きゃく}さま<BREAK>まほうのじゅうたんは<BREAK>ごぞんじですか？",
			"<CMD>008027000580</CMD>ハロゲンデパート<CMD>008027000180</CMD>の<BREAK>じゅうたんはすべて…",
			"<CMD>18802700729b27000180</CMD><CMD>17802700729b270001802700048027000280</CMD><CMD>16802700729b27005581</CMD>お{客|きゃく}さまをえがおにする<BREAK>まほうのじゅうたんと<BREAK>{思|おも}っております",
			"\f"
		]
	},
	{
		"Index": 78,
		"JPN": [
			"<CMD>18802700729b27000080</CMD><CMD>17802700729b2700088027000a8027000180</CMD><CMD>16802700729b27006981</CMD>ほんじつはどのような<BREAK>ごようけんでしょうか？",
			"<CMD>13802700da93</CMD>",
			"\f"
		]
	},
	{
		"Index": 79,
		"JPN": [
			"<CMD>18802700729b27000080</CMD><CMD>17802700729b2700088027000a8027000180</CMD><CMD>16802700729b27006981</CMD>ほんじつはどのような<BREAK>ごようけんでしょうか？",
			"<CMD>138027003294</CMD>",
			"\f"
		]
	},
	{
		"Index": 80,
		"JPN": [
			"<CMD>18802700729b27000080</CMD><CMD>17802700729b2700088027000a8027000180</CMD><CMD>16802700729b27006981</CMD>ほんじつはどのような<BREAK>ごようけんでしょうか？",
			"<CMD>138027003394</CMD>",
			"\f"
		]
	},
	{
		"Index": 82,
		"JPN": [
			"<CMD>3780</CMD>",
			"おはなしする<CMD>11802700db9327001094</CMD>",
			"この{曲|きょく}ほしい<CMD>10802700419427001e94</CMD>",
			"やめる<CMD>138027004d94</CMD>",
			"\f"
		]
	},
	{
		"Index": 83,
		"JPN": [
			"<CMD>118027009e932700a393</CMD>",
			"\f"
		]
	},
	{
		"Index": 84,
		"JPN": [
			"<CMD>118027009e932700a393</CMD>",
			"\f"
		]
	},
	{
		"Index": 85,
		"JPN": [
			"<CMD>118027009e932700a393</CMD>",
			"\f"
		]
	},
	{
		"Index": 86,
		"JPN": [
			"<CMD>118027009e932700a393</CMD>",
			"\f"
		]
	},
	{
		"Index": 87,
		"JPN": [
			"<CMD>118027009e932700a393</CMD>",
			"\f"
		]
	},
	{
		"Index": 88,
		"JPN": [
			"<CMD>118027009e932700a393</CMD>",
			"\f"
		]
	},
	{
		"Index": 89,
		"JPN": [
			"<CMD>118027009e932700a393</CMD>",
			"\f"
		]
	},
	{
		"Index": 90,
		"JPN": [
			"<CMD>118027009e932700a393</CMD>",
			"\f"
		]
	},
	{
		"Index": 91,
		"JPN": [
			"<CMD>118027009e932700a393</CMD>",
			"\f"
		]
	},
	{
		"Index": 92,
		"JPN": [
			"<CMD>118027009e932700a393</CMD>",
			"\f"
		]
	},
	{
		"Index": 93,
		"JPN": [
			"<CMD>118027009e932700a393</CMD>",
			"\f"
		]
	},
	{
		"Index": 94,
		"JPN": [
			"<CMD>118027009e932700a393</CMD>",
			"\f"
		]
	},
	{
		"Index": 95,
		"JPN": [
			"<CMD>118027009e932700a393</CMD>",
			"\f"
		]
	},
	{
		"Index": 96,
		"JPN": [
			"<CMD>118027001a9427001b94</CMD>",
			"\f"
		]
	},
	{
		"Index": 97,
		"JPN": [
			"<CMD>118027009e932700a393</CMD>",
			"\f"
		]
	},
	{
		"Index": 98,
		"JPN": [
			"<CMD>118027009e932700a393</CMD>",
			"\f"
		]
	},
	{
		"Index": 99,
		"JPN": [
			"<CMD>118027009e932700a393</CMD>",
			"\f"
		]
	}
]