[
	{
		"Index": 1,
		"JPN": [
			"<CMD>18802700729b27000680</CMD><CMD>17802700729b270001802700048027000080</CMD><CMD>16802700729b27007e81</CMD><CMD>008027000380</CMD>デイジー<CMD>008027000180</CMD>って　セイソでカレンで<BREAK>オトメってカンジがするでしょ？<BREAK>でも　それって{大|おお}ちがいなんだな",
			"いっしょに　あそびに{行|い}ったとき<BREAK><CMD>008027000380</CMD>デイジー<CMD>008027000180</CMD>の{運転|うんてん}する<BREAK>ホウキに{乗|の}ったことがあんのよ",
			"<CMD>18802700729b27000580</CMD><CMD>17802700729b2700068027000a8027000280</CMD><CMD>16802700729b27002d81</CMD>そしたら　あの{子|こ}<BREAK>ホウキにまたがったとたん<BREAK>{人|ひと}が{変|か}わる{変|か}わる！",
			"<CMD>18802700729b27000580</CMD><CMD>17802700729b270001802700048027000080</CMD><CMD>16802700729b27005981</CMD>スピード{狂|キョウ}っていうのかな<BREAK>とにかく　スピード{出|だ}してないと<BREAK>{気|き}がすまないみたいなの",
			"<CMD>18802700729b27000580</CMD><CMD>17802700729b2700068027000a8027000280</CMD><CMD>16802700729b27002d81</CMD>あっという{間|ま}に<BREAK>ケシキが{後|うし}ろに{飛|と}んでくのよ<BREAK>あのキョウフ　わすれらんない",
			"しかも　{前飛|まえと}んでる{人|ひと}に<BREAK>ジャマだ　どきやがれーっ！って<BREAK>どなりつけて",
			"わざと　{相手|あいて}に<BREAK>ホウキ{近|ちか}づけながら<BREAK>{追|お}いこしてくのよ！？",
			"しかも　{抜|ぬ}かれたら<BREAK>ぜったい　{抜|ぬ}き{返|かえ}すまで<BREAK>スピードは{落|お}とさないし…",
			"<CMD>18802700729b27000480</CMD><CMD>17802700729b27000a8027000a8027000180</CMD><CMD>16802700729b27007f81</CMD>あたし　ホウキから<BREAK>ふり{落|お}とされないか<BREAK>チョーこわくて　しかたなかったわ",
			"<CMD>18802700729b27000080</CMD><CMD>17802700729b2700088027000a8027000180</CMD><CMD>16802700729b27006981</CMD>わっかる～？<BREAK>{人|ひと}は　いつもの{顔|かお}だけじゃ<BREAK>わからないってことなんだな～<CMD>49802700df8027000280</CMD>",
			"\f"
		]
	},
	{
		"Index": 2,
		"JPN": [
			"ああ…　ゆーうつだわ…<BREAK>あら？　<CMD>f481</CMD>じゃない<BREAK>お{元気|げんき}だった～？",
			"<CMD>18802700729b27000180</CMD><CMD>17802700729b270001802700048027000280</CMD><CMD>16802700729b27005581</CMD>うんうん<BREAK>あたしが　ゆーうつな{理由|りゆう}<BREAK>{聞|き}いてくれるかな？　くれるよね？",
			"じつは　こんどの{休|やす}み<BREAK><CMD>008027000380</CMD>デイジー<CMD>008027000180</CMD>といっしょに<BREAK>あそびに{行|い}く{予定|よてい}なんだけどね",
			"<CMD>18802700729b27000380</CMD><CMD>17802700729b270001802700048027000080</CMD><CMD>16802700729b27003081</CMD>まあ　それはいいのよ<BREAK>あの{子|こ}　つるんでて<BREAK>{楽|たの}しいしさ",
			"<CMD>18802700729b27000480</CMD><CMD>17802700729b27000a8027000a8027000180</CMD><CMD>16802700729b27007f81</CMD>{問題|もんだい}は…<BREAK>そこまで　<CMD>008027000380</CMD>デイジー<CMD>008027000180</CMD>のホウキで<BREAK>{行|い}くことになっちゃったってこと！",
			"あの{子|こ}　ホウキにぎると<BREAK>{人|ひと}が{変|か}わるのよね～",
			"あたしも<BREAK>ホウキ{乗|の}れるからって<BREAK>{言|い}ったんだけど",
			"<CMD>18802700729b27000580</CMD><CMD>17802700729b2700068027000a8027000280</CMD><CMD>16802700729b27002d81</CMD><CMD>008027000380</CMD>ビビ<CMD>008027000180</CMD>じゃ　おそいから<BREAK>{着|つ}くころには<BREAK>{夜|よる}になっちゃうわよ！　って",
			"<CMD>18802700729b27000480</CMD><CMD>17802700729b27000a8027000a8027000180</CMD><CMD>16802700729b27007f81</CMD>あたし　ことわりきれなくて…<BREAK>また　あのキョウフの{運転|うんてん}…<BREAK>しかも{往復|おうふく}よ　{往復|おうふく}っ！",
			"<CMD>18802700729b27000580</CMD><CMD>17802700729b2700068027000a8027000280</CMD><CMD>16802700729b27002d81</CMD><CMD>008027000380</CMD>デイジー<CMD>008027000180</CMD>　{少|すこ}しは<BREAK>スピード{落|お}としてくれると<BREAK>いいんだけど…　はぁ…<CMD>49802700df8027000280</CMD>",
			"\f"
		]
	},
	{
		"Index": 3,
		"JPN": [
			"<CMD>18802700729b27000180</CMD><CMD>17802700729b270001802700048027000280</CMD><CMD>16802700729b27005581</CMD>ハーイ　<CMD>f481</CMD><BREAK>お{元気|げんき}ぃ？",
			"ふーん　ちゃんと<BREAK><CMD>008027000580</CMD>{学校|がっこう}<CMD>008027000180</CMD>いってんだ<BREAK>たいへんだねー",
			"モチ　あたしにも<BREAK>{学生時代|がくせいじだい}ってあったけど",
			"<CMD>18802700729b27000280</CMD><CMD>17802700729b2700508027000a8027000280</CMD><CMD>16802700729b27007d81</CMD>{先生|せんせい}とか<BREAK>すんごく　ウザくて<BREAK>{好|す}きじゃなかったなぁ",
			"とくにぃ<BREAK><CMD>008027000380</CMD>リカルド<CMD>008027000180</CMD>は<BREAK>シュクテキってカンジ？",
			"もー　マジ<BREAK>いやんなるぐらい<BREAK>おこられたわよぉ",
			"{目|め}のタタキってやつ？<BREAK>{目|め}のカタキ？<BREAK>まぁ　どっちでもいいじゃん",
			"<CMD>18802700729b27000580</CMD><CMD>17802700729b2700068027000a8027000280</CMD><CMD>16802700729b27002d81</CMD>{今|いま}でも<BREAK>あいつと　<CMD>008027000580</CMD>{町|まち}<CMD>008027000180</CMD>で{会|あ}うと<BREAK>{逃|に}げたくなっちゃうわ",
			"<CMD>f481</CMD>も<BREAK>そういうことない？",
			"<CMD>138027008095</CMD>",
			"\f"
		]
	},
	{
		"Index": 4,
		"JPN": [
			"<CMD>3780</CMD>",
			"ある<CMD>138027008195</CMD>",
			"ない<CMD>138027008295</CMD>",
			"\f"
		]
	},
	{
		"Index": 5,
		"JPN": [
			"やっぱりぃ？　ときどき<BREAK>マジで　{逃|に}げたりしてね<BREAK>キャハハッ！<CMD>49802700df8027000480</CMD>",
			"\f"
		]
	},
	{
		"Index": 6,
		"JPN": [
			"ま　まあね<BREAK>{先生|せんせい}は　それが{仕事|しごと}だって<BREAK>わかってんだけどさ…",
			"\f"
		]
	},
	{
		"Index": 7,
		"JPN": [
			"<CMD>18802700729b27000180</CMD><CMD>17802700729b270001802700048027000280</CMD><CMD>16802700729b27005581</CMD>やほー<BREAK><CMD>008027000580</CMD>{学校|がっこう}<CMD>008027000180</CMD>　{楽|たの}しんでる？",
			"つまんなくても<BREAK>サボるんじゃないよ？",
			"{先生|せんせい}たちって<BREAK>あんがい　いいこと<BREAK>{言|い}ってるし",
			"{大人|おとな}になれば<BREAK>イガイと　ためになってたり？",
			"じつはさ　あたし　{今|いま}なら<BREAK><CMD>008027000380</CMD>リカルド<CMD>008027000180</CMD>の{言|い}ってたことも<BREAK>{少|すこ}し　わかるんだよね",
			"なんでかって？",
			"んー<BREAK>{今|いま}の{若|わか}い{子|こ}たちをみてると",
			"ちょっとだけだけど<BREAK><CMD>008027000380</CMD>リカルド<CMD>008027000180</CMD>が{言|い}ってたのと<BREAK>{同|おな}じこと　{思|おも}ったりしてね",
			"なーんてね！",
			"<CMD>18802700729b27000780</CMD><CMD>17802700729b2700088027000a8027000180</CMD>あはは<BREAK>あたしらしくなかったかな<BREAK>こんな{話|はなし}さ<CMD>49802700df8027000480</CMD>",
			"\f"
		]
	},
	{
		"Index": 8,
		"JPN": [
			"どうしたのさ<BREAK><CMD>f481</CMD>？",
			"<CMD>18802700729b27000080</CMD><CMD>17802700729b2700088027000a8027000180</CMD><CMD>16802700729b27006981</CMD>えっ？<BREAK><CMD>008027000380</CMD>リカルド<CMD>008027000180</CMD>と<BREAK>なかよくできないか　って？",
			"キャハハハ！<BREAK>そんなのムリムリ！<BREAK>ぜったい　ムリムリ！",
			"おたがい<BREAK>そんなガラじゃないってば",
			"けどね　{今思|いまおも}えば<BREAK>あいつに<BREAK>おこってもらったことってぇ",
			"ちゃんと<BREAK>{今|いま}の　あたしの{身|み}に<BREAK>なっているんだよねー",
			"くやしーんだけど<BREAK>じつは　ちょっとソンケー？",
			"まあ　それでもー<BREAK>ニガテなやつ　ってことは<BREAK>かわんないんだけどね",
			"<CMD>18802700729b27000180</CMD><CMD>17802700729b270001802700048027000280</CMD><CMD>16802700729b27005581</CMD>キャハハハ！<CMD>49802700df8027000480</CMD>",
			"\f"
		]
	},
	{
		"Index": 9,
		"JPN": [
			"ハーイ　<CMD>f481</CMD><BREAK>あんたって　おしゃれに<BREAK>キョウミあるほうダヨネ～？",
			"<CMD>18802700729b27000080</CMD><CMD>17802700729b2700088027000a8027000180</CMD><CMD>16802700729b27006981</CMD>ショウジキ～<BREAK>この<CMD>008027000580</CMD>{町|まち}<CMD>008027000180</CMD>の{人|ひと}のファッション<BREAK>どう{思|おも}う？",
			"{言|い}いたくないけど<BREAK>ダサダサ　ってカンジ？",
			"この　<CMD>008027000580</CMD>スマイル・ビビ<CMD>008027000180</CMD>で<BREAK>ファッションを<BREAK>なんとかしてあげないと！！",
			"と・く・に！<BREAK>{先生|せんせい}たちの<BREAK>ファッション！！",
			"もー！！<BREAK>なんとかしてよー！！<BREAK>ってカンジ！！",
			"<CMD>18802700729b27000380</CMD><CMD>17802700729b270001802700048027000080</CMD><CMD>16802700729b27003081</CMD>それに　{言|い}いたかないけど<BREAK><CMD>008027000380</CMD>おにいちゃん<CMD>008027000180</CMD>の<BREAK>ファッションも　{超|ちょう}サイテー",
			"{洋服|ようふく}のセンスってものが<BREAK>ぜーんぜんないのよね！！",
			"<CMD>18802700729b27000280</CMD><CMD>17802700729b2700508027000a8027000280</CMD><CMD>16802700729b27007d81</CMD>{妹|いもうと}として　はずかしいわ<BREAK>プンプン！<CMD>49802700df8027000480</CMD>",
			"\f"
		]
	},
	{
		"Index": 10,
		"JPN": [
			"<CMD>18802700729b27000280</CMD><CMD>17802700729b2700508027000a8027000280</CMD><CMD>16802700729b27007d81</CMD>はぁ…<BREAK><CMD>008027000380</CMD>おにいちゃん<CMD>008027000180</CMD>たら<BREAK>またあんな{服着|ふくき}て！！",
			"なんどもダサいって<BREAK>{言|い}ってんのに　ぜんぜん<BREAK>{直|なお}そうとしないんだから！！",
			"ったく<BREAK>せっかく　かみがたは<BREAK>いいセンスしてるのにさ！！",
			"もったいない！！<BREAK>ってカンジ？<BREAK>そう{思|おも}わない？",
			"{毎日|まいにち}　いっしょうけんめい<BREAK>{新|あたら}しいかみがた<BREAK>{開発|かいはつ}してるし…",
			"ショウジキ　{見|み}ていて<BREAK>{元気|げんき}をもらえるってゆーかー",
			"あたしさ　いつかこの<CMD>008027000580</CMD>{町|まち}<CMD>008027000180</CMD>で<BREAK>ファッションショーを<BREAK>{開|ひら}きたいんだけどさー",
			"ショウジキ　ムリ？<BREAK>とか　{思|おも}うときもあるけど",
			"<CMD>008027000380</CMD>おにいちゃん<CMD>008027000180</CMD>{見|み}てると<BREAK>また　がんばろーとか<BREAK>{思|おも}っちゃうんだよね",
			"<CMD>138027008795</CMD>",
			"\f"
		]
	},
	{
		"Index": 11,
		"JPN": [
			"<CMD>3780</CMD>",
			"なかがいいね<CMD>138027008895</CMD>",
			"そうなんだ<CMD>138027008995</CMD>",
			"\f"
		]
	},
	{
		"Index": 12,
		"JPN": [
			"べ　べつに<BREAK>なかよくはないけどさ！",
			"で　でもやっぱ<BREAK>あのファッションは<BREAK>ヘンテコってカンジでしょ？",
			"あたしがなんとか<BREAK>してあげないとさ！<CMD>49802700df8027000480</CMD>",
			"\f"
		]
	},
	{
		"Index": 13,
		"JPN": [
			"マアネー",
			"あれで　ファッションさえ<BREAK>もう{少|すこ}し　なんとかしたら<BREAK>カンペキなのになー",
			"\f"
		]
	},
	{
		"Index": 31,
		"JPN": [
			"<CMD>18802700729b27000180</CMD><CMD>17802700729b2700ad802700068027000280</CMD><CMD>16802700729b27005581</CMD>なにか{気|き}になる<BREAK>ようふくがあったら<BREAK>うんうん　{声|こえ}かけてね～",
			"よかったら　ぜんぜん<BREAK>しちゃくの{準備|じゅんび}とか<BREAK>しちゃうぞ～",
			"\f"
		]
	},
	{
		"Index": 32,
		"JPN": [
			"<CMD>008027000580</CMD>スマイル・ビビ<CMD>008027000180</CMD>では<BREAK>かわいいスカート　や　ズボン<BREAK>ぼうしやくつなど　うんうん…　",
			"<CMD>18802700729b27000180</CMD><CMD>17802700729b2700ad802700068027000280</CMD><CMD>16802700729b27005581</CMD>オシャレアイテムを<BREAK>{取|と}りそろえてるぞ～みたいな…",
			"\f"
		]
	},
	{
		"Index": 33,
		"JPN": [
			"<CMD>18802700729b27000080</CMD><CMD>17802700729b2700b28027000a8027000180</CMD><CMD>16802700729b27006981</CMD>デートのしょうぶふく<BREAK>{決|き}まった？",
			"<CMD>008027000580</CMD>スマイル・ビビ<CMD>008027000180</CMD>は<BREAK>{恋|こい}もサポート<BREAK>しちゃうぞ～",
			"\f"
		]
	},
	{
		"Index": 34,
		"JPN": [
			"<CMD>18802700729b27000180</CMD><CMD>17802700729b2700ad802700068027000280</CMD><CMD>16802700729b27005581</CMD><CMD>008027000580</CMD>スマイル・ビビ<CMD>008027000180</CMD>は<BREAK>どんな{人|ひと}でも<BREAK>へんしんさせちゃうぞ～みたいな",
			"<CMD>18802700729b27000080</CMD><CMD>17802700729b2700b28027000a8027000180</CMD><CMD>16802700729b27006981</CMD>{自分|じぶん}だけの<BREAK>オリジナルファッション　うんうん<BREAK>ゼンゼン　いいんじゃない？",
			"\f"
		]
	},
	{
		"Index": 50,
		"JPN": [
			"<CMD>11802700559527007c95</CMD>",
			"\f"
		]
	},
	{
		"Index": 51,
		"JPN": [
			"<CMD>18802700729b27000280</CMD><CMD>17802700729b2700508027000a8027000280</CMD><CMD>16802700729b27007d81</CMD>あーもー！　サイテー！",
			"<CMD>18802700729b27000080</CMD><CMD>17802700729b270001802700048027000080</CMD>ハロウィンのために<BREAK><CMD>008027000480</CMD><CMD>fb8127005483</CMD><CMD>008027000180</CMD><BREAK>を{用意|ようい}してたのに",
			"うっかり{食|た}べちゃった！",
			"はあ<BREAK>イタズラされたら　イヤだから<BREAK>また{買|か}いにいかないと！",
			"\f"
		]
	},
	{
		"Index": 60,
		"JPN": [
			"<CMD>49802700c78b2700078027000180</CMD>",
			"\f"
		]
	},
	{
		"Index": 61,
		"JPN": [
			"<CMD>18802700729b27000080</CMD><CMD>17802700729b2700088027000a8027000180</CMD><CMD>16802700729b27006981</CMD>ねえ<BREAK>あたしの{目|め}の{下|した}<BREAK>クマできてない～？",
			"ちょっとねぶそくが<BREAK>つづいてて　おはだに<BREAK>ひびいてないか{心配|しんぱい}なの",
			"<CMD>18802700729b27000380</CMD><CMD>17802700729b270001802700048027000080</CMD><CMD>16802700729b27003081</CMD>やだ～<BREAK>お{手入|てい}れは　ぜったい<BREAK>かかしていないはずなのに…",
			"<CMD>18802700729b27000580</CMD><CMD>17802700729b2700068027000a8027000280</CMD><CMD>16802700729b27002d81</CMD>いいかげん<BREAK>{今夜|こんや}には<BREAK>ぐっすりねむりたいな～",
			"\f"
		]
	},
	{
		"Index": 62,
		"JPN": [
			"<CMD>18802700729b27000580</CMD><CMD>17802700729b270001802700048027000080</CMD><CMD>16802700729b27005681</CMD>ええーっ！？<BREAK>あたしのねぶそくが<BREAK>{森|もり}のようせいのせい？",
			"<CMD>18802700729b27000080</CMD><CMD>17802700729b2700088027000a8027000180</CMD><CMD>16802700729b27006981</CMD>また～　<CMD>f481</CMD>ってば<BREAK>あたしをからかおうとしてない？",
			"まあ　{森|もり}で{夜|よる}に<BREAK>ようせいを<BREAK>{見|み}かけたことはあるけど",
			"あの{子|こ}　{楽|たの}しそうに<BREAK>{歌|うた}ってるだけだったわよ",
			"えっ？　その{歌|うた}に<BREAK>まほうがこめられてたの？",
			"やだ～　そんなこと<BREAK>ちっとも{知|し}らなかったわ",
			"<CMD>18802700729b27000380</CMD><CMD>17802700729b270001802700048027000080</CMD><CMD>16802700729b27003081</CMD>ということは<BREAK>また{森|もり}まで<BREAK>{行|い}くしかないのね…<BREAK>",
			"<CMD>f481</CMD><BREAK>{悪|わる}いけど<BREAK>あたしをつれていってよ",
			"\f"
		]
	},
	{
		"Index": 63,
		"JPN": [
			"<CMD>18802700729b27000080</CMD><CMD>17802700729b2700088027000a8027000180</CMD><CMD>16802700729b27006981</CMD>あら？　<CMD>f481</CMD>じゃない！<BREAK>{元気|げんき}にしてた～？",
			"そうそう　{森|もり}のようせいに<BREAK>{会|あ}わせてくれた{夜|よる}から",
			"<CMD>18802700729b27000780</CMD><CMD>17802700729b2700088027000a8027000180</CMD>あたしも　ようやく<BREAK>{朝|あさ}までスヤスヤ<BREAK>ねられるようになったの！",
			"お{客|きゃく}さんのファッションに<BREAK>{気|き}を{使|つか}う{仕事|しごと}なのに",
			"<CMD>18802700729b27000380</CMD><CMD>17802700729b270001802700048027000080</CMD><CMD>16802700729b27003081</CMD>{自分|じぶん}のねぶそくを<BREAK>いつも{気|き}にしてるなんて<BREAK>アリエナイわよね～",
			"<CMD>18802700729b27000180</CMD><CMD>17802700729b270001802700048027000280</CMD><CMD>16802700729b27005581</CMD>なんだか{体|からだ}も{軽|かる}いし<BREAK>バリバリはたらけそうよ！",
			"\f"
		]
	},
	{
		"Index": 64,
		"JPN": [
			"なんか{今日|きょう}は<BREAK>{朝|あさ}までスヤスヤ<BREAK>ねられそうだわ",
			"\f"
		]
	},
	{
		"Index": 65,
		"JPN": [
			"{今日|きょう}は<BREAK>とにかく　よくねる！　よくねる！",
			"\f"
		]
	},
	{
		"Index": 83,
		"JPN": [
			"<CMD>18802700729b27000080</CMD><CMD>17802700729b2700b28027000a8027000180</CMD><CMD>16802700729b27006981</CMD>それ？",
			"<CMD>1c8227000480</CMD>は…",
			"<CMD>008027000480</CMD><CMD>058227006380</CMD><CMD>008027000180</CMD>と<BREAK><CMD>008027000480</CMD><CMD>218227000180</CMD><CMD>008027000180</CMD>が<BREAK>セットになって",
			"ねだんは<BREAK><CMD>1d8227000480</CMD>リッチ",
			"<CMD>13802700d395</CMD>",
			"\f"
		]
	},
	{
		"Index": 85,
		"JPN": [
			"<CMD>18802700729b27000780</CMD><CMD>17802700729b2700b18027000a8027000180</CMD>あーごめんねー<BREAK>{閉店|へいてん}の{時間|じかん}ってカンジ？<BREAK>また　{来|き}てねーみたいな",
			"\f"
		]
	},
	{
		"Index": 86,
		"JPN": [
			"<CMD>18802700729b27000080</CMD><CMD>17802700729b2700b28027000a8027000180</CMD><CMD>16802700729b27006981</CMD>それ？",
			"それは<BREAK><CMD>1c8227000480</CMD>",
			"ねだんは<BREAK><CMD>1d8227000480</CMD>リッチ",
			"<CMD>13802700d395</CMD>",
			"\f"
		]
	},
	{
		"Index": 87,
		"JPN": [
			"<CMD>3780</CMD>",
			"きてみる<CMD>13802700d995</CMD>",
			"かう<CMD>13802700ffff</CMD>",
			"かわない<CMD>13802700d595</CMD>",
			"\f"
		]
	},
	{
		"Index": 88,
		"JPN": [
			"ありがとーみたいな",
			"\f"
		]
	},
	{
		"Index": 89,
		"JPN": [
			"<CMD>18802700729b27000180</CMD><CMD>17802700729b2700ad802700068027000280</CMD><CMD>16802700729b27005581</CMD>ほかにもたくさんあるから<BREAK>うんうん　ゆっくりしちゃって！",
			"\f"
		]
	},
	{
		"Index": 90,
		"JPN": [
			"<CMD>18802700729b27000580</CMD><CMD>17802700729b2700aa8027000a8027000180</CMD><CMD>16802700729b27002d81</CMD>あれ？<BREAK>リッチが{足|た}りないってカンジ？",
			"\f"
		]
	},
	{
		"Index": 91,
		"JPN": [
			"<CMD>18802700729b27000580</CMD><CMD>17802700729b2700aa8027000a8027000180</CMD><CMD>16802700729b27002d81</CMD>{持|も}ちものがいっぱい　みたいな<BREAK>そんなにいっぱい<BREAK>{持|も}てないってカンジ？",
			"\f"
		]
	},
	{
		"Index": 92,
		"JPN": [
			"<CMD>158027001882</CMD><CMD>1d8227000480</CMD>リッチね！",
			"\f"
		]
	},
	{
		"Index": 93,
		"JPN": [
			"<CMD>18802700729b27000180</CMD><CMD>17802700729b2700ad802700068027000280</CMD><CMD>16802700729b27005581</CMD>しちゃく？<BREAK>こっち　こっち…",
			"\f"
		]
	},
	{
		"Index": 94,
		"JPN": [
			"<CMD>18802700729b27000180</CMD><CMD>17802700729b2700ad802700068027000280</CMD><CMD>16802700729b27005581</CMD>お{客|きゃく}さま…<BREAK>チョ～{似合|にあ}ってる！<BREAK>みたいな",
			"<CMD>18802700729b27000080</CMD><CMD>17802700729b2700b28027000a8027000180</CMD><CMD>16802700729b27006981</CMD>うんうん　それ　{買|か}ってく？",
			"<CMD>13802700db95</CMD>",
			"\f"
		]
	},
	{
		"Index": 95,
		"JPN": [
			"<CMD>3780</CMD>",
			"かう<CMD>13802700ffff</CMD>",
			"かわない<CMD>13802700dd95</CMD>",
			"\f"
		]
	},
	{
		"Index": 96,
		"JPN": [
			"<CMD>18802700729b27000180</CMD><CMD>17802700729b2700ad802700068027000280</CMD><CMD>16802700729b27005581</CMD><CMD>158027001882</CMD>どうぞ～<BREAK>ごら～んくださいませ～",
			"\f"
		]
	},
	{
		"Index": 97,
		"JPN": [
			"<CMD>18802700729b27000180</CMD><CMD>17802700729b2700ad802700068027000280</CMD><CMD>16802700729b27005581</CMD>ほかにもたくさんあるから<BREAK>ゆっくりしちゃって…みたいな",
			"\f"
		]
	},
	{
		"Index": 98,
		"JPN": [
			"<CMD>18802700729b27000180</CMD><CMD>17802700729b2700ad802700068027000280</CMD><CMD>16802700729b27005581</CMD>いらっしゃいませぇ～<BREAK><CMD>008027000580</CMD>スマイル・ビビ<CMD>008027000180</CMD>へ<BREAK>ようこそ～",
			"\f"
		]
	},
	{
		"Index": 99,
		"JPN": [
			"<CMD>18802700729b27000180</CMD><CMD>17802700729b2700ad802700068027000280</CMD><CMD>16802700729b27005581</CMD>またネー",
			"\f"
		]
	}
]