[
	{
		"Index": 1,
		"JPN": [
			"なにか<BREAK>{飲|の}んでいくのかしら？",
			"<CMD>128027000180</CMD>",
			"\f"
		]
	},
	{
		"Index": 2,
		"JPN": [
			"<CMD>3780</CMD>",
			"きょうの{一杯|いっぱい}<CMD>13802700ffff</CMD>",
			"うたのせつめい<CMD>13802700ffff</CMD>",
			"やめる<CMD>13802700ffff</CMD>",
			"\f"
		]
	},
	{
		"Index": 3,
		"JPN": [
			"ジュースはいっぱい<BREAK><CMD>008027000480</CMD>200<CMD>008027000180</CMD>リッチだけど<BREAK>いいかしら？",
			"<CMD>128027000180</CMD>",
			"\f"
		]
	},
	{
		"Index": 4,
		"JPN": [
			"<CMD>3780</CMD>",
			"はい<CMD>13802700ffff</CMD>",
			"やめる<CMD>13802700ffff</CMD>",
			"\f"
		]
	},
	{
		"Index": 5,
		"JPN": [
			"あらいやだ<BREAK>リッチが{足|た}りないみたいよ？",
			"\f"
		]
	},
	{
		"Index": 6,
		"JPN": [
			"<CMD>158027001882</CMD>きょうは<BREAK>ブラックベリージュースが<BREAK>おいしいわよ<CMD>3a80270038ff</CMD>",
			"\f"
		]
	},
	{
		"Index": 7,
		"JPN": [
			"<CMD>158027001882</CMD>きょうは<BREAK>ラズベリージュースが<BREAK>おいしいわよ<CMD>3a80270038ff</CMD>",
			"\f"
		]
	},
	{
		"Index": 8,
		"JPN": [
			"<CMD>158027001882</CMD>きょうは<BREAK>ストロベリージュースが<BREAK>おいしいわよ<CMD>3a80270038ff</CMD>",
			"\f"
		]
	},
	{
		"Index": 9,
		"JPN": [
			"ところで<CMD>f481</CMD><BREAK>まだいい{人見|ひとみ}つからないの？",
			"フフフ…ひょっとして<BREAK>えり{好|ごの}みしてるんじゃ<BREAK>ないでしょうね？",
			"だめよ？<BREAK>わたしみたいに<BREAK>なっちゃ",
			"\f"
		]
	},
	{
		"Index": 10,
		"JPN": [
			"ところで<CMD>f481</CMD><BREAK>さいきん{恋人|こいびと}が<BREAK>できたみたいじゃない",
			"\f"
		]
	},
	{
		"Index": 11,
		"JPN": [
			"ところで<CMD>f481</CMD><BREAK>さいきん{親|した}しい{友人|ゆうじん}が<BREAK>できたみたいじゃない",
			"\f"
		]
	},
	{
		"Index": 12,
		"JPN": [
			"ところで<CMD>f481</CMD><BREAK>{例|れい}のあの{人|ひと}とは<BREAK>うまく　いってるのかしら？",
			"\f"
		]
	},
	{
		"Index": 13,
		"JPN": [
			"よければ<BREAK>その{人|ひと}のこと<BREAK>{聞|き}かせてくれないかしら？",
			"<CMD>128027000180</CMD>",
			"\f"
		]
	},
	{
		"Index": 14,
		"JPN": [
			"<CMD>3780</CMD>",
			"はい<CMD>13802700ffff</CMD>",
			"ダメ<CMD>13802700ffff</CMD>",
			"\f"
		]
	},
	{
		"Index": 15,
		"JPN": [
			"{今|いま}は　おたがいに<BREAK>{親|した}しみを{感|かん}じてるって<BREAK>ていどかしら",
			"そこから<BREAK>{親|した}しいかんけいに<BREAK>なるためには…",
			"すこし{努力|どりょく}がひつようね<BREAK>だいじょうぶ　しっかりなさいな",
			"\f"
		]
	},
	{
		"Index": 16,
		"JPN": [
			"そうね　{聞|き}いた{感|かん}じ<BREAK>したわれるかんけい<BREAK>って　いうのかしら",
			"あなたも<BREAK>{相手|あいて}の{気持|きも}ちに<BREAK>こたえてあげてね",
			"\f"
		]
	},
	{
		"Index": 17,
		"JPN": [
			"あなたの{様子|ようす}を{見|み}るかぎり<BREAK>{相手|あいて}とは とっても{気|き}が{合|あ}う<BREAK>って{感|かん}じかしら",
			"{気|き}が{合|あ}うって<BREAK>ステキなことよ…",
			"\f"
		]
	},
	{
		"Index": 18,
		"JPN": [
			"とっても{相手|あいて}の{人|ひと}と<BREAK>うまくいってるって<BREAK>かお してるわ",
			"いいわねぇ…<BREAK>そんな あなたが<BREAK>うらやましくなっちゃうわ",
			"その{相手|あいて}とのかんけいを<BREAK>{大切|たいせつ}にしないと<BREAK>ダメよ？",
			"\f"
		]
	},
	{
		"Index": 19,
		"JPN": [
			"おたがいがおたがいを<BREAK>ひつよう としてる<BREAK>っていいわね",
			"みとめあってる<BREAK>っていうのかしら",
			"{今|いま}の{気持|きも}ちを<BREAK>いつまでも{大切|たいせつ}にね",
			"\f"
		]
	},
	{
		"Index": 20,
		"JPN": [
			"どんなに{親|した}しくても<BREAK>{相手|あいて}の{気持|きも}ちって<BREAK>わからないものよ",
			"{小|ちい}さなシグナルに<BREAK>きづいてあげてね",
			"ちょっとした<BREAK>きくばりが{大切|たいせつ}なの",
			"\f"
		]
	},
	{
		"Index": 21,
		"JPN": [
			"あら　あなた<BREAK>こんなところに<BREAK>いてもいいの？",
			"だめよ　かんけいっていうのは<BREAK>つくるものじゃないわ<BREAK>きずくものなの！",
			"もっと{相手|あいて}と<BREAK>いっしょにいてあげなきゃ<BREAK>ダメよ",
			"\f"
		]
	},
	{
		"Index": 22,
		"JPN": [
			"おたがいに{近|ちか}づくほうほうを<BREAK>さがしてるって{感|かん}じかしら",
			"すこし{急|いそ}いだほうが<BREAK>いいわね",
			"だいじょうぶ　しっかりなさいな",
			"\f"
		]
	},
	{
		"Index": 23,
		"JPN": [
			"またよければ<BREAK>お{話|はなし}を{聞|き}かせてね",
			"{話|はな}すことで<BREAK>{見|み}えてくることも<BREAK>あるでしょう？",
			"\f"
		]
	},
	{
		"Index": 24,
		"JPN": [
			"そのお{相手|あいて}って<BREAK><CMD>f78127007d9b</CMD>って<BREAK>{言|い}ったかしら…",
			"\f"
		]
	},
	{
		"Index": 25,
		"JPN": [
			"そのお{相手|あいて}って<BREAK><CMD>f78127007c9b</CMD>って<BREAK>{言|い}ったかしら…",
			"\f"
		]
	},
	{
		"Index": 26,
		"JPN": [
			"<CMD>18802700729b27000180</CMD><CMD>17802700729b270001802700048027000280</CMD><CMD>16802700729b27005581</CMD><CMD>f481</CMD><BREAK>あけまして<BREAK>おめでとう",
			"フフフ…　{今年|ことし}も<BREAK>このお{店|みせ}を　よろしくね",
			"<CMD>18802700729b27000580</CMD><CMD>17802700729b270001802700048027000080</CMD><CMD>16802700729b27005681</CMD>…そうだ",
			"はい　<CMD>158027001882</CMD>お{年玉|としだま}よ<CMD>3a8027006480</CMD>",
			"<CMD>f481</CMD><BREAK>がんばって　りっぱな<BREAK>まほう{使|つか}いに　なるのよ<CMD>4d8027000681270071832700038127004083</CMD>",
			"\f"
		]
	},
	{
		"Index": 28,
		"JPN": [
			"カウンターあいてるわよ？<BREAK>ゆっくりしていったら？",
			"\f"
		]
	},
	{
		"Index": 29,
		"JPN": [
			"カウンターあいてるわよ？<BREAK>ゆっくりしていったら？",
			"\f"
		]
	},
	{
		"Index": 30,
		"JPN": [
			"ごめんなさいね<BREAK>いま　じゅんび{中|ちゅう}なの",
			"\f"
		]
	},
	{
		"Index": 31,
		"JPN": [
			"ごめんなさいね<BREAK>いま　じゅんび{中|ちゅう}なの",
			"\f"
		]
	},
	{
		"Index": 35,
		"JPN": [
			"{歌|うた}の　{歌|うた}いかた？<BREAK>そう…　{知|し}りたいの？<BREAK>いいわ　おしえてあげるわ",
			"わたしはもう　{歌|うた}えないから<BREAK>{歌|うた}を{歌|うた}ってくれる{子|こ}が<BREAK>ふえるのは　うれしいわ",
			"{歌|うた}をやめたわたしが<BREAK>{歌|うた}をおしえるなんて<BREAK>{人生|じんせい}ってふしぎなものね…",
			"それじゃあ　ちゃんと{聞|き}いて<BREAK>おぼえてちょうだいね",
			"\f"
		]
	},
	{
		"Index": 36,
		"JPN": [
			"{歌|うた}いかたが{知|し}りたいの？<BREAK>いいわ　おしえてあげる<BREAK>ちゃんと{聞|き}いてね",
			"\f"
		]
	},
	{
		"Index": 37,
		"JPN": [
			"{歌|うた}う　ためには<BREAK>いちど<CMD>008027000880</CMD>かばん<CMD>008027000180</CMD>を{開|ひら}いて<BREAK>じぶんを<CMD>008027000880</CMD>タッチ<CMD>008027000180</CMD>するの",
			"そうすると<CMD>008027000880</CMD>うたう<CMD>008027000180</CMD>って<BREAK>えらべるようになるから<BREAK>うたう　をタッチしてね",
			"\f"
		]
	},
	{
		"Index": 38,
		"JPN": [
			"ここで　おぼえている<CMD>008027000880</CMD>{歌|うた}<CMD>008027000180</CMD>を<BREAK>えらべるから<BREAK>{好|す}きな{歌|うた}をえらんでね",
			"\f"
		]
	},
	{
		"Index": 39,
		"JPN": [
			"{画面|がめん}の{赤|あか}で<BREAK>かこまれている{場所|ばしょ}を<BREAK><CMD>008027000880</CMD>カーソル<CMD>008027000180</CMD>って{言|い}うの",
			"\f"
		]
	},
	{
		"Index": 40,
		"JPN": [
			"そして{下画面|したがめん}を<CMD>008027000880</CMD>タッチ<CMD>008027000180</CMD>したまま<BREAK>{動|うご}かすことを<BREAK><CMD>008027000880</CMD>スライド<CMD>008027000180</CMD>と{言|い}うの",
			"{上下|じょうげ}に<CMD>008027000880</CMD>スライド<CMD>008027000180</CMD>すると<BREAK>その{場所|ばしょ}に<CMD>008027000880</CMD>カーソル<CMD>008027000180</CMD>が<BREAK>ついてくるから　ためしてみてね",
			"\f"
		]
	},
	{
		"Index": 41,
		"JPN": [
			"{画面|がめん}の{赤|あか}で<BREAK>かこまれている{線|せん}が<BREAK>{歌|うた}うタイミングよ",
			"\f"
		]
	},
	{
		"Index": 42,
		"JPN": [
			"{曲|きょく}にあわせて{右|みぎ}から{出|で}てくる<BREAK>おんぷと{同|おな}じ{高|たか}さに<BREAK><CMD>008027000880</CMD>カーソル<CMD>008027000180</CMD>をあわせてね",
			"この{線|せん}と<CMD>008027000880</CMD>スライド<CMD>008027000180</CMD>している<BREAK><CMD>008027000880</CMD>カーソル<CMD>008027000180</CMD>の{場所|ばしょ}が{同|おな}じ{時|とき}<BREAK>{歌|うた}を{歌|うた}うわ　ただし…",
			"<CMD>008027000880</CMD>カーソル<CMD>008027000180</CMD>と<BREAK>おんぷの{高|たか}さがちがうと",
			"{正|ただ}しい{声|こえ}の<BREAK>{高|たか}さで{歌|うた}えないの",
			"でも　{歌|うた}わないよりは<BREAK>ぜんっぜんマシ！　{声|こえ}を{出|だ}して<BREAK>{歌|うた}ってね……うふふ",
			"あーそれから…",
			"{声|こえ}が{出|で}ている{時|とき}に{下画面|したがめん}に<BREAK><CMD>008027000880</CMD>タッチ<CMD>008027000180</CMD>していないと{歌|うた}うことを<BREAK>やめちゃうから　{気|き}をつけてね",
			"\f"
		]
	},
	{
		"Index": 44,
		"JPN": [
			"{画面|がめん}の{赤|あか}で<BREAK>かこまれている{場所|ばしょ}を<BREAK>{見|み}てちょうだい",
			"こんな{風|ふう}にたまに{長|なが}いおんぷが<BREAK>{出|で}てくることがあるわ",
			"そんな{時|とき}は<BREAK>おんぷがこの{線|せん}を<BREAK>とおりすぎるまで…",
			"\f"
		]
	},
	{
		"Index": 45,
		"JPN": [
			"{下画面|したがめん}は　ずっと<CMD>008027000880</CMD>タッチ<CMD>008027000180</CMD>してて<BREAK>{上下|じょうげ}に<CMD>008027000880</CMD>スライド<CMD>008027000180</CMD>するように<BREAK>{動|うご}かすと{良|よ}いわよ！",
			"そう　{歌|うた}を{歌|うた}っている{時|とき}って<BREAK>{下画面|したがめん}から<CMD>008027000880</CMD>タッチペン<CMD>008027000180</CMD>を<BREAK>はなさないようにするのがいいのよ",
			"\f"
		]
	},
	{
		"Index": 46,
		"JPN": [
			"それからね…　{画面|がめん}の{赤|あか}で<BREAK>かこまれている{場所|ばしょ}のおんぷの<BREAK>{形|かたち}を{見|み}てほしいんだけど…",
			"ほら？<BREAK>おんぷの{後|うし}ろに{波|なみ}がついて<BREAK>いるのがわかるかしら？",
			"これは<CMD>008027000880</CMD>ビブラート<CMD>008027000180</CMD>と{言|い}って<BREAK>{歌声|うたごえ}をゆらしてほしいって<BREAK>{言|い}う{意味|いみ}なのね",
			"\f"
		]
	},
	{
		"Index": 47,
		"JPN": [
			"{歌声|うたごえ}をゆらすには<BREAK>おんぷの{高|たか}さで{上下|じょうげ}に<BREAK><CMD>008027000880</CMD>タッチペン<CMD>008027000180</CMD>を…",
			"{細|こま}かく<CMD>008027000880</CMD>スライド<CMD>008027000180</CMD>すると<BREAK>{歌声|うたごえ}がゆれた{感|かん}じに<BREAK>{聞|き}こえるようになるわ",
			"おんぷの{絵|え}も{歌声|うたごえ}といっしょに<BREAK>ゆれるから　うまくいったか<BREAK>{見|み}てればわかるわよ",
			"\f"
		]
	},
	{
		"Index": 50,
		"JPN": [
			"どう　だいじょうぶ？<BREAK>あなたなら　ちゃんと{歌|うた}えるわ<BREAK>がんばってね！",
			"\f"
		]
	},
	{
		"Index": 61,
		"JPN": [
			"はぁぁぁ…",
			"とつぜん　{花|はな}たばを{持|も}ってきて",
			"アナタのことが{好|す}きです…",
			"<CMD>18802700729b27000380</CMD><CMD>17802700729b270001802700048027000080</CMD><CMD>16802700729b27003081</CMD>なーんて　{言|い}ってくれる<BREAK>そんなステキな{王子様|おうじさま}は<BREAK>{本|ほん}の{中|なか}　だけなのかしらぁ？",
			"もしも…　ワタシに<BREAK>そんなことをしてくれる<BREAK>ステキな{王子様|おうじさま}がいたら…",
			"<CMD>18802700729b27000380</CMD><CMD>17802700729b270001802700048027000080</CMD><CMD>16802700729b27003081</CMD>でも　そんなこと<BREAK>{現実|げんじつ}には　あるわけ<BREAK>ないのよねぇ…",
			"でも　{王子様|おうじさま}じゃ　なくっても<BREAK>{地味|じみ}で　かっこよくなくても",
			"ワタシのことだけを<BREAK>{愛|あい}してくれる{人|ひと}がいたら<BREAK>どんなに{幸|しあわ}せかしらぁ…",
			"あ～あ<BREAK>そんな{真実|しんじつ}の{恋|こい}に<BREAK>あこがれるわぁ…",
			"\f"
		]
	},
	{
		"Index": 62,
		"JPN": [
			"<CMD>18802700729b27000180</CMD><CMD>17802700729b270001802700048027000280</CMD><CMD>16802700729b2700558127002880</CMD><CMD>008027000380</CMD>メルシィさん<CMD>008027000180</CMD>　{聞|き}いて～<BREAK>アタシ　ステキな{人|ひと}に<BREAK>{出会|であ}っちゃったの～",
			"\f"
		]
	},
	{
		"Index": 63,
		"JPN": [
			"<CMD>18802700729b27000080</CMD><CMD>17802700729b2700088027000a8027000180</CMD><CMD>16802700729b2700698127001480</CMD>あら　どんな{人|ひと}？",
			"\f"
		]
	},
	{
		"Index": 64,
		"JPN": [
			"{夕|ゆう}ぐれにさそわれて<BREAK><CMD>008027000580</CMD>{恋人|こいびと}みさき<CMD>008027000180</CMD>に<BREAK>{行|い}ってみたらさ～",
			"<CMD>18802700729b27000780</CMD><CMD>17802700729b2700088027000a8027000180</CMD>なんていうか　これぞ<BREAK>ウンメイの{出会|であ}い　ってヤツ～？<BREAK>カッコイイ{人|ひと}　{見|み}つけちゃったの",
			"<CMD>18802700729b27000180</CMD><CMD>17802700729b270001802700048027000080</CMD><CMD>16802700729b2700418127002880</CMD>{夕日|ゆうひ}に　てらされた<BREAK>{後|うし}ろすがたが　スマートで～<BREAK>もう　チョ～このみ～？",
			"ホント<BREAK>ステキだったのよ～っ",
			"\f"
		]
	},
	{
		"Index": 65,
		"JPN": [
			"<CMD>18802700729b27000080</CMD><CMD>17802700729b2700088027000a8027000180</CMD><CMD>16802700729b2700698127001480</CMD>そんなに　ステキだったの？<BREAK>どんなカンジの{人|ひと}？",
			"\f"
		]
	},
	{
		"Index": 66,
		"JPN": [
			"{夕日|ゆうひ}で　かげになってたから<BREAK>はっきりとはわからなかったけど～",
			"<CMD>18802700729b27000180</CMD><CMD>17802700729b270001802700048027000080</CMD><CMD>16802700729b2700418127002880</CMD>きっとスゴイ　イケメンよ～<BREAK>も～　カンゼン・グー　みたいな？",
			"<CMD>18802700729b27000780</CMD><CMD>17802700729b2700088027000a8027000180</CMD>もう{一度|１ど}　{会|あ}いたいわ～<BREAK>また{行|い}ってみようかしら～",
			"\f"
		]
	},
	{
		"Index": 67,
		"JPN": [
			"<CMD>18802700729b27000780</CMD><CMD>17802700729b2700088027000a8027000180</CMD>も～　<CMD>008027000380</CMD>メルシィさん<CMD>008027000180</CMD>　{聞|き}いてよ～<BREAK>いとしの{君|キミ}にまた{会|あ}っちゃった～<BREAK>やっぱ　ウンメイってヤツ～？",
			"<CMD>18802700729b27000180</CMD><CMD>17802700729b270001802700048027000080</CMD><CMD>16802700729b2700418127002880</CMD>ああ　<CMD>008027000580</CMD>{恋人|こいびと}みさき<CMD>008027000180</CMD>に<BREAK>{物思|ものおも}いにふけって{立|た}つ<BREAK>すがた…　も～　ちょ～タイプ～！",
			"\f"
		]
	},
	{
		"Index": 68,
		"JPN": [
			"<CMD>18802700729b27000580</CMD><CMD>17802700729b27000a8027000a8027000180</CMD><CMD>16802700729b27002d8127001480</CMD>その{人|ひと}に　{声|こえ}でもかけたの？",
			"\f"
		]
	},
	{
		"Index": 69,
		"JPN": [
			"<CMD>18802700729b27000380</CMD><CMD>17802700729b270001802700048027000080</CMD><CMD>16802700729b27002e8127002880</CMD>アタシ　{声|こえ}をかけようと{思|おも}って<BREAK>あわてて{走|はし}っていったんだけど～<BREAK>ホウキに{乗|の}って{飛|と}んでっちゃった～",
			"<CMD>18802700729b27000180</CMD><CMD>17802700729b270001802700048027000080</CMD><CMD>16802700729b2700418127002880</CMD>そのホウキの{運転|うんてん}するすがたが<BREAK>も～ダメ～　アタシラブ～！",
			"<CMD>18802700729b27000180</CMD><CMD>17802700729b270001802700048027000080</CMD><CMD>16802700729b2700418127002880</CMD><CMD>008027000380</CMD>メルシィさん<CMD>008027000180</CMD>～<BREAK>アタシのいとしの{君|キミ}に<BREAK>こころあたり　なぁい～？",
			"\f"
		]
	},
	{
		"Index": 70,
		"JPN": [
			"<CMD>18802700729b27000580</CMD><CMD>17802700729b2700068027000a8027000280</CMD><CMD>16802700729b27002f8127001480</CMD>さ…さあ　この<CMD>008027000580</CMD>{町|まち}<CMD>008027000180</CMD>には<BREAK>いろんな{人|ひと}がいるもの<BREAK>ホウキの{運転|うんてん}だけじゃ…",
			"\f"
		]
	},
	{
		"Index": 71,
		"JPN": [
			"<CMD>18802700729b27000380</CMD><CMD>17802700729b270001802700048027000080</CMD><CMD>16802700729b2700308127002880</CMD>そう　{知|し}らないの～<BREAK>でも　ホウキさばきは<BREAK>タダモノじゃないわよ～",
			"<CMD>18802700729b27000280</CMD><CMD>17802700729b2700508027000a8027000280</CMD><CMD>16802700729b27007d8127002880</CMD>もういいわ<BREAK>アタシが　{自分|じぶん}で{探|さが}して<BREAK>ラブをつかみとってみせるわ～っ！",
			"\f"
		]
	},
	{
		"Index": 72,
		"JPN": [
			"<CMD>18802700729b27000580</CMD><CMD>17802700729b27000a8027000a8027000180</CMD><CMD>16802700729b27002d8127001480</CMD>そ…そう　がんばりなさいな",
			"\f"
		]
	},
	{
		"Index": 73,
		"JPN": [
			"ねぇ　<CMD>008027000380</CMD>メルシィ<CMD>008027000180</CMD><BREAK>あれから　もう１０{年|ねん}<BREAK>たったのよねぇ",
			"\f"
		]
	},
	{
		"Index": 74,
		"JPN": [
			"<CMD>18802700729b27000080</CMD><CMD>17802700729b2700088027000a8027000180</CMD><CMD>16802700729b27006981</CMD>え？<BREAK>なにかあったかしら？",
			"\f"
		]
	},
	{
		"Index": 75,
		"JPN": [
			"１０{年前|ねんまえ}…<BREAK>{自分|じぶん}だけの{王子様|おうじさま}を<BREAK>{待|ま}つんだって{話|はな}したじゃない",
			"\f"
		]
	},
	{
		"Index": 76,
		"JPN": [
			"そんな{話|はなし}もあったかしら？",
			"\f"
		]
	},
	{
		"Index": 77,
		"JPN": [
			"<CMD>18802700729b27000280</CMD><CMD>17802700729b2700508027000a8027000280</CMD><CMD>16802700729b27007d81</CMD>いやだわ<BREAK>わすれちゃったのぅ？",
			"ワタシはあのときから<BREAK>ずーっと{待|ま}ってるのにぃ",
			"きっと　いつか<BREAK>ステキな{王子様|おうじさま}が<BREAK>むかえに{来|き}てくれるって",
			"<CMD>18802700729b27000380</CMD><CMD>17802700729b270001802700048027000080</CMD><CMD>16802700729b27003081</CMD>なのに　もう　１０{年|ねん}よ<BREAK>これ{以上|いじょう}{待|ま}ってろなんて<BREAK>ひどいと{思|おも}わないかしらぁ？",
			"\f"
		]
	},
	{
		"Index": 78,
		"JPN": [
			"<CMD>18802700729b27000180</CMD><CMD>17802700729b270001802700048027000280</CMD><CMD>16802700729b27005581</CMD>ふふ…　もしかしたら<BREAK>{道|みち}に　{迷|まよ}ってるのかもね<BREAK>もう{少|すこ}し　{待|ま}ってみたら？",
			"\f"
		]
	},
	{
		"Index": 79,
		"JPN": [
			"<CMD>18802700729b27000480</CMD><CMD>17802700729b27000a8027000a8027000180</CMD><CMD>16802700729b27007f81</CMD>もう{少|すこ}し…ね<BREAK>それでまた１０{年|ねん}<BREAK>たっちゃったりしてねぇ…",
			"\f"
		]
	},
	{
		"Index": 80,
		"JPN": [
			"<CMD>18802700729b27000080</CMD><CMD>17802700729b2700088027000a8027000180</CMD><CMD>16802700729b27006981</CMD>ねぇ　<CMD>008027000380</CMD>ミスキーキー{先生|せんせい}<CMD>008027000180</CMD><BREAK><CMD>008027000380</CMD>テツさん<CMD>008027000180</CMD>のこと　どう{思|おも}う？",
			"\f"
		]
	},
	{
		"Index": 81,
		"JPN": [
			"<CMD>18802700729b27000080</CMD><CMD>17802700729b2700088027000a8027000180</CMD><CMD>16802700729b27006981</CMD><CMD>008027000380</CMD>テツさん<CMD>008027000180</CMD>？　{無口|むくち}だけど<BREAK>{仕事|しごと}はしっかりするし<BREAK>いい{人|ひと}だと{思|おも}うわよぉ？",
			"けど<BREAK><CMD>008027000380</CMD>テツさん<CMD>008027000180</CMD>がどうかしたのぅ？",
			"\f"
		]
	},
	{
		"Index": 82,
		"JPN": [
			"<CMD>18802700729b27000180</CMD><CMD>17802700729b270001802700048027000280</CMD><CMD>16802700729b27005581</CMD><CMD>008027000380</CMD>ミスキーキー{先生|せんせい}<CMD>008027000180</CMD>と　<CMD>008027000380</CMD>テツさん<CMD>008027000180</CMD><BREAK>じつは　お{似合|にあ}いなんじゃ<BREAK>ないかしらって　{思|おも}って",
			"\f"
		]
	},
	{
		"Index": 83,
		"JPN": [
			"<CMD>18802700729b27000580</CMD><CMD>17802700729b270001802700048027000080</CMD><CMD>16802700729b27005681</CMD>メ　メ　<CMD>008027000380</CMD>メルシィ<CMD>008027000180</CMD>！！<BREAK>とつぜん　なにを<BREAK>{言|い}い{出|だ}すのヨッ！？",
			"\f"
		]
	},
	{
		"Index": 84,
		"JPN": [
			"<CMD>18802700729b27000080</CMD><CMD>17802700729b2700088027000a8027000180</CMD><CMD>16802700729b27006981</CMD>あら<BREAK><CMD>008027000380</CMD>テツさん<CMD>008027000180</CMD>のこと<BREAK>キライなの？",
			"\f"
		]
	},
	{
		"Index": 85,
		"JPN": [
			"べ　べつに<BREAK>キライじゃないけど…",
			"\f"
		]
	},
	{
		"Index": 86,
		"JPN": [
			"<CMD>18802700729b27000180</CMD><CMD>17802700729b270001802700048027000280</CMD><CMD>16802700729b27005581</CMD>そう<BREAK>キライじゃないのね<BREAK>フフフ…",
			"\f"
		]
	},
	{
		"Index": 87,
		"JPN": [
			"<CMD>18802700729b27000580</CMD><CMD>17802700729b2700068027000a8027000280</CMD><CMD>16802700729b27002f81</CMD>そういう{意味|いみ}じゃないわよ！<BREAK>テ　<CMD>008027000380</CMD>テツさん<CMD>008027000180</CMD>のこと<BREAK>そんな{風|ふう}にみたことないからぁ…",
			"\f"
		]
	},
	{
		"Index": 88,
		"JPN": [
			"<CMD>18802700729b27000180</CMD><CMD>17802700729b270001802700048027000280</CMD><CMD>16802700729b27005581</CMD>ま　ゆっくり{考|かんが}えなさいな<BREAK>{人生|じんせい}　{先|さき}はまだまだ<BREAK>{長|なが}いんですものね",
			"\f"
		]
	},
	{
		"Index": 89,
		"JPN": [
			"<CMD>f481</CMD>さんは<BREAK><CMD>008027000380</CMD>メルシィさん<CMD>008027000180</CMD>の{歌|うた}を<BREAK>{聞|き}いたことがありますか？",
			"{神話|しんわ}の{女神|めがみ}のように<BREAK>それは　それは　{美|うつく}しい<BREAK>{歌声|うたごえ}なのですよ",
			"\f"
		]
	},
	{
		"Index": 90,
		"JPN": [
			"<CMD>18802700729b27000780</CMD><CMD>17802700729b2700088027000a8027000180</CMD>いやぁね<BREAK>なんの{話|はなし}をしているの<BREAK>{大|おお}げさだわ",
			"\f"
		]
	},
	{
		"Index": 91,
		"JPN": [
			"いえいえ　けっして<BREAK>{大|おお}げさな{話|はなし}なんかでは<BREAK>ありませんよ",
			"げんに　<CMD>008027000380</CMD>メルシィさん<CMD>008027000180</CMD>は<BREAK>{一時|いちじ}は　ぶたいでも<BREAK>{歌|うた}っていたのですからね",
			"\f"
		]
	},
	{
		"Index": 92,
		"JPN": [
			"<CMD>18802700729b27000780</CMD><CMD>17802700729b2700088027000a8027000180</CMD>ふふ…<BREAK>そんなの　{昔|むかし}の{話|はなし}よ<BREAK>やめてちょうだい",
			"\f"
		]
	},
	{
		"Index": 93,
		"JPN": [
			"てれることは<BREAK>ないと{思|おも}いますがね",
			"たしかに<BREAK>なにもかも　{昔|むかし}の{話|はなし}に<BREAK>なってしまったものです…",
			"だけど　たまには<BREAK>{昔|むかし}のことを{思|おも}い{出|だ}すのも<BREAK>{悪|わる}くないものですよ",
			"<CMD>f481</CMD>さんも<BREAK>こうやって{話|はな}せる　{思|おも}い{出|で}を<BREAK>たくさん{作|つく}ってくださいね",
			"\f"
		]
	},
	{
		"Index": 94,
		"JPN": [
			"んくっ　んくっ　んくっ！<BREAK>ぷはー！！",
			"<CMD>18802700729b27000180</CMD><CMD>17802700729b270001802700048027000280</CMD><CMD>16802700729b2700558127001480</CMD>やっぱ　{仕事上|しごとあ}がりに<BREAK><CMD>008027000380</CMD>メルシィ<CMD>008027000180</CMD>んところの<BREAK>むぎ{茶|ちゃ}は　サイコーだな！",
			"\f"
		]
	},
	{
		"Index": 95,
		"JPN": [
			"<CMD>18802700729b27000180</CMD><CMD>17802700729b270001802700048027000280</CMD><CMD>16802700729b2700558127001480</CMD>うふふ　ありがとう<BREAK>でも　すこし<BREAK>{飲|の}みすぎじゃないの？",
			"\f"
		]
	},
	{
		"Index": 96,
		"JPN": [
			"<CMD>18802700729b27000280</CMD><CMD>17802700729b2700508027000a8027000280</CMD><CMD>16802700729b27007d8127001480</CMD>べつに　いいだろ<BREAK>どうせ　{帰|かえ}っても　ひとり<BREAK>めいわくかける{相手|あいて}もいねぇ",
			"おれは　{一人身|ひとりみ}<BREAK>{気楽|きらく}な{独身|どくしん}キゾク{様|さま}だ<BREAK>{好|す}きに{飲|の}ませろってんだ",
			"やっぱり　ひとりはサイコーさ<BREAK>ヨメさんを　もらうやつの<BREAK>{気|き}が{知|し}れないね",
			"\f"
		]
	},
	{
		"Index": 97,
		"JPN": [
			"<CMD>18802700729b27000080</CMD><CMD>17802700729b2700088027000a8027000180</CMD><CMD>16802700729b2700698127001480</CMD>だけど…<BREAK>さびしいことも<BREAK>あるんじゃない？",
			"\f"
		]
	},
	{
		"Index": 98,
		"JPN": [
			"ん…　まぁな…<BREAK>ふだんは　なんともねぇけどよ",
			"<CMD>18802700729b27000380</CMD><CMD>17802700729b270001802700048027000080</CMD><CMD>16802700729b2700308127001480</CMD>メシ{時|どき}に{家|いえ}ん{中|なか}から{聞|き}こえる<BREAK>{話|はな}し{声|ごえ}なんかには<BREAK>グッとくるもんがあるよな",
			"…ま<BREAK>タマにだけどよ",
			"\f"
		]
	},
	{
		"Index": 99,
		"JPN": [
			"<CMD>18802700729b27000080</CMD><CMD>17802700729b2700088027000a8027000180</CMD><CMD>16802700729b2700698127001480</CMD>ねぇ　<CMD>008027000380</CMD>テツさん<CMD>008027000180</CMD>って<BREAK>だれか　いい{人|ひと}いないの？",
			"\f"
		]
	}
]