[
	{
		"Index": 0,
		"JPN": [
			"この{調子|ちょうし}で<BREAK>どんどん　コウセキを<BREAK>{持|も}ってきてくれると{助|たす}かります",
			"よろしく　たのみましたよ",
			"\f"
		]
	},
	{
		"Index": 1,
		"JPN": [
			"もう{少|すこ}しで<BREAK>{必要|ひつよう}なコウセキがそろいます",
			"あと　もうひとふんばり<BREAK>がんばってください",
			"\f"
		]
	},
	{
		"Index": 2,
		"JPN": [
			"あと１つ　{質|しつ}のよいコウセキが<BREAK>あれば　{完成|かんせい}ですな",
			"{最後|さいご}の１つは<BREAK>とびっきりのを<BREAK>おねがいしますぞ",
			"\f"
		]
	},
	{
		"Index": 3,
		"JPN": [
			"これで　{材料|ざいりょう}は<BREAK>じゅうぶん　そろいましたぞ",
			"あとで　わたしが<BREAK>しあげておきましょう",
			"できあがりを<BREAK>{楽|たの}しみにしていてください",
			"\f"
		]
	},
	{
		"Index": 4,
		"JPN": [
			"おお　<CMD>f481</CMD>くん<BREAK>{完成|かんせい}した<CMD>008027000380</CMD>ゴーレム<CMD>008027000180</CMD>は<BREAK>{見|み}てきましたか？",
			"なかなかすばらしい<BREAK>できだったでしょう？",
			"あとは　{最後|さいご}に<BREAK><CMD>008027000480</CMD>ゴーレムのおまじない<CMD>008027000180</CMD><BREAK>を　かけるだけなのですが…",
			"せっかくですから<BREAK><CMD>f481</CMD>くんに<BREAK>たのむとしましょうか",
			"<CMD>008027000380</CMD>ゴーレム<CMD>008027000180</CMD>を　しあげるための<BREAK>まほう{語|ご}は　こうですぞ",
			"\f"
		]
	},
	{
		"Index": 5,
		"JPN": [
			"…ちゃんと　おぼえましたかな？",
			"もし　わすれたら　もう{一度|１ど}<BREAK>ここへ　{聞|き}きにきてください",
			"\f"
		]
	},
	{
		"Index": 6,
		"JPN": [
			"おや　どうしました？",
			"<CMD>008027000480</CMD>ゴーレムのおまじない<CMD>008027000180</CMD><BREAK>を　わすれてしまったのですか？",
			"しかたありませんね<BREAK>もう{一度|１ど}　{教|おし}えてあげましょう",
			"<CMD>008027000380</CMD>ゴーレム<CMD>008027000180</CMD>を　しあげるための<BREAK>まほう{語|ご}は…",
			"\f"
		]
	},
	{
		"Index": 7,
		"JPN": [
			"…ですぞ",
			"{今度|こんど}こそ<BREAK>ちゃんと　おぼえましたね？",
			"それでは<BREAK>よろしく　たのみましたぞ？",
			"\f"
		]
	},
	{
		"Index": 8,
		"JPN": [
			"そうですか<BREAK><CMD>008027000480</CMD>ゴーレムのおまじない<CMD>008027000180</CMD><BREAK>は　{成功|せいこう}しましたか",
			"\f"
		]
	},
	{
		"Index": 9,
		"JPN": [
			"という{具合|ぐあい}ですな",
			"いろいろ<BREAK>ためしてみるといいですぞ",
			"\f"
		]
	},
	{
		"Index": 10,
		"JPN": [
			"なには　ともあれ<BREAK>おつかれさまでした",
			"この<CMD>008027000380</CMD>ゴーレム<CMD>008027000180</CMD>は　{明朝|みょうちょう}にも<BREAK>コンクールの<CMD>008027000580</CMD>{森|もり}<CMD>008027000180</CMD>に<BREAK>{転送|てんそう}しておきましょう",
			"シンサ{結果|けっか}は　すぐにでも<BREAK>もどってくるはずですぞ",
			"<CMD>008027000580</CMD>{町|まち}<CMD>008027000180</CMD>のみんなで{作|つく}った<BREAK>この<CMD>008027000380</CMD>ゴーレム<CMD>008027000180</CMD>が　どんな<BREAK>ヒョウカをいただけるか…",
			"とても　{楽|たの}しみですな",
			"{明日|あす}になったら<BREAK>{結果|けっか}を{聞|き}きにくると<BREAK>いいですぞ",
			"\f"
		]
	},
	{
		"Index": 11,
		"JPN": [
			"ああ　<CMD>f481</CMD>くんですか",
			"<CMD>008027000380</CMD>ゴーレム<CMD>008027000180</CMD>のシンサ{結果|けっか}が<BREAK>とどいていますぞ",
			"\f"
		]
	},
	{
		"Index": 12,
		"JPN": [
			"コンクールで<BREAK>なかなか　よい{結果|けっか}を<BREAK>のこしたらしいですぞ",
			"かたくて　ガンジョウそうな<BREAK>{力強|ちからづよ}いフォルムが　たいへん<BREAK>ヒョウカされたようですな",
			"これも　<CMD>f481</CMD>くんが<BREAK>よいコウセキを{持|も}ってきてくれた<BREAK>からですな",
			"おかげで<BREAK><CMD>008027000380</CMD>ゴーレム<CMD>008027000180</CMD>に{最高|さいこう}の<BREAK>しあげをすることができました",
			"<CMD>f481</CMD>くんの<BREAK>センスには　{感服|かんぷく}しましたぞ",
			"\f"
		]
	},
	{
		"Index": 13,
		"JPN": [
			"コンクールで<BREAK>なかなか　よい{結果|けっか}を<BREAK>のこしたらしいですぞ",
			"やわらかい　あたたかみの<BREAK>あるオモムキが　たいへん<BREAK>ヒョウカされたようですな",
			"これも　<CMD>f481</CMD>くんが<BREAK>よいコウセキを{持|も}ってきてくれた<BREAK>からですな",
			"おかげで<BREAK><CMD>008027000380</CMD>ゴーレム<CMD>008027000180</CMD>に{最高|さいこう}の<BREAK>しあげをすることができました",
			"<CMD>f481</CMD>くんの<BREAK>センスには　{感服|かんぷく}しましたぞ",
			"\f"
		]
	},
	{
		"Index": 14,
		"JPN": [
			"コンクールで<BREAK>なかなか　よい{結果|けっか}を<BREAK>のこしたらしいですぞ",
			"きらびやかで　ゴージャスな<BREAK>フンイキが　たいへん<BREAK>ヒョウカされたようですな",
			"これも　<CMD>f481</CMD>くんが<BREAK>よいコウセキを{持|も}ってきてくれた<BREAK>からですな",
			"おかげで<BREAK><CMD>008027000380</CMD>ゴーレム<CMD>008027000180</CMD>に{最高|さいこう}の<BREAK>しあげをすることができました",
			"<CMD>f481</CMD>くんの<BREAK>センスには　{感服|かんぷく}しましたぞ",
			"\f"
		]
	},
	{
		"Index": 15,
		"JPN": [
			"みんなで　がんばって{作|つく}った<BREAK><CMD>008027000380</CMD>ゴーレム<CMD>008027000180</CMD>が　よいヒョウカで<BREAK>わたしも　とてもうれしいです",
			"<CMD>f481</CMD>くんをはじめ<BREAK><CMD>008027000580</CMD>{町|まち}<CMD>008027000180</CMD>のみんなの　{仲|なか}の{良|よ}さの<BREAK>たまものですな",
			"また　みんなで　あんな<BREAK><CMD>008027000380</CMD>ゴーレム<CMD>008027000180</CMD>を{作|つく}りたいものですぞ",
			"\f"
		]
	},
	{
		"Index": 16,
		"JPN": [
			"<CMD>f481</CMD>くん<BREAK>これは　コウセキではないですよ",
			"こんどは<BREAK>コウセキをもってきてください",
			"よろしく　たのみましたよ",
			"\f"
		]
	},
	{
		"Index": 17,
		"JPN": [
			"おお　コウセキをもってきて<BREAK>いただけましたかな",
			"それでは　わたしに<BREAK>みせてください",
			"\f"
		]
	},
	{
		"Index": 18,
		"JPN": [
			"<CMD>6480</CMD>考耎職耏耢",
			"\f"
		]
	},
	{
		"Index": 19,
		"JPN": [
			"<CMD>6480</CMD>耈",
			"\f"
		]
	},
	{
		"Index": 20,
		"JPN": [
			"<CMD>6480</CMD>耆",
			"\f"
		]
	},
	{
		"Index": 21,
		"JPN": [
			"<CMD>6480</CMD>聙",
			"\f"
		]
	},
	{
		"Index": 22,
		"JPN": [
			"ちなみに　{完成|かんせい}した<CMD>008027000380</CMD>ゴーレム<CMD>008027000180</CMD>は<BREAK>まほう{語|ご}で　あやつることが<BREAK>できるのですぞ",
			"たとえば…",
			"\f"
		]
	},
	{
		"Index": 23,
		"JPN": [
			"{完成|かんせい}まで<BREAK>{少|すこ}しまっていてください",
			"きっと　すばらしい<BREAK>ゴーレムが{出来|でき}てますぞ",
			"\f"
		]
	},
	{
		"Index": 24,
		"JPN": [
			"\f"
		]
	},
	{
		"Index": 34,
		"JPN": [
			"<CMD>11802700d69a2700dc9a</CMD>",
			"\f"
		]
	},
	{
		"Index": 35,
		"JPN": [
			"もうすぐ<BREAK><CMD>008027000380</CMD>ジャックランタン<CMD>008027000180</CMD>がくるね",
			"<CMD>f481</CMD>くんは<BREAK><CMD>008027000480</CMD><CMD>fb8127005483</CMD><CMD>008027000180</CMD><BREAK>を　{用意|ようい}したかな？",
			"<CMD>008027000480</CMD><CMD>fb8127005483</CMD><CMD>008027000180</CMD><BREAK>がないと　イタズラされるから<BREAK>ちゃんと　{用意|ようい}しておくんだよ",
			"{用意|ようい}しても<BREAK>{自分|じぶん}で{食|た}べてしまっては<BREAK>ダメですよ？",
			"じつは　むかし　わたしも<BREAK>ガマンできなくて<BREAK>{食|た}べてしまったことがあるのですよ",
			"みんなにはナイショですがね",
			"\f"
		]
	},
	{
		"Index": 36,
		"JPN": [
			"<CMD>118027001c9b2700279b</CMD>",
			"\f"
		]
	},
	{
		"Index": 41,
		"JPN": [
			"<CMD>11802700449b2700479b</CMD>",
			"\f"
		]
	},
	{
		"Index": 42,
		"JPN": [
			"<CMD>4b80270051802700148027000180</CMD>",
			"\f"
		]
	},
	{
		"Index": 43,
		"JPN": [
			"<CMD>4b80270051802700158027000180</CMD>",
			"\f"
		]
	},
	{
		"Index": 44,
		"JPN": [
			"<CMD>4b80270051802700168027000180</CMD>",
			"\f"
		]
	},
	{
		"Index": 45,
		"JPN": [
			"ドッペルゲンガー<BREAK>{会話枠|かいわわく}",
			"\f"
		]
	},
	{
		"Index": 46,
		"JPN": [
			"ドッペルゲンガー<BREAK>{会話枠|かいわわく}",
			"\f"
		]
	},
	{
		"Index": 47,
		"JPN": [
			"<CMD>11802700449b2700479b</CMD>",
			"\f"
		]
	},
	{
		"Index": 48,
		"JPN": [
			"<CMD>4b80270064802700028027000180</CMD>",
			"\f"
		]
	},
	{
		"Index": 49,
		"JPN": [
			"<CMD>4b80270064802700038027000180</CMD>",
			"\f"
		]
	},
	{
		"Index": 50,
		"JPN": [
			"<CMD>4b80270064802700048027000180</CMD>",
			"\f"
		]
	},
	{
		"Index": 51,
		"JPN": [
			"<CMD>11802700449b2700479b</CMD>",
			"\f"
		]
	},
	{
		"Index": 52,
		"JPN": [
			"<CMD>4980270067802700018027000180</CMD>",
			"\f"
		]
	},
	{
		"Index": 53,
		"JPN": [
			"<CMD>11802700449b2700479b</CMD>",
			"\f"
		]
	},
	{
		"Index": 54,
		"JPN": [
			"<CMD>4980270078802700028027000180</CMD>",
			"\f"
		]
	},
	{
		"Index": 55,
		"JPN": [
			"<CMD>11802700449b2700479b</CMD>",
			"\f"
		]
	},
	{
		"Index": 56,
		"JPN": [
			"もうすぐ<BREAK><CMD>008027000380</CMD>ジャックランタン<CMD>008027000180</CMD>がくるね",
			"<CMD>f481</CMD>くんは<BREAK><CMD>008027000480</CMD><CMD>fb8127005483</CMD><CMD>008027000180</CMD><BREAK>を　{用意|ようい}したかな？",
			"<CMD>008027000480</CMD><CMD>fb8127005483</CMD><CMD>008027000180</CMD><BREAK>がないと　イタズラされるから<BREAK>ちゃんと　{用意|ようい}しておくんだよ",
			"{用意|ようい}しても<BREAK>{自分|じぶん}で{食|た}べてしまっては<BREAK>ダメですよ？",
			"じつは　むかし　わたしも<BREAK>ガマンできなくて<BREAK>{食|た}べてしまったことがあるのですよ",
			"みんなにはナイショですがね",
			"\f"
		]
	},
	{
		"Index": 57,
		"JPN": [
			"<CMD>18802700729b27000080</CMD><CMD>17802700729b2700088027000a8027000180</CMD><CMD>16802700729b27006981</CMD><CMD>f481</CMD>くん<BREAK><CMD>008027000580</CMD>こうどう<CMD>008027000180</CMD>には　もう{行|い}きましたか？",
			"<CMD>18802700729b27000180</CMD><CMD>17802700729b270001802700048027000280</CMD><CMD>16802700729b27005581</CMD>じつはまもなく　ゴーレムを<BREAK>{着|き}かざる　ゴーレムアクセサリー<BREAK>{大会|たいかい}が　{開|ひら}かれるのです",
			"{今|いま}はそのジュンビの<BREAK>さいちゅうで",
			"みなさんにも　おてつだいを<BREAK>おねがいしているのです",
			"<CMD>18802700729b27000180</CMD><CMD>17802700729b270001802700048027000280</CMD><CMD>16802700729b27005581</CMD>おてつだいと{言|い}っても<BREAK>たいしたことではありません",
			"アクサセリーを{作|つく}るための<BREAK>{宝石|ほうせき}を{集|あつ}めて<BREAK>もらっているのですよ",
			"<CMD>18802700729b27000180</CMD><CMD>17802700729b270001802700048027000280</CMD><CMD>16802700729b27005581</CMD><CMD>f481</CMD>くんにも<BREAK>おてつだいを<BREAK>おねがいします",
			"アクセサリーを{作|つく}るための<BREAK>{宝石|ほうせき}を５コ<BREAK>{持|も}ってきてくれませんか？",
			"{持|も}ってきてくれた{宝石|ほうせき}によって<BREAK>かんせいするアクセサリーは<BREAK>ちがうものになります",
			"<CMD>18802700729b27000180</CMD><CMD>17802700729b270001802700048027000080</CMD><CMD>16802700729b27004181</CMD>そうですね　みなさんの<BREAK>{宝石|ほうせき}にこめる{思|おも}いで<BREAK>かわると{言|い}ってもいいでしょう",
			"<CMD>18802700729b27000180</CMD><CMD>17802700729b270001802700048027000280</CMD><CMD>16802700729b27005581</CMD>はてさて<BREAK>どんなアクセサリーができるのか<BREAK>とても{楽|たの}しみです",
			"\f"
		]
	},
	{
		"Index": 58,
		"JPN": [
			"{宝石|ほうせき}は<BREAK>{持|も}ってきてくれましたか？",
			"\f"
		]
	},
	{
		"Index": 59,
		"JPN": [
			"<CMD>18802700729b27000580</CMD><CMD>17802700729b270001802700048027000080</CMD><CMD>16802700729b27005681</CMD>おや　これはこれは！<BREAK>よい{宝石|ほうせき}ですね<BREAK>ありがとうございます",
			"では…あと<CMD>4e822700808227000081</CMD>コ<BREAK>{持|も}ってきてください",
			"そうすれば<BREAK>ゴーレムのアクセサリーを<BREAK>{作|つく}ることができます",
			"よろしくおねがいしますね",
			"\f"
		]
	},
	{
		"Index": 60,
		"JPN": [
			"<CMD>18802700729b27000380</CMD><CMD>17802700729b270001802700048027000080</CMD><CMD>16802700729b27003081</CMD><CMD>f481</CMD>くん<BREAK>これは{宝石|ほうせき}では<BREAK>ありませんね…",
			"あと<CMD>4e822700808227000081</CMD>コ<BREAK>{持|も}ってきてください",
			"よろしくおねがいしますね",
			"\f"
		]
	},
	{
		"Index": 61,
		"JPN": [
			"<CMD>18802700729b27000580</CMD><CMD>17802700729b270001802700048027000080</CMD><CMD>16802700729b27005681</CMD>おや　これはこれは！<BREAK>よい{宝石|ほうせき}ですね<BREAK>ありがとうございます",
			"<CMD>18802700729b27000180</CMD><CMD>17802700729b270001802700048027000280</CMD><CMD>16802700729b27005581</CMD>はい　たしかに５こ<BREAK>{宝石|ほうせき}をあずかりました",
			"これで<BREAK>ゴーレムのアクセサリーを<BREAK>{作|つく}ることができます",
			"<CMD>18802700729b27000180</CMD><CMD>17802700729b270001802700048027000280</CMD><CMD>16802700729b27005581</CMD><CMD>f481</CMD>くんも<BREAK>{楽|たの}しみにしていてくださいね",
			"\f"
		]
	},
	{
		"Index": 62,
		"JPN": [
			"<CMD>18802700729b27000180</CMD><CMD>17802700729b270001802700048027000280</CMD><CMD>16802700729b27005581</CMD>いやいや<BREAK>みなさんにおてつだいを<BREAK>おねがいしてよかった",
			"<CMD>18802700729b27000180</CMD><CMD>17802700729b270001802700048027000280</CMD><CMD>16802700729b27005581</CMD>{大会|たいかい}が　ひじょうに<BREAK>{楽|たの}しみですね<BREAK>{期待|きたい}できそうです",
			"\f"
		]
	},
	{
		"Index": 63,
		"JPN": [
			"あと<CMD>4e822700808227000081</CMD>コ<BREAK>{持|も}ってきてください",
			"よろしくおねがいしますね",
			"\f"
		]
	},
	{
		"Index": 68,
		"JPN": [
			"アクセサリーかんせいまで<BREAK>もう{少|すこ}し{時間|じかん}がかかります",
			"{楽|たの}しみにしていてくださいね",
			"\f"
		]
	},
	{
		"Index": 69,
		"JPN": [
			"<CMD>f481</CMD>くん<BREAK>お{待|ま}たせしました",
			"<CMD>18802700729b27000180</CMD><CMD>17802700729b270001802700048027000280</CMD><CMD>16802700729b27005581</CMD>みなさんのおかげで　なかなかよい<BREAK>ゴーレムアクセサリーが<BREAK>かんせいしましたよ",
			"{大会|たいかい}まで<BREAK>まだ{少|すこ}し{日|ひ}があります",
			"<CMD>18802700729b27000180</CMD><CMD>17802700729b270001802700048027000280</CMD><CMD>16802700729b27005581</CMD>ですので<BREAK>アクセサリーをつけたまま<BREAK>ゴーレムをおいておきます",
			"もしよければ<BREAK>{見|み}てあげてください",
			"\f"
		]
	},
	{
		"Index": 70,
		"JPN": [
			"<CMD>49802700c68b27000380</CMD>",
			"\f"
		]
	},
	{
		"Index": 71,
		"JPN": [
			"<CMD>49802700c88b27000680</CMD>",
			"\f"
		]
	},
	{
		"Index": 90,
		"JPN": [
			"ごほん…<CMD>49802700fa802700028027000180</CMD>",
			"\f"
		]
	},
	{
		"Index": 95,
		"JPN": [
			"ごほん…<CMD>498027004e822700028027000180</CMD>",
			"\f"
		]
	},
	{
		"Index": 96,
		"JPN": [
			"まだ　すこしはやいようですね<BREAK>もうしばらく　がんばってから<BREAK>{来|き}てください",
			"\f"
		]
	},
	{
		"Index": 97,
		"JPN": [
			"そろそろ　<CMD>f481</CMD>くんの<BREAK>ひょうかをしても<BREAK>よいころですね",
			"あとで　こうどうまで<BREAK>{来|き}てください<BREAK>ひょうかを　してあげましょう",
			"\f"
		]
	}
]