[
	{
		"Index": 0,
		"JPN": [
			"<CMD>008027000480</CMD>レア{星|ぼし}<CMD>008027000180</CMD>が{空|そら}にうかぶ{時|とき}<BREAK>めずらしいものが<BREAK>{見|み}つかりやすくなるのです",
			"おもわぬ{発見|はっけん}が<BREAK>あるかもしれませんよ？",
			"\f"
		]
	},
	{
		"Index": 1,
		"JPN": [
			"かんけいをあらわす<BREAK><CMD>008027000480</CMD>かんけい{星|ぼし}<CMD>008027000180</CMD>がかがやくとき<BREAK>きずなをふかめやすくなるようです",
			"なかまとのきずなを<BREAK>ふかめるのであれば<BREAK>いまがいいですよ？",
			"\f"
		]
	},
	{
		"Index": 2,
		"JPN": [
			"<CMD>008027000480</CMD>こううん{星|ぼし}<CMD>008027000180</CMD>がかがやいて<BREAK>います　{全|すべ}てにおいて<BREAK>めぐまれたじきですよ",
			"すぎさる{前|まえ}に　こうどうを<BREAK>おこすとよいでしょう",
			"\f"
		]
	},
	{
		"Index": 3,
		"JPN": [
			"あと…",
			"いまは<BREAK>うんせいにえいきょうする<BREAK>わくせいは　{無|な}いみたいですね",
			"\f"
		]
	},
	{
		"Index": 4,
		"JPN": [
			"…どうです？　<CMD>f481</CMD>くん<BREAK>{星|ほし}たちはいろいろなことを<BREAK>かたりかけています",
			"どんなに<BREAK>いそがしくても{立|た}ち{止|ど}まり",
			"{夜空|よぞら}を<BREAK>{見上|みあ}げるくらいの{時間|じかん}は<BREAK>{作|つく}りましょうね",
			"\f"
		]
	},
	{
		"Index": 5,
		"JPN": [
			"\f"
		]
	},
	{
		"Index": 6,
		"JPN": [
			"\f"
		]
	},
	{
		"Index": 7,
		"JPN": [
			"\f"
		]
	},
	{
		"Index": 8,
		"JPN": [
			"\f"
		]
	},
	{
		"Index": 9,
		"JPN": [
			"\f"
		]
	},
	{
		"Index": 10,
		"JPN": [
			"{星|ほし}たちの{動|うご}きを<BREAK>ながめていると",
			"この{先|さき}のことも<BREAK>すこしだけ{知|し}ることが<BREAK>できるのです",
			"さて<BREAK>なにを{知|し}りたいのですか？",
			"<CMD>128027000180</CMD>",
			"\f"
		]
	},
	{
		"Index": 11,
		"JPN": [
			"<CMD>3780</CMD>",
			"おかねのこと<CMD>128027000180</CMD>",
			"ともだちのこと<CMD>128027000280</CMD>",
			"たからもののこと<CMD>128027000380</CMD>",
			"やめる<CMD>128027000480</CMD>",
			"\f"
		]
	},
	{
		"Index": 12,
		"JPN": [
			"{富|とみ}に{関|かか}わるうんせいですね",
			"\f"
		]
	},
	{
		"Index": 13,
		"JPN": [
			"{人|ひと}との{仲|なか}のよさに{関|かか}わる<BREAK>うんせいですね",
			"\f"
		]
	},
	{
		"Index": 14,
		"JPN": [
			"めずらしいものの{入手|にゅうしゅ}に<BREAK>{関|かか}わるうんせいですね",
			"\f"
		]
	},
	{
		"Index": 15,
		"JPN": [
			"そうですか？<BREAK>またなにかあったら<BREAK>{声|こえ}をかけてください",
			"\f"
		]
	},
	{
		"Index": 16,
		"JPN": [
			"いまは　ひじょうに<BREAK>{低|ひく}いじょうたいにあります",
			"\f"
		]
	},
	{
		"Index": 17,
		"JPN": [
			"いまは{低|ひく}いじょうたいにあります",
			"\f"
		]
	},
	{
		"Index": 18,
		"JPN": [
			"いまはふつうのじょうたいですね",
			"\f"
		]
	},
	{
		"Index": 19,
		"JPN": [
			"いまは{高|たか}いじょうたいにあります",
			"\f"
		]
	},
	{
		"Index": 20,
		"JPN": [
			"いまは　ひじょうに<BREAK>{高|たか}いじょうたいにあります",
			"\f"
		]
	},
	{
		"Index": 21,
		"JPN": [
			"そして<BREAK>{今後|こんご}のうんせいに{対|たい}する<BREAK>{月|つき}のえいきょうは…",
			"\f"
		]
	},
	{
		"Index": 22,
		"JPN": [
			"{新月|しんげつ}のえいきょうが<BREAK>よくない{方向|ほうこう}にはたらき…",
			"うんせいは<BREAK>ひじょうに{悪|わる}くなります",
			"\f"
		]
	},
	{
		"Index": 23,
		"JPN": [
			"{今後|こんご}　{月|つき}のえいきょうで<BREAK>ゆるやかにうんせいが<BREAK>じょうしょうしていきます",
			"\f"
		]
	},
	{
		"Index": 24,
		"JPN": [
			"{満月|まんげつ}のえいきょうが<BREAK>{良|よ}い{方向|ほうこう}にはたらき…",
			"うんせいは<BREAK>ひじょうに{良|よ}くなるでしょう",
			"\f"
		]
	},
	{
		"Index": 25,
		"JPN": [
			"{今後|こんご}　{月|つき}のえいきょうで<BREAK>ゆるやかにうんせいが<BREAK>かこうしていきます",
			"\f"
		]
	},
	{
		"Index": 26,
		"JPN": [
			"{新月|しんげつ}のえいきょうが<BREAK>{良|よ}い{方向|ほうこう}にはたらき…",
			"うんせいは<BREAK>ひじょうに{良|よ}くなるでしょう",
			"\f"
		]
	},
	{
		"Index": 27,
		"JPN": [
			"{今後|こんご}　{月|つき}のえいきょうで<BREAK>キュウゲキに<BREAK>うんせいがさがっていきます",
			"\f"
		]
	},
	{
		"Index": 28,
		"JPN": [
			"むむむ…<BREAK>{月|つき}のえいきょうが{読|よ}めません<BREAK>{大|おお}きく{変動|へんどう}することでしょう",
			"ここしばらく　しんちょうに<BREAK>けいかを{見|み}るひつようが<BREAK>ありますね",
			"\f"
		]
	},
	{
		"Index": 29,
		"JPN": [
			"…どうです？　<CMD>f481</CMD>くん<BREAK>{星|ほし}たちはいろいろなことを<BREAK>かたりかけています",
			"どんなに<BREAK>いそがしくとも{立|た}ち{止|ど}まり",
			"{夜空|よぞら}を<BREAK>{見上|みあ}げるくらいの{時間|じかん}は<BREAK>{作|つく}りましょうね",
			"\f"
		]
	},
	{
		"Index": 30,
		"JPN": [
			"\f"
		]
	},
	{
		"Index": 31,
		"JPN": [
			"\f"
		]
	},
	{
		"Index": 32,
		"JPN": [
			"\f"
		]
	},
	{
		"Index": 33,
		"JPN": [
			"\f"
		]
	},
	{
		"Index": 34,
		"JPN": [
			"\f"
		]
	},
	{
		"Index": 35,
		"JPN": [
			"\f"
		]
	},
	{
		"Index": 36,
		"JPN": [
			"\f"
		]
	},
	{
		"Index": 37,
		"JPN": [
			"\f"
		]
	},
	{
		"Index": 38,
		"JPN": [
			"\f"
		]
	},
	{
		"Index": 39,
		"JPN": [
			"\f"
		]
	},
	{
		"Index": 40,
		"JPN": [
			"\f"
		]
	},
	{
		"Index": 41,
		"JPN": [
			"\f"
		]
	},
	{
		"Index": 42,
		"JPN": [
			"\f"
		]
	},
	{
		"Index": 43,
		"JPN": [
			"\f"
		]
	},
	{
		"Index": 44,
		"JPN": [
			"\f"
		]
	},
	{
		"Index": 45,
		"JPN": [
			"\f"
		]
	},
	{
		"Index": 46,
		"JPN": [
			"\f"
		]
	},
	{
		"Index": 47,
		"JPN": [
			"\f"
		]
	},
	{
		"Index": 48,
		"JPN": [
			"\f"
		]
	},
	{
		"Index": 49,
		"JPN": [
			"\f"
		]
	},
	{
		"Index": 50,
		"JPN": [
			"<CMD>16802700d08727005681</CMD><CMD>f481</CMD>くん<BREAK>よく{来|き}てくれました<BREAK>たのみたいことがあるのです",
			"じつは　{知り合い|しりあい}から<BREAK>グレムリンの{子|こ}どもを　{２人|ふたり}<BREAK>あずかったのですが……",
			"<CMD>18802700729b27000480</CMD><CMD>17802700729b27000a8027000a8027000180</CMD><CMD>16802700729b27007f81</CMD>こまったことに<BREAK>わたしは　{学校の仕事|がっこうのしごと}で<BREAK>いそがしいのです",
			"そこで　ぜひ<CMD>f481</CMD>くんに<BREAK>{子|こ}どもの{相手|あいて}を<BREAK>おねがいしたいのです",
			"\f"
		]
	},
	{
		"Index": 51,
		"JPN": [
			"やあ　<CMD>f481</CMD>くん<BREAK>このあいだは　{助|たす}かりましたよ",
			"また　{子|こ}どもたちの　{相手|あいて}を<BREAK>してくれると{助|たす}かるのですが<BREAK>……どうですか？",
			"<CMD>138027008c9b</CMD>",
			"\f"
		]
	},
	{
		"Index": 52,
		"JPN": [
			"<CMD>3780</CMD>",
			"はい<CMD>13802700ffff</CMD>",
			"いいえ<CMD>13802700ffff</CMD>",
			"\f"
		]
	},
	{
		"Index": 53,
		"JPN": [
			"<CMD>17802700d0872700a9802700148027000180</CMD>それでは　たのみますよ<BREAK><CMD>17802700d0872700018027000a80</CMD>なに　やってもらうのは<BREAK>かんたんなことです",
			"{子|こ}どもたちを<BREAK>ある{場所|ばしょ}へつれて{行|い}き<BREAK>そこで{遊|あそ}んであげてください",
			"そして　{遊|あそ}び{終|おわ}ったら<BREAK>ふたたび　ここへ<BREAK>つれて{帰|かえ}ってください",
			"<CMD>16802700d08727005581</CMD><CMD>17802700d0872700a9802700148027000180</CMD>{大丈夫|だいじょうぶ}<BREAK><CMD>f481</CMD>くんなら<BREAK>きっとできるはずです",
			"\f"
		]
	},
	{
		"Index": 54,
		"JPN": [
			"そうですか…<BREAK>ではまたこんど　おねがいしますよ",
			"{今日|きょう}もし{時間|じかん}ができたら<BREAK>この{子|こ}たちも{待|ま}っているので<BREAK>{来|き}てください",
			"\f"
		]
	},
	{
		"Index": 55,
		"JPN": [
			"おお　<CMD>f481</CMD>くん<BREAK>せっかく　{来|き}てくれたのに<BREAK>もうしわけありません…",
			"<CMD>18802700d08727000380</CMD><CMD>17802700d0872700aa8027001e8027000180</CMD>{雨|あめ}では{都合|つごう}が{悪|わる}いのです<BREAK>また　{晴|は}れの{日|ひ}に<BREAK>{来|き}てもらえますかな？",
			"\f"
		]
	},
	{
		"Index": 56,
		"JPN": [
			"<CMD>18802700d08727000380</CMD><CMD>17802700d0872700aa8027001e8027000180</CMD>おお　<CMD>f481</CMD>くん<BREAK>{今日|きょう}は　{雨|あめ}のようですね<BREAK>これでは　{遊|あそ}びに{行|い}けませんね",
			"また{今度|こんど}　{晴|は}れてる{日|ひ}に<BREAK>{子|こ}どもたちの{相手|あいて}を<BREAK>してやってください",
			"\f"
		]
	},
	{
		"Index": 57,
		"JPN": [
			"<CMD>16802700d08727005881</CMD>{今日の目的地|きょうのもくてきち}は<BREAK>きのこの{森|もり}です",
			"<CMD>17802700d0872700a9802700148027000180</CMD>あの{森|もり}には<BREAK>めずらしい　きのこや{花|はな}が<BREAK>たくさんあります",
			"<CMD>17802700d0872700018027000a80</CMD>{子|こ}どもたちも<BREAK>きっとよろこんで<BREAK>くれることでしょう",
			"では　わたしの{言|い}ったことを<BREAK>{忘|わす}れず　より{道|みち}をせずに<BREAK>{行|い}って{帰|かえ}ってくるのですよ",
			"\f"
		]
	},
	{
		"Index": 58,
		"JPN": [
			"<CMD>16802700d08727005881</CMD>{今日の目的地|きょうのもくてきち}は<BREAK>どうくつです",
			"<CMD>17802700d0872700a9802700148027000180</CMD>あそこでは<BREAK>めずらしい{宝石|ほうせき}や　こう{石|せき}が<BREAK>{発見|はっけん}されることがあります",
			"<CMD>17802700d0872700018027000a80</CMD>{子|こ}どもたちも<BREAK>きっとよろこんで<BREAK>くれることでしょう",
			"では　わたしの{言|い}ったことを<BREAK>{忘|わす}れず　より{道|みち}をせずに<BREAK>{行|い}って{帰|かえ}ってくるのですよ",
			"\f"
		]
	},
	{
		"Index": 59,
		"JPN": [
			"<CMD>16802700d08727005881</CMD>{今日の目的地|きょうのもくてきち}は<BREAK>かいがんです",
			"<CMD>17802700d0872700a9802700148027000180</CMD>{海|うみ}のそばで　{遊|あそ}ぶのは<BREAK>けんこうにも　いいことです",
			"<CMD>17802700d0872700018027000a80</CMD>{子|こ}どもたちも<BREAK>きっとよろこんで<BREAK>くれることでしょう",
			"では　わたしの{言|い}ったことを<BREAK>{忘|わす}れず　より{道|みち}をせずに<BREAK>{行|い}って{帰|かえ}ってくるのですよ",
			"\f"
		]
	},
	{
		"Index": 60,
		"JPN": [
			"<CMD>16802700d08727005881</CMD><CMD>17802700d0872700018027000a80</CMD>そうそう　{子守|こもり}のあいだ<BREAK>{注意|ちゅうい}することを<BREAK>{話して|はなして}おきましょう",
			"{時間|じかん}が　おそくなったり<BREAK>{１人|ひとり}で{先|さき}に{行|い}ったり<BREAK>より{道|みち}をしたりしていると",
			"はぐれることがあるので<BREAK>{気|き}をつけてください",
			"だれかと　{話|はなし}に{夢中|むちゅう}になり<BREAK>{子|こ}どもたちから　{目|め}をはなしても<BREAK>いけませんよ",
			"それから　これはおべんとうです<BREAK>{今日|きょう}の{目的地|もくてきち}で<BREAK>{子|こ}どもたちと{食|た}べるのですよ",
			"\f"
		]
	},
	{
		"Index": 61,
		"JPN": [
			"おや　この{子|こ}たち<BREAK>{少し|すこし}だけ　{不安|ふあん}そうですね",
			"<CMD>17802700d0872700a98027001480</CMD>いやいや　<CMD>f481</CMD>くん<BREAK>{心配|しんぱい}しなくていいですよ",
			"{子|こ}どもはみんな<BREAK>さいしょのうちは　{相手|あいて}を<BREAK>けいかい　するものです",
			"<CMD>16802700d08727005581</CMD><CMD>f481</CMD>くんなら{大丈夫|だいじょうぶ}<BREAK>{世話|せわ}をしているうちに<BREAK>すぐに　なついてくれますよ",
			"では　<CMD>f481</CMD>くん<BREAK>たのみました<BREAK>{気|き}をつけて　{行|い}くのですよ",
			"\f"
		]
	},
	{
		"Index": 62,
		"JPN": [
			"だいぶ　なついてきたようですね<BREAK>けっこう　けっこう",
			"<CMD>17802700d0872700a98027001480</CMD>さすがは　わたしの{見|み}こんだ<BREAK><CMD>f481</CMD>くんです",
			"<CMD>16802700d08727005581</CMD>この{調子|ちょうし}で<BREAK>{今日|きょう}も　この{子|こ}たちの{相手|あいて}を<BREAK>たのみましたよ",
			"では　{気|き}をつけて{行|い}って<BREAK>おそくならないように<BREAK>{帰|かえ}ってくるのですぞ",
			"\f"
		]
	},
	{
		"Index": 63,
		"JPN": [
			"おやおや　{子|こ}どもたちも<BREAK>ずいぶん　はしゃいでいますね",
			"<CMD>17802700d0872700a98027001480</CMD><CMD>f481</CMD>くんと<BREAK>{遊|あそ}びに{行|い}けるのが<BREAK>とても　{楽|たの}しみのようだ",
			"<CMD>16802700d08727005581</CMD>では　<CMD>f481</CMD>くん<BREAK>いつものように　{気|き}をつけて<BREAK>{行|い}ってきなさい",
			"なるべくおそくならないように<BREAK>{帰|かえ}ってくるのですぞ",
			"\f"
		]
	},
	{
		"Index": 66,
		"JPN": [
			"<CMD>f481</CMD>くん<BREAK>{子|こ}どもたちは<BREAK>さきに　{帰|かえ}ってきてましたよ",
			"<CMD>18802700d08727000280</CMD><CMD>17802700d0872700aa802700148027000180</CMD>ダメではないですか<BREAK>{子|こ}どもたちと<BREAK>はぐれてしまうなんて",
			"<CMD>17802700d0872700018027000a80</CMD>{子|こ}どもたちは<BREAK>{目|め}をはなすと　すぐに<BREAK>まいごになってしまいます",
			"<CMD>16802700d08727005881</CMD><CMD>18802700d08727000080</CMD>いいですか？　くれぐれも<BREAK>{子|こ}どもたちのことを<BREAK>{考|かんが}えて{行動|こうどう}するのですよ",
			"\f"
		]
	},
	{
		"Index": 67,
		"JPN": [
			"どうしたのですか？<BREAK>{子|こ}どもたちは　もう<BREAK>{自分|じぶん}で　もどってきてましたよ",
			"<CMD>18802700d08727000280</CMD>さては　<CMD>f481</CMD>くん<BREAK>だれかと　{話|はな}してばかり<BREAK>いたのではありませんか？",
			"<CMD>17802700d0872700a9802700148027000180</CMD>おしゃべりは　けっこう<BREAK>しかし　{子|こ}どもたちから<BREAK>{目|め}をはなしてはいけません",
			"<CMD>16802700d08727005881</CMD><CMD>18802700d08727000080</CMD>いいですか　{次|つぎ}はくれぐれも<BREAK>お{話|はなし}にむちゅうにならないよう<BREAK>{気|き}をつけるのですよ",
			"\f"
		]
	},
	{
		"Index": 68,
		"JPN": [
			"<CMD>18802700d08727000280</CMD><CMD>f481</CMD>くん<BREAK>こんな{時間|じかん}まで<BREAK>どこへ{行|い}っていたのですか？",
			"{子|こ}どもたちのことは<BREAK>{心配|しんぱい}しなくても　だいじょうぶ<BREAK>{先|さき}に　{帰|かえ}ってきてましたよ",
			"<CMD>18802700d08727000080</CMD><CMD>17802700d0872700a9802700148027000180</CMD><CMD>f481</CMD>くん<BREAK>ねっしんに　{子|こ}どもたちの{相手|あいて}を<BREAK>してくれるのは　いいことです",
			"<CMD>17802700d0872700018027000a80</CMD>けれど　{子|こ}どもたちにも<BREAK>{心配する人|しんぱいするひと}が　いることを<BREAK>わすれてはいけませんよ",
			"\f"
		]
	},
	{
		"Index": 69,
		"JPN": [
			"{今日|きょう}は　もうおそいですから<BREAK>{子|こ}どもたちは　{帰|かえ}らせました<BREAK><CMD>f481</CMD>くんも　{帰|かえ}りなさい",
			"<CMD>16802700d08727005881</CMD><CMD>17802700d0872700a9802700148027000180</CMD>{子|こ}どもたちの　{相手|あいて}は<BREAK>また　{別の日|べつのひ}に<BREAK>おねがいしますね",
			"\f"
		]
	},
	{
		"Index": 70,
		"JPN": [
			"さて　<CMD>f481</CMD>くん<BREAK>{今日|きょう}はまだ{時間|じかん}がありますが",
			"<CMD>16802700d08727006981</CMD>もう{一度|いちど}　{子|こ}どもたちをつれて<BREAK>{遊|あそ}びにいってくれますか？",
			"<CMD>138027008c9b</CMD>",
			"\f"
		]
	},
	{
		"Index": 71,
		"JPN": [
			"<CMD>16802700d08727005881</CMD><CMD>17802700d0872700a9802700148027000180</CMD>それでは　たのみますね<BREAK>{今度|こんど}こそしっかり<BREAK>めんどうを{見|み}るのですよ",
			"\f"
		]
	},
	{
		"Index": 72,
		"JPN": [
			"<CMD>17802700d0872700a9802700148027000180</CMD>わかりました<BREAK>では　{今日|きょう}はここまでに<BREAK>しておきましょう",
			"<CMD>17802700d0872700018027000a80</CMD>また{別の日|べつのひ}に<BREAK>{子|こ}どもたちの{相手|あいて}を<BREAK>してやってください",
			"\f"
		]
	},
	{
		"Index": 73,
		"JPN": [
			"Ah!　<CMD>f481</CMD>くん<BREAK>おかえりなさい",
			"<CMD>18802700d08727000180</CMD><CMD>17802700d0872700a9802700148027000180</CMD>{子|こ}どもたちの{世話|せわ}<BREAK>ごくろうでしたね",
			"<CMD>18802700d08727000080</CMD><CMD>17802700d0872700018027000a80</CMD>{今日|きょう}の{子守|こもり}はどうでしたかな？<BREAK>{子|こ}どもたちにも<BREAK>{聞|き}いてみるとしましょうか",
			"\f"
		]
	},
	{
		"Index": 74,
		"JPN": [
			"<CMD>16802700b88b27005881</CMD>…<BREAK>……<BREAK>…フムフム",
			"\f"
		]
	},
	{
		"Index": 75,
		"JPN": [
			"{子|こ}どもたちも<BREAK>とても{楽|たの}しかったそうですよ",
			"<CMD>16802700d08727005581</CMD><CMD>17802700d0872700a9802700148027000180</CMD>{子|こ}どもたちが<BREAK>うれしそうにしているのを{見|み}ると<BREAK>こちらも　うれしくなるものですね",
			"<CMD>17802700d0872700018027000a80</CMD>おつかれさまでした<BREAK>やはり　<CMD>f481</CMD>くんに<BREAK>たのんでよかったですよ",
			"\f"
		]
	},
	{
		"Index": 76,
		"JPN": [
			"しかし　この{子|こ}たちも<BREAK>まだ{少|すこ}しだけ<BREAK>けいかいしているようですね",
			"<CMD>17802700d0872700a9802700148027000180</CMD>{大丈夫|だいじょうぶ}<BREAK><CMD>f481</CMD>くんなら",
			"この{子|こ}たちもすぐに<BREAK>なついてくれると{思|おも}いますよ",
			"<CMD>17802700d0872700018027000a80</CMD><CMD>f481</CMD>くんは<BREAK>なんと{言|い}っても　わたしの{見|み}こんだ<BREAK>せいとですからね",
			"\f"
		]
	},
	{
		"Index": 77,
		"JPN": [
			"{子|こ}どもたちも<BREAK>ずいぶん　<CMD>f481</CMD>くんに<BREAK>なついてきたようですね",
			"<CMD>17802700d0872700a9802700148027000180</CMD>ひきつづきこの{調子|ちょうし}で<BREAK>{子守|こもり}をおねがいしますよ",
			"\f"
		]
	},
	{
		"Index": 78,
		"JPN": [
			"ははは　{子|こ}どもたちは<BREAK><CMD>f481</CMD>くんのことが<BREAK>{大好き|ダイスキ}なようですね",
			"けれども{今日|きょう}は<BREAK>もう　おうちに{帰|かえ}る{時間|じかん}…",
			"{子|こ}どもたち　また{別の日|べつのひ}に<BREAK><CMD>f481</CMD>くんに<BREAK>{遊|あそ}んでもらいなさい",
			"\f"
		]
	},
	{
		"Index": 79,
		"JPN": [
			"<CMD>16802700d08727005881</CMD>では　わたしは{子|こ}どもたちを<BREAK>{送|おく}ってきますから<BREAK><CMD>f481</CMD>くんも{帰|かえ}りなさい",
			"<CMD>17802700d0872700a9802700148027000180</CMD>また　{子|こ}どもたちのめんどうを<BREAK>{見|み}てやってくださいね",
			"{今日|きょう}は　{本当|ほんとう}に<BREAK>{助|たす}かりましたよ",
			"\f"
		]
	},
	{
		"Index": 80,
		"JPN": [
			"<CMD>16802700d08727005881</CMD>では　わたしは{子|こ}どもたちを<BREAK>{送|おく}ってきますから<BREAK><CMD>f481</CMD>くんは{帰|かえ}りなさい",
			"また　{別の日|べつのひ}に<BREAK>{子|こ}どもたちのめんどうを<BREAK>{見|み}てやってくださいね",
			"<CMD>17802700d0872700a9802700148027000180</CMD>おつかれさまでした<BREAK>{今日|きょう}は　{本当|ほんとう}に<BREAK>{助|たす}かりましたよ",
			"\f"
		]
	},
	{
		"Index": 81,
		"JPN": [
			"<CMD>16802700d08727005881</CMD><CMD>f481</CMD>くん<BREAK>また{子|こ}どもたちのめんどうを<BREAK>{見|み}てやってくださいね",
			"<CMD>17802700d0872700a9802700148027000180</CMD>いつも　{本当|ほんとう}に<BREAK>{助|たす}かっていますよ<BREAK>ありがとう　<CMD>f481</CMD>くん",
			"\f"
		]
	},
	{
		"Index": 82,
		"JPN": [
			"<CMD>16802700b98b27005881</CMD>…<BREAK>…ほうほう<BREAK>それはそれは",
			"\f"
		]
	},
	{
		"Index": 83,
		"JPN": [
			"\f"
		]
	},
	{
		"Index": 84,
		"JPN": [
			"\f"
		]
	},
	{
		"Index": 85,
		"JPN": [
			"\f"
		]
	},
	{
		"Index": 86,
		"JPN": [
			"\f"
		]
	},
	{
		"Index": 87,
		"JPN": [
			"\f"
		]
	},
	{
		"Index": 88,
		"JPN": [
			"\f"
		]
	},
	{
		"Index": 89,
		"JPN": [
			"\f"
		]
	},
	{
		"Index": 90,
		"JPN": [
			"\f"
		]
	},
	{
		"Index": 91,
		"JPN": [
			"\f"
		]
	},
	{
		"Index": 92,
		"JPN": [
			"\f"
		]
	},
	{
		"Index": 93,
		"JPN": [
			"\f"
		]
	},
	{
		"Index": 94,
		"JPN": [
			"\f"
		]
	},
	{
		"Index": 95,
		"JPN": [
			"\f"
		]
	},
	{
		"Index": 96,
		"JPN": [
			"<CMD>49802700dc802700148027000180</CMD>",
			"\f"
		]
	},
	{
		"Index": 97,
		"JPN": [
			"<CMD>49802700dc8027001e8027000180</CMD>",
			"\f"
		]
	},
	{
		"Index": 98,
		"JPN": [
			"<CMD>49802700dc802700288027000180</CMD>",
			"\f"
		]
	},
	{
		"Index": 99,
		"JPN": [
			"そうですか？<BREAK>またなにかあったら<BREAK>{声|こえ}をかけてください",
			"\f"
		]
	}
]