[
	{
		"Index": 0,
		"JPN": [
			"<CMD>09802700038027003e80</CMD>",
			"こころばかりですが<BREAK>この<CMD>008027000480</CMD><CMD>fb8127000085</CMD><CMD>008027000180</CMD>を<BREAK>お{受|う}け{取|と}りください",
			"\f"
		]
	},
	{
		"Index": 1,
		"JPN": [
			"<CMD>09802700038027003e80</CMD>",
			"こころばかりですが<BREAK>この<CMD>008027000480</CMD><CMD>fb8127009283</CMD><CMD>008027000180</CMD>を<BREAK>お{受|う}け{取|と}りください",
			"\f"
		]
	},
	{
		"Index": 2,
		"JPN": [
			"<CMD>09802700038027003e80</CMD>",
			"こころばかりですが<BREAK>この<CMD>008027000480</CMD><CMD>fb8127009083</CMD><CMD>008027000180</CMD>を<BREAK>お{受|う}け{取|と}りください",
			"\f"
		]
	},
	{
		"Index": 3,
		"JPN": [
			"<CMD>09802700038027003e80</CMD>",
			"こころばかりですが<BREAK>この<CMD>008027000480</CMD><CMD>fb812700f684</CMD><CMD>008027000180</CMD>を<BREAK>お{受|う}け{取|と}りください",
			"\f"
		]
	},
	{
		"Index": 4,
		"JPN": [
			"<CMD>09802700038027003e80</CMD>",
			"こころばかりですが<BREAK>この<CMD>008027000480</CMD><CMD>fb8127009f81</CMD><CMD>008027000180</CMD>を<BREAK>お{受|う}け{取|と}りください",
			"\f"
		]
	},
	{
		"Index": 5,
		"JPN": [
			"<CMD>09802700038027003e80</CMD>",
			"こころばかりですが<BREAK>この<CMD>008027000480</CMD><CMD>fb8127009381</CMD><CMD>008027000180</CMD>を<BREAK>お{受|う}け{取|と}りください",
			"\f"
		]
	},
	{
		"Index": 6,
		"JPN": [
			"<CMD>09802700038027003e80</CMD>",
			"こころばかりですが<BREAK>この<CMD>008027000480</CMD><CMD>fb8127008c83</CMD><CMD>008027000180</CMD>を<BREAK>お{受|う}け{取|と}りください",
			"\f"
		]
	},
	{
		"Index": 7,
		"JPN": [
			"<CMD>09802700038027003e80</CMD>",
			"こころばかりですが<BREAK>この<CMD>008027000480</CMD><CMD>fb8127008e83</CMD><CMD>008027000180</CMD>を<BREAK>お{受|う}け{取|と}りください",
			"\f"
		]
	},
	{
		"Index": 8,
		"JPN": [
			"<CMD>09802700038027003e80</CMD>",
			"こころばかりですが<BREAK>この<CMD>008027000480</CMD><CMD>fb8127008483</CMD><CMD>008027000180</CMD>を<BREAK>お{受|う}け{取|と}りください",
			"\f"
		]
	},
	{
		"Index": 9,
		"JPN": [
			"<CMD>09802700038027003e80</CMD>",
			"こころばかりですが<BREAK>この<CMD>008027000480</CMD><CMD>fb8127008a83</CMD><CMD>008027000180</CMD>を<BREAK>お{受|う}け{取|と}りください",
			"\f"
		]
	},
	{
		"Index": 10,
		"JPN": [
			"<CMD>09802700038027003e80</CMD>",
			"こころばかりですが<BREAK>この<CMD>008027000480</CMD><CMD>fb8127008b83</CMD><CMD>008027000180</CMD>を<BREAK>お{受|う}け{取|と}りください",
			"\f"
		]
	},
	{
		"Index": 11,
		"JPN": [
			"<CMD>09802700038027003e80</CMD>",
			"こころばかりですが<BREAK>この<CMD>008027000480</CMD><CMD>fb8127008583</CMD><CMD>008027000180</CMD>を<BREAK>お{受|う}け{取|と}りください",
			"\f"
		]
	},
	{
		"Index": 12,
		"JPN": [
			"<CMD>09802700038027003e80</CMD>",
			"こころばかりですが<BREAK>この<CMD>008027000480</CMD><CMD>fb812700a181</CMD><CMD>008027000180</CMD>を<BREAK>お{受|う}け{取|と}りください",
			"\f"
		]
	},
	{
		"Index": 13,
		"JPN": [
			"<CMD>09802700038027003e80</CMD>",
			"こころばかりですが<BREAK>この<CMD>008027000480</CMD><CMD>fb8127008783</CMD><CMD>008027000180</CMD>を<BREAK>お{受|う}け{取|と}りください",
			"\f"
		]
	},
	{
		"Index": 14,
		"JPN": [
			"<CMD>09802700038027003e80</CMD>",
			"こころばかりですが<BREAK>この<CMD>008027000480</CMD><CMD>fb812700a781</CMD><CMD>008027000180</CMD>を<BREAK>お{受|う}け{取|と}りください",
			"\f"
		]
	},
	{
		"Index": 15,
		"JPN": [
			"<CMD>09802700038027003e80</CMD>",
			"こころばかりですが<BREAK>この<CMD>008027000480</CMD><CMD>fb8127008883</CMD><CMD>008027000180</CMD>を<BREAK>お{受|う}け{取|と}りください",
			"\f"
		]
	},
	{
		"Index": 17,
		"JPN": [
			"<CMD>09802700048027004380</CMD>",
			"あのよ　もうすこし<BREAK>マシなヤツなかったのか？<BREAK>…まぁいいか",
			"\f"
		]
	},
	{
		"Index": 18,
		"JPN": [
			"<CMD>09802700048027004380</CMD>",
			"いろいろ　{言|い}いたいところだが<BREAK>まぁ　{食|く}えないってことはないな",
			"\f"
		]
	},
	{
		"Index": 19,
		"JPN": [
			"<CMD>09802700048027004380</CMD>",
			"うん　まぁまぁってところだな<BREAK>でも もうすこしいいヤツ<BREAK>ありそうだぜ？",
			"\f"
		]
	},
	{
		"Index": 20,
		"JPN": [
			"<CMD>09802700048027004380</CMD>",
			"こんかいは なかなかだったな<BREAK>また よろしくたのむぜ！",
			"\f"
		]
	},
	{
		"Index": 21,
		"JPN": [
			"<CMD>09802700048027004380</CMD>",
			"いいもん{食|く}わせてもらったぜ！<BREAK>ありがとよっ！",
			"\f"
		]
	},
	{
		"Index": 22,
		"JPN": [
			"<CMD>09802700048027004380</CMD>",
			"さいこうだったぜ！<BREAK>また いいもん{食|く}わせてくれよな！",
			"\f"
		]
	},
	{
		"Index": 23,
		"JPN": [
			"<CMD>09802700038027003e80</CMD>",
			"わるくはないのですが…<BREAK>いや　なんでもございません",
			"\f"
		]
	},
	{
		"Index": 24,
		"JPN": [
			"<CMD>09802700038027003e80</CMD>",
			"おかげさまで<BREAK>くうふくが　みたされました",
			"\f"
		]
	},
	{
		"Index": 25,
		"JPN": [
			"<CMD>09802700038027003e80</CMD>",
			"とうろくいたしましたが…<BREAK>もう{少|すこ}し　よいものが<BREAK>ありそうですよ？",
			"\f"
		]
	},
	{
		"Index": 26,
		"JPN": [
			"<CMD>09802700038027003e80</CMD>",
			"ありがとうございます<BREAK>おいしゅうございました",
			"\f"
		]
	},
	{
		"Index": 27,
		"JPN": [
			"<CMD>09802700038027003e80</CMD>",
			"すばらしい！<BREAK>こんなにおいしいものを…<BREAK>ありがとうございました",
			"\f"
		]
	},
	{
		"Index": 28,
		"JPN": [
			"<CMD>09802700038027003e80</CMD>",
			"さいこうでした！<BREAK>よろしければ　もう{一度|いちど}<BREAK>{口|くち}にしたいものです！",
			"\f"
		]
	},
	{
		"Index": 30,
		"JPN": [
			"<CMD>09802700058027004e80</CMD>",
			"オレで{音楽|おんがく}をかなでれば<BREAK><CMD>008027000580</CMD>{学校|がっこう}<CMD>008027000180</CMD>の<BREAK>チャイムとして{使|つか}えるぜ",
			"{自由|じゆう}にけんばんをひくことで<BREAK>そのままチャイムになるんだ",
			"もちろん　ひいた{後|あと}で<BREAK>しゅうせいだってできる",
			"チャイムは<BREAK><CMD>008027000580</CMD>{学校|がっこう}<CMD>008027000180</CMD>がはじまるときや<BREAK>{時間|じかん}を{知|し}らせるときに{鳴|な}らすから",
			"<CMD>f481</CMD>の{手|て}で<BREAK>よい{曲|きょく}をえんそうしてみたら<BREAK>どうだい？",
			"\f"
		]
	},
	{
		"Index": 31,
		"JPN": [
			"<CMD>09802700058027004e80</CMD>",
			"<CMD>008027000880</CMD>えんそうする<CMD>008027000180</CMD>をせんたくすると<BREAK>けんばんのある{画面|がめん}になるだろ？",
			"\f"
		]
	},
	{
		"Index": 32,
		"JPN": [
			"<CMD>09802700058027004e80</CMD>",
			"そこで<BREAK><CMD>008027000880</CMD>ピンクのえんそうボタン<CMD>008027000180</CMD>をおすと<BREAK>がくふが{流|なが}れるんだ",
			"あとは　{思|おも}うがまま<BREAK>けんばんでえんそうするだけさ",
			"どうだい？　かんたんだろう？",
			"\f"
		]
	},
	{
		"Index": 33,
		"JPN": [
			"<CMD>09802700058027004e80</CMD>",
			"<CMD>008027000880</CMD>{小|ちい}さな{赤|あか}いマーク<CMD>008027000180</CMD>が<BREAK>{左|ひだり}から{右|みぎ}へ<BREAK>{流|なが}れきってしまうか",
			"{右上|みぎうえ}の♪の{数|かず}がなくなれば<BREAK>ろくおん{終了|しゅうりょう}さ",
			"\f"
		]
	},
	{
		"Index": 34,
		"JPN": [
			"<CMD>09802700058027004e80</CMD>",
			"とちゅうでやめたい{場合|ばあい}も<BREAK><CMD>008027000880</CMD>えんそうボタン<CMD>008027000180</CMD>をおせば<BREAK>だいじょうぶ！",
			"\f"
		]
	},
	{
		"Index": 35,
		"JPN": [
			"<CMD>09802700058027004e80</CMD>",
			"<CMD>008027000880</CMD>{小|ちい}さな{赤|あか}いマーク<CMD>008027000180</CMD>を<BREAK>カーソルでえらんで<BREAK><CMD>008027000880</CMD>{十字|じゅうじ}ボタンの{左右|さゆう}<CMD>008027000180</CMD>をおせば…",
			"がくふをスクロールできるはずさ<BREAK>えんそうした{後|あと}なら<BREAK>♪がたくさんあるはずだぜ",
			"\f"
		]
	},
	{
		"Index": 36,
		"JPN": [
			"<CMD>09802700058027004e80</CMD>",
			"♪をカーソルでえらんで<BREAK><CMD>008027000880</CMD>Ａボタン<CMD>008027000180</CMD>をおしながら…",
			"<CMD>008027000880</CMD>{十字|じゅうじ}ボタンの{上下|じょうげ}<CMD>008027000180</CMD>で<BREAK>♪を{上下|じょうげ}すると<BREAK>{音|おと}の{高|たか}さを{変|か}えられるのさ",
			"\f"
		]
	},
	{
		"Index": 37,
		"JPN": [
			"<CMD>09802700058027004e80</CMD>",
			"<CMD>008027000880</CMD>みどり{色|いろ}のボタン<CMD>008027000180</CMD>をおすと<BREAK>えんそうした{曲|きょく}を<BREAK>{再生|さいせい}することができるぜ",
			"しゅうせいと{再生|さいせい}を<BREAK>くりかえして<BREAK>{名曲|めいきょく}をつくってくれよ！",
			"\f"
		]
	},
	{
		"Index": 40,
		"JPN": [
			"<CMD>49802700e1802700038027000180</CMD>",
			"\f"
		]
	},
	{
		"Index": 41,
		"JPN": [
			"<CMD>49802700e1802700038027000180</CMD>",
			"\f"
		]
	},
	{
		"Index": 42,
		"JPN": [
			"<CMD>49802700e1802700038027000180</CMD>",
			"\f"
		]
	},
	{
		"Index": 43,
		"JPN": [
			"<CMD>49802700e1802700038027000180</CMD>",
			"\f"
		]
	},
	{
		"Index": 44,
		"JPN": [
			"\f"
		]
	},
	{
		"Index": 45,
		"JPN": [
			"\f"
		]
	},
	{
		"Index": 46,
		"JPN": [
			"\f"
		]
	},
	{
		"Index": 47,
		"JPN": [
			"\f"
		]
	},
	{
		"Index": 48,
		"JPN": [
			"\f"
		]
	},
	{
		"Index": 49,
		"JPN": [
			"\f"
		]
	},
	{
		"Index": 50,
		"JPN": [
			"\f"
		]
	},
	{
		"Index": 51,
		"JPN": [
			"\f"
		]
	},
	{
		"Index": 52,
		"JPN": [
			"\f"
		]
	},
	{
		"Index": 53,
		"JPN": [
			"\f"
		]
	},
	{
		"Index": 54,
		"JPN": [
			"\f"
		]
	},
	{
		"Index": 55,
		"JPN": [
			"\f"
		]
	},
	{
		"Index": 56,
		"JPN": [
			"\f"
		]
	},
	{
		"Index": 57,
		"JPN": [
			"\f"
		]
	},
	{
		"Index": 58,
		"JPN": [
			"\f"
		]
	},
	{
		"Index": 59,
		"JPN": [
			"\f"
		]
	},
	{
		"Index": 60,
		"JPN": [
			"\f"
		]
	},
	{
		"Index": 61,
		"JPN": [
			"\f"
		]
	},
	{
		"Index": 62,
		"JPN": [
			"\f"
		]
	},
	{
		"Index": 63,
		"JPN": [
			"\f"
		]
	},
	{
		"Index": 64,
		"JPN": [
			"\f"
		]
	},
	{
		"Index": 65,
		"JPN": [
			"\f"
		]
	},
	{
		"Index": 66,
		"JPN": [
			"\f"
		]
	},
	{
		"Index": 67,
		"JPN": [
			"\f"
		]
	},
	{
		"Index": 68,
		"JPN": [
			"\f"
		]
	},
	{
		"Index": 70,
		"JPN": [
			"にゃあ～",
			"\f"
		]
	},
	{
		"Index": 71,
		"JPN": [
			"にゃあ！",
			"\f"
		]
	},
	{
		"Index": 72,
		"JPN": [
			"にゃにゃあ！",
			"\f"
		]
	},
	{
		"Index": 73,
		"JPN": [
			"にゃにゃにゃあ！",
			"\f"
		]
	},
	{
		"Index": 74,
		"JPN": [
			"にゃにゃにゃにゃあ！",
			"\f"
		]
	},
	{
		"Index": 75,
		"JPN": [
			"にゃにゃにゃにゃにゃあ！",
			"\f"
		]
	},
	{
		"Index": 76,
		"JPN": [
			"にゃにゃにゃにゃにゃにゃあ！",
			"\f"
		]
	},
	{
		"Index": 77,
		"JPN": [
			"にゃにゃにゃにゃにゃにゃにゃあ！",
			"\f"
		]
	},
	{
		"Index": 78,
		"JPN": [
			"にゃにゃにゃにゃにゃにゃ<BREAK>にゃにゃあ！",
			"\f"
		]
	},
	{
		"Index": 79,
		"JPN": [
			"にゃにゃにゃにゃにゃにゃ<BREAK>にゃにゃにゃあ！",
			"\f"
		]
	},
	{
		"Index": 80,
		"JPN": [
			"にゃにゃにゃにゃにゃにゃ<BREAK>にゃにゃにゃにゃあ！",
			"\f"
		]
	},
	{
		"Index": 81,
		"JPN": [
			"…んにゃ？",
			"\f"
		]
	},
	{
		"Index": 82,
		"JPN": [
			"にゃにゃにゃあ～",
			"\f"
		]
	},
	{
		"Index": 83,
		"JPN": [
			"デンポウ　ヨムにゃ！",
			"……",
			"\f"
		]
	},
	{
		"Index": 84,
		"JPN": [
			"ダにゃ～",
			"\f"
		]
	},
	{
		"Index": 85,
		"JPN": [
			"マダアルにゃ！",
			"\f"
		]
	},
	{
		"Index": 86,
		"JPN": [
			"<CMD>2f80</CMD>",
			"\f"
		]
	},
	{
		"Index": 87,
		"JPN": [
			"でんぽうがいっぱいです<BREAK>せいりをしましょう",
			"\f"
		]
	},
	{
		"Index": 88,
		"JPN": [
			"にゃあ～",
			"<CMD>f78127007c9f</CMD>から　<CMD>f481</CMD>に<BREAK>{言|こと}づてを　たのまれてる<BREAK>にゃあ！",
			"{大切|たいせつ}な　{話|はなし}があるから<BREAK>{恋人|こいびと}みさきに<BREAK>{来|き}てほしい",
			"ダにゃ～",
			"\f"
		]
	}
]