[
	{
		"Index": 0,
		"JPN": [
			"Manager <CMD>f481</CMD> Good work today Nya!",
			"Do you want to\nknow about how\nthe store is doing Nya?",
			"<CMD>1380270029a3</CMD>",
			"\f"
		]
	},
	{
		"Index": 1,
		"JPN": [
			"<CMD>3080270087b327000780</CMD>",
			"\f"
		]
	},
	{
		"Index": 2,
		"JPN": [
			"Manager <CMD>f481</CMD> Good work today Nya!",
			"Do you want to\nknow about how\nthe store is doing Nya?",
			"<CMD>1380270030a3</CMD>",
			"\f"
		]
	},
	{
		"Index": 3,
		"JPN": [
			"Take a look around Nya~!",
			"\f"
		]
	},
	{
		"Index": 4,
		"JPN": [
			"Manager <CMD>f481</CMD> Good work today Nya!",
			"\f"
		]
	},
	{
		"Index": 5,
		"JPN": [
			"Okay then! Back to work Nya!~",
			"\f"
		]
	},
	{
		"Index": 6,
		"JPN": [
			"<CMD>3780</CMD>",
			"Sales<CMD>13802700ffff</CMD>",
			"Profits<CMD>13802700ffff</CMD>",
			"Number Sold<CMD>13802700ffff</CMD>",
			"Product List<CMD>13802700ffff</CMD>",
			"Finished.<CMD>13802700ffff</CMD>",
			"\f"
		]
	},
	{
		"Index": 7,
		"JPN": [
			"I'll close the\nstore for now Nya!~",
			"\f"
		]
	},
	{
		"Index": 8,
		"JPN": [
			"<CMD>30802700c8b227000780</CMD>",
			"\f"
		]
	},
	{
		"Index": 9,
		"JPN": [
			"From here on!\nThere will be <CMD>008027000880</CMD>No Entry<CMD>008027000180</CMD>\nwithout permission Nya!",
			"\f"
		]
	},
	{
		"Index": 10,
		"JPN": [
			"Identify the <CMD>008027000880</CMD>Town Trends<CMD>008027000180</CMD>Nya!<CMD>49802700cb842700018027000180</CMD>",
			"\f"
		]
	},
	{
		"Index": 11,
		"JPN": [
			"Manager!\nTheres no sign of your\nregular customers Nya!",
			"\f"
		]
	},
	{
		"Index": 12,
		"JPN": [
			"Change the name of the store Nya!<CMD>49802700bf8427000a8027000180</CMD>",
			"\f"
		]
	},
	{
		"Index": 13,
		"JPN": [
			"まえに　りえきをうけとってから",
			"おみせのうりあげが\n<CMD>278227000080</CMD>リッチで\n<CMD>278227000280</CMD>リッチのりえきがあるニャ！",
			"<CMD>128027000180</CMD>",
			"\f"
		]
	},
	{
		"Index": 14,
		"JPN": [
			"<CMD>3780</CMD>",
			"りえきをうけとる<CMD>13802700ffff</CMD>",
			"まだいい<CMD>13802700ffff</CMD>",
			"\f"
		]
	},
	{
		"Index": 15,
		"JPN": [
			"<CMD>158027001882</CMD>りょうかいニャ\n<CMD>278227000280</CMD>リッチの\nりえきを　わたすニャ！",
			"それじゃあ\nきょうもいちにち\nがんばるニャ！！",
			"\f"
		]
	},
	{
		"Index": 16,
		"JPN": [
			"りえきを　うけとらないのニャ\nりょうかいしたニャ！",
			"りえきをうけとるときは\n<CMD>008027000880</CMD>そうこのバイトねこ<CMD>008027000180</CMD>にはなしかけて\n<CMD>008027000880</CMD>りえきをうけとる<CMD>008027000180</CMD>をえらんでニャ！",
			"\f"
		]
	},
	{
		"Index": 17,
		"JPN": [
			"いま　おみせのうりあげが\n<CMD>278227000080</CMD>リッチ\nあるニャ！",
			"<CMD>f481</CMD>てんちょう\n<CMD>278227000280</CMD>リッチの\nりえきを　うけとるかニャ？",
			"<CMD>1380270036a3</CMD>",
			"\f"
		]
	},
	{
		"Index": 18,
		"JPN": [
			"<CMD>158027001882</CMD>りょうかいニャ\n<CMD>278227000280</CMD>リッチの\nりえきを　わたすニャ！",
			"\f"
		]
	},
	{
		"Index": 19,
		"JPN": [
			"じつは…　きょうはまだ\nおみせのうりあげがないニャ",
			"<CMD>17802700e2872700688027000a8027000180</CMD>でも　まだまだこれからニャ！\nがんばって　しょうひんを\nうりまくるニャ！！",
			"\f"
		]
	},
	{
		"Index": 20,
		"JPN": [
			"メニューを　どうするニャ？",
			"<CMD>128027000180</CMD>",
			"\f"
		]
	},
	{
		"Index": 21,
		"JPN": [
			"<CMD>3780</CMD>",
			"とうろくする<CMD>128027000180</CMD>",
			"かくにんする<CMD>128027000280</CMD>",
			"けす<CMD>128027000a80</CMD>",
			"やめる<CMD>128027000380</CMD>",
			"\f"
		]
	},
	{
		"Index": 22,
		"JPN": [
			"どのアイテムを　メニューに\nとうろくするニャ？<CMD>49802700be8427000a8027000180</CMD>",
			"\f"
		]
	},
	{
		"Index": 23,
		"JPN": [
			"それじゃあ　メニューを\nかくにんするニャ！<CMD>49802700be8427000b8027000180</CMD>",
			"\f"
		]
	},
	{
		"Index": 24,
		"JPN": [
			"やめるのかニャ？\nりょうかいニャ！",
			"\f"
		]
	},
	{
		"Index": 25,
		"JPN": [
			"りょうかいニャ\nメニューに　とうろくしたニャ！",
			"\f"
		]
	},
	{
		"Index": 26,
		"JPN": [
			"<CMD>f481</CMD>てんちょう\nそれは　メニューに\nとうろくできないニャ…",
			"ほかのアイテムを\nメニューに　とうろくするニャ？",
			"<CMD>128027000180</CMD>",
			"\f"
		]
	},
	{
		"Index": 27,
		"JPN": [
			"<CMD>3780</CMD>",
			"とうろくする<CMD>13802700ffff</CMD>",
			"やめる<CMD>13802700ffff</CMD>",
			"\f"
		]
	},
	{
		"Index": 28,
		"JPN": [
			"どのアイテムを　メニューに\nとうろくするニャ？",
			"\f"
		]
	},
	{
		"Index": 29,
		"JPN": [
			"りょうかいニャ\nメニューを　へんこうしたニャ！",
			"\f"
		]
	},
	{
		"Index": 30,
		"JPN": [
			"それじゃあ\nとうろくするばしょを\nえらんでニャ",
			"\f"
		]
	},
	{
		"Index": 31,
		"JPN": [
			"それじゃあ　どのアイテムを\nメニューからけすニャ？<CMD>49802700be8427000c8027000180</CMD>",
			"\f"
		]
	},
	{
		"Index": 32,
		"JPN": [
			"<CMD>f481</CMD>てんちょう\nおつかれさまニャ！\nうりあげの　ほうこくをするニャ！",
			"<CMD>138027002ea3</CMD>",
			"\f"
		]
	},
	{
		"Index": 33,
		"JPN": [
			"てんちょうが　いなかったから\nいったん　おみせを\nしめておいたニャ！",
			"<CMD>17802700e2872700688027000a8027000180</CMD>それじゃあ　ひさしぶりに\n<CMD>f481</CMD>てんちょうに\nうりあげの　ほうこくするニャ！",
			"<CMD>138027002ea3</CMD>",
			"\f"
		]
	},
	{
		"Index": 34,
		"JPN": [
			"<CMD>f481</CMD>てんちょう\nおつかれさまニャ！",
			"デバッグこうもくを\nえらんでニャ！",
			"<CMD>128027000180</CMD>",
			"\f"
		]
	},
	{
		"Index": 35,
		"JPN": [
			"<CMD>308027004fb327000980</CMD>",
			"\f"
		]
	},
	{
		"Index": 36,
		"JPN": [
			"<CMD>f481</CMD>てんちょう\nおつかれさまニャ！",
			"デバッグこうもくを\nえらんでニャ！",
			"<CMD>128027000180</CMD>",
			"\f"
		]
	},
	{
		"Index": 37,
		"JPN": [
			"<CMD>3080270059b327000880</CMD>",
			"\f"
		]
	},
	{
		"Index": 38,
		"JPN": [
			"まえに　りえきをうけとってから",
			"おみせのうりあげが\n<CMD>278227000080</CMD>リッチで\n<CMD>278227000280</CMD>リッチのりえきがあるニャ！",
			"<CMD>1380270036a3</CMD>",
			"\f"
		]
	},
	{
		"Index": 39,
		"JPN": [
			"じつは…　いまはまだ\nおみせのうりあげがないニャ",
			"<CMD>17802700e2872700688027000a8027000180</CMD>でも　まだまだこれからニャ！\nがんばって　しょうひんを\nうりまくるニャ！！",
			"\f"
		]
	},
	{
		"Index": 40,
		"JPN": [
			"それじゃあ\nだいくを　よぶかニャ？",
			"<CMD>128027000180</CMD>",
			"\f"
		]
	},
	{
		"Index": 41,
		"JPN": [
			"<CMD>3780</CMD>",
			"はい<CMD>128027000180</CMD>",
			"いいえ<CMD>128027000280</CMD>",
			"\f"
		]
	},
	{
		"Index": 42,
		"JPN": [
			"それじゃあ\nいったん　みせをしめて\nだいくを　よんでくるニャ！<CMD>49802700ba842700008027000180</CMD>",
			"\f"
		]
	},
	{
		"Index": 43,
		"JPN": [
			"やめるのかニャ？\nりょうかいニャ！",
			"\f"
		]
	},
	{
		"Index": 44,
		"JPN": [
			"つぎに\nおみせのセールについて\nほうこくするニャ！",
			"\f"
		]
	},
	{
		"Index": 45,
		"JPN": [
			"おみせについて\nなにをきくニャ",
			"<CMD>128027000180</CMD>",
			"\f"
		]
	},
	{
		"Index": 46,
		"JPN": [
			"<CMD>3780</CMD>",
			"1.せっきゃく<CMD>128027000180</CMD>",
			"2.たくさんうろう<CMD>128027000280</CMD>",
			"3.トレンドチェック<CMD>128027000380</CMD>",
			"4.まほうのおみせ<CMD>128027000480</CMD>",
			"やめる<CMD>138027004da4</CMD>",
			"\f"
		]
	},
	{
		"Index": 47,
		"JPN": [
			"<CMD>3780</CMD>",
			"せっきゃく<CMD>138027002fa4</CMD>",
			"じょうずなせっきゃく<CMD>1380270030a4</CMD>",
			"うれかた<CMD>1380270031a4</CMD>",
			"おとくいさま<CMD>1380270032a4</CMD>",
			"やめる<CMD>138027004da4</CMD>",
			"\f"
		]
	},
	{
		"Index": 48,
		"JPN": [
			"<CMD>3780</CMD>",
			"しょうひんをつくろう<CMD>1380270037a4</CMD>",
			"ねだん<CMD>1380270038a4</CMD>",
			"てんばい<CMD>1380270039a4</CMD>",
			"セール<CMD>138027003aa4</CMD>",
			"やめる<CMD>138027004da4</CMD>",
			"\f"
		]
	},
	{
		"Index": 49,
		"JPN": [
			"<CMD>3780</CMD>",
			"りゅうこうをしろう<CMD>138027003fa4</CMD>",
			"りゅうこうのりてん<CMD>1380270040a4</CMD>",
			"りゅうこうのながれ<CMD>1380270041a4</CMD>",
			"やめる<CMD>138027004da4</CMD>",
			"\f"
		]
	},
	{
		"Index": 50,
		"JPN": [
			"<CMD>3780</CMD>",
			"おみせをかざる<CMD>1380270044a4</CMD>",
			"まちのひとのいらい<CMD>1380270045a4</CMD>",
			"おうさまのいらい<CMD>1380270046a4</CMD>",
			"やめる<CMD>138027004da4</CMD>",
			"\f"
		]
	},
	{
		"Index": 53,
		"JPN": [
			"<CMD>158027001882</CMD>りょうかいニャ\n<CMD>278227000280</CMD>リッチの\nりえきを　わたすニャ！",
			"ニャニャ！　てもちのおかねが\nいっぱいニャ！",
			"てんちょう　もてないぶんは\n<CMD>008027000580</CMD>ぎんこう<CMD>008027000180</CMD>にあずけておくニャ！",
			"それじゃあ\nきょうもいちにち\nがんばるニャ！！",
			"\f"
		]
	},
	{
		"Index": 54,
		"JPN": [
			"おみせじょうほうを\nみるニャ！<CMD>49802700bf842700028027000180</CMD>",
			"\f"
		]
	},
	{
		"Index": 55,
		"JPN": [
			"おみせのテーマきょくを\nきめるニャ！<CMD>49802700c5842700008027000180</CMD>",
			"\f"
		]
	},
	{
		"Index": 56,
		"JPN": [
			"おつかれさまニャ！\n<CMD>f481</CMD>てんちょう\nほうこくするニャ！",
			"じつは…　きょうはまだ\nおみせのうりあげがないニャ",
			"<CMD>17802700eb872700688027000a8027000180</CMD>でも　まだまだこれからニャ！\nがんばって　しょうひんを\nうりまくるニャ！！",
			"\f"
		]
	},
	{
		"Index": 57,
		"JPN": [
			"いま　おみせのうりあげが\n<CMD>278227000080</CMD>リッチ\nあるニャ！",
			"<CMD>f481</CMD>てんちょう\n<CMD>278227000280</CMD>リッチの\nりえきを　うけとるかニャ？",
			"<CMD>1380270062a3</CMD>",
			"\f"
		]
	},
	{
		"Index": 58,
		"JPN": [
			"<CMD>3780</CMD>",
			"りえきをうけとる<CMD>13802700ffff</CMD>",
			"まだいい<CMD>13802700ffff</CMD>",
			"\f"
		]
	},
	{
		"Index": 59,
		"JPN": [
			"<CMD>158027001882</CMD>りょうかいニャ\n<CMD>278227000280</CMD>リッチの\nりえきを　わたすニャ！",
			"\f"
		]
	},
	{
		"Index": 60,
		"JPN": [
			"おとくいさまリストを\nひらくニャ！<CMD>49802700bc842700008027000180</CMD>",
			"\f"
		]
	},
	{
		"Index": 61,
		"JPN": [
			"つぎに\nおみせのうりあげについて\nほうこくするニャ！",
			"\f"
		]
	},
	{
		"Index": 62,
		"JPN": [
			"いま　いちばん\nかずがうれている　しょうひんは\n<CMD>218227000180</CMD>ニャ",
			"\f"
		]
	},
	{
		"Index": 63,
		"JPN": [
			"いま　いちばん\nうりあげのある　しょうひんは\n<CMD>218227000180</CMD>ニャ",
			"\f"
		]
	},
	{
		"Index": 64,
		"JPN": [
			"いま　いちばん\nりえきのでた　しょうひんは\n<CMD>218227000180</CMD>ニャ！",
			"\f"
		]
	},
	{
		"Index": 65,
		"JPN": [
			"おみせのセールを\nどうするニャ！",
			"<CMD>128027000180</CMD>",
			"\f"
		]
	},
	{
		"Index": 66,
		"JPN": [
			"<CMD>3780</CMD>",
			"せっていする<CMD>138027006ba3</CMD>",
			"かくにんする<CMD>138027006ca3</CMD>",
			"{説明|せつめい}をきく<CMD>13802700eaa4</CMD>",
			"やめる<CMD>138027004da4</CMD>",
			"\f"
		]
	},
	{
		"Index": 67,
		"JPN": [
			"それじゃあ\nおみせのセールを\nせっていするニャ！<CMD>49802700c0842700008027000180</CMD>",
			"\f"
		]
	},
	{
		"Index": 68,
		"JPN": [
			"それじゃあ\nおみせのセールを\nかくにんするニャ！<CMD>49802700c0842700018027000180</CMD>",
			"\f"
		]
	},
	{
		"Index": 69,
		"JPN": [
			"ゴメンニャ…　おみせのセールは\nじゅんびができてないので\nまだできないニャ",
			"\f"
		]
	},
	{
		"Index": 70,
		"JPN": [
			"<CMD>49802700c4842700008027000180</CMD>",
			"\f"
		]
	},
	{
		"Index": 71,
		"JPN": [
			"しょじきんが　いっぱいなので\n<CMD>158027001882</CMD><CMD>278227000080</CMD>リッチ\nぎんこうにあずけたニャ！",
			"<CMD>138027004da4</CMD>",
			"\f"
		]
	},
	{
		"Index": 72,
		"JPN": [
			"<CMD>49802700c4842700018027000180</CMD>",
			"\f"
		]
	},
	{
		"Index": 73,
		"JPN": [
			"しょじきんが　いっぱいなので\n<CMD>158027001882</CMD><CMD>278227000080</CMD>リッチ\nぎんこうにあずけたニャ！",
			"<CMD>138027002da3</CMD>",
			"\f"
		]
	},
	{
		"Index": 75,
		"JPN": [
			"しょうひんリストを\nひらくニャ！<CMD>49802700c3842700008027000180</CMD>",
			"\f"
		]
	},
	{
		"Index": 76,
		"JPN": [
			"しょうひんリストを\nとじるニャ！",
			"\f"
		]
	},
	{
		"Index": 77,
		"JPN": [
			"しょうひんリストを\nひらくニャ！",
			"\f"
		]
	},
	{
		"Index": 78,
		"JPN": [
			"ほかに　なにがみたいニャ？",
			"<CMD>138027002ea3</CMD>",
			"\f"
		]
	},
	{
		"Index": 79,
		"JPN": [
			"あと　てんちょうに\nうれしいほうこくがあるニャ！",
			"いまおみせは\nおきゃくさんが　たくさんきていて\n<CMD>008027000880</CMD>だいはんじょうじょうたい<CMD>008027000180</CMD>ニャ！",
			"\f"
		]
	},
	{
		"Index": 80,
		"JPN": [
			"<CMD>49802700c6842700018027000180</CMD>",
			"\f"
		]
	},
	{
		"Index": 81,
		"JPN": [
			"おきゃくさんからの\nいらいがあるニャ！",
			"\f"
		]
	},
	{
		"Index": 82,
		"JPN": [
			"いまうけてるいらいは\nあと<CMD>278227000080</CMD>にちできげんニャ！\nてんちょう　ちょうしはどうかニャ？",
			"<CMD>128027000180</CMD>",
			"\f"
		]
	},
	{
		"Index": 83,
		"JPN": [
			"<CMD>3780</CMD>",
			"もういちどみたい<CMD>128027000180</CMD>",
			"できた！<CMD>128027000280</CMD>",
			"いらいをやめる<CMD>128027000680</CMD>",
			"なんでもない<CMD>128027000a80</CMD>",
			"\f"
		]
	},
	{
		"Index": 84,
		"JPN": [
			"いま　うけてる\nいらいを　かくにんするのニャ！",
			"\f"
		]
	},
	{
		"Index": 85,
		"JPN": [
			"いらいしょうひんが\nできたのニャ？",
			"おきゃくさんにわたすしょうひんは\nカバンにいれてるのかニャ？",
			"おきゃくさんにきてもらっても\nだいじょうぶかニャ？",
			"<CMD>128027000180</CMD>",
			"\f"
		]
	},
	{
		"Index": 86,
		"JPN": [
			"<CMD>3780</CMD>",
			"だいじょうぶ<CMD>128027000180</CMD>",
			"ダメ<CMD>128027000280</CMD>",
			"\f"
		]
	},
	{
		"Index": 87,
		"JPN": [
			"じゃあ　おきゃくさんに\nおみせにきてもらうニャ！",
			"\f"
		]
	},
	{
		"Index": 88,
		"JPN": [
			"おきゃくさんをよぶ\nじゅんびができたら\nこえをかけてニャ",
			"\f"
		]
	},
	{
		"Index": 89,
		"JPN": [
			"ニャ！\nいらいをやめるのかニャ！？\nホントにやめていいのかニャ？",
			"<CMD>128027000180</CMD>",
			"\f"
		]
	},
	{
		"Index": 90,
		"JPN": [
			"<CMD>3780</CMD>",
			"やめる<CMD>128027000180</CMD>",
			"やっぱりやめない<CMD>128027000280</CMD>",
			"\f"
		]
	},
	{
		"Index": 91,
		"JPN": [
			"しょうがないニャ…\nおきゃくさんにはボクから\nおわびしておくニャ…",
			"てんちょう！\nこんどからは\nちゃんとしてほしいニャ！",
			"\f"
		]
	},
	{
		"Index": 92,
		"JPN": [
			"<CMD>f481</CMD>てんちょう\nガンバッテいらいを\nたっせいするニャ！",
			"\f"
		]
	},
	{
		"Index": 93,
		"JPN": [
			"それじゃあ　しごとにもどるニャっ！",
			"\f"
		]
	},
	{
		"Index": 94,
		"JPN": [
			"うけていた　いらいの\nきげんがきれちゃったのニャ！",
			"おきゃくさんが\nまだできてないのかって\nおこってたので…",
			"ボクからあやまって\nおいたのニャ！",
			"<CMD>f481</CMD>てんちょう\nひきうけた　いらいは\nちゃんとおわらせてほしいニャ！",
			"\f"
		]
	},
	{
		"Index": 95,
		"JPN": [
			"いまは…",
			"おきゃくさんからの\nいらいはないニャ！",
			"\f"
		]
	},
	{
		"Index": 96,
		"JPN": [
			"まだ　<CMD>008027000880</CMD>てがみ<CMD>008027000180</CMD>あずかってるニャ！",
			"\f"
		]
	},
	{
		"Index": 97,
		"JPN": [
			"いらいのしょうひんを\nわたしたおきゃくさんから\n<CMD>008027000880</CMD>てがみ<CMD>008027000180</CMD>をあずかってるニャ！",
			"\f"
		]
	},
	{
		"Index": 98,
		"JPN": [
			"<CMD>f481</CMD>てんちょう\nおきゃくさんから　おれいのしなを\nあずかってるニャ！",
			"\f"
		]
	},
	{
		"Index": 99,
		"JPN": [
			"ニャ！　カバンがいっぱいで\nわたせないニャ！",
			"カバンをせいりしてくるニャ！",
			"\f"
		]
	}
]