[
	{
		"Index": 0,
		"JPN": [
			"<CMD>008027000880</CMD>タッチペン<CMD>008027000180</CMD>をまわして<BREAK><CMD>008027000880</CMD>ボウル<CMD>008027000180</CMD>のなかの<CMD>008027000880</CMD>ざいりょう<CMD>008027000180</CMD>を<BREAK>じょうずにかきまぜるミャ！",
			"おなじ<CMD>008027000880</CMD>スピード<CMD>008027000180</CMD>でまわすと<BREAK>おいしく　まざるミャ",
			"まわす<CMD>008027000880</CMD>スピード<CMD>008027000180</CMD>があっているときは<BREAK>まわりのネコがうたいだすから<BREAK>よくみてるミャ！",
			"まわす<CMD>008027000880</CMD>スピード<CMD>008027000180</CMD>があってないときは<BREAK><CMD>008027000880</CMD>ボウル<CMD>008027000180</CMD>がかたむいたり<BREAK><CMD>008027000880</CMD>ざいりょう<CMD>008027000180</CMD>がこぼれたりするミャ",
			"あと　<CMD>008027000880</CMD>ベルのおと<CMD>008027000180</CMD>がなったら<BREAK>さいごのしあげに<CMD>008027000880</CMD>まぜるスピード<CMD>008027000180</CMD>を<BREAK>あげるから　ちゅういしてミャ！",
			"ボクたちのいうことにちゅういして<BREAK><CMD>008027000880</CMD>ざいりょう<CMD>008027000180</CMD>が　かたまらないうちに<BREAK>じょうずにかきまぜるミャ！",
			"\f"
		]
	},
	{
		"Index": 1,
		"JPN": [
			"これで　ざいりょうのまぜかたの<BREAK>せつめいを　おわるミャ",
			"\f"
		]
	},
	{
		"Index": 3,
		"JPN": [
			"<CMD>008027000880</CMD>ざいりょう<CMD>008027000180</CMD>がよくやけたところで<BREAK><CMD>008027000880</CMD>タッチペン<CMD>008027000180</CMD>でがめんを<CMD>008027000880</CMD>タッチ<CMD>008027000180</CMD>して<BREAK><CMD>008027000880</CMD>オーブン<CMD>008027000180</CMD>の<CMD>008027000880</CMD>タイマー<CMD>008027000180</CMD>をとめるミャ！",
			"おいしくやきあがるタイミングは<BREAK>ざいりょうやつくるものに<BREAK>よってちがうミャ…",
			"とめるタイミングをまちがえると<BREAK>りょうりが　こげてしまうから",
			"<CMD>008027000880</CMD>ざいりょう<CMD>008027000180</CMD>を　こがさないように<BREAK><CMD>008027000880</CMD>タイマー<CMD>008027000180</CMD>をとめるタイミングに<BREAK>きをつけて　がめんを<CMD>008027000880</CMD>タッチ<CMD>008027000180</CMD>ミャ！",
			"\f"
		]
	},
	{
		"Index": 4,
		"JPN": [
			"これで　やきぐあいの<BREAK>たしかめかたについての<BREAK>せつめいを　おわるミャ",
			"\f"
		]
	},
	{
		"Index": 6,
		"JPN": [
			"フライパンのなかのざいりょうを<BREAK><CMD>008027000880</CMD>かきまぜたり<CMD>008027000180</CMD>　<CMD>008027000880</CMD>かえしたり<CMD>008027000180</CMD>して<BREAK>りょうりを<CMD>008027000880</CMD>おいしく<CMD>008027000180</CMD>するミャ！",
			"したがめんを<CMD>008027000880</CMD>タッチペン<CMD>008027000180</CMD>で<BREAK>さゆうにうごかして<BREAK>かきまぜるミャ！",
			"ざいりょうがコゲそうなときは<BREAK><CMD>008027000880</CMD>タッチペン<CMD>008027000180</CMD>でしたがめんを<CMD>008027000880</CMD>タッチ<CMD>008027000180</CMD><BREAK>すると　フライパンをかえすミャ！",
			"おもて　と　うら<BREAK>まぜぐあい　や　コゲぐあいを<BREAK>ちゅういして　りょうりするミャ！",
			"\f"
		]
	},
	{
		"Index": 7,
		"JPN": [
			"これで　フライパンをつかった<BREAK>りょうりのしかたの<BREAK>せつめいを　おわるミャ",
			"\f"
		]
	},
	{
		"Index": 8,
		"JPN": [
			"フライパンのなかのざいりょうを<BREAK><CMD>008027000880</CMD>かきまぜたり<CMD>008027000180</CMD>　<CMD>008027000880</CMD>かえしたり<CMD>008027000180</CMD>して<BREAK>りょうりを<CMD>008027000880</CMD>おいしく<CMD>008027000180</CMD>するミャ！",
			"したがめんを<CMD>008027000880</CMD>タッチペン<CMD>008027000180</CMD>で<BREAK>さゆうにうごかして<BREAK>かきまぜるミャ！",
			"ざいりょうがコゲそうなときは<BREAK><CMD>008027000880</CMD>タッチペン<CMD>008027000180</CMD>でしたがめんを<CMD>008027000880</CMD>タッチ<CMD>008027000180</CMD><BREAK>すると　フライパンをかえすミャ！",
			"まぜたり　かきまぜたりして<BREAK>コゲぐあいに　ちゅういしながら<BREAK>りょうりするミャ！",
			"\f"
		]
	},
	{
		"Index": 9,
		"JPN": [
			"<CMD>008027000880</CMD>タッチペン<CMD>008027000180</CMD>をまわして<BREAK><CMD>008027000880</CMD>ナベ<CMD>008027000180</CMD>のなかを　かきまぜながら<BREAK>じょうずに　りょうりをにこむミャ！",
			"うまくまぜているときは<BREAK>ボクがうたいだすから<BREAK>よくみてるミャ！",
			"ちゃんと　まぜていないと<BREAK>ナベがコゲついて　<CMD>008027000880</CMD>けむり<CMD>008027000180</CMD>が<BREAK>でてくるから　きをつけるミャ",
			"それと　あまりつよくかきまぜると<BREAK>ナベのなかみが　こぼれちゃうので<BREAK>ちゅういしてかきまぜるミャ",
			"しばらくにこんでいると<BREAK>ナベにアクがたまるから<BREAK>がめんをタッチしてアクをとるミャ！",
			"コゲないように　かきまぜて<BREAK>アクをとりながら<BREAK>おいしく　りょうりをにこんでミャ！",
			"\f"
		]
	},
	{
		"Index": 10,
		"JPN": [
			"これで　にこみりょうりの<BREAK>せつめいを　おわるミャ",
			"\f"
		]
	},
	{
		"Index": 12,
		"JPN": [
			"あぶらのなかに　ざいりょうを<BREAK>ぜんぶいれて　おいしく<CMD>008027000880</CMD>あげもの<CMD>008027000180</CMD>を<BREAK>つくるミャ！",
			"<CMD>008027000880</CMD>あげもの<CMD>008027000180</CMD>は　あがってくると<BREAK>だんだん　うえに<BREAK>うかんでくるミャ",
			"うかんできた　<CMD>008027000880</CMD>あげもの<CMD>008027000180</CMD>が<BREAK><CMD>008027000880</CMD>こんがりしたいろ<CMD>008027000180</CMD>になったら<BREAK>その<CMD>008027000880</CMD>あげもの<CMD>008027000180</CMD>は　かんせいミャ！",
			"あと<CMD>008027000880</CMD>あげもの<CMD>008027000180</CMD>は　ほうっておくと<BREAK>くろコゲになるから　そのまえに<BREAK><CMD>008027000880</CMD>タッチペン<CMD>008027000180</CMD>で　あぶらからだすミャ！",
			"\f"
		]
	},
	{
		"Index": 13,
		"JPN": [
			"これで　あげものりょうりの<BREAK>せつめいを　おわるミャ",
			"\f"
		]
	},
	{
		"Index": 15,
		"JPN": [
			"<CMD>008027000880</CMD>タッチペン<CMD>008027000180</CMD>をまわして<BREAK><CMD>008027000880</CMD>ボウル<CMD>008027000180</CMD>のなかの<CMD>008027000880</CMD>ざいりょう<CMD>008027000180</CMD>を<BREAK>じょうずにかきまぜるミャ！",
			"おなじ<CMD>008027000880</CMD>スピード<CMD>008027000180</CMD>でまわすと<BREAK>おいしく　まざるミャ",
			"まわす<CMD>008027000880</CMD>スピード<CMD>008027000180</CMD>があっているときは<BREAK>まわりのネコがうたいだすから<BREAK>よくみてるミャ！",
			"まわす<CMD>008027000880</CMD>スピード<CMD>008027000180</CMD>があってないときは<BREAK><CMD>008027000880</CMD>ボウル<CMD>008027000180</CMD>がかたむいたり<BREAK><CMD>008027000880</CMD>ざいりょう<CMD>008027000180</CMD>がこぼれたりするミャ",
			"ボクたちのいうことにちゅういして<BREAK><CMD>008027000880</CMD>ざいりょう<CMD>008027000180</CMD>が　かたまらないうちに<BREAK>じょうずにかきまぜるミャ！",
			"\f"
		]
	},
	{
		"Index": 16,
		"JPN": [
			"これで　れいぞうこのつかいかたの<BREAK>せつめいを　おわるミャ",
			"\f"
		]
	},
	{
		"Index": 18,
		"JPN": [
			"おいしい　おちゃのつくりかたの<BREAK>せつめいするニャン！",
			"\f"
		]
	},
	{
		"Index": 19,
		"JPN": [
			"まずは　<CMD>008027000880</CMD>ひ<CMD>008027000180</CMD>のおんどを<BREAK>あげるニャン",
			"すると　ふっとうした　おゆが<BREAK>うえにのぼって<BREAK>よくまざるニャン！",
			"<CMD>008027000880</CMD>ひ<CMD>008027000180</CMD>のおんどがたかすぎると<BREAK>きかいがゆれてあぶないから<BREAK><CMD>008027000880</CMD>ひ<CMD>008027000180</CMD>のおんどをさげるニャン！",
			"\f"
		]
	},
	{
		"Index": 20,
		"JPN": [
			"おちゃのつくりかたの<BREAK>せつめいを　おわるニャン",
			"\f"
		]
	},
	{
		"Index": 22,
		"JPN": [
			"かおりのじょうずな<BREAK>とりだしかたを<BREAK>せつめいするニャン！",
			"\f"
		]
	},
	{
		"Index": 23,
		"JPN": [
			"まずは　<CMD>008027000880</CMD>ひ<CMD>008027000180</CMD>のおんどを<BREAK>あげるニャン",
			"すると　ふっとうした　おゆが<BREAK>うえにのぼって<BREAK>よくまざるニャン！",
			"<CMD>008027000880</CMD>ひ<CMD>008027000180</CMD>のおんどがたかすぎると<BREAK>きかいがゆれてあぶないから<BREAK><CMD>008027000880</CMD>ひ<CMD>008027000180</CMD>のおんどをさげるニャン！",
			"\f"
		]
	},
	{
		"Index": 24,
		"JPN": [
			"かおりのとりだしかたの<BREAK>せつめいを　おわるニャン",
			"\f"
		]
	},
	{
		"Index": 26,
		"JPN": [
			"リボンで　はなたばをむすぶ<BREAK>せつめいをするニャン！",
			"\f"
		]
	},
	{
		"Index": 27,
		"JPN": [
			"がめんに　ひょうじされた　えに<BREAK>あわせて<CMD>008027000880</CMD>タッチペン<CMD>008027000180</CMD>を<BREAK>うごかすニャン",
			"まちがっても　だいじょうぶだから<BREAK>おちついて　<CMD>008027000880</CMD>タッチペン<CMD>008027000180</CMD>を<BREAK>うごかすニャン",
			"でも　あまりじかんがかかると<BREAK>むすびが　ゆるんでしまうから<BREAK>のんびりも　ダメニャン！",
			"\f"
		]
	},
	{
		"Index": 28,
		"JPN": [
			"これで　リボンのむすびかたの<BREAK>せつめいを　おわるニャン",
			"\f"
		]
	},
	{
		"Index": 30,
		"JPN": [
			"ミシンをつかった<BREAK>ぬいかたの　せつめいするニャン！",
			"\f"
		]
	},
	{
		"Index": 31,
		"JPN": [
			"ふくのラインにあわせて<BREAK>ミシンでぬいあわせるニャン",
			"したがめんを<CMD>008027000880</CMD>タッチペン<CMD>008027000180</CMD>で<BREAK>タッチしているあいだ　ミシンが<BREAK>うごいて　ぬわれるニャン",
			"ぬのをまわすには<BREAK><CMD>008027000880</CMD>タッチペン<CMD>008027000180</CMD>をタッチしたまま<BREAK>さゆうに　うごかすニャン",
			"ふくのラインから<BREAK>あまり　はみだしてぬうと<BREAK>しっぱいするから",
			"ミシンについている<BREAK><CMD>008027000880</CMD>スイッチ<CMD>008027000180</CMD>をきると<BREAK>ミシンをとめることができるので",
			"おちついて　ラインのうえを<BREAK>ミシンでぬうニャン！",
			"\f"
		]
	},
	{
		"Index": 32,
		"JPN": [
			"これで　ミシンでぬうせつめいを<BREAK>おわるニャン",
			"\f"
		]
	},
	{
		"Index": 34,
		"JPN": [
			"しょうひんのみがきかたを<BREAK>せつめいするニャン！",
			"\f"
		]
	},
	{
		"Index": 35,
		"JPN": [
			"つくったばかりのほうせきや<BREAK>アクセサリーは　さぎょうちゅうの<BREAK>よごれがついているニャン",
			"そのよごれを<BREAK>しっかり<CMD>008027000880</CMD>タッチペン<CMD>008027000180</CMD>で　さゆうに<BREAK>こすって　きれいにするニャン",
			"キュッキュッとおとがなるのは<BREAK>よごれている　しょうこだから<BREAK>がんばってキレイにみがいてニャン",
			"それと　したがめんの<BREAK>みぎとひだりに<BREAK>やじるしのアイコンがあるニャン",
			"<CMD>008027000880</CMD>タッチペン<CMD>008027000180</CMD>で<BREAK>アイコンをタッチすると<BREAK>しょうひんが　まわるニャン",
			"よごれは　いろんなところに<BREAK>ついているから　いろいろ<BREAK>さがしてこするニャン！",
			"\f"
		]
	},
	{
		"Index": 36,
		"JPN": [
			"これで　しょうひんのみがきかたの<BREAK>せつめいを　おわるニャン",
			"\f"
		]
	},
	{
		"Index": 42,
		"JPN": [
			"いろのじょうずな<BREAK>とりだしかたを<BREAK>せつめいするニャン！",
			"\f"
		]
	},
	{
		"Index": 43,
		"JPN": [
			"まずは　<CMD>008027000880</CMD>ひ<CMD>008027000180</CMD>のおんどを<BREAK>あげるニャン",
			"すると　ふっとうした　おゆが<BREAK>うえにのぼって<BREAK>よくまざるニャン！",
			"<CMD>008027000880</CMD>ひ<CMD>008027000180</CMD>のおんどがたかすぎると<BREAK>きかいがゆれてあぶないから<BREAK><CMD>008027000880</CMD>ひ<CMD>008027000180</CMD>のおんどをさげるニャン！",
			"\f"
		]
	},
	{
		"Index": 44,
		"JPN": [
			"いろのとりだしかたの<BREAK>せつめいを　おわるニャン",
			"\f"
		]
	},
	{
		"Index": 50,
		"JPN": [
			"どのセールについて<BREAK>ききたいニャ？",
			"<CMD>128027000180</CMD>",
			"\f"
		]
	},
	{
		"Index": 51,
		"JPN": [
			"<CMD>3780</CMD>",
			"とっかひんセール<CMD>13802700eda4</CMD>",
			"とくばいびセール<CMD>13802700eea4</CMD>",
			"ウェルカムセール<CMD>13802700efa4</CMD>",
			"やめる<CMD>1380270069a3</CMD>",
			"\f"
		]
	},
	{
		"Index": 52,
		"JPN": [
			"それじゃあ<BREAK><CMD>008027000480</CMD>おとくいさまセール<CMD>008027000180</CMD>について<BREAK>せつめいするニャ！",
			"<CMD>008027000480</CMD>おとくいさまセール<CMD>008027000180</CMD>は<BREAK><CMD>008027000880</CMD>１しゅうかん<CMD>008027000180</CMD>おこなうセールニャ",
			"セールちゅうは<BREAK>おとくいさまリストにのっている<BREAK>おきゃくさんに…",
			"おみせのしょうひんを<BREAK><CMD>008027000880</CMD>１０％<CMD>008027000180</CMD>わりびきで<BREAK>はんばいするニャ！",
			"おとくいさまが<BREAK>たくさん　かいものに<BREAK>きてくれるとおもうから",
			"このみのしょうひんを<BREAK>いっぱい　よういして<BREAK>しょうひんを　うりまくるニャ！",
			"<CMD>1380270069a3</CMD>",
			"\f"
		]
	},
	{
		"Index": 53,
		"JPN": [
			"すべてのおきゃくさんに　<CMD>008027000880</CMD>{３日間|みっかかん}<CMD>008027000180</CMD>の<BREAK>あいだ　していをしたしょうひんを<BREAK><CMD>008027000880</CMD>１０％<CMD>008027000180</CMD>わりびきではんばいするニャ！",
			"していのしょうひんをきにしている<BREAK>おきゃくさんがくるようになるから<BREAK>せっきょくてきにせっきゃくニャ！",
			"いじょうで<BREAK><CMD>008027000480</CMD>とっかひんセール<CMD>008027000180</CMD>のせつめいを<BREAK>おわるニャ！",
			"<CMD>1380270069a3</CMD>",
			"\f"
		]
	},
	{
		"Index": 54,
		"JPN": [
			"てんちょうがきめたひに<BREAK><CMD>008027000880</CMD>１にち<CMD>008027000180</CMD>だけすべてのおきゃくさんに<CMD>008027000880</CMD><BREAK>１０％<CMD>008027000180</CMD>わりびきではんばいするニャ！",
			"そのひは　おきゃくさんがたくさん<BREAK>くるようになるから<BREAK>いっぱい　せっきゃくするニャ！",
			"いじょうで<BREAK><CMD>008027000480</CMD>とくばいびセール<CMD>008027000180</CMD>のせつめいを<BREAK>おわるニャ！",
			"<CMD>1380270069a3</CMD>",
			"\f"
		]
	},
	{
		"Index": 55,
		"JPN": [
			"すべてのおきゃくさんに<BREAK><CMD>008027000880</CMD>{３日間|みっかかん}<CMD>008027000180</CMD>のあいだ　しょうひんを<BREAK><CMD>008027000880</CMD>１０％<CMD>008027000180</CMD>わりびきではんばいするニャ！",
			"いままでおみせにきたことのない<BREAK>おきゃくさんがくるから…",
			"せっきゃくして<BREAK>おとくいさまになってもらうニャ！",
			"いじょうで<BREAK><CMD>008027000480</CMD>ウェルカムセール<CMD>008027000180</CMD>のせつめいを<BREAK>おわるニャ！",
			"<CMD>1380270069a3</CMD>",
			"\f"
		]
	},
	{
		"Index": 56,
		"JPN": [
			"ニャニャ！　てんちょう<BREAK>いま　ほかのセールを<BREAK>じゅんびちゅうニャ！！",
			"いま　せっていしている<BREAK>セールをやめるかニャ？",
			"<CMD>128027000180</CMD>",
			"\f"
		]
	},
	{
		"Index": 57,
		"JPN": [
			"<CMD>3780</CMD>",
			"セールをやめる<CMD>13802700ffff</CMD>",
			"いいえ<CMD>13802700ffff</CMD>",
			"\f"
		]
	},
	{
		"Index": 58,
		"JPN": [
			"りょうかいニャ！<BREAK>いま　じゅんびしている<BREAK>セールをやめるニャ",
			"\f"
		]
	},
	{
		"Index": 59,
		"JPN": [
			"ニャニャ！　セールちゅうは<BREAK>あたらしいセールの<BREAK>せっていはできないニャ！",
			"いま　せっていしている<BREAK>セールをやめるかニャ？",
			"<CMD>13802700f1a4</CMD>",
			"\f"
		]
	},
	{
		"Index": 60,
		"JPN": [
			"どのセールを<BREAK>はじめるニャ？",
			"<CMD>128027000180</CMD>",
			"\f"
		]
	},
	{
		"Index": 61,
		"JPN": [
			"<CMD>3080270022b327000480</CMD>",
			"\f"
		]
	},
	{
		"Index": 62,
		"JPN": [
			"セールをするのに<BREAK>かんばんをよういしたり　いろいろ<BREAK>じゅんびがひつようニャ",
			"<CMD>008027000480</CMD>おとくいさまセール<CMD>008027000180</CMD>をするには…",
			"おかねが<BREAK><CMD>008027000480</CMD>3000<CMD>008027000180</CMD>リッチひつようニャ！<BREAK>セールをはじめるかニャ？",
			"<CMD>128027000480</CMD>",
			"\f"
		]
	},
	{
		"Index": 63,
		"JPN": [
			"セールをするのに<BREAK>かんばんをよういしたり　いろいろ<BREAK>じゅんびがひつようニャ",
			"<CMD>008027000480</CMD>とっかひんセール<CMD>008027000180</CMD>をするには…",
			"おかねが<BREAK><CMD>008027000480</CMD>4000<CMD>008027000180</CMD>リッチひつようニャ！<BREAK>セールをはじめるかニャ？",
			"<CMD>128027000380</CMD>",
			"\f"
		]
	},
	{
		"Index": 64,
		"JPN": [
			"セールをするのに<BREAK>かんばんをよういしたり　いろいろ<BREAK>じゅんびがひつようニャ",
			"<CMD>008027000480</CMD>とくばいびセール<CMD>008027000180</CMD>をするには…",
			"おかねが<BREAK><CMD>008027000480</CMD>2000<CMD>008027000180</CMD>リッチひつようニャ！<BREAK>セールをはじめるかニャ？",
			"<CMD>128027000280</CMD>",
			"\f"
		]
	},
	{
		"Index": 65,
		"JPN": [
			"セールをするのに<BREAK>かんばんをよういしたり　いろいろ<BREAK>じゅんびがひつようニャ",
			"<CMD>008027000480</CMD>ウェルカムセール<CMD>008027000180</CMD>をするには…",
			"おかねが<BREAK><CMD>008027000480</CMD>5000<CMD>008027000180</CMD>リッチひつようニャ！<BREAK>セールをはじめるかニャ？",
			"<CMD>128027000180</CMD>",
			"\f"
		]
	},
	{
		"Index": 66,
		"JPN": [
			"<CMD>3780</CMD>",
			"はい<CMD>13802700ffff</CMD>",
			"いいえ<CMD>13802700ffff</CMD>",
			"\f"
		]
	},
	{
		"Index": 67,
		"JPN": [
			"それじゃあ　あしたから<BREAK><CMD>008027000480</CMD>おとくいさまセール<CMD>008027000180</CMD>を<BREAK>かいしするニャ！",
			"\f"
		]
	},
	{
		"Index": 68,
		"JPN": [
			"それじゃあ　あしたから<BREAK><CMD>008027000480</CMD>とっかひんセール<CMD>008027000180</CMD>を<BREAK>かいしするニャ！",
			"\f"
		]
	},
	{
		"Index": 69,
		"JPN": [
			"それじゃあ　<CMD>008027000880</CMD><CMD>4e822700fc8027000281</CMD>にち<CMD>008027000180</CMD>ごに<BREAK><CMD>008027000480</CMD>とくばいびセール<CMD>008027000180</CMD>を<BREAK>かいしするニャ！",
			"\f"
		]
	},
	{
		"Index": 70,
		"JPN": [
			"それじゃあ　あしたから<BREAK><CMD>008027000480</CMD>ウェルカムセール<CMD>008027000180</CMD>を<BREAK>かいしするニャ！",
			"\f"
		]
	},
	{
		"Index": 71,
		"JPN": [
			"りょうかいニャ<BREAK>セールをするのを　やめるニャ！",
			"\f"
		]
	},
	{
		"Index": 72,
		"JPN": [
			"ゴメンニャ…<BREAK>おみせのリッチがたりないニャ",
			"\f"
		]
	},
	{
		"Index": 75,
		"JPN": [
			"それじゃあ　てんちょう<BREAK><CMD>008027000480</CMD>とくばいびセール<CMD>008027000180</CMD>をするひを<BREAK>きめるニャ！",
			"<CMD>128027000180</CMD>",
			"\f"
		]
	},
	{
		"Index": 76,
		"JPN": [
			"<CMD>308027002cb327000880</CMD>",
			"\f"
		]
	},
	{
		"Index": 77,
		"JPN": [
			"それじゃあ　てんちょう<BREAK><CMD>008027000480</CMD>とっかひんセール<CMD>008027000180</CMD>でうる<BREAK>しょうひんをきめるニャ！",
			"<CMD>128027000180</CMD>",
			"\f"
		]
	},
	{
		"Index": 78,
		"JPN": [
			"<CMD>3080270036b327001180</CMD>",
			"\f"
		]
	},
	{
		"Index": 80,
		"JPN": [
			"いまは　なにもセールを<BREAK>せっていしていないニャ！",
			"\f"
		]
	},
	{
		"Index": 81,
		"JPN": [
			"いまは　<CMD>008027000480</CMD>おとくいさまセール<CMD>008027000180</CMD>を<BREAK>じっしちゅうニャ！",
			"それと　セールはのこり<BREAK><CMD>008027000880</CMD><CMD>4e822700028027000281</CMD>にち<CMD>008027000180</CMD>ですニャ！",
			"\f"
		]
	},
	{
		"Index": 82,
		"JPN": [
			"いまは　<CMD>008027000480</CMD>おとくいさまセール<CMD>008027000180</CMD>を<BREAK>じっしちゅうニャ！",
			"それと　セールはきょうが<BREAK>さいしゅうびニャ！",
			"\f"
		]
	},
	{
		"Index": 83,
		"JPN": [
			"あしたから<BREAK><CMD>008027000480</CMD>おとくいさまセール<CMD>008027000180</CMD>を<BREAK>かいしするニャ！",
			"\f"
		]
	},
	{
		"Index": 84,
		"JPN": [
			"いまは　<CMD>008027000480</CMD>とっかひんセール<CMD>008027000180</CMD>を<BREAK>じっしちゅうニャ！",
			"セールのたいしょうになる<BREAK>しょうひんは<BREAK><CMD>008027000480</CMD><CMD>2b82270000802700ff80</CMD><CMD>008027000180</CMD>ですニャ！",
			"それと　セールはのこり<BREAK><CMD>008027000880</CMD><CMD>4e822700028027000281</CMD>にち<CMD>008027000180</CMD>ですニャ！",
			"\f"
		]
	},
	{
		"Index": 85,
		"JPN": [
			"いまは　<CMD>008027000480</CMD>とっかひんセール<CMD>008027000180</CMD>を<BREAK>じっしちゅうニャ！",
			"セールのたいしょうになる<BREAK>しょうひんは<BREAK><CMD>008027000480</CMD><CMD>2b82270000802700ff80</CMD><CMD>008027000180</CMD>ですニャ！",
			"それと　セールはきょうが<BREAK>さいしゅうびニャ！",
			"\f"
		]
	},
	{
		"Index": 86,
		"JPN": [
			"あしたから<BREAK><CMD>008027000480</CMD>とっかひんセール<CMD>008027000180</CMD>を<BREAK>かいしするニャ！",
			"セールのたいしょうになる<BREAK>しょうひんは<BREAK><CMD>008027000480</CMD><CMD>2b82270000802700ff80</CMD><CMD>008027000180</CMD>ですニャ！",
			"\f"
		]
	},
	{
		"Index": 87,
		"JPN": [
			"いまは　<CMD>008027000480</CMD>ウェルカムセール<CMD>008027000180</CMD>を<BREAK>じっしちゅうニャ！",
			"それと　セールはのこり<BREAK><CMD>008027000880</CMD><CMD>4e822700028027000281</CMD>にち<CMD>008027000180</CMD>ですニャ！",
			"\f"
		]
	},
	{
		"Index": 88,
		"JPN": [
			"いまは　<CMD>008027000480</CMD>ウェルカムセール<CMD>008027000180</CMD>を<BREAK>じっしちゅうニャ！",
			"それと　セールはきょうが<BREAK>さいしゅうびニャ！",
			"\f"
		]
	},
	{
		"Index": 89,
		"JPN": [
			"あしたから<BREAK><CMD>008027000480</CMD>ウェルカムセール<CMD>008027000180</CMD>を<BREAK>かいしするニャ！",
			"\f"
		]
	},
	{
		"Index": 90,
		"JPN": [
			"いまは　<CMD>008027000480</CMD>とくばいびセール<CMD>008027000180</CMD>を<BREAK>じっしちゅうニャ！",
			"\f"
		]
	},
	{
		"Index": 91,
		"JPN": [
			"あした<BREAK><CMD>008027000480</CMD>とくばいびセール<CMD>008027000180</CMD>を<BREAK>かいしするニャ！",
			"\f"
		]
	},
	{
		"Index": 92,
		"JPN": [
			"<CMD>008027000880</CMD><CMD>4e822700028027000281</CMD>にち<CMD>008027000180</CMD>ごに<BREAK><CMD>008027000480</CMD>とくばいびセール<CMD>008027000180</CMD>を<BREAK>かいしするニャ！",
			"\f"
		]
	}
]