[
	{
		"Index": 0,
		"JPN": [
			"<CMD>18802700729b27000180</CMD><CMD>17802700729b270001802700048027000280</CMD><CMD>16802700729b27005581</CMD>よう！<BREAK>はじめてだな　<CMD>f481</CMD>",
			"<CMD>18802700729b27000080</CMD><CMD>17802700729b270001802700048027000080</CMD>{店|みせ}のことなら<BREAK>ぜんぶ　オレにおまかせ！<BREAK>{大工|だいく}の<CMD>f7812700e987</CMD>だな",
			"<CMD>18802700729b27000080</CMD><CMD>17802700729b2700088027000a8027000180</CMD><CMD>16802700729b27006981</CMD>で　なんだ？<BREAK>{今日|きょう}は{店|みせ}のどこを<BREAK>{変更|へんこう}するんだ？",
			"\f"
		]
	},
	{
		"Index": 1,
		"JPN": [
			"<CMD>18802700729b27000180</CMD><CMD>17802700729b270001802700048027000280</CMD><CMD>16802700729b27005581</CMD>よう！<BREAK>はじめてだな　<CMD>f481</CMD>",
			"<CMD>18802700729b27000080</CMD><CMD>17802700729b270001802700048027000080</CMD>{店|みせ}のことなら<BREAK>ぜんぶ　オレにおまかせ！<BREAK>{大工|だいく}の<CMD>f7812700e987</CMD>だな",
			"<CMD>18802700729b27000080</CMD><CMD>17802700729b2700088027000a8027000180</CMD><CMD>16802700729b27006981</CMD>で　なんだ？<BREAK>{今日|きょう}は<CMD>008027000580</CMD>こうぼう<CMD>008027000180</CMD>を<BREAK>どのデザインに{変更|へんこう}するんだ？",
			"<CMD>128027001e80</CMD>",
			"\f"
		]
	},
	{
		"Index": 10,
		"JPN": [
			"<CMD>18802700729b27000180</CMD><CMD>17802700729b270001802700048027000280</CMD><CMD>16802700729b27005581</CMD>よう！　<CMD>f481</CMD><BREAK>{店|みせ}のことなら<BREAK>オレにまかせな！",
			"<CMD>18802700729b27000080</CMD><CMD>17802700729b2700088027000a8027000180</CMD><CMD>16802700729b27006981</CMD>で　なんだ？<BREAK>{今日|きょう}は{店|みせ}のどこを<BREAK>{変更|へんこう}するんだ？",
			"\f"
		]
	},
	{
		"Index": 11,
		"JPN": [
			"<CMD>3780</CMD>",
			"おみせのみため<CMD>13802700ffff</CMD>",
			"おみせのなか<CMD>13802700ffff</CMD>",
			"かんばんをデザイン<CMD>13802700ffff</CMD>",
			"おわる<CMD>13802700ffff</CMD>",
			"\f"
		]
	},
	{
		"Index": 12,
		"JPN": [
			"よし！　{店|みせ}の{外|そと}からの<BREAK>{見|み}た{目|め}を{変|か}えるのか？<BREAK>じゃあ　どこを{変|か}えるんだ？",
			"\f"
		]
	},
	{
		"Index": 13,
		"JPN": [
			"よし！　{店|みせ}の{中|なか}のデザインを<BREAK>{変|か}えるのか？<BREAK>じゃあ　どこを{変|か}えるんだ？",
			"\f"
		]
	},
	{
		"Index": 14,
		"JPN": [
			"いまのお{店|みせ}を<BREAK>すれちがい{通信|つうしん}に<BREAK>とうろくするには…",
			"<CMD>008027000580</CMD>ショッピングモール<CMD>008027000180</CMD>の<BREAK><CMD>008027000380</CMD>マネージャー<CMD>008027000180</CMD>にはなしかけて",
			"すれちがい{通信|つうしん}のなかの<BREAK>お{店|みせ}のとうろくを<BREAK>えらぶひつようがある",
			"よくおぼえておくんだぞ！",
			"それじゃあ　なんか{用|よう}があったら<BREAK>また{呼|よ}んでくれや",
			"\f"
		]
	},
	{
		"Index": 16,
		"JPN": [
			"ほかに　{用|よう}はあるのか？",
			"\f"
		]
	},
	{
		"Index": 17,
		"JPN": [
			"<CMD>18802700729b27000180</CMD><CMD>17802700729b270001802700048027000280</CMD><CMD>16802700729b27005581</CMD>さて　{終|お}わったぞ！<BREAK>なかなかいいデキだから　{後|あと}で<BREAK>{外|そと}にでてかくにんしてくれ！",
			"<CMD>18802700729b27000080</CMD><CMD>17802700729b270001802700048027000080</CMD>ほかに　{変更|へんこう}したい<BREAK>{所|ところ}は　あるのか？",
			"\f"
		]
	},
	{
		"Index": 18,
		"JPN": [
			"<CMD>3780</CMD>",
			"おみせのみため<CMD>13802700ffff</CMD>",
			"おみせのなか<CMD>13802700ffff</CMD>",
			"かんばんをデザイン<CMD>13802700ffff</CMD>",
			"おわる<CMD>13802700ffff</CMD>",
			"\f"
		]
	},
	{
		"Index": 19,
		"JPN": [
			"それじゃあ　{代金|だいきん}として…",
			"<CMD>158027001882</CMD>{所持金|しょじきん}から<BREAK><CMD>278227000080</CMD>リッチ<BREAK>もらったぞ",
			"\f"
		]
	},
	{
		"Index": 20,
		"JPN": [
			"それじゃあ　{代金|だいきん}として…",
			"<CMD>158027001882</CMD>{所持金|しょじきん}から<CMD>278227000080</CMD>リッチ<BREAK>{銀行|ぎんこう}から<CMD>278227000180</CMD>リッチ<BREAK>もらったぞ",
			"<CMD>12802700fdff</CMD>",
			"\f"
		]
	},
	{
		"Index": 21,
		"JPN": [
			"<CMD>18802700729b27000180</CMD><CMD>17802700729b270001802700048027000280</CMD><CMD>16802700729b27005581</CMD>さて　どうだ！<BREAK>なかなかいいデキだろ？",
			"\f"
		]
	},
	{
		"Index": 22,
		"JPN": [
			"<CMD>18802700729b27000080</CMD><CMD>17802700729b270001802700048027000080</CMD>ほかに　{変更|へんこう}したい<BREAK>{所|ところ}は　あるのか？",
			"\f"
		]
	},
	{
		"Index": 23,
		"JPN": [
			"それじゃあ　{代金|だいきん}として…",
			"<CMD>158027001882</CMD>{所持金|しょじきん}から<BREAK><CMD>278227000080</CMD>リッチ<BREAK>もらったぞ",
			"<CMD>12802700feff</CMD>",
			"\f"
		]
	},
	{
		"Index": 24,
		"JPN": [
			"それじゃあ　{代金|だいきん}として…",
			"<CMD>158027001882</CMD>{所持金|しょじきん}から<CMD>278227000080</CMD>リッチ<BREAK>{銀行|ぎんこう}から<CMD>278227000180</CMD>リッチ<BREAK>もらったぞ",
			"<CMD>12802700fdff</CMD>",
			"\f"
		]
	},
	{
		"Index": 25,
		"JPN": [
			"{店|みせ}のかんばんを<BREAK>{自分|じぶん}でデザインするんだな？",
			"{店|みせ}のかんばんは<BREAK><CMD>008027000880</CMD>{最大|さいだい}８コ<CMD>008027000180</CMD>まで　ほぞんできるが<BREAK>そのうちの1つに　{上書|うわが}きするぞ",
			"どのかんばんを<BREAK>デザインするんだ？",
			"<CMD>128027000280</CMD>",
			"\f"
		]
	},
	{
		"Index": 26,
		"JPN": [
			"とうろくしたかんばんは<BREAK><CMD>008027000880</CMD>おみせのみため<CMD>008027000180</CMD>を<BREAK>えらべば　{取|と}りつけられるぜ！",
			"ほかに　{用|よう}はあるのか？",
			"\f"
		]
	},
	{
		"Index": 27,
		"JPN": [
			"<CMD>30802700dcb227000a80</CMD>",
			"\f"
		]
	},
	{
		"Index": 28,
		"JPN": [
			"おや？　{元|もと}のデザインと<BREAK>いっしょみたいだぜ<BREAK>これじゃあ　{変更|へんこう}はできないな",
			"<CMD>18802700729b27000080</CMD><CMD>17802700729b270001802700048027000080</CMD>で　<CMD>008027000580</CMD>こうぼう<CMD>008027000180</CMD>を<BREAK>どのデザインに　{変更|へんこう}するんだ？",
			"<CMD>128027000380</CMD>",
			"\f"
		]
	},
	{
		"Index": 29,
		"JPN": [
			"すまないが　そのかんばんは<BREAK>まだ　じゅんびちゅうなんだ<BREAK>{他|ほか}のかんばんを　えらんでくれ",
			"それじゃあ<BREAK>どのかんばんを<BREAK>デザインするんだ？",
			"<CMD>1380270037a5</CMD>",
			"\f"
		]
	},
	{
		"Index": 30,
		"JPN": [
			"<CMD>18802700729b27000180</CMD><CMD>17802700729b270001802700048027000280</CMD><CMD>16802700729b27005581</CMD>よう！　<CMD>f481</CMD><BREAK>{店|みせ}のことなら<BREAK>オレにまかせな！",
			"<CMD>18802700729b27000080</CMD><CMD>17802700729b2700088027000a8027000180</CMD><CMD>16802700729b27006981</CMD>で　なんだ？<BREAK>{今日|きょう}は<CMD>008027000580</CMD>こうぼう<CMD>008027000180</CMD>を<BREAK>どのデザインに{変更|へんこう}するんだ？",
			"<CMD>128027000180</CMD>",
			"\f"
		]
	},
	{
		"Index": 31,
		"JPN": [
			"<CMD>30802700f0b227000580</CMD>",
			"\f"
		]
	},
	{
		"Index": 32,
		"JPN": [
			"<CMD>18802700729b27000180</CMD><CMD>17802700729b270001802700048027000280</CMD><CMD>16802700729b27005581</CMD>さて　どうだ！<BREAK>デザインを{変更|へんこう}するには<BREAK><CMD>278227000080</CMD>リッチかかるがいいか？",
			"<CMD>128027000180</CMD>",
			"\f"
		]
	},
	{
		"Index": 33,
		"JPN": [
			"<CMD>3780</CMD>",
			"けってい<CMD>13802700ffff</CMD>",
			"べつのデザイン<CMD>13802700ffff</CMD>",
			"やめる<CMD>13802700ffff</CMD>",
			"\f"
		]
	},
	{
		"Index": 34,
		"JPN": [
			"それじゃあ　{代金|だいきん}として…",
			"<CMD>158027001882</CMD>{所持金|しょじきん}から<BREAK><CMD>278227000080</CMD>リッチ<BREAK>もらったぞ",
			"まあ　なんか{用|よう}があったら<BREAK>また{呼|よ}んでくれや",
			"\f"
		]
	},
	{
		"Index": 35,
		"JPN": [
			"<CMD>18802700729b27000080</CMD><CMD>17802700729b270001802700048027000080</CMD>それじゃあ<BREAK>どのデザインに　{変更|へんこう}するんだ？",
			"<CMD>12802700fcff</CMD>",
			"\f"
		]
	},
	{
		"Index": 36,
		"JPN": [
			"それじゃあ　{代金|だいきん}として…",
			"おや？<BREAK>リッチが{足|た}りないみたいだぜ<BREAK>これじゃあ　{変更|へんこう}はできないな",
			"まあ　なんか{用|よう}があったら<BREAK>また{呼|よ}んでくれや",
			"\f"
		]
	},
	{
		"Index": 37,
		"JPN": [
			"{今回|こんかい}の{代金|だいきん}は<BREAK>まあ　サービスってやつだ！",
			"<CMD>18802700729b27000080</CMD><CMD>17802700729b270001802700048027000080</CMD>ほかに　{変更|へんこう}したい<BREAK>{所|ところ}は　あるのか？",
			"\f"
		]
	},
	{
		"Index": 38,
		"JPN": [
			"{今回|こんかい}の{代金|だいきん}は<BREAK>まあ　サービスってやつだ！",
			"<CMD>1380270031a5</CMD>",
			"\f"
		]
	},
	{
		"Index": 40,
		"JPN": [
			"<CMD>49802700aa8527001280</CMD>",
			"\f"
		]
	},
	{
		"Index": 41,
		"JPN": [
			"<CMD>17802700da872700b28027000a80</CMD><CMD>16802700da8727006981</CMD>ねぇ…　<CMD>008027000380</CMD>げんぞう<CMD>008027000180</CMD>さんには<BREAK>イイヒトって<BREAK>いるのかしら？",
			"\f"
		]
	},
	{
		"Index": 42,
		"JPN": [
			"<CMD>16802700e98727005681</CMD><CMD>18802700e98727000580</CMD>イイヒトだぁ？！<BREAK>なんだよ　しょーがねーなー<BREAK>んなの　オレにいるわけねぇだろ",
			"\f"
		]
	},
	{
		"Index": 43,
		"JPN": [
			"でも　けっこう{近|ちか}くに<BREAK>いるものなのよ？<BREAK>おにあいのヒトって",
			"\f"
		]
	},
	{
		"Index": 44,
		"JPN": [
			"<CMD>18802700e98727000080</CMD>じょうだんじゃないよ<BREAK>まったく",
			"{近|ちか}くにいるのは<BREAK>ノコギリとカンナくらいの<BREAK>もんだぜ",
			"\f"
		]
	},
	{
		"Index": 45,
		"JPN": [
			"<CMD>16802700e98727007f81</CMD><CMD>18802700e98727000380</CMD>おいおい<CMD>008027000380</CMD>メルシィ<CMD>008027000180</CMD>さん<BREAK>じょうだんじゃないよ<BREAK>まったく…",
			"{今日|きょう}　{仕事|しごと}で{学校|がっこう}に<BREAK>{行|い}ったんだけどよ",
			"したら<BREAK><CMD>008027000380</CMD>メリッサ{先生|せんせい}<CMD>008027000180</CMD>に<BREAK>{昼|ひる}メシをさそわれちまった",
			"<CMD>16802700e98727005681</CMD><CMD>18802700e98727000580</CMD>もう　びっくらこいて<BREAK>クギは　ばらまくわ<BREAK>{道具箱|どうぐばこ}を{足|あし}に{落|お}とすわで",
			"<CMD>16802700e98727007f81</CMD><CMD>18802700e98727000380</CMD>さんざんだったぜ<BREAK>まったく…",
			"だけどよ<BREAK>いい{人|ひと}だよなぁ",
			"やさしいしよ<BREAK>きょうようってのか？　きょうよう<BREAK>そんなのが　あふれ{出|で}ててよ",
			"おまけに{美人|びじん}だろ？　{美人|びじん}<BREAK>オレは　もう<BREAK>{仕事|しごと}にならなかったぜ",
			"\f"
		]
	},
	{
		"Index": 46,
		"JPN": [
			"<CMD>17802700da872700b28027000a80</CMD><CMD>16802700da8727006981</CMD><CMD>008027000380</CMD>メリッサ{先生|せんせい}<CMD>008027000180</CMD><BREAK><CMD>008027000380</CMD>げんぞう<CMD>008027000180</CMD>さんのこと<BREAK>{好|す}きなんじゃないかしら？",
			"\f"
		]
	},
	{
		"Index": 47,
		"JPN": [
			"<CMD>16802700e98727002d81</CMD><CMD>18802700e98727000580</CMD>ブッ…<BREAK>じょ　じょーだんじゃないよ<BREAK>まったく…",
			"<CMD>008027000380</CMD>メリッサ{先生|せんせい}<CMD>008027000180</CMD>が<BREAK>オレなんかのこと<BREAK>{好|す}きなわけねーだろ？！",
			"た　たとえそうだとしても…<BREAK>オレには…<BREAK>オレにはもったいねぇよ！",
			"\f"
		]
	},
	{
		"Index": 48,
		"JPN": [
			"<CMD>18802700e98727000380</CMD>なんだか<BREAK>オレらしくもねぇなと<BREAK>{思|おも}うんだが…",
			"<CMD>008027000380</CMD>メリッサ{先生|せんせい}<CMD>008027000180</CMD>のことが<BREAK>{頭|あたま}から　はなれねーんだよな<BREAK>ったくどーなってんだか…",
			"{今日|きょう}もメシに<BREAK>さそわれたんだけど…",
			"<CMD>16802700e98727006981</CMD>たまにはよ<BREAK>オレからさそった{方|ほう}が<BREAK>いいのか？<CMD>18802700da8727000180</CMD>",
			"<CMD>18802700e98727000080</CMD>なんだよ　<CMD>008027000380</CMD>メルシィ<CMD>008027000180</CMD>さん<BREAK>なんか{予定通り|よていどおり}って<BREAK>{顔|かお}してねぇか？",
			"\f"
		]
	},
	{
		"Index": 49,
		"JPN": [
			"フフフ…　そうかもね　",
			"\f"
		]
	},
	{
		"Index": 50,
		"JPN": [
			"<CMD>18802700e98727000180</CMD>なんだよ　しょうがねーなー<BREAK>んじゃ　こんど<BREAK>さそってみっか…",
			"\f"
		]
	}
]