[
	{
		"Index": 0,
		"JPN": [
			"<CMD>18802700729b27000180</CMD><CMD>17802700729b270001802700048027000280</CMD><CMD>16802700729b27005581</CMD>Happy New year<CMD>f481</CMD>! <BREAK>Congratulations on making it\nto a new year!",
			"This year <CMD>008027000380</CMD>Hassan<CMD>008027000180</CMD>and the<BREAK><CMD>008027000580</CMD>Abra-Cadabra<CMD>008027000180</CMD>will be<BREAK>comming back!",
			"<CMD>18802700729b27000580</CMD><CMD>17802700729b270001802700048027000080</CMD><CMD>16802700729b27005681</CMD>…yes<BREAK>and a gift for you<CMD>f481</CMD>!",
			"Yes! <CMD>008027000380</CMD>Happy New years!<CMD>008027000180</CMD><BREAK><CMD>158027001882</CMD>From Hassan<CMD>3a8027006480</CMD>",
			"<CMD>f481</CMD> I hope you'll shop at\nmy store once again! <CMD>49802700e48427001e80</CMD>",
			"\f"
		]
	},
	{
		"Index": 1,
		"JPN": [
			"<CMD>49802700e4842700008027000180</CMD>",
			"\f"
		]
	},
	{
		"Index": 2,
		"JPN": [
			"<CMD>18802700729b27000180</CMD><CMD>17802700729b270001802700048027000280</CMD><CMD>16802700729b27005581</CMD><CMD>058227006380</CMD><BREAK>I recommend it!",
			"\f"
		]
	},
	{
		"Index": 3,
		"JPN": [
			"<CMD>18802700729b27000180</CMD><CMD>17802700729b270001802700048027000280</CMD><CMD>16802700729b27005581</CMD>We have only the best!",
			"What will you be purchasing\nthis time I wonder?",
			"<CMD>128027000180</CMD>",
			"\f"
		]
	},
	{
		"Index": 4,
		"JPN": [
			"<CMD>3780</CMD>",
			"Ingredients<CMD>138027007aa8</CMD>",
			"Fabric<CMD>138027007ba8</CMD>",
			"Materials<CMD>138027007ca8</CMD>",
			"Flowers<CMD>138027007da8</CMD>",
			"Nothing<CMD>13802700ffff</CMD>",
			"\f"
		]
	},
	{
		"Index": 5,
		"JPN": [
			"What else can I interest\nyou in?",
			"<CMD>12802700ffff</CMD>",
			"\f"
		]
	},
	{
		"Index": 6,
		"JPN": [
			"<CMD>18802700729b27000180</CMD><CMD>17802700729b270001802700048027000280</CMD><CMD>16802700729b27005581</CMD>Thank you so much!<BREAK><CMD>f7812700ea87</CMD> I'm so happy!",
			"<CMD>18802700729b27000080</CMD><CMD>17802700729b270001802700048027000080</CMD>We're you going to buy\nanything else?",
			"<CMD>12802700feff</CMD>",
			"\f"
		]
	},
	{
		"Index": 7,
		"JPN": [
			"I see. Please do come again!",
			"\f"
		]
	},
	{
		"Index": 8,
		"JPN": [
			"<CMD>18802700729b27000180</CMD><CMD>17802700729b270001802700048027000280</CMD><CMD>16802700729b27005581</CMD><CMD>f481</CMD>My most valued customer!<BREAK><CMD>008027000880</CMD>We've got some<CMD>008027000180</CMD><BREAK>Great deals going right now!",
			"\f"
		]
	},
	{
		"Index": 9,
		"JPN": [
			"Now then...　<CMD>f481</CMD><BREAK>What will you buy this\ntime I wonder?",
			"<CMD>1380270040a8</CMD>",
			"\f"
		]
	},
	{
		"Index": 10,
		"JPN": [
			"<CMD>18802700729b27000180</CMD><CMD>17802700729b270001802700048027000280</CMD><CMD>16802700729b27005581</CMD><CMD>008027000880</CMD>New material <CMD>008027000180</CMD>\nis now available! Please take a look!",
			"Now then...　<CMD>f481</CMD><BREAK>What will you buy this\ntime I wonder?",
			"<CMD>1380270040a8</CMD>",
			"\f"
		]
	},
	{
		"Index": 11,
		"JPN": [
			"<CMD>18802700729b27000180</CMD><CMD>17802700729b270001802700048027000280</CMD><CMD>16802700729b27005581</CMD><CMD>008027000880</CMD>Also, all new materials <CMD>008027000180</CMD>\nare now available! Please take a look!",
			"Now then...　<CMD>f481</CMD><BREAK>What will you buy this\ntime I wonder?",
			"<CMD>1380270040a8</CMD>",
			"\f"
		]
	},
	{
		"Index": 62,
		"JPN": [
			"We have cheap and delicious\nprices! Please look around!",
			"\f"
		]
	},
	{
		"Index": 63,
		"JPN": [
			"<CMD>f7812700ea87</CMD> has great taste in clothing.\nYou're bound to love these items!",
			"\f"
		]
	},
	{
		"Index": 64,
		"JPN": [
			"<CMD>f7812700ea87</CMD> has quite the selection\nof shiny things <CMD>f481</CMD>.",
			"\f"
		]
	},
	{
		"Index": 65,
		"JPN": [
			"We have plenty of beautiful\nflowers here! They smell good\nto!",
			"\f"
		]
	},
	{
		"Index": 70,
		"JPN": [
			"<CMD>18802700ea8727000180</CMD><CMD>17802700ea872700688027000a80</CMD>コンニチハ<BREAK><CMD>f481</CMD>さん！<BREAK>ゴキゲン　いかがデスかー？",
			"<CMD>f481</CMD>さんのお{店|みせ}に<BREAK>ピッカピカのアクセサリー<BREAK>たくさんあると　{聞|き}きマシター！",
			"だから　{今日|きょう}のワタシは<BREAK>おきゃくさんデース！",
			"さあ！　ピッカピカ　アクセサリー<BREAK>ワタシに　{見|み}せてクダサーイ！",
			"\f"
		]
	},
	{
		"Index": 71,
		"JPN": [
			"<CMD>18802700ea8727000180</CMD><CMD>17802700ea872700a98027000a80</CMD><CMD>16802700ea8727004181</CMD>う～ん　グッジョ～ブ！<BREAK><CMD>f481</CMD>さん<BREAK>いいシゴトしてマスね～！",
			"とてもよく　{手入|てい}れされていマス！<BREAK>ピッカピカのアクセサリーが<BREAK>イッパイ　イッパイです！",
			"コレ　ほしがる{人|ひと}<BREAK>イッパイ　イッパイでショ？！<BREAK>ワタシもほしいデース！",
			"\f"
		]
	},
	{
		"Index": 72,
		"JPN": [
			"<CMD>18802700ea8727000180</CMD><CMD>17802700ea872700018027000a80</CMD><CMD>16802700ea8727005581</CMD>これなら　ちょっと{高|たか}くても<BREAK>よろこんで{買|か}うデス！",
			"お{店|みせ}にある<BREAK>ピッカピカのアクセサリーを<BREAK>もってきたお{金|かね}で…",
			"{買|か}えるだけゼンブ<BREAK>１コづつくださいナー！",
			"\f"
		]
	},
	{
		"Index": 73,
		"JPN": [
			"<CMD>18802700ea8727000180</CMD><CMD>16802700ea8727005581</CMD>{今日|きょう}は<BREAK>いい{買|か}い{物|もの}シマシタ！",
			"<CMD>f481</CMD>さん　またピッカピカ<BREAK>アクセサリーの　{話|はなし}きいたら<BREAK>ワタシ　また{来|キ}マース",
			"そのときは<BREAK>また　イッパイ{買|か}うデース！<BREAK>ガンバってくだサーイ！",
			"\f"
		]
	},
	{
		"Index": 74,
		"JPN": [
			"<CMD>18802700ea8727000180</CMD><CMD>17802700ea872700688027000a80</CMD><CMD>16802700ea8727005581</CMD>Well then, please come back\nto my store some other time.",
			"\f"
		]
	},
	{
		"Index": 80,
		"JPN": [
			"<CMD>18802700729b27000180</CMD><CMD>17802700729b270001802700048027000280</CMD><CMD>16802700729b27005581</CMD>Welcome to the store!",
			"\f"
		]
	},
	{
		"Index": 81,
		"JPN": [
			"<CMD>18802700729b27000180</CMD><CMD>17802700729b270001802700048027000280</CMD><CMD>16802700729b27005581</CMD>Thank you, So very much!",
			"\f"
		]
	}
]