[
	{
		"Index": 0,
		"JPN": [
			"<CMD>16802700e68727005881</CMD>このフェアは<BREAK><CMD>3a8227000a80</CMD>と{言|い}うそうですぞ",
			"かぼちゃの　かっこうをすると<BREAK>おかしがもらえると<BREAK>{聞|き}いております",
			"\f"
		]
	},
	{
		"Index": 1,
		"JPN": [
			"<CMD>16802700e68727005881</CMD>{今回|こんかい}のフェアは<BREAK><CMD>3a8227000b80</CMD>ですぞ",
			"げいじゅつにふれ<BREAK>したしみ　{学|まな}ぶためのものと<BREAK>{聞|き}いております",
			"\f"
		]
	},
	{
		"Index": 2,
		"JPN": [
			"<CMD>16802700e68727005881</CMD>{今回|こんかい}のフェアは<BREAK><CMD>3a8227000c80</CMD>と{言|い}うそうですぞ",
			"なんでも　{遠|とお}きかの{国|くに}では<BREAK>１２{月|がつ}２５{日|にち}に<BREAK>きゅうせいしゅが{生|う}まれたと{言|い}われ",
			"そのおいわいをする<BREAK>と{聞|き}いております",
			"\f"
		]
	},
	{
		"Index": 6,
		"JPN": [
			"{今|いま}は　{町|まち}で{流行|りゅうこう}は<BREAK>{起|お}こっていないようですな",
			"しかし　みながどんなものが<BREAK>{流行|はや}るのか{注目|ちゅうもく}している<BREAK>ようですぞ",
			"<CMD>f481</CMD>も　がんばれば<BREAK>トレンドメーカーになれるかも<BREAK>しれませんな！",
			"では　<CMD>008027000880</CMD>{町|まち}のトレンド<CMD>008027000180</CMD>を<BREAK>{確認|かくにん}されますかな？<CMD>49802700cb842700008027000180</CMD>",
			"\f"
		]
	},
	{
		"Index": 7,
		"JPN": [
			"{今|いま}は　<CMD>298227000480</CMD>が<BREAK>{町|まち}で{流行|りゅうこう}{商品|しょうひん}に<BREAK>なっておりますぞ",
			"<CMD>f481</CMD>も　お{店|みせ}に<BREAK>{流行|りゅうこう}{商品|しょうひん}を{置|お}いて",
			"{売|う}り{上|あ}げを{上|あ}げるとよいですぞ",
			"では　<CMD>008027000880</CMD>まちのトレンド<CMD>008027000180</CMD>を<BREAK>{確認|かくにん}されますかな？<CMD>49802700cb842700008027000180</CMD>",
			"\f"
		]
	},
	{
		"Index": 8,
		"JPN": [
			"{今|いま}は　どうやらみな<BREAK>{流行|りゅうこう}のねつもさめて",
			"{流行|りゅうこう}{商品|しょうひん}に<BREAK>あきてしまったようですな",
			"{町全体|まちぜんたい}が<BREAK>{落|お}ち{着|つ}きをとりもどして<BREAK>おりますぞ！",
			"では　<CMD>008027000880</CMD>{町|まち}のトレンド<CMD>008027000180</CMD>を<BREAK>{確認|かくにん}されますかな？<CMD>49802700cb842700008027000180</CMD>",
			"\f"
		]
	},
	{
		"Index": 9,
		"JPN": [
			"<CMD>008027000880</CMD>{町|まち}のトレンド<CMD>008027000180</CMD>を<BREAK>{確認|かくにん}されますかな？<CMD>49802700cb842700008027000180</CMD>",
			"\f"
		]
	},
	{
		"Index": 10,
		"JPN": [
			"トレンドについて<BREAK>{知|し}りたいことは<BREAK>なんですかな？",
			"<CMD>138027001ba7</CMD>",
			"\f"
		]
	},
	{
		"Index": 11,
		"JPN": [
			"<CMD>3780</CMD>",
			"ランキング<CMD>138027001ca7</CMD>",
			"まちのひょうか<CMD>138027001da7</CMD>",
			"せんでん<CMD>138027001ea7</CMD>",
			"もどる<CMD>13802700c0a6</CMD>",
			"\f"
		]
	},
	{
		"Index": 12,
		"JPN": [
			"これを{見|み}ることで<BREAK>{町|まち}の{人気商品|にんきしょうひん}を<BREAK>{知|し}ることができますぞ",
			"１{位|い}の{商品|しょうひん}は<BREAK>ふつうの{商品|しょうひん}より<BREAK>とてもよく{売|う}れますぞ",
			"こまめにチェックして<BREAK>{品|しな}ぞろえのさんこうに<BREAK>すると{良|よ}いでしょう",
			"<CMD>138027001fa7</CMD>",
			"\f"
		]
	},
	{
		"Index": 13,
		"JPN": [
			"トレンドランキングを{見|み}ると<BREAK>{顔|かお}のようなマークが<BREAK>あるのに{気|き}がつくと{思|おも}いますが",
			"これはその{商品|しょうひん}に<BREAK>たいする　ひょうかと<BREAK>{人気|にんき}をあらわしているのですぞ",
			"{人気|にんき}のある{商品|しょうひん}ほど<BREAK>{高|たか}いじゅんいとなり<BREAK>よく{売|う}れるのですが",
			"ランクインから{日|ひ}がたってしまうと<BREAK>{町|まち}の{者|もの}もあきてきてしまい<BREAK>あまり{売|う}れなくなるのです",
			"みなの{人気|にんき}を　よそくして<BREAK>{商品|しょうひん}を{入|い}れかえると<BREAK>ムダがなくなりますぞ",
			"<CMD>138027001fa7</CMD>",
			"\f"
		]
	},
	{
		"Index": 14,
		"JPN": [
			"{町|まち}の{者|もの}に　{商品|しょうひん}を<BREAK><CMD>008027000880</CMD>オススメする<CMD>008027000180</CMD>ことで…",
			"{商品|しょうひん}の{良|よ}さを<BREAK>{伝|つた}えることができますぞ",
			"{自分|じぶん}のお{店|みせ}にあった<BREAK>{商品|しょうひん}のランキングを<BREAK>{上|あ}げるためにも",
			"{町|まち}の{者|もの}に　せっきょくてきに<BREAK><CMD>008027000880</CMD>オススメする<CMD>008027000180</CMD>と{良|よ}いですな",
			"それから　{同|おな}じ{商品|しょうひん}でも<BREAK><CMD>008027000880</CMD>オススメする<CMD>008027000180</CMD>{相手|あいて}によって<BREAK>くふうすることが{大切|たいせつ}ですぞ",
			"たとえば…<BREAK>{相手|あいて}の{好|す}きなものを<BREAK>プレゼントするのもよいでしょう",
			"{他|ほか}にもセールしょうひんにして<BREAK>{売|う}ることでも　{高|たか}い<BREAK>せんでんこうかが　ありますぞ",
			"<CMD>138027001fa7</CMD>",
			"\f"
		]
	},
	{
		"Index": 15,
		"JPN": [
			"ほかに　{知|し}りたいことは<BREAK>ありますかな？",
			"<CMD>138027001ba7</CMD>",
			"\f"
		]
	},
	{
		"Index": 20,
		"JPN": [
			"<CMD>49802700e88827000a80</CMD>",
			"\f"
		]
	},
	{
		"Index": 51,
		"JPN": [
			"<CMD>16802700e68727005681</CMD>…ん？　おお　そなたか",
			"{少|すこ}しばかり<BREAK>{考|かんが}えごとをしておった",
			"\f"
		]
	},
	{
		"Index": 52,
		"JPN": [
			"ちかごろ　<CMD>008027000380</CMD>{王|おう}さま<CMD>008027000180</CMD>を{見|み}ていると<BREAK>つい　{先代|せんだい}の<CMD>008027000380</CMD>{王|おう}<CMD>008027000180</CMD>のことを<BREAK>{思|おも}い{出|だ}してしまう",
			"{先代|せんだい}の<CMD>008027000380</CMD>{王|おう}<CMD>008027000180</CMD>が<BREAK>なくなられるとき…わたしめは<BREAK>{先代|せんだい}と　やくそくしたのですぞ",
			"{先代|せんだい}のむすこ　つまり<BREAK>{今|いま}の<CMD>008027000380</CMD>{王|おう}さま<CMD>008027000180</CMD>が　りっぱに<BREAK>せいちょうするのを{見|み}とどける…と",
			"<CMD>16802700e68727003081</CMD>お{父上|ちちうえ}のご{期待|きたい}どおり<BREAK>さいきんの<CMD>008027000380</CMD>{王|おう}さま<CMD>008027000180</CMD>は<BREAK>{本当|ほんとう}に　りっぱになられた…",
			"できれば　このままずっと<BREAK><CMD>008027000380</CMD>{王|おう}さま<CMD>008027000180</CMD>のせいちょうを<BREAK>そばで　{見守|みまも}りたいものですな",
			"そのためには…<CMD>f481</CMD>たちを<BREAK>{始|はじ}めとした　こくみんのささえが<BREAK>ひつようふかけつというもの",
			"これからも<BREAK><CMD>008027000380</CMD>{王|おう}さま<CMD>008027000180</CMD>をよろしくたのみますぞ",
			"\f"
		]
	},
	{
		"Index": 53,
		"JPN": [
			"だいじんしせつかいわ1-3",
			"\f"
		]
	},
	{
		"Index": 80,
		"JPN": [
			"<CMD>4980270036862700158027000180</CMD>",
			"\f"
		]
	},
	{
		"Index": 81,
		"JPN": [
			"それは　いらいした<BREAK>しょうひんではありませんな",
			"<CMD>008027000480</CMD><CMD>058227006380</CMD><CMD>008027000180</CMD>を<BREAK><CMD>008027000880</CMD>３つ<CMD>008027000180</CMD>{持|も}ってきて<BREAK>もらえますかな？",
			"\f"
		]
	},
	{
		"Index": 82,
		"JPN": [
			"いま<CMD>008027000480</CMD><CMD>058227006380</CMD><CMD>008027000180</CMD>は<BREAK><CMD>4e822700008027000281</CMD>こあるようですな",
			"\f"
		]
	},
	{
		"Index": 83,
		"JPN": [
			"<CMD>008027000380</CMD>へいか<CMD>008027000180</CMD>は<CMD>008027000480</CMD><CMD>058227006380</CMD><CMD>008027000180</CMD>を<BREAK>３つ　おのぞみですから<BREAK>{数|かず}が　たりませんな…",
			"\f"
		]
	},
	{
		"Index": 84,
		"JPN": [
			"いらいしていた<BREAK>しょうひんの{数|かず}が<BREAK>そろったようですな！",
			"それでは　さっそく<CMD>008027000380</CMD>へいか<CMD>008027000180</CMD>に<BREAK>けんじょうしましょうぞ！",
			"\f"
		]
	},
	{
		"Index": 85,
		"JPN": [
			"{今|いま}は<BREAK>たのんでいることは<BREAK>{何|なに}もありませんぞ",
			"\f"
		]
	},
	{
		"Index": 86,
		"JPN": [
			"たのんでいた　しょうひんは<BREAK>よういできましたかな？",
			"\f"
		]
	},
	{
		"Index": 87,
		"JPN": [
			"いらいの　きげんまでは<BREAK>{今日|きょう}をいれて<BREAK>あと<CMD>4e822700008027000281</CMD>{日|にち}ありますぞ",
			"それまでに<BREAK><CMD>008027000480</CMD><CMD>058227006380</CMD><CMD>008027000180</CMD>を<BREAK><CMD>008027000880</CMD>３つ<CMD>008027000180</CMD>{持|も}ってくるのですぞ",
			"\f"
		]
	},
	{
		"Index": 88,
		"JPN": [
			"おや？　やめるのですかな？",
			"\f"
		]
	}
]