[
	{
		"Index": 1,
		"JPN": [
			"では　<CMD>f481</CMD>よ",
			"これより　そなたのお{店|みせ}を<BREAK>ひょうかしますぞ",
			"\f"
		]
	},
	{
		"Index": 3,
		"JPN": [
			"<CMD>16802700e68727006981</CMD>むむ？<BREAK><CMD>f481</CMD><BREAK>そのかっこう・・・",
			"<CMD>16802700e68727007d81</CMD>ひょうしょうを<BREAK>うけるには<BREAK>ふさわしくないですな？",
			"ちゃんとしたふくそうで<BREAK>またくるがよいぞ",
			"\f"
		]
	},
	{
		"Index": 4,
		"JPN": [
			"<CMD>008027000380</CMD>へいか<CMD>008027000180</CMD><BREAK>ひとこと　お{願|ねが}いしますぞ",
			"\f"
		]
	},
	{
		"Index": 6,
		"JPN": [
			"<CMD>17802700e6872700d98027000a80</CMD>そなたは　すべてのフェアで<BREAK>ゆうしゅうな　せいせきを<BREAK>のこしましたな",
			"その　いぎょうをたたえ<BREAK>もり{上|あ}げマイスターの<BREAK>しょうごうと…",
			"ほうびとして<BREAK><CMD>008027000480</CMD>トロフィー<CMD>008027000180</CMD>をさずける<CMD>17802700e6872700018027000a80</CMD>",
			"\f"
		]
	},
	{
		"Index": 7,
		"JPN": [
			"<CMD>17802700e6872700d98027000a80</CMD>そなたは　ながいあいだ<BREAK>にんき{商品|しょうひん}を<BREAK>つくりつづけた",
			"その　いぎょうをたたえ<BREAK>{流行|りゅうこう}マイスターの<BREAK>しょうごうと…",
			"ほうびとして<BREAK><CMD>008027000480</CMD>トロフィー<CMD>008027000180</CMD>をさずける<CMD>17802700e6872700018027000a80</CMD>",
			"\f"
		]
	},
	{
		"Index": 8,
		"JPN": [
			"<CMD>17802700e6872700d98027000a80</CMD>お{店|みせ}を{開|ひら}いてから<BREAK>{今|いま}までのりえきげが…",
			"とうとう　100{万|まん}リッチを<BREAK>とっぱしたそうですな",
			"その　いぎょうをたたえ<BREAK>セールスマイスターの<BREAK>しょうごうと…",
			"ほうびとして<BREAK><CMD>008027000480</CMD>トロフィー<CMD>008027000180</CMD>をさずける<CMD>17802700e6872700018027000a80</CMD>",
			"\f"
		]
	},
	{
		"Index": 9,
		"JPN": [
			"<CMD>17802700e6872700d98027000a80</CMD>そなたは　アイドルとして<BREAK>そのうたごえで　おおぜいの{人|ひと}を<BREAK>{幸|しあわ}せにしてきたそうですな",
			"こくみんから<BREAK>{話|はなし}は　{聞|き}いておりますぞ",
			"その　いぎょうをたたえ<BREAK>アイドルマイスターの<BREAK>しょうごうと…",
			"ほうびとして<BREAK><CMD>008027000480</CMD>トロフィー<CMD>008027000180</CMD>をさずける<CMD>17802700e6872700018027000a80</CMD>",
			"\f"
		]
	},
	{
		"Index": 10,
		"JPN": [
			"<CMD>17802700e6872700d98027000a80</CMD>そなたの{店|みせ}には<BREAK>とてもおおくの<BREAK>お{得意様|とくいさま}がいると…",
			"こくみんから<BREAK>{話|はなし}は　{聞|き}いておりますぞ",
			"その　いぎょうをたたえ<BREAK>おとくいマイスターの<BREAK>しょうごうと…",
			"ほうびとして<BREAK><CMD>008027000480</CMD>トロフィー<CMD>008027000180</CMD>をさずける<CMD>17802700e6872700018027000a80</CMD>",
			"\f"
		]
	},
	{
		"Index": 11,
		"JPN": [
			"<CMD>17802700e6872700d98027000a80</CMD>そなたは　すべてのレシピの<BREAK>{商品|しょうひん}をさくせいした<BREAK>ようですな",
			"その　いぎょうをたたえ<BREAK>レシピマイスターの<BREAK>しょうごうと…",
			"ほうびとして<BREAK><CMD>008027000480</CMD>トロフィー<CMD>008027000180</CMD>をさずける<CMD>17802700e6872700018027000a80</CMD>",
			"\f"
		]
	},
	{
		"Index": 13,
		"JPN": [
			"<CMD>17802700e6872700d98027000a80</CMD>そなたは　お{店|みせ}のかいちくを<BREAK>なんどもおこない<BREAK>みなのお{手本|てほん}となりましたな",
			"こくみんから<BREAK>{話|はなし}は　{聞|き}いておりますぞ",
			"その　いぎょうをたたえ<BREAK>デコマイスターの<BREAK>しょうごうと…",
			"ほうびとして<BREAK><CMD>008027000480</CMD>トロフィー<CMD>008027000180</CMD>をさずける<CMD>17802700e6872700018027000a80</CMD>",
			"\f"
		]
	},
	{
		"Index": 14,
		"JPN": [
			"<CMD>17802700e6872700d98027000a80</CMD>そなたは　どりょくのけっか<BREAK><CMD>008027000380</CMD>へいか<CMD>008027000180</CMD>のごようたしを<BREAK>なんどもうけていますな",
			"その　いぎょうをたたえ<BREAK>ごようたしマイスターの<BREAK>しょうごうと…",
			"ほうびとして<BREAK><CMD>008027000480</CMD>トロフィー<CMD>008027000180</CMD>をさずける<CMD>17802700e6872700018027000a80</CMD>",
			"\f"
		]
	},
	{
		"Index": 15,
		"JPN": [
			"それでは　つづいて<BREAK><CMD>008027000480</CMD>トロフィー<CMD>008027000180</CMD>をさずけましょうぞ",
			"\f"
		]
	},
	{
		"Index": 17,
		"JPN": [
			"そなたの{店|みせ}での<BREAK>はたらきをひょうかし…",
			"ひとつぼしマイスターの<BREAK>しょうごうをさずける！",
			"\f"
		]
	},
	{
		"Index": 18,
		"JPN": [
			"そなたの{店|みせ}での<BREAK>はたらきをひょうかし…",
			"ふたつぼしマイスターの<BREAK>しょうごうをさずける！",
			"\f"
		]
	},
	{
		"Index": 19,
		"JPN": [
			"そなたの{店|みせ}での<BREAK>はたらきをひょうかし…",
			"みっつぼしマイスターの<BREAK>しょうごうをさずける！",
			"\f"
		]
	},
	{
		"Index": 20,
		"JPN": [
			"そなたの{店|みせ}での<BREAK>はたらきをひょうかし…",
			"よつぼしマイスターの<BREAK>しょうごうをさずける！",
			"\f"
		]
	},
	{
		"Index": 21,
		"JPN": [
			"そなたの{店|みせ}での<BREAK>はたらきをひょうかし…",
			"ロイヤルマイスターの<BREAK>しょうごうをさずける！",
			"\f"
		]
	},
	{
		"Index": 22,
		"JPN": [
			"おや　どうやら<BREAK>もちものが　いっぱいのようす…",
			"では　<CMD>008027000480</CMD>トロフィー<CMD>008027000180</CMD>は<BREAK>あずかっておきましょう",
			"うけとりたい{時|とき}は<BREAK>わたしめに{話|はな}しかけ…",
			"<CMD>008027000880</CMD>トロフィーをうけとる<CMD>008027000180</CMD>を<BREAK>えらぶのですぞ",
			"\f"
		]
	},
	{
		"Index": 23,
		"JPN": [
			"おお　おあずかりしていた<BREAK><CMD>008027000480</CMD>トロフィー<CMD>008027000180</CMD>ですな",
			"それでは　あらためて<BREAK><CMD>008027000480</CMD>トロフィー<CMD>008027000180</CMD>をさずけましょうぞ",
			"\f"
		]
	},
	{
		"Index": 24,
		"JPN": [
			"まだ　おあずかりしている<BREAK><CMD>008027000480</CMD>トロフィー<CMD>008027000180</CMD>があるようですな",
			"\f"
		]
	},
	{
		"Index": 25,
		"JPN": [
			"・・・ひょうかできることが<BREAK>{何|なに}もないですな",
			"{今後|こんご}のはたらきに<BREAK>{期待|きたい}するとしますぞ",
			"\f"
		]
	},
	{
		"Index": 26,
		"JPN": [
			"…おや　{今回|こんかい}は<BREAK>マイスターひょうかが<BREAK>{少|すこ}しも{上|あ}がらないようですな",
			"{次|つぎ}はせめて　マイスターランクが<BREAK>{一|ひと}つは{上|　あ}がるよう<BREAK>がんばるのですぞ",
			"\f"
		]
	},
	{
		"Index": 27,
		"JPN": [
			"うむ　これからもがんばるのですぞ",
			"\f"
		]
	},
	{
		"Index": 28,
		"JPN": [
			"{今|いま}あずかっている<CMD>008027000480</CMD>トロフィー<CMD>008027000180</CMD>は<BREAK>{何|なに}もないようですな",
			"\f"
		]
	},
	{
		"Index": 30,
		"JPN": [
			"<CMD>f481</CMD>てんちょう<BREAK><CMD>008027000380</CMD>おうさま<CMD>008027000180</CMD>から　だいじなはなしが<BREAK>あるから<CMD>008027000580</CMD>おしろ<CMD>008027000180</CMD>にくるようにと",
			"ことづてをあずかったニャ！<BREAK>きっと　マイスターひょうかの<BREAK>はなしニャ",
			"いますぐいくニャ？",
			"<CMD>13802700dfab</CMD>",
			"\f"
		]
	},
	{
		"Index": 31,
		"JPN": [
			"<CMD>3780</CMD>",
			"いく<CMD>13802700e0ab</CMD>",
			"いかない<CMD>13802700e1ab</CMD>",
			"\f"
		]
	},
	{
		"Index": 32,
		"JPN": [
			"じゃあ　<CMD>008027000380</CMD>おうさま<CMD>008027000180</CMD>のところへ<BREAK>さっそくいくニャ！",
			"\f"
		]
	},
	{
		"Index": 33,
		"JPN": [
			"ニャ！　じゃあ<BREAK>あとでちゃんといくニャ！",
			"\f"
		]
	},
	{
		"Index": 34,
		"JPN": [
			"ここで　<CMD>f481</CMD>への<BREAK>{伝言|でんごん}があるので<BREAK>{聞|き}いてみますかな？",
			"\f"
		]
	},
	{
		"Index": 35,
		"JPN": [
			"こくみんからの<BREAK>{伝言|でんごん}を{伝|つた}えますぞ",
			"なんでも　いらいを<BREAK>せいこうさせてくれて<BREAK>とても　たすかったとか",
			"こくみんからのしんらいを<BREAK>えたようですな<BREAK>かんしんしましたぞ",
			"そこで　<CMD>f481</CMD>には<BREAK>さいしんの　こうぼうのデザインを<BREAK>{使|つか}えるよう　てはいしましたぞ",
			"こうぼうにもどったら<BREAK>かくにんしてみると<BREAK>{良|よ}いですな",
			"これをはげみに<BREAK>さらに　うでを<BREAK>みがくのですぞ",
			"\f"
		]
	},
	{
		"Index": 36,
		"JPN": [
			"{大工|だいく}の<CMD>008027000380</CMD>げんぞう<CMD>008027000180</CMD>さんより<BREAK>とてもなかよくしてもらっていると<BREAK>ほうこくがありましたぞ",
			"おれいとして　<CMD>008027000380</CMD>げんぞう<CMD>008027000180</CMD>さんが<BREAK>{新|あたら}しい　こうぼうのデザインを<BREAK>{考|かんが}えたとか",
			"こうぼうにもどったら<BREAK>かくにんしてみると<BREAK>{良|よ}いですな",
			"\f"
		]
	},
	{
		"Index": 37,
		"JPN": [
			"<CMD>008027000380</CMD>{校長先生|こうちょうせんせい}<CMD>008027000180</CMD>からの<BREAK>{伝言|でんごん}を{伝|つた}えますぞ",
			"なんでも　<CMD>f481</CMD>のために<BREAK>{新|あたら}しい　こうぼうのデザインを<BREAK>{考|かんが}えたとか",
			"ゆうしゅうな<BREAK>{生徒|せいと}である　<CMD>f481</CMD>には<BREAK>しょく{人|にん}としても",
			"がんばってもらいたい…<BREAK>そういう{思|おも}いが<BREAK>こめられているのですぞ",
			"こうぼうにもどったら<BREAK>かくにんしてみると<BREAK>{良|よ}いですな",
			"\f"
		]
	},
	{
		"Index": 38,
		"JPN": [
			"いや　{気|き}にしないでいただきたい<BREAK>ふしぎなスープ{作|づく}りとは<BREAK>それだけ　むずかしいもの…",
			"<CMD>f481</CMD>よ<BREAK>こんど　{新|あたら}しいレシピが<BREAK>はんめいしたら",
			"その{時|とき}はまた<BREAK>ふしぎなスープ{作|づく}りを<BREAK>たのみますぞ",
			"\f"
		]
	},
	{
		"Index": 39,
		"JPN": [
			"ところで　たのんでいた<BREAK>ふしぎなスープ{作|づく}りに<BREAK>ついてですが…",
			"こちらでしていしていた<BREAK>きかんを　すぎているようですな…",
			"\f"
		]
	},
	{
		"Index": 40,
		"JPN": [
			"ささ　<CMD>f481</CMD>よ<BREAK>その{品物|シナモノ}を　<CMD>008027000380</CMD>へいか<CMD>008027000180</CMD>に<BREAK>おわたしするのです",
			"\f"
		]
	},
	{
		"Index": 41,
		"JPN": [
			"……ゴホン　<CMD>f481</CMD>よ<BREAK>すばらしい　はたらきでしたぞ",
			"\f"
		]
	},
	{
		"Index": 42,
		"JPN": [
			"では　{今回|こんかい}のほうしゅうを<BREAK>わたししておきますぞ",
			"\f"
		]
	},
	{
		"Index": 43,
		"JPN": [
			"<CMD>f481</CMD>よ<BREAK>ごくろうでしたな",
			"また{何|なに}かあったときは<BREAK>よろしくたのみますぞ",
			"\f"
		]
	},
	{
		"Index": 44,
		"JPN": [
			"<CMD>f481</CMD>よ<BREAK>ありがとう！",
			"\f"
		]
	},
	{
		"Index": 45,
		"JPN": [
			"<CMD>17802700e6872700d98027000a80</CMD>まず{食材|しょくざい}として<BREAK>ふしぎ{魚|サカナ}である<BREAK><CMD>fb8127000d93</CMD>を{使|つか}い…",
			"{調味料|チョウミリョウ}として<BREAK><CMD>fb812700f383</CMD>を{加|くわ}え…",
			"<CMD>008027000480</CMD>たからさがしのまほう<CMD>008027000180</CMD>をかけ<BREAK>{３日間|みっかかん}じっくり<BREAK>にこむことで…",
			"{王家|おうけ}ひでんのレシピによって<BREAK>{作|つく}られた　ふしぎなスープが<BREAK>かんせいすると…",
			"<CMD>008027000580</CMD>おしろ<CMD>008027000180</CMD>の{研究者たち|けんきゅうしゃたち}は<BREAK>こう　{考え|かんが}えておるのです<CMD>17802700e6872700018027000a80</CMD>",
			"\f"
		]
	},
	{
		"Index": 46,
		"JPN": [
			"<CMD>17802700e6872700d98027000a80</CMD>まず{食材|しょくざい}として<BREAK>ふしぎ{魚|サカナ}である<BREAK><CMD>fb812700f592</CMD>を{使|つか}い…",
			"{調味料|チョウミリョウ}として<BREAK><CMD>fb812700bb83</CMD>を{加|くわ}え…",
			"<CMD>008027000480</CMD>へんしんのまほう<CMD>008027000180</CMD>をかけ<BREAK>{３日間|みっかかん}じっくり<BREAK>にこむことで…",
			"{王家|おうけ}ひでんのレシピによって<BREAK>{作|つく}られた　ふしぎなスープが<BREAK>かんせいすると…",
			"<CMD>008027000580</CMD>おしろ<CMD>008027000180</CMD>の{研究者たち|けんきゅうしゃたち}は<BREAK>こう　{考え|かんが}えておるのです<CMD>17802700e6872700018027000a80</CMD>",
			"\f"
		]
	},
	{
		"Index": 47,
		"JPN": [
			"<CMD>17802700e6872700d98027000a80</CMD>まず{食材|しょくざい}として<BREAK>ふしぎ{魚|サカナ}である<BREAK><CMD>fb812700ea92</CMD>を{使|つか}い…",
			"{調味料|チョウミリョウ}として<BREAK><CMD>fb812700b883</CMD>を{加|くわ}え…",
			"<CMD>008027000480</CMD>ハンモックもくのまほう<CMD>008027000180</CMD>をかけ<BREAK>{３日間|みっかかん}じっくり<BREAK>にこむことで…",
			"{王家|おうけ}ひでんのレシピによって<BREAK>{作|つく}られた　ふしぎなスープが<BREAK>かんせいすると…",
			"<CMD>008027000580</CMD>おしろ<CMD>008027000180</CMD>の{研究者たち|けんきゅうしゃたち}は<BREAK>こう　{考え|かんが}えておるのです<CMD>17802700e6872700018027000a80</CMD>",
			"\f"
		]
	},
	{
		"Index": 48,
		"JPN": [
			"<CMD>17802700e6872700d98027000a80</CMD>まず{食材|しょくざい}として<BREAK>ふしぎ{魚|サカナ}である<BREAK><CMD>fb812700ec92</CMD>を{使|つか}い…",
			"{調味料|チョウミリョウ}として<BREAK><CMD>fb812700f683</CMD>を{加|くわ}え…",
			"<CMD>008027000480</CMD>いねむりのまほう<CMD>008027000180</CMD>をかけ<BREAK>{３日間|みっかかん}じっくり<BREAK>にこむことで…",
			"{王家|おうけ}ひでんのレシピによって<BREAK>{作|つく}られた　ふしぎなスープが<BREAK>かんせいすると…",
			"<CMD>008027000580</CMD>おしろ<CMD>008027000180</CMD>の{研究者たち|けんきゅうしゃたち}は<BREAK>こう　{考え|かんが}えておるのです<CMD>17802700e6872700018027000a80</CMD>",
			"\f"
		]
	},
	{
		"Index": 49,
		"JPN": [
			"<CMD>17802700e6872700d98027000a80</CMD>まず{食材|しょくざい}として<BREAK>ふしぎ{魚|サカナ}である<BREAK><CMD>fb812700f092</CMD>を{使|つか}い…",
			"{調味料|チョウミリョウ}として<BREAK><CMD>fb812700ba83</CMD>を{加|くわ}え…",
			"<CMD>008027000480</CMD>こえたかのまほう<CMD>008027000180</CMD>をかけ<BREAK>{３日間|みっかかん}じっくり<BREAK>にこむことで…",
			"{王家|おうけ}ひでんのレシピによって<BREAK>{作|つく}られた　ふしぎなスープが<BREAK>かんせいすると…",
			"<CMD>008027000580</CMD>おしろ<CMD>008027000180</CMD>の{研究者たち|けんきゅうしゃたち}は<BREAK>こう　{考|かんが}えておるのです<CMD>17802700e6872700018027000a80</CMD>",
			"\f"
		]
	},
	{
		"Index": 50,
		"JPN": [
			"<CMD>17802700e6872700d98027000a80</CMD>まず{食材|しょくざい}として<BREAK>ふしぎ{魚|サカナ}である<BREAK><CMD>fb812700f192</CMD>を{使|つか}い…",
			"{調味料|チョウミリョウ}として<BREAK><CMD>fb812700b983</CMD>を{加|くわ}え…",
			"<CMD>008027000480</CMD>はなびのまほう<CMD>008027000180</CMD>をかけ<BREAK>{３日間|みっかかん}じっくり<BREAK>にこむことで…",
			"{王家|おうけ}ひでんのレシピによって<BREAK>{作|つく}られた　ふしぎなスープが<BREAK>かんせいすると…",
			"<CMD>008027000580</CMD>おしろ<CMD>008027000180</CMD>の{研究者たち|けんきゅうしゃたち}は<BREAK>こう　{考|かんが}えておるのです<CMD>17802700e6872700018027000a80</CMD>",
			"\f"
		]
	},
	{
		"Index": 51,
		"JPN": [
			"<CMD>17802700e6872700d98027000a80</CMD>まず{食材|しょくざい}として<BREAK>ふしぎ{魚|サカナ}である<BREAK><CMD>fb8127001093</CMD>を{使|つか}い…",
			"{調味料|チョウミリョウ}として<BREAK><CMD>fb812700f283</CMD>を{加|くわ}え…",
			"<CMD>008027000480</CMD>ふうせんのまほう<CMD>008027000180</CMD>をかけ<BREAK>{３日間|みっかかん}じっくり<BREAK>にこむことで…",
			"{王家|おうけ}ひでんのレシピによって<BREAK>{作|つく}られた　ふしぎなスープが<BREAK>かんせいすると…",
			"<CMD>008027000580</CMD>おしろ<CMD>008027000180</CMD>の{研究者たち|けんきゅうしゃたち}は<BREAK>こう　{考|かんが}えておるのです<CMD>17802700e6872700018027000a80</CMD>",
			"\f"
		]
	},
	{
		"Index": 52,
		"JPN": [
			"<CMD>17802700e6872700d98027000a80</CMD>まず{食材|しょくざい}として<BREAK>ふしぎ{魚|サカナ}である<BREAK><CMD>fb812700ef92</CMD>を{使|つか}い…",
			"{調味料|チョウミリョウ}として<BREAK><CMD>fb812700f583</CMD>を{加|くわ}え…",
			"<CMD>008027000480</CMD>じしゃくのまほう<CMD>008027000180</CMD>をかけ<BREAK>{３日間|みっかかん}じっくり<BREAK>にこむことで…",
			"{王家|おうけ}ひでんのレシピによって<BREAK>{作|つく}られた　ふしぎなスープが<BREAK>かんせいすると…",
			"<CMD>008027000580</CMD>おしろ<CMD>008027000180</CMD>の{研究者たち|けんきゅうしゃたち}は<BREAK>こう　{考|かんが}えておるのです<CMD>17802700e6872700018027000a80</CMD>",
			"\f"
		]
	},
	{
		"Index": 53,
		"JPN": [
			"<CMD>17802700e6872700d98027000a80</CMD>まず{食材|しょくざい}として<BREAK>ふしぎ{魚|サカナ}である<BREAK><CMD>fb812700ee92</CMD>を{使|つか}い…",
			"{調味料|チョウミリョウ}として<BREAK><CMD>fb812700f483</CMD>を{加|くわ}え…",
			"<CMD>008027000480</CMD>ながれぼしのまほう<CMD>008027000180</CMD>をかけ<BREAK>{３日間|みっかかん}じっくり<BREAK>にこむことで…",
			"{王家|おうけ}ひでんのレシピによって<BREAK>{作|つく}られた　ふしぎなスープが<BREAK>かんせいすると…",
			"<CMD>008027000580</CMD>おしろ<CMD>008027000180</CMD>の{研究者たち|けんきゅうしゃたち}は<BREAK>こう　{考|かんが}えておるのです<CMD>17802700e6872700018027000a80</CMD>",
			"\f"
		]
	},
	{
		"Index": 54,
		"JPN": [
			"<CMD>17802700e6872700d98027000a80</CMD>まず{食材|しょくざい}として<BREAK>ふしぎ{魚|サカナ}である<BREAK><CMD>fb812700f492</CMD>を{使|つか}い…",
			"{調味料|チョウミリョウ}として<BREAK><CMD>fb812700f783</CMD>を{加|くわ}え…",
			"<CMD>008027000480</CMD>かみなりのまほう<CMD>008027000180</CMD>をかけ<BREAK>{３日間|みっかかん}じっくり<BREAK>にこむことで…",
			"{王家|おうけ}ひでんのレシピによって<BREAK>{作|つく}られた　ふしぎなスープが<BREAK>かんせいすると…",
			"<CMD>008027000580</CMD>おしろ<CMD>008027000180</CMD>の{研究者たち|けんきゅうしゃたち}は<BREAK>こう　{考|かんが}えておるのです<CMD>17802700e6872700018027000a80</CMD>",
			"\f"
		]
	},
	{
		"Index": 55,
		"JPN": [
			"<CMD>17802700e6872700d98027000a80</CMD>まず{食材|しょくざい}として<BREAK>ふしぎ{魚|サカナ}である<BREAK><CMD>fb812700eb92</CMD>を{使|つか}い…",
			"{調味料|チョウミリョウ}として<BREAK><CMD>fb812700b783</CMD>を{加|くわ}え…",
			"<CMD>008027000480</CMD>くるくるのまほう<CMD>008027000180</CMD>をかけ<BREAK>{３日間|みっかかん}じっくり<BREAK>にこむことで…",
			"{王家|おうけ}ひでんのレシピによって<BREAK>{作|つく}られた　ふしぎなスープが<BREAK>かんせいすると…",
			"<CMD>008027000580</CMD>おしろ<CMD>008027000180</CMD>の{研究者たち|けんきゅうしゃたち}は<BREAK>こう　{考|かんが}えておるのです<CMD>17802700e6872700018027000a80</CMD>",
			"\f"
		]
	},
	{
		"Index": 56,
		"JPN": [
			"<CMD>17802700e6872700d98027000a80</CMD>まず{食材|しょくざい}として<BREAK>ふしぎ{魚|サカナ}である<BREAK><CMD>fb8127001193</CMD>を{使|つか}い…",
			"{調味料|チョウミリョウ}として<BREAK><CMD>fb812700b683</CMD>を{加|くわ}え…",
			"<CMD>008027000480</CMD>テルミーラブのまほう<CMD>008027000180</CMD>をかけ<BREAK>{３日間|みっかかん}じっくり<BREAK>にこむことで…",
			"{王家|おうけ}ひでんのレシピによって<BREAK>{作|つく}られた　ふしぎなスープが<BREAK>かんせいすると…",
			"<CMD>008027000580</CMD>おしろ<CMD>008027000180</CMD>の{研究者たち|けんきゅうしゃたち}は<BREAK>こう　{考|かんが}えておるのです<CMD>17802700e6872700018027000a80</CMD>",
			"\f"
		]
	},
	{
		"Index": 57,
		"JPN": [
			"むぅ　バイトねこから{話|はなし}を<BREAK>{聞いて|きいて}ます　スープ{作|づく}りは<BREAK>しっぱいだったようですな",
			"ですが　<CMD>f481</CMD>よ<BREAK>しっぱいはせいこうの<BREAK>{母と言い|ははといい}ます",
			"このシッパイをきょうくんに<BREAK>{次|つぎ}こそは　ふしぎなスープを<BREAK>かんせいさせるのですぞ",
			"では<CMD>f481</CMD>　また{新|あたら}しい<BREAK>レシピが{分かった時|わかったとき}は<BREAK>よろしくたのみますぞ",
			"\f"
		]
	},
	{
		"Index": 58,
		"JPN": [
			"うむ！　おいしいぞ！",
			"…だが　{王家|おうけ}に{伝|つた}わる<BREAK>ひでんのスープではないようだな",
			"\f"
		]
	},
	{
		"Index": 59,
		"JPN": [
			"そうですか…<BREAK>それは　ざんねんです",
			"\f"
		]
	},
	{
		"Index": 60,
		"JPN": [
			"<CMD>f481</CMD>よ　{今回|こんかい}は<BREAK>すばらしいスープを{作|つく}ってもらい<BREAK>かんしゃしておりますぞ",
			"ですが　そもそも<BREAK>あのレシピは　{王家|おうけ}ひでんの<BREAK>ものではなかったようです",
			"そこはざんねんですが…<BREAK><CMD>008027000380</CMD>へいか<CMD>008027000180</CMD>は　スープの{味|あじ}に<BREAK>ごまんえつな{様子|ようす}…",
			"おれいとして<BREAK>ほうしゅうをはらわせて<BREAK>いただきますぞ",
			"\f"
		]
	},
	{
		"Index": 61,
		"JPN": [
			"<CMD>f481</CMD>！<BREAK>また　おいしいスープを<BREAK>{作|つく}ってくれ！",
			"\f"
		]
	},
	{
		"Index": 62,
		"JPN": [
			"さて　まだまだ<BREAK>レシピのけんきゅうを<BREAK>つづけるひつようがありますな",
			"<CMD>f481</CMD>よ<BREAK>また　{新|あたら}しいレシピが<BREAK>はんめいしたら",
			"ぜひ　ふしぎなスープ{作|づく}りを<BREAK>たのみますぞ",
			"それでは　ししょく{会|かい}を<BREAK>{終|お}わりとしますぞ",
			"\f"
		]
	},
	{
		"Index": 64,
		"JPN": [
			"げんざい　<CMD>f481</CMD>のお{店|みせ}は<BREAK>ひじょうに{高|たか}いひょうばんを<BREAK>えていると　{聞|き}いておる",
			"\f"
		]
	},
	{
		"Index": 65,
		"JPN": [
			"{接客|せっきゃく}のひょうばんも{良|よ}く<BREAK>{商品|しょうひん}も　{良|よ}く<BREAK>{売|う}れているようですな",
			"\f"
		]
	},
	{
		"Index": 66,
		"JPN": [
			"しょく{人|にん}としても　ひじょうに<BREAK>よくどりょくしていると<BREAK>{聞|き}いておりますぞ",
			"\f"
		]
	},
	{
		"Index": 67,
		"JPN": [
			"<CMD>008027000380</CMD>へいか<CMD>008027000180</CMD>！　さらにげんざい<BREAK>{流行|りゅうこう}している{商品|しょうひん}は…",
			"<CMD>f481</CMD>が<BREAK>{作|つく}った{商品|しょうひん}が<BREAK>{元|もと}になっているということですぞ！",
			"\f"
		]
	},
	{
		"Index": 68,
		"JPN": [
			"{町の人々|まちのひとびと}のひょうかも<BREAK>ひじょうに{高|たか}く　{店|みせ}は<BREAK>{大|ダイ}はんじょうしていますぞ！",
			"\f"
		]
	},
	{
		"Index": 69,
		"JPN": [
			"しかし…　そのわりに<BREAK>お{店|みせ}にならぶ　{商品|しょうひん}には<BREAK>{流行|りゅうこう}の{物|モノ}がないようです",
			"そのことを　ざんねんがる<BREAK>ひとびとの{声|こえ}が<BREAK>{聞|き}こえておりますぞ",
			"<CMD>f481</CMD>よ　そこは<BREAK>{今後|こんご}どりょくをしてほしいですな",
			"そして　よりすぐれた<BREAK>マイスターとして<BREAK>せいちょうするのですぞ！",
			"\f"
		]
	},
	{
		"Index": 72,
		"JPN": [
			"<CMD>17802700e6872700d98027000a80</CMD>さて<CMD>f481</CMD>よ<BREAK>いぜん{お話し|おはなし}した<BREAK>{王家|おうけ}ひでんのレシピについて",
			"{研究者|けんきゅう}のけっか<BREAK>{次|つぎ}のそざいをつかって<BREAK>{作|つく}られたという",
			"\f"
		]
	},
	{
		"Index": 74,
		"JPN": [
			"……………",
			"\f"
		]
	},
	{
		"Index": 75,
		"JPN": [
			"そのすばらしき　{行|おこな}い<BREAK>ほめてつかわす！",
			"\f"
		]
	},
	{
		"Index": 76,
		"JPN": [
			"おお…　なんという<BREAK>もったいないお{言葉|ことば}…",
			"\f"
		]
	},
	{
		"Index": 78,
		"JPN": [
			"<CMD>17802700e6872700d98027000a80</CMD><CMD>f481</CMD>よ　これをはげみに<BREAK>さらに　どりょくするのですぞ！<CMD>17802700e6872700018027000a80</CMD>",
			"\f"
		]
	},
	{
		"Index": 79,
		"JPN": [
			"<CMD>17802700e6872700d98027000a80</CMD>さて<CMD>f481</CMD>よ<BREAK>じつはそなたに　おりいって<BREAK>たのみがあるのです…",
			"{王家|おうけ}には　だいだいつたわる<BREAK>ふしぎなスープという{料理|りょうり}が<BREAK>あるのですが…",
			"その{作|つく}り{方|かた}を{記|しる}したレシピは<BREAK>はるか　むかしに{失われ|うしなわれ}て<BREAK>しまったのです",
			"そして<CMD>008027000380</CMD>へいか<CMD>008027000180</CMD>は　{失われ|うしなわれ}た<BREAK>{王家|おうけ}のひでんのレシピの<BREAK>さいげんを",
			"この{上|うえ}ないほど{強く|つよく}<BREAK>{望|のぞ}んでおられるのです…<CMD>17802700e6872700018027000a80</CMD>",
			"\f"
		]
	},
	{
		"Index": 80,
		"JPN": [
			"<CMD>17802700e6872700d98027000a80</CMD><CMD>008027000580</CMD>おしろ<CMD>008027000180</CMD>におかかえの<BREAK>{研究者たち|けんきゅうしゃたち}が<BREAK>{解き明かした|ときあかした}ところ…",
			"{王家|おうけ}ひでんのレシピは<BREAK>{次|つぎ}のそざいをつかって<BREAK>{作|つく}られたという",
			"かのうせいが　ひじょうに<BREAK>{高|たか}まってきたのです<CMD>17802700e6872700018027000a80</CMD>",
			"\f"
		]
	},
	{
		"Index": 81,
		"JPN": [
			"<CMD>17802700e6872700d98027000a80</CMD>まず{食材|しょくざい}として<BREAK>{伝説|でんせつ}のふしぎ{魚|サカナ}である<BREAK><CMD>fb812700f492</CMD>を{使|つか}い…",
			"{調味料|チョウミリョウ}として<BREAK><CMD>fb812700f583</CMD>を{加|くわ}え<BREAK>{３日間|みっかかん}じっくりにこみ…",
			"さいごに<BREAK><CMD>008027000480</CMD>ながれぼしのまほう<CMD>008027000180</CMD>を<BREAK>かけることで…",
			"{王家|おうけ}ひでんのレシピによって<BREAK>{作|つく}られた　ふしぎなスープが<BREAK>かんせいすると…",
			"<CMD>008027000580</CMD>おしろ<CMD>008027000180</CMD>の{研究者たち|けんきゅうしゃたち}は<BREAK>こう　{考|かんが}えておるのです<CMD>17802700e6872700018027000a80</CMD>",
			"\f"
		]
	},
	{
		"Index": 82,
		"JPN": [
			"<CMD>17802700e6872700d98027000a80</CMD><CMD>f481</CMD>よ　まだまだ<BREAK>まほうつかいとしても<BREAK>しょく{人|にん}としても",
			"どりょくをつづけている<BREAK>とちゅうかとは{思|おも}うが",
			"かのうなら　この<BREAK>{王家|おうけ}ひでんのレシピを{使|つか}った<BREAK>スープ{作|づく}りに",
			"ちょうせんしてみては<BREAK>くれまいか？<CMD>17802700e6872700018027000a80</CMD>",
			"<CMD>1380270013ac</CMD>",
			"\f"
		]
	},
	{
		"Index": 83,
		"JPN": [
			"<CMD>3780</CMD>",
			"ひきうける<CMD>128027000180</CMD>",
			"まだむずかしい<CMD>128027000280</CMD>",
			"\f"
		]
	},
	{
		"Index": 84,
		"JPN": [
			"おお…　そうですか<BREAK><CMD>008027000380</CMD>へいか<CMD>008027000180</CMD>も　およろこびのご{様子|ようす}…",
			"<CMD>17802700e6872700d98027000a80</CMD>このレシピは<BREAK>お{店|みせ}のキッチンにある",
			"<CMD>008027000880</CMD>{大|おお}ナベ<CMD>008027000180</CMD>を{使|つか}って<BREAK>{作|つく}るそうですぞ",
			"ざいりょうがそろったら<BREAK><CMD>008027000880</CMD>{大|おお}ナベ<CMD>008027000180</CMD>に{向|むか}って<BREAK><CMD>008027000880</CMD>Aボタン<CMD>008027000180</CMD>をおすのです",
			"さすれば　スープ{作|づく}りに<BREAK>とりかかることが　できるでしょう",
			"スープのかんせいは<BREAK>{今日|きょう}から30{日以内|にちいない}に<BREAK>お{願|ねが}いしますぞ<CMD>17802700e6872700018027000a80</CMD>",
			"\f"
		]
	},
	{
		"Index": 85,
		"JPN": [
			"<CMD>17802700e6872700aa8027000a80</CMD>そうですか…<BREAK>それでは　しかたありませんな<CMD>17802700e6872700018027000a80</CMD>",
			"<CMD>17802700e6872700d98027000a80</CMD>またつぎのきかいには<BREAK>よろしく　お{願|ねが}いしますぞ<CMD>17802700e6872700018027000a80</CMD>",
			"\f"
		]
	},
	{
		"Index": 86,
		"JPN": [
			"<CMD>17802700e6872700d98027000a80</CMD>それでは<CMD>f481</CMD>よ<BREAK>これまで{行|おこな}った<BREAK>ひょうかを{受|う}け…",
			"<CMD>f481</CMD>の<BREAK>まほうつかいとしての<BREAK>せいちょうと",
			"お{店|みせ}のせいちょうを{願|ねが}い<BREAK><CMD>008027000380</CMD>へいか<CMD>008027000180</CMD>が　しゅくふくを<BREAK>さずけてくださる！",
			"ありがたく　お{受|う}けするのですぞ！<CMD>17802700e6872700018027000a80</CMD>",
			"\f"
		]
	},
	{
		"Index": 87,
		"JPN": [
			"そなたの　ぜんとをいのり<BREAK>しゅくふくを　さずける！",
			"\f"
		]
	},
	{
		"Index": 88,
		"JPN": [
			"では<CMD>f481</CMD>よ<BREAK>さらなる　せいちょうを<BREAK>きたいしておりますぞ！",
			"これにて　ひょうかを<BREAK>{終|お}わりとする",
			"\f"
		]
	},
	{
		"Index": 89,
		"JPN": [
			"おじゃましますぞ",
			"\f"
		]
	},
	{
		"Index": 90,
		"JPN": [
			"いや　かしこまらなくても<BREAK>よいですぞ　{今日|きょう}は<BREAK>おしのびで　きたのです",
			"\f"
		]
	},
	{
		"Index": 91,
		"JPN": [
			"ささ　<CMD>008027000380</CMD>へいか<CMD>008027000180</CMD>　こちらへ…",
			"\f"
		]
	},
	{
		"Index": 92,
		"JPN": [
			"<CMD>17802700e6872700d98027000a80</CMD>{今日|きょう}は<CMD>008027000380</CMD>へいか<CMD>008027000180</CMD>じきじきに<BREAK><CMD>f481</CMD>に<BREAK>たのみごとがあってきたのです",
			"{最近|さいきん}　{流行|りゅうこう}している<BREAK><CMD>008027000480</CMD><CMD>058227006380</CMD><CMD>008027000180</CMD>ですが",
			"<CMD>008027000380</CMD>へいか<CMD>008027000180</CMD>はとても{強|つよ}く<BREAK>きょうみをお{持|も}ちなのです",
			"<CMD>f481</CMD>には<BREAK>その　<CMD>008027000480</CMD><CMD>058227006380</CMD><CMD>008027000180</CMD>を<BREAK>よういしていただき…",
			"<CMD>008027000380</CMD>へいか<CMD>008027000180</CMD>に　けんじょうして<BREAK>いただきたいのです",
			"もちろん！　ほうしゅうは<BREAK>しはらいますぞ<CMD>17802700e6872700018027000a80</CMD>",
			"<CMD>138027001dac</CMD>",
			"\f"
		]
	},
	{
		"Index": 93,
		"JPN": [
			"<CMD>3780</CMD>",
			"ひきうける<CMD>128027000180</CMD>",
			"まだむずかしい<CMD>128027000280</CMD>",
			"\f"
		]
	},
	{
		"Index": 94,
		"JPN": [
			"おお…　そうですか<BREAK><CMD>008027000380</CMD>へいか<CMD>008027000180</CMD>も　およろこびに<BREAK>なられるでしょう",
			"\f"
		]
	},
	{
		"Index": 95,
		"JPN": [
			"<CMD>17802700e6872700aa8027000a80</CMD>そうですか…<BREAK>それでは　しかたありませんな<CMD>17802700e6872700018027000a80</CMD>",
			"<CMD>17802700e6872700d98027000a80</CMD>またつぎのきかいには<BREAK>よろしく　お{願|ねが}いしますぞ<CMD>17802700e6872700018027000a80</CMD>",
			"\f"
		]
	},
	{
		"Index": 96,
		"JPN": [
			"では　<CMD>008027000380</CMD>へいか<CMD>008027000180</CMD>…",
			"\f"
		]
	},
	{
		"Index": 97,
		"JPN": [
			"<CMD>17802700e6872700d98027000a80</CMD>では<CMD>008027000380</CMD>へいか<CMD>008027000180</CMD>の　ご{希望|きぼう}を<BREAK>お{伝|つた}えしますぞ",
			"<CMD>f481</CMD>には<BREAK><CMD>008027000480</CMD><CMD>058227006380</CMD><CMD>008027000180</CMD>を<BREAK>３つよういしてもらい…",
			"{今日|きょう}から１{週間|しゅうかん}いないに<BREAK><CMD>008027000380</CMD>へいか<CMD>008027000180</CMD>に　けんじょうして<BREAK>いただきたい",
			"よろしいですな？<CMD>17802700e6872700018027000a80</CMD>",
			"\f"
		]
	},
	{
		"Index": 98,
		"JPN": [
			"<CMD>17802700e6872700d98027000a80</CMD><CMD>f481</CMD>よ<BREAK><CMD>008027000380</CMD>へいか<CMD>008027000180</CMD>も　こう<BREAK>おっしゃっておられる",
			"<CMD>008027000380</CMD>へいか<CMD>008027000180</CMD>の　きたいを<BREAK>うらぎらぬよう　お{願|ねが}いしますぞ",
			"それでは　これにて<BREAK>われわれは　しつれいしますぞ<CMD>17802700e6872700018027000a80</CMD>",
			"\f"
		]
	},
	{
		"Index": 99,
		"JPN": [
			"……ところで<BREAK>ふしぎなスープ{作|づく}りは<BREAK>すすんでいますかな？",
			"<CMD>008027000380</CMD>へいか<CMD>008027000180</CMD>も　わたしも<BREAK>スープのかんせいを<BREAK>{楽しみ|たのしみ}にしています",
			"よろしく<BREAK>お{願|ねが}いしますぞ",
			"\f"
		]
	}
]