[
	{
		"Index": 0,
		"JPN": [
			"<CMD>30802700969627000a80</CMD>",
			"\f"
		]
	},
	{
		"Index": 1,
		"JPN": [
			"<CMD>3780</CMD>",
			"ひょうばんを{聞|き}く<CMD>13802700ffff</CMD>",
			"もどる<CMD>13802700ffff</CMD>",
			"\f"
		]
	},
	{
		"Index": 6,
		"JPN": [
			"<CMD>3780</CMD>",
			"はなしをする<CMD>13802700ffff</CMD>",
			"ベリーズについて<CMD>13802700ffff</CMD>",
			"ひょうかのはなし<CMD>13802700ffff</CMD>",
			"なんでもない<CMD>13802700ffff</CMD>",
			"\f"
		]
	},
	{
		"Index": 15,
		"JPN": [
			"{今|いま}<CMD>f481</CMD>が<BREAK>{着|き}ているコーデについて<BREAK>{何か言う|なにかいう}としたらなんだけど…",
			"\f"
		]
	},
	{
		"Index": 16,
		"JPN": [
			"この{先|さき}が<BREAK><CMD>008027000580</CMD>さつえいスタジオ<CMD>008027000180</CMD>よ",
			"もし　<CMD>f481</CMD>が<BREAK>{読者|どくしゃ}モデルになるなら<BREAK>お{世話|せわ}になる{場所|ばしょ}ね",
			"<CMD>18802700729b27000180</CMD><CMD>17802700729b270001802700048027000280</CMD><CMD>16802700729b27005581</CMD>あら　きょうみがあるのかしら？<BREAK>いいわ　{私|わたし}が{写真|しゃしん}さつえい<BREAK>のポイントを{教|おし}えてあげる",
			"いい？　しっかり{聞|き}きなさい<BREAK>{写真|しゃしん}さつえいで{大事|だいじ}なのは<BREAK>ポーズなの！",
			"<CMD>18802700729b27000080</CMD><CMD>17802700729b270001802700048027000080</CMD>モデルのみりょくを　{引|ひ}き{立|た}てる<BREAK>のは　どんなポーズをとるかに<BREAK>かかっているのよ",
			"カメラマンのしじにしたがって<BREAK><CMD>008027000880</CMD>{体|からだ}と{足|あし}と{手|て}のポーズ<CMD>008027000180</CMD>を<BREAK>{決|き}めていくんだけど",
			"{全部|ぜんぶ}いっぺんに<BREAK>{決|き}めるわけではないから<BREAK>{安心|あんしん}なさい",
			"\f"
		]
	},
	{
		"Index": 17,
		"JPN": [
			"それじゃ　{写真|しゃしん}さつえいに<BREAK>ついて{教|おし}えるわよ<BREAK>いい？　しっかり{聞|き}きなさい",
			"<CMD>18802700729b27000180</CMD><CMD>17802700729b270001802700048027000280</CMD><CMD>16802700729b27005581</CMD>{写真|しゃしん}さつえいで{大事|だいじ}なのは<BREAK>ポーズよ！",
			"<CMD>18802700729b27000080</CMD><CMD>17802700729b270001802700048027000080</CMD>カメラマンのしじにしたがって<BREAK><CMD>008027000880</CMD>{体|からだ}と{足|あし}と{手|て}のポーズ<CMD>008027000180</CMD>を<BREAK>{決|き}めていくんだけど",
			"{全部|ぜんぶ}いっぺんに<BREAK>{決|き}めるわけではないから<BREAK>{安心|あんしん}なさい",
			"\f"
		]
	},
	{
		"Index": 18,
		"JPN": [
			"まずはポーズのきほんとなる<BREAK>{体|からだ}の{向|む}きから{決|き}めるわ",
			"\f"
		]
	},
	{
		"Index": 19,
		"JPN": [
			"{体|からだ}の{向|む}きは　{画面|がめん}の{丸|まる}で<BREAK>かこまれているやじるしを<BREAK>タッチペンでタッチして{決|き}めるの",
			"タッチペンで<CMD>008027000880</CMD>まんなかのやじるし<CMD>008027000180</CMD>を<BREAK>タッチすると　<CMD>008027000880</CMD>{正面|しょうめん}<CMD>008027000180</CMD>を<BREAK>{向|む}いて…",
			"<CMD>008027000880</CMD>{右|みぎ}がわのやじるし<CMD>008027000180</CMD>をタッチすると<BREAK><CMD>008027000880</CMD>{右|みぎ}<CMD>008027000180</CMD>を　<CMD>008027000880</CMD>{左|ひだり}がわのやじるし<CMD>008027000180</CMD>を<BREAK>タッチすると<CMD>008027000880</CMD>{左|ひだり}<CMD>008027000180</CMD>を{向|む}くわ",
			"\f"
		]
	},
	{
		"Index": 20,
		"JPN": [
			"{体|からだ}の{向|む}きが{決|き}まったら<BREAK>{次|つぎ}は　{足|あし}のポーズを<BREAK>{決|き}めるの",
			"{足|あし}のポーズは<BREAK>{全部|ぜんぶ}で５しゅるいあるの",
			"{足|あし}をどうみせるかで<BREAK>いんしょうは　{大|おお}きくかわるわよ",
			"\f"
		]
	},
	{
		"Index": 21,
		"JPN": [
			"タッチペンで{画面|がめん}の<BREAK><CMD>008027000880</CMD>{右|みぎ}がわ<CMD>008027000180</CMD>をタッチすると<BREAK><CMD>008027000880</CMD>{新|あたら}しいポーズ<CMD>008027000180</CMD>をして",
			"タッチペンで{画面|がめん}の<BREAK><CMD>008027000880</CMD>{左|ひだり}がわ<CMD>008027000180</CMD>をタッチすると<BREAK><CMD>008027000880</CMD>{一|ひと}つ{前|まえ}のポーズ<CMD>008027000180</CMD>をするわよ",
			"\f"
		]
	},
	{
		"Index": 22,
		"JPN": [
			"{最後|さいご}は{手|て}のポーズを{決|き}めるの<BREAK>いろいろな　ポーズがあるから",
			"ここで　<CMD>f481</CMD>らしさを<BREAK>{出|だ}すと{良|い}いわ",
			"\f"
		]
	},
	{
		"Index": 23,
		"JPN": [
			"{手|て}のポーズは　シャッターをおす<BREAK>{直前|ちょくぜん}に{決|き}めるのが　いいわね<BREAK>そうね　タイミングとしては…",
			"シャッターをおす{前|まえ}に<BREAK>カメラマンが3・2・1って<BREAK>{数|かぞ}えるから…",
			"ちょうど　<CMD>008027000880</CMD>１って{言|い}った{時|とき}<CMD>008027000180</CMD>に<BREAK>{手|て}のポーズを{決|き}めたい{方向|ほうこう}に<BREAK>スライドさせると{良|い}いと{思|おも}うわ",
			"その{時|とき}のコツとして<BREAK>タッチペンで{画面|がめん}のまんなか<BREAK>から　はしっこにスライドするの",
			"スライドは６{方向|ほうこう}に{出来|でき}るわ<BREAK>どの{方向|ほうこう}にスライドするかで<BREAK>{手|て}のポーズが{変|か}わるの",
			"\f"
		]
	},
	{
		"Index": 24,
		"JPN": [
			"{読者|どくしゃ}モデルとして　{知|し}って<BREAK>おくべきポーズのコツは<BREAK>{以上|いじょう}よ",
			"{体|からだ}と{足|あし}と{手|て}のポーズを<BREAK>いしきしていれば",
			"<CMD>18802700729b27000180</CMD><CMD>17802700729b270001802700048027000280</CMD><CMD>16802700729b27005581</CMD>{読者|どくしゃ}モデルとして<BREAK>はずかしくない{写真|しゃしん}がとれるわ",
			"<CMD>18802700729b27000080</CMD><CMD>17802700729b270001802700048027000080</CMD>シャッターチャンスは４{回|かい}あるし<BREAK>１{回|かい}シッパイしても　あわてちゃ<BREAK>ダメよ",
			"そうそう<BREAK>カメラマンはしじをしてくれるけど",
			"ポーズには<BREAK>これだ！っていう<BREAK>{答|こた}えはないの",
			"<CMD>f481</CMD>が<BREAK>いいと{思|おも}ったポーズを<BREAK>とりなさいね",
			"\f"
		]
	},
	{
		"Index": 25,
		"JPN": [
			"{写真|しゃしん}をとり{終|おわ}ったら<BREAK>{次|つぎ}は<CMD>008027000480</CMD>ベリーズ<CMD>008027000180</CMD>にのせる<BREAK>{写真|しゃしん}を{決|き}めるの",
			"<CMD>f481</CMD>が　お{気に入り|きにいり}の<BREAK>１まいを　えらぶといいわ",
			"<CMD>18802700729b27000180</CMD><CMD>17802700729b270001802700048027000280</CMD><CMD>16802700729b27005581</CMD>これで　{写真|しゃしん}さつえいの<BREAK>せつめいは{終|おわ}りよ<BREAK>がんばりなさいね",
			"\f"
		]
	},
	{
		"Index": 36,
		"JPN": [
			"XXXXXXXXXXXXXXX",
			"\f"
		]
	},
	{
		"Index": 37,
		"JPN": [
			"PAUSE",
			"\f"
		]
	},
	{
		"Index": 38,
		"JPN": [
			"デバッグ設定？",
			"<CMD>138027003fae</CMD>",
			"\f"
		]
	},
	{
		"Index": 39,
		"JPN": [
			"<CMD>3780</CMD>",
			"いいえ<CMD>13802700ffff</CMD>",
			"はい<CMD>13802700ffff</CMD>",
			"\f"
		]
	},
	{
		"Index": 40,
		"JPN": [
			"よう<CMD>f481</CMD><BREAK>ちょっとおまえに{伝言|でんごん}が<BREAK>あるんだけどよ",
			"<CMD>18802700729b27000080</CMD><CMD>17802700729b2700088027000a8027000180</CMD><CMD>16802700729b27006981</CMD>プロモーターの<CMD>008027000380</CMD>ジャクリーヌさん<CMD>008027000180</CMD>が<BREAK>おまえにお{願|ねが}いしたいことが<BREAK>あるらしいぜ",
			"くわしい{事|こと}は{聞|き}いてねえから<BREAK>おまえ　ちょっと{行|い}って<BREAK>{話|はなし}を{聞|き}いてきてくれねえか？",
			"<CMD>18802700729b27000180</CMD><CMD>17802700729b270001802700048027000280</CMD><CMD>16802700729b27005581</CMD>じゃ　たしかに{伝|つた}えたぜ！<BREAK>よろしくたのむな！",
			"\f"
		]
	},
	{
		"Index": 41,
		"JPN": [
			"<CMD>18802700729b27000580</CMD><CMD>17802700729b270001802700048027000080</CMD><CMD>16802700729b27005681</CMD>おう<CMD>f481</CMD><BREAK><CMD>008027000380</CMD>ジャクリーヌさん<CMD>008027000180</CMD>が<BREAK>おまえの{事探|ことさが}してたぜ",
			"<CMD>18802700729b27000080</CMD><CMD>17802700729b2700088027000a8027000180</CMD><CMD>16802700729b27006981</CMD>{多分|たぶん}ファッションショーの<BREAK>{事|こと}なんじゃねえか？",
			"まあ　{行|い}って<BREAK>{話|はなし}を{聞|き}いてやってくれ",
			"\f"
		]
	},
	{
		"Index": 42,
		"JPN": [
			"{待|ま}ってたわよ<CMD>f481</CMD><BREAK>{実|じつ}はあなたに　たのみたい<BREAK>ことがあるの",
			"<CMD>18802700729b27000580</CMD><CMD>17802700729b270001802700048027000080</CMD><CMD>16802700729b27005681</CMD>{今度|こんど}おこなわれる<BREAK>ファッションショーに<BREAK>{参加|さんか}しなさい！",
			"<CMD>18802700729b27000180</CMD><CMD>17802700729b270001802700048027000280</CMD><CMD>16802700729b27005581</CMD>そうねえ……{私|わたし}のショーの<BREAK>モデルになれるって<BREAK>とても{光栄|こうえい}なことなのよ！",
			"あなた　{周|まわ}りの{人|ヒト}に<BREAK>じまんしてもいいのよ？",
			"\f"
		]
	},
	{
		"Index": 43,
		"JPN": [
			"<CMD>18802700729b27000180</CMD><CMD>17802700729b270001802700048027000280</CMD><CMD>16802700729b27005581</CMD>ハロー<CMD>f481</CMD><BREAK>またファッションショーの<BREAK>{開|かい}さい{期間|きかん}になったわね",
			"わかってると{思|おも}うけど　また<BREAK>あなたにショーにさんかしてもらう<BREAK>つもりでよんだのよ",
			"\f"
		]
	},
	{
		"Index": 44,
		"JPN": [
			"<CMD>18802700729b27000580</CMD><CMD>17802700729b270001802700048027000080</CMD><CMD>16802700729b27005681</CMD>そうそう　あなたに<BREAK>{伝|つた}えておくことがあるんだったわ",
			"<CMD>18802700729b27000080</CMD><CMD>17802700729b2700088027000a8027000180</CMD><CMD>16802700729b27006981</CMD>あなた　<CMD>008027000480</CMD>おしゃれＭＶＰ<CMD>008027000180</CMD>に<BREAK>なったから",
			"{今自分|いまじぶん}の<BREAK>ブランドを{持|も}ってるでしょ？",
			"<CMD>18802700729b27000180</CMD><CMD>17802700729b270001802700048027000280</CMD><CMD>16802700729b27005581</CMD>ブランドを{持|も}っている{人|ヒト}は<BREAK>{自分|じぶん}でファッションショーを<BREAK>{開|かい}さいすることが{出来|でき}るのよ",
			"\f"
		]
	},
	{
		"Index": 45,
		"JPN": [
			"<CMD>18802700729b27000080</CMD><CMD>17802700729b2700088027000a8027000180</CMD><CMD>16802700729b27006981</CMD>……と　こんなかんじかしら<BREAK>どう？　{少|すこ}しはきょうみが<BREAK>{出|で}てきたんじゃない？",
			"<CMD>18802700729b27000180</CMD><CMD>17802700729b270001802700048027000280</CMD><CMD>16802700729b27005581</CMD>どちらにしろ　あなたには<BREAK>ショーにさんかしてもらうから<BREAK>{早|はや}くじゅんびをすすめなさい",
			"ショーを{始|はじ}めるじゅんびが<BREAK>{整|ととの}ったら{私|わたし}に{話|はな}しかけて",
			"<CMD>008027000880</CMD>「ショーにさんかする」<CMD>008027000180</CMD>を<BREAK>えらびなさい",
			"<CMD>18802700729b27000180</CMD><CMD>17802700729b270001802700048027000280</CMD><CMD>16802700729b27005581</CMD>そうしたらいよいよ<BREAK>ファッションショーの{始|はじ}まりよ！<BREAK>それじゃ　よろしくたのむわね！",
			"\f"
		]
	},
	{
		"Index": 46,
		"JPN": [
			"<CMD>18802700729b27000180</CMD><CMD>17802700729b270001802700048027000280</CMD><CMD>16802700729b27005581</CMD>もちろん　あなたがショーを<BREAK>しゅさいしてもいいのよ",
			"ショーのしゅさいをする{時|とき}は<BREAK>{私|わたし}に<CMD>008027000880</CMD>「ショーをしゅさいする」<CMD>008027000180</CMD><BREAK>と　{言|い}ってちょうだい",
			"\f"
		]
	},
	{
		"Index": 47,
		"JPN": [
			"{今月|こんげつ}のショーのテーマは<BREAK><CMD>4882</CMD>",
			"で{行|い}くつもりなの",
			"<CMD>18802700729b27000180</CMD><CMD>17802700729b270001802700048027000280</CMD><CMD>16802700729b27005581</CMD>あなたは<BREAK>テーマに{合|あ}うコーデを<BREAK><CMD>008027000480</CMD><CMD>4b8227006380</CMD>{着|ちゃく}<CMD>008027000180</CMD>よういしておいてね",
			"\f"
		]
	},
	{
		"Index": 48,
		"JPN": [
			"それにあなたは<BREAK>{四季全|しきすべ}ての<CMD>008027000480</CMD>おしゃれＭＶＰ<CMD>008027000180</CMD>に<BREAK>なったわけだから…",
			"いよいよ　<CMD>008027000480</CMD>ロイヤルブランド<CMD>008027000180</CMD>に<BREAK>ちょうせんする{時|とき}が<BREAK>やってきたわね！",
			"ちなみに<CMD>008027000480</CMD>ロイヤルブランド<CMD>008027000180</CMD>に<BREAK>ちょうせんする{時|とき}の<BREAK>{今回|こんかい}のテーマは…",
			"<CMD>18802700729b27000180</CMD><CMD>17802700729b270001802700048027000280</CMD><CMD>16802700729b27005581</CMD><CMD>4882</CMD><BREAK>で{行|い}きましょう！",
			"ちょうせんする{時|とき}は<BREAK>{全部|ぜんぶ}で　<CMD>008027000480</CMD>４{着|ちゃく}<CMD>008027000180</CMD>のコーデを<BREAK>よういしてくれるかしら",
			"ショーにモデルとしてさんか<BREAK>するのは<CMD>008027000380</CMD>ヴィッキー<CMD>008027000180</CMD>と<BREAK>オーディションでえらばれるふたり",
			"<CMD>18802700729b27000180</CMD><CMD>17802700729b270001802700048027000280</CMD><CMD>16802700729b27005581</CMD>そして　<CMD>f481</CMD>じしんよ！<BREAK>ステキなショーになりそうでしょ？",
			"\f"
		]
	},
	{
		"Index": 49,
		"JPN": [
			"{今|いま}はファッションショーの<BREAK>{開|かい}さい{期間|きかん}ではないわよ",
			"{今月|こんげつ}のショーのテーマは<BREAK><CMD>4882</CMD>",
			"で{行|い}こうと{思|おも}ってるから……",
			"<CMD>18802700729b27000180</CMD><CMD>17802700729b270001802700048027000280</CMD><CMD>16802700729b27005581</CMD>ショーにさんかする{気|き}があるなら<BREAK>ショーのテーマに{合|あ}うコーデを<BREAK>じゅんびしておきなさい",
			"\f"
		]
	},
	{
		"Index": 50,
		"JPN": [
			"{今月|こんげつ}のショーのテーマは<BREAK><CMD>4882</CMD>",
			"で{行|い}くわよ",
			"ショーに{使|つか}うコーデは<BREAK>ちゃんと{全部|ぜんぶ}そろってるわね？<BREAK>ショーのじゅんびを{始|はじ}めるわよ",
			"\f"
		]
	},
	{
		"Index": 51,
		"JPN": [
			"<CMD>008027000480</CMD>ロイヤルブランド<CMD>008027000180</CMD>に<BREAK>ちょうせんするのね？",
			"ショーのテーマは<BREAK><CMD>4882</CMD>",
			"で{行|い}きましょう！",
			"ショーに{使|つか}うコーデは<BREAK>{全部|ぜんぶ}で<CMD>008027000480</CMD>４{着|ちゃく}<CMD>008027000180</CMD>{必要|ひつよう}よ",
			"ちゃんと{全部|ぜんぶ}そろってるわね？<BREAK>ショーのじゅんびを{始|はじ}めるわよ",
			"\f"
		]
	},
	{
		"Index": 52,
		"JPN": [
			"コーデは{全部|ぜんぶ}で<BREAK><CMD>008027000480</CMD><CMD>4b8227006380</CMD>{着|ちゃく}<CMD>008027000180</CMD>{必要|ひつよう}だから<BREAK>きちんとじゅんびしておいてね",
			"\f"
		]
	},
	{
		"Index": 53,
		"JPN": [
			"それではショーを{始|はじ}めるわよ<BREAK>じゅんびはいい？",
			"<CMD>1380270090ae</CMD>",
			"\f"
		]
	},
	{
		"Index": 54,
		"JPN": [
			"あら　コーデが{足|た}りないじゃない",
			"<CMD>18802700729b27000180</CMD><CMD>17802700729b270001802700048027000280</CMD><CMD>16802700729b27005581</CMD>コーデは<CMD>008027000480</CMD><CMD>4b8227006380</CMD>{着|ちゃく}<CMD>008027000180</CMD>{必要|ひつよう}よ<BREAK>じゅんびが{出来|でき}たらもう{一度|いちど}<BREAK>{私|わたし}に{声|こえ}をかけなさい",
			"\f"
		]
	},
	{
		"Index": 55,
		"JPN": [
			"<CMD>18802700729b27000080</CMD><CMD>17802700729b2700088027000a8027000180</CMD><CMD>16802700729b27006981</CMD>あら？　{今月|こんげつ}のショーテーマに<BREAK>{合|あ}わないコーデをえらんでるのね",
			"{今月|こんげつ}のショーのテーマは<BREAK><CMD>4882</CMD>",
			"だけど<BREAK>まぁ　あなたがいいならいいわ",
			"<CMD>18802700729b27000580</CMD><CMD>17802700729b27000a8027000a8027000180</CMD><CMD>16802700729b27002d81</CMD>そのかわり　ほうしゅうのお{金|かね}が<BREAK>へることはかくごを<BREAK>しておいてね",
			"<CMD>18802700729b27000180</CMD><CMD>17802700729b270001802700048027000280</CMD><CMD>16802700729b27005581</CMD>ワガママを{通|とお}すには　それだけ<BREAK>リスクがともなうのよ？<BREAK>プロならわかってくれるわよね",
			"\f"
		]
	},
	{
		"Index": 56,
		"JPN": [
			"<CMD>18802700729b27000080</CMD><CMD>17802700729b2700088027000a8027000180</CMD><CMD>16802700729b27006981</CMD>まだじゅんびが{必要|ひつよう}なの？<BREAK>なら{早|はや}く　じゅんびを<BREAK>すませてきなさい",
			"ファッションショーの<BREAK>{開|かい}さい{期間|きかん}は{月末|げつまつ}までよ<BREAK>それまでにお{願|ねが}いね",
			"\f"
		]
	},
	{
		"Index": 57,
		"JPN": [
			"<CMD>18802700729b27000180</CMD><CMD>17802700729b270001802700048027000280</CMD><CMD>16802700729b27005581</CMD>それじゃあ！<BREAK>ファッションショーのスタートよ！",
			"\f"
		]
	},
	{
		"Index": 58,
		"JPN": [
			"<CMD>18802700729b27000180</CMD><CMD>17802700729b270001802700048027000280</CMD><CMD>16802700729b27005581</CMD>お{集|あつ}まりいただいたみなさま！<BREAK>ファッションショーは<BREAK>これで{終|しゅう}りょうします！",
			"{本日|ほんじつ}はおこしいただき<BREAK>ありがとうございました！",
			"\f"
		]
	},
	{
		"Index": 59,
		"JPN": [
			"<CMD>18802700729b27000580</CMD><CMD>17802700729b2700068027000a8027000280</CMD><CMD>16802700729b27002f81</CMD>{今日|きょう}はいったいどうしたの？<BREAK>{正直言|しょうじきい}って{良|よ}くなかったわね<BREAK>どこか{具合|ぐあい}が{悪|わる}かったの？",
			"<CMD>18802700729b27000380</CMD><CMD>17802700729b270001802700048027000080</CMD><CMD>16802700729b27003081</CMD>まあすぎてしまったことは<BREAK>{仕方|しかた}ないわね　{次|つぎ}のショーでは<BREAK>ちゃんと{仕事|しごと}してもらうわよ",
			"\f"
		]
	},
	{
		"Index": 60,
		"JPN": [
			"<CMD>18802700729b27000180</CMD><CMD>17802700729b270001802700048027000280</CMD><CMD>16802700729b27005581</CMD>なかなか　{良|よ}かったわ<BREAK>ショーもぶじ{成功|せいこう}と<BREAK>{言|い}ったところね",
			"あなたにはまた　モデルとして<BREAK>{出演|しゅつえん}してもらうわ<BREAK>その{時|とき}はよろしくね",
			"\f"
		]
	},
	{
		"Index": 61,
		"JPN": [
			"<CMD>18802700729b27000180</CMD><CMD>17802700729b270001802700048027000280</CMD><CMD>16802700729b27005581</CMD>う～ん<BREAK>{最高|さいこう}のショーだったわ！<BREAK>{文句|もんく}のつけようがなかったわね",
			"あなたがステージに{立|た}つと<BREAK>お{客|きゃく}さまのもり{上|あ}がりが<BREAK>ちがうわ！",
			"<CMD>18802700729b27000180</CMD><CMD>17802700729b270001802700048027000280</CMD><CMD>16802700729b27005581</CMD>さすが{私|わたし}が{見|み}こんだ{人|ヒト}ね！",
			"\f"
		]
	},
	{
		"Index": 62,
		"JPN": [
			"<CMD>18802700729b27000580</CMD><CMD>17802700729b270001802700048027000080</CMD><CMD>16802700729b27005981</CMD>{今日|きょう}のショーだけど……<BREAK>おせじにも　いい{内容|ないよう}とは<BREAK>{言|い}えない{出来|でき}だったわね",
			"<CMD>18802700729b27000380</CMD><CMD>17802700729b270001802700048027000080</CMD><CMD>16802700729b27003081</CMD>あなたも　ショーを{自分|じぶん}で<BREAK>プロデュースすることの",
			"むずかしさが<BREAK>わかったんじゃない？",
			"まあ　いい{勉強|べんきょう}に<BREAK>なったと{思|おも}って<BREAK>{次|つぎ}はもっとどりょくすべきだわ",
			"\f"
		]
	},
	{
		"Index": 63,
		"JPN": [
			"<CMD>18802700729b27000180</CMD><CMD>17802700729b270001802700048027000280</CMD><CMD>16802700729b27005581</CMD>{今日|きょう}のショーだけど　なかなか<BREAK>いい{出来|でき}だったんじゃないかしら？",
			"あなたにも　ショーを{自分|じぶん}で<BREAK>プロデュースするコツが<BREAK>わかってきたみたいね",
			"この{調子|ちょうし}でいきましょう<BREAK>{来月|らいげつ}はもっといい{結果|けっか}を<BREAK>{期待|きたい}しているわ",
			"\f"
		]
	},
	{
		"Index": 64,
		"JPN": [
			"<CMD>18802700729b27000180</CMD><CMD>17802700729b270001802700048027000280</CMD><CMD>16802700729b27005581</CMD>{最高|さいこう}だったわよ<CMD>f481</CMD>！<BREAK>{私|わたし}が{経験|けいけん}したなかで<BREAK>{最高|さいこう}のファッションショーよ！",
			"<CMD>18802700729b27000780</CMD><CMD>17802700729b2700088027000a8027000180</CMD>こんなすばらしいショーを<BREAK>プロデュースできるなんて…<BREAK>これもあなたのさいのうなのね",
			"\f"
		]
	},
	{
		"Index": 65,
		"JPN": [
			"<CMD>18802700729b27000180</CMD><CMD>17802700729b270001802700048027000280</CMD><CMD>16802700729b27005581</CMD>じゃ　コーデの{売|う}り{上|あ}げから<BREAK>しょけいひを{引|ひ}いたお{金|かね}を<BREAK>ほうしゅうとしてわたしておくわね",
			"\f"
		]
	},
	{
		"Index": 66,
		"JPN": [
			"<CMD>18802700729b27000380</CMD><CMD>17802700729b270001802700048027000080</CMD><CMD>16802700729b27003081</CMD>{今日|きょう}のショーはあまりコーデの<BREAK>{注文|ちゅうもん}が{集|あつ}まらなかったから<BREAK>ほうしゅうもあまりはらえないわ",
			"…ま　ショーがうまくいって<BREAK>ないんだから　しょうがないわね",
			"\f"
		]
	},
	{
		"Index": 67,
		"JPN": [
			"けっこうコーデの{注文|ちゅうもん}が<BREAK>{入|はい}ったから　ほうしゅうも<BREAK>それなりに{用意|ようい}できたわ",
			"<CMD>18802700729b27000180</CMD><CMD>17802700729b270001802700048027000280</CMD><CMD>16802700729b27005581</CMD>これもあなたががんばって<BREAK>くれたおかげかしらね……<BREAK>ハイ　おつかれさま",
			"\f"
		]
	},
	{
		"Index": 68,
		"JPN": [
			"<CMD>18802700729b27000580</CMD><CMD>17802700729b27000a8027000a8027000180</CMD><CMD>16802700729b27002d81</CMD>{今回|こんかい}はコーデの{注文|ちゅうもん}が<BREAK>さっとうしちゃって！<BREAK>もうタイヘンだったわ！",
			"<CMD>18802700729b27000180</CMD><CMD>17802700729b270001802700048027000280</CMD><CMD>16802700729b27005581</CMD>{本当|ほんとう}にあなたを　モデルとして<BREAK>{使|つか}って{良|よ}かったわ！<BREAK>ほうしゅう　{期待|きたい}してて！",
			"\f"
		]
	},
	{
		"Index": 69,
		"JPN": [
			"<CMD>18802700729b27000480</CMD><CMD>17802700729b27000a8027000a8027000180</CMD><CMD>16802700729b27007f81</CMD>わかってると{思|おも}うけど<BREAK>ほうしゅうはそんなに<BREAK>よういできなかったわよ",
			"ショーのみりょくが{伝|つた}わるよう<BREAK>がんばれば　もっとたくさん<BREAK>ほうしゅうをもらえるようになるわ",
			"\f"
		]
	},
	{
		"Index": 70,
		"JPN": [
			"<CMD>18802700729b27000180</CMD><CMD>17802700729b270001802700048027000280</CMD><CMD>16802700729b27005581</CMD>ショーでいい{結果|けっか}が{出|だ}せた{分|ぶん}<BREAK>ほうしゅうもそれなりに<BREAK>よういできたわ",
			"コーデの{注文|ちゅうもん}の{多|おお}さは<BREAK>プロデュースのひょうかに<BREAK>{左右|さゆう}されるから",
			"{今回|こんかい}はがんばったと{言|い}えるわね",
			"\f"
		]
	},
	{
		"Index": 71,
		"JPN": [
			"<CMD>18802700729b27000580</CMD><CMD>17802700729b270001802700048027000080</CMD><CMD>16802700729b27005681</CMD>しんじられないくらいの<BREAK>コーデの{注文|ちゅうもん}が{入|はい}ったわ！<BREAK>もうスゴイ{売|う}れゆき！",
			"<CMD>18802700729b27000180</CMD><CMD>17802700729b270001802700048027000280</CMD><CMD>16802700729b27005581</CMD>あなたの{仕事|しごと}ぶりからしたら<BREAK>{少|すく}ないくらいだけど……<BREAK>ほうしゅうを{受|う}け{取|と}って！",
			"\f"
		]
	},
	{
		"Index": 72,
		"JPN": [
			"{会場|かいじょう}にお{集|あつ}まりのみなさん<BREAK>とつぜんですがお{知|し}らせしたい<BREAK>ことがございます！",
			"このファッションショーを<BREAK>ごらんになった<CMD>008027000380</CMD>ひめさま<CMD>008027000180</CMD>が…",
			"<CMD>18802700729b27000580</CMD><CMD>17802700729b270001802700048027000080</CMD><CMD>16802700729b27005681</CMD>しゅさいしゃの<CMD>f481</CMD>さんの<BREAK>ブランドを<CMD>008027000480</CMD>ロイヤルブランド<CMD>008027000180</CMD>に<BREAK>するとけっていなさいました！",
			"<CMD>18802700729b27000180</CMD><CMD>17802700729b270001802700048027000280</CMD><CMD>16802700729b27005581</CMD>みなさん！　<CMD>f481</CMD>さんに<BREAK>せい{大|だい}なはくしゅを<BREAK>お{願|ねが}いしまーす！",
			"\f"
		]
	},
	{
		"Index": 73,
		"JPN": [
			"<CMD>f481</CMD>　よく{聞|き}いて<BREAK><CMD>008027000380</CMD>ひめさま<CMD>008027000180</CMD>がおっしゃるには……",
			"<CMD>18802700729b27000580</CMD><CMD>17802700729b2700068027000a8027000280</CMD><CMD>16802700729b27002d81</CMD>{今|いま}のショーの{内容|ないよう}では<BREAK>あなたのブランドを<BREAK><CMD>008027000480</CMD>ロイヤルブランド<CMD>008027000180</CMD>にできないそうよ",
			"<CMD>18802700729b27000380</CMD><CMD>17802700729b270001802700048027000080</CMD><CMD>16802700729b27003081</CMD>ざんねんだけど　しかたないわね<BREAK>{次|つぎ}こそ<CMD>008027000480</CMD>ロイヤルブランド<CMD>008027000180</CMD>に<BREAK>なれるようどりょくしましょう",
			"\f"
		]
	},
	{
		"Index": 74,
		"JPN": [
			"<CMD>18802700729b27000180</CMD><CMD>17802700729b270001802700048027000280</CMD><CMD>16802700729b27005581</CMD>{今回|こんかい}のショーを{通|とお}して<BREAK>わらわはそなたのステキな<BREAK>センスを{感|かん}じとりましたわ",
			"みんなのお{手本|てほん}になるような<BREAK>だれもがステキと{思|おも}える……<BREAK>そんなイメージですわ",
			"だからこれからそなたのセンスを<BREAK>みんながお{手本|てほん}にして<BREAK>くれるように",
			"<CMD>18802700729b27000180</CMD><CMD>17802700729b270001802700048027000280</CMD><CMD>16802700729b27005581</CMD>そなたのブランドを<BREAK><CMD>008027000480</CMD>ロイヤルブランド<CMD>008027000180</CMD>ににんてい<BREAK>することにしましたわ！",
			"<CMD>18802700729b27000180</CMD><CMD>17802700729b270001802700048027000280</CMD><CMD>16802700729b27005581</CMD>{王室|おうしつ}こうにんのしょうごうに<BREAK>はじないように　これからも<BREAK>どりょくしてほしいですわ",
			"\f"
		]
	},
	{
		"Index": 75,
		"JPN": [
			"<CMD>18802700729b27000580</CMD><CMD>17802700729b270001802700048027000080</CMD><CMD>16802700729b27005681</CMD>これはすばらしい！<BREAK>ついに<CMD>008027000480</CMD>ロイヤルブランド<CMD>008027000180</CMD>が<BREAK>この{町|まち}にたんじょうしました！",
			"<CMD>18802700729b27000180</CMD><CMD>17802700729b270001802700048027000280</CMD><CMD>16802700729b27005581</CMD>お{集|あつ}まりのみなさま！<BREAK><CMD>f481</CMD>さんにもう{一度|いちど}<BREAK>せいだいなはくしゅを！",
			"\f"
		]
	},
	{
		"Index": 76,
		"JPN": [
			"みなさまありがとうございます",
			"<CMD>18802700729b27000180</CMD><CMD>17802700729b270001802700048027000280</CMD><CMD>16802700729b27005581</CMD>これにてファッションショーを<BREAK>{終|しゅう}りょうさせていただきます<BREAK>ご{来場|らいじょう}　ありがとう！",
			"\f"
		]
	},
	{
		"Index": 77,
		"JPN": [
			"<CMD>18802700729b27000580</CMD><CMD>17802700729b270001802700048027000080</CMD><CMD>16802700729b27005681</CMD><CMD>008027000480</CMD>ロイヤルブランド<CMD>008027000180</CMD>にんてい<BREAK>{本当|ほんとう}におめでとう！<BREAK>まさかここまでやるなんて！",
			"<CMD>18802700729b27000180</CMD><CMD>17802700729b270001802700048027000280</CMD><CMD>16802700729b27005581</CMD>これからもこの{町|まち}の<BREAK>ファッションのはってんのために<BREAK>がんばりましょう！",
			"\f"
		]
	},
	{
		"Index": 78,
		"JPN": [
			"おつかれさま　<CMD>f481</CMD><BREAK>{今月|こんげつ}のファッションショーは<BREAK>これで{終|おわ}りよ",
			"また　{来月|らいげつ}の<BREAK>ファッションショーにも<BREAK>さんかしなさい　きたいしているわ",
			"\f"
		]
	},
	{
		"Index": 79,
		"JPN": [
			"…と　とつぜん{言|い}われても<BREAK>よくわからないだろうから<BREAK>{軽|かる}く{説明|せつめい}させてもらうわね",
			"ファッションショーは<BREAK><CMD>008027000880</CMD>{毎月|まいつき}２０{日|にち}から<BREAK>{月末|げつまつ}まで<CMD>008027000180</CMD>{行|おこ}なわれているから",
			"いずれかの{日|ひ}にショーに<BREAK>{出|で}てもらうわ",
			"<CMD>18802700729b27000580</CMD><CMD>17802700729b270001802700048027000080</CMD><CMD>16802700729b27005681</CMD>モデルの{仕事|しごと}は　ズバリ！<BREAK>コーデのみりょくをひきだし<BREAK>お{客|きゃく}さまにアピールすることよ",
			"<CMD>18802700729b27000180</CMD><CMD>17802700729b270001802700048027000280</CMD><CMD>16802700729b27005581</CMD>あなたのステージでのアピールで<BREAK>ショーのもり{上|あ}がりが{大|おお}きく<BREAK>{変|か}わることをわすれないで",
			"そうそう　その{他|ほか}に<BREAK>ショーのテーマに{合|あ}うコーデの<BREAK>じゅんびもやってもらうわよ",
			"<CMD>18802700729b27000180</CMD><CMD>17802700729b270001802700048027000280</CMD><CMD>16802700729b27005581</CMD>そんなむずかしく{考|かんが}えないの！<BREAK>{今|いま}の{季節|きせつ}にあったコーデを<BREAK>{用意|ヨウイ}してくれればいいから",
			"<CMD>18802700729b27000280</CMD><CMD>17802700729b2700508027000a8027000280</CMD><CMD>16802700729b27007d81</CMD>ちなみにその{用意|ようい}したコーデ<BREAK>ショーのお{客|きゃく}さまに{売|う}るから<BREAK>あまり{変|ヘン}なコーデにしないでよ",
			"<CMD>18802700729b27000180</CMD><CMD>17802700729b270001802700048027000280</CMD><CMD>16802700729b27005581</CMD>もちろん{売|う}れたほうしゅうとして<BREAK>{売|う}りあげからリッチをしはらうから<BREAK>しっかりたのむわよ",
			"\f"
		]
	},
	{
		"Index": 80,
		"JPN": [
			"<CMD>18802700729b27000180</CMD><CMD>17802700729b270001802700048027000280</CMD><CMD>16802700729b27005581</CMD>{私|わたし}のファッションショーに<BREAK>あなたはモデルとして<BREAK>さんかすることができるのよ",
			"ファッションショーは<BREAK><CMD>008027000880</CMD>{毎月|まいつき}２０{日|にち}から<BREAK>{月末|げつまつ}まで<CMD>008027000180</CMD>{行|おこ}なわれているから",
			"いずれかの{日|ひ}にショーに<BREAK>{出|で}てもらうわ",
			"<CMD>18802700729b27000580</CMD><CMD>17802700729b270001802700048027000080</CMD><CMD>16802700729b27005681</CMD>まずショーのじゅんびとして<BREAK>あなたに　ショーのテーマにあった<BREAK>コーデをよういしてちょうだい",
			"ショーを{始|はじ}めるじゅんびが<BREAK>{整|ととの}ったら<BREAK>{私|わたし}に{話|はな}しかけて",
			"<CMD>008027000880</CMD>「ショーにさんかする」<CMD>008027000180</CMD>を<BREAK>えらびなさい",
			"<CMD>18802700729b27000180</CMD><CMD>17802700729b270001802700048027000280</CMD><CMD>16802700729b27005581</CMD>そうしたら　ショーの{始|はじ}まりよ！<BREAK>ステージでコーデのみりょくを<BREAK>ぞんぶんにアピールしなさい！",
			"\f"
		]
	},
	{
		"Index": 81,
		"JPN": [
			"{今月|こんげつ}のショーのテーマは<BREAK><CMD>4882</CMD>",
			"<CMD>18802700729b27000080</CMD><CMD>17802700729b2700088027000a8027000180</CMD><CMD>16802700729b27006981</CMD>いい？<BREAK>おぼえておきなさい",
			"\f"
		]
	},
	{
		"Index": 82,
		"JPN": [
			"コーデは{全部|ぜんぶ}で<BREAK><CMD>008027000480</CMD><CMD>4b8227000180</CMD>{着|ちゃく}<CMD>008027000180</CMD>{必要|ひつよう}になるから<BREAK>じゅんびしておいてね",
			"\f"
		]
	},
	{
		"Index": 83,
		"JPN": [
			"<CMD>18802700729b27000180</CMD><CMD>17802700729b270001802700048027000280</CMD><CMD>16802700729b27005581</CMD>ショーをじぶんで{行|おこな}うことを<BREAK><CMD>008027000880</CMD>「しゅさいする」<CMD>008027000180</CMD>って{言|い}うの！",
			"しゅさいをする{時|とき}も<BREAK>いつものように{必要|ひつよう}な<BREAK>コーデをあつめてもらうけど…",
			"<CMD>18802700729b27000580</CMD><CMD>17802700729b27000a8027000a8027000180</CMD><CMD>16802700729b27002d81</CMD>しゅさい{者|しゃ}として<BREAK>やらなければいけない{事|こと}が<BREAK>{他|ほか}にもあるのよ",
			"まず　オーディションを{行|おこ}なって<BREAK>ショーでつかうモデルさんを<BREAK>{自分|じぶん}でえらんだり……",
			"ステージのデザインを{決|き}めて<BREAK>{自分|じぶん}でショーをえんしゅつして<BREAK>いかなければならないわ",
			"<CMD>18802700729b27000180</CMD><CMD>17802700729b270001802700048027000280</CMD><CMD>16802700729b27005581</CMD>むずかしいぶん　いつもより<BREAK>ほうしゅうのお{金|かね}は{多|おお}めに<BREAK>はらうから　やりがいはあるハズよ",
			"ショーを{自分|じぶん}で{開|かい}さいするなら<BREAK>{私|わたし}に<CMD>008027000880</CMD>「ショーをしゅさいする」<CMD>008027000180</CMD><BREAK>と　{言|い}ってちょうだい",
			"\f"
		]
	},
	{
		"Index": 84,
		"JPN": [
			"{今月|こんげつ}のショーのテーマは<BREAK><CMD>4882</CMD>",
			"<CMD>18802700729b27000080</CMD><CMD>17802700729b2700088027000a8027000180</CMD><CMD>16802700729b27006981</CMD>わかった？<BREAK>おぼえておいて",
			"\f"
		]
	},
	{
		"Index": 85,
		"JPN": [
			"ショーをしゅさいするなら<BREAK><CMD>008027000480</CMD><CMD>4b8227000280</CMD>{着|ちゃく}<CMD>008027000180</CMD>　テーマにあった<BREAK>コーデが{必要|ひつよう}になるから",
			"<CMD>18802700729b27000180</CMD><CMD>17802700729b270001802700048027000280</CMD><CMD>16802700729b27005581</CMD>じゅんびをしっかりお{願|ねが}いね",
			"\f"
		]
	},
	{
		"Index": 86,
		"JPN": [
			"<CMD>18802700729b27000580</CMD><CMD>17802700729b270001802700048027000080</CMD><CMD>16802700729b27005681</CMD>{今|いま}なら　<CMD>008027000480</CMD>ロイヤルブランド<CMD>008027000180</CMD>に<BREAK>ちょうせんすることが<BREAK>できるわ！",
			"ちょうせんしたい{時|とき}は　{私|わたし}に<BREAK><CMD>008027000880</CMD>「ロイヤルちょうせん」<CMD>008027000180</CMD>と<BREAK>{言|い}いなさいよ",
			"\f"
		]
	},
	{
		"Index": 87,
		"JPN": [
			"ちなみに<CMD>008027000480</CMD>ロイヤルブランド<CMD>008027000180</CMD>に<BREAK>ちょうせんする{時|とき}の<BREAK>ショーのテーマは……",
			"<CMD>18802700729b27000580</CMD><CMD>17802700729b270001802700048027000080</CMD><CMD>16802700729b27005681</CMD>{四季|しき}よ！　はる　なつ　あき　ふゆ<BREAK>と４つの{季節|きせつ}を{一着|いっちゃく}づつ<BREAK>{着|き}てショーで{四季|しき}をあらわすの！",
			"あなたは{四季|しき}それぞれに{合|あ}う<BREAK>コーデを<CMD>008027000480</CMD>１{着|ちゃく}<CMD>008027000180</CMD>づつ{全部|ぜんぶ}で<BREAK><CMD>008027000480</CMD>４{着|ちゃく}<CMD>008027000180</CMD>{用意|ようい}してちょうだい",
			"ショーにモデルとしてさんか<BREAK>するのは<CMD>008027000380</CMD>ヴィッキー<CMD>008027000180</CMD>と<BREAK>オーディションでえらばれる2{人|り}",
			"<CMD>18802700729b27000180</CMD><CMD>17802700729b270001802700048027000280</CMD><CMD>16802700729b27005581</CMD>そして　あなたじしんよ！<BREAK>ステキなショーになりそうでしょ？<BREAK>ぜひ　やりたいわ！",
			"\f"
		]
	},
	{
		"Index": 88,
		"JPN": [
			"<CMD>18802700729b27000080</CMD><CMD>17802700729b2700088027000a8027000180</CMD><CMD>16802700729b27006981</CMD>{説明|せつめい}はこれで{終|お}わり<BREAK>……{他|ほか}に{何|なに}か{用|よう}はある？",
			"\f"
		]
	},
	{
		"Index": 89,
		"JPN": [
			"<CMD>18802700729b27000580</CMD><CMD>17802700729b270001802700048027000080</CMD><CMD>16802700729b27005681</CMD>おう<CMD>f481</CMD><BREAK>なんでもイベントホールで<BREAK><CMD>008027000480</CMD>おしゃれＭＶＰ<CMD>008027000180</CMD>ってヤツの",
			"{発表|はっぴょう}をするらしいぜ",
			"オレにはくわしくはわからねーが<BREAK>ファッションショーのことらしいな<BREAK>ちょっと　{行|い}ってみたらどうだ？",
			"\f"
		]
	},
	{
		"Index": 90,
		"JPN": [
			"<CMD>18802700729b27000180</CMD><CMD>17802700729b270001802700048027000280</CMD><CMD>16802700729b27005581</CMD>あら<CMD>f481</CMD><BREAK>{今|いま}イベントホールでは",
			"{先月|せんげつ}の<BREAK><CMD>008027000480</CMD>おしゃれＭＶＰ<CMD>008027000180</CMD>の<BREAK>{発表|はっぴょう}をしているのよ",
			"……そういえばあなた<BREAK><CMD>008027000480</CMD>おしゃれＭＶＰ<CMD>008027000180</CMD>の{発表|はっぴょう}は<BREAK>はじめてよね",
			"じゃあ{少|すこ}し{説明|せつめい}してあげるわ",
			"<CMD>008027000480</CMD>おしゃれＭＶＰ<CMD>008027000180</CMD>とは<BREAK>もっともファッションで<BREAK>かつやくした{人|ヒト}の{事|こと}を",
			"{表|あらわ}す{言葉|ことば}で……",
			"<CMD>18802700729b27000580</CMD><CMD>17802700729b270001802700048027000080</CMD><CMD>16802700729b27005681</CMD>１ヶ{月|げつ}で{一番|いちばん}ファッションで<BREAK>かつやくした{人|ヒト}におくられる<BREAK>めいよなしょうのことなのよ",
			"ファッションチェックをしたり<BREAK>ファッションザッシでゆうめいな",
			"<CMD>008027000480</CMD>ベリーズ<CMD>008027000180</CMD>に<BREAK>けいさいされたり<BREAK>ファッションショーを{開|ひら}いたり…",
			"ファッションに{関係|かんけい}する<BREAK>あらゆることからヒョウカされ<BREAK>{決定|けってい}されるものなの",
			"<CMD>008027000480</CMD>おしゃれＭＶＰ<CMD>008027000180</CMD>は<BREAK>{季節|きせつ}ごとに<BREAK>{全部|ぜんぶ}で４つのしょうがあるから",
			"<CMD>18802700729b27000080</CMD><CMD>17802700729b2700088027000a8027000180</CMD><CMD>16802700729b27006981</CMD>{全|すべ}ての{季節|きせつ}で<BREAK><CMD>008027000480</CMD>おしゃれＭＶＰ<CMD>008027000180</CMD>を<BREAK>めざしてみるのも",
			"{勉強|べんきょう}に<BREAK>なるんじゃないかしら？",
			"<CMD>18802700729b27000180</CMD><CMD>17802700729b270001802700048027000280</CMD><CMD>16802700729b27005581</CMD>{発表会|はっぴょうかい}は<BREAK>３{日|か}までやってるわよ<BREAK>あなたも{出席|しゅっせき}してみる？",
			"<CMD>1380270090ae</CMD>",
			"\f"
		]
	},
	{
		"Index": 91,
		"JPN": [
			"<CMD>18802700729b27000080</CMD><CMD>17802700729b2700088027000a8027000180</CMD><CMD>16802700729b27006981</CMD>あら<CMD>f481</CMD><BREAK><CMD>008027000480</CMD>おしゃれＭＶＰ<CMD>008027000180</CMD>の{発表会|はっぴょうかい}に<BREAK>{出席|しゅっせき}しに{来|き}たのね？",
			"<CMD>1380270090ae</CMD>",
			"\f"
		]
	},
	{
		"Index": 92,
		"JPN": [
			"<CMD>18802700729b27000180</CMD><CMD>17802700729b270001802700048027000280</CMD><CMD>16802700729b27005581</CMD>すぐに{発表|はっぴょう}が{始|はじ}まるわ<BREAK>ステージに{行|い}って<BREAK>{待|ま}っていなさい",
			"\f"
		]
	},
	{
		"Index": 93,
		"JPN": [
			"<CMD>18802700729b27000580</CMD><CMD>17802700729b27000a8027000a8027000180</CMD><CMD>16802700729b27002d81</CMD>あら　そうなの……<BREAK>{発表|はっぴょう}は３{日|か}までやってるから<BREAK>{気|き}が{変|か}わったらいいなさいね",
			"\f"
		]
	},
	{
		"Index": 94,
		"JPN": [
			"<CMD>18802700729b27000180</CMD><CMD>17802700729b270001802700048027000280</CMD><CMD>16802700729b27005581</CMD>みなさん！<BREAK><CMD>008027000480</CMD>おしゃれＭＶＰ<CMD>008027000180</CMD>{発表|はっぴょう}の<BREAK>{時間|じかん}がやってまいりました",
			"<CMD>18802700729b27000580</CMD><CMD>17802700729b270001802700048027000080</CMD><CMD>16802700729b27005681</CMD>{今回|こんかい}えらばれるのは<BREAK>{春|はる}の{季節|きせつ}の<BREAK><CMD>008027000480</CMD>おしゃれＭＶＰ<CMD>008027000180</CMD>となります！",
			"さあ<BREAK><CMD>008027000480</CMD>おしゃれＭＶＰ<CMD>008027000180</CMD>にえらばれるのは<BREAK>いったいだれなのでしょうか？",
			"{発表|はっぴょう}を{始|はじ}めます！",
			"\f"
		]
	},
	{
		"Index": 95,
		"JPN": [
			"<CMD>18802700729b27000180</CMD><CMD>17802700729b270001802700048027000280</CMD><CMD>16802700729b27005581</CMD>みなさん！<BREAK><CMD>008027000480</CMD>おしゃれＭＶＰ<CMD>008027000180</CMD>{発表|はっぴょう}の<BREAK>{時間|じかん}がやってまいりました",
			"<CMD>18802700729b27000580</CMD><CMD>17802700729b270001802700048027000080</CMD><CMD>16802700729b27005681</CMD>{今回|こんかい}えらばれるのは<BREAK>{夏|なつ}の{季節|きせつ}の<BREAK><CMD>008027000480</CMD>おしゃれＭＶＰ<CMD>008027000180</CMD>となります！",
			"さあ<BREAK><CMD>008027000480</CMD>おしゃれＭＶＰ<CMD>008027000180</CMD>にえらばれるのは<BREAK>いったいだれなのでしょうか？",
			"{発表|はっぴょう}を{始|はじ}めます！",
			"\f"
		]
	},
	{
		"Index": 96,
		"JPN": [
			"<CMD>18802700729b27000180</CMD><CMD>17802700729b270001802700048027000280</CMD><CMD>16802700729b27005581</CMD>みなさん！<BREAK><CMD>008027000480</CMD>おしゃれＭＶＰ<CMD>008027000180</CMD>{発表|はっぴょう}の<BREAK>{時間|じかん}がやってまいりました",
			"<CMD>18802700729b27000580</CMD><CMD>17802700729b270001802700048027000080</CMD><CMD>16802700729b27005681</CMD>{今回|こんかい}えらばれるのは<BREAK>{秋|あき}の{季節|きせつ}の<BREAK><CMD>008027000480</CMD>おしゃれＭＶＰ<CMD>008027000180</CMD>となります！",
			"さあ<BREAK><CMD>008027000480</CMD>おしゃれＭＶＰ<CMD>008027000180</CMD>にえらばれるのは<BREAK>いったいだれなのでしょうか？",
			"{発表|はっぴょう}を{始|はじ}めます！",
			"\f"
		]
	},
	{
		"Index": 97,
		"JPN": [
			"<CMD>18802700729b27000180</CMD><CMD>17802700729b270001802700048027000280</CMD><CMD>16802700729b27005581</CMD>みなさん！<BREAK><CMD>008027000480</CMD>おしゃれＭＶＰ<CMD>008027000180</CMD>{発表|はっぴょう}の<BREAK>{時間|じかん}がやってまいりました",
			"<CMD>18802700729b27000580</CMD><CMD>17802700729b270001802700048027000080</CMD><CMD>16802700729b27005681</CMD>{今回|こんかい}えらばれるのは<BREAK>{冬|ふゆ}の{季節|きせつ}の<BREAK><CMD>008027000480</CMD>おしゃれＭＶＰ<CMD>008027000180</CMD>となります！",
			"さあ<BREAK><CMD>008027000480</CMD>おしゃれＭＶＰ<CMD>008027000180</CMD>にえらばれるのは<BREAK>いったいだれなのでしょうか？",
			"{発表|はっぴょう}を{始|はじ}めます！",
			"\f"
		]
	},
	{
		"Index": 98,
		"JPN": [
			"{今回|こんかい}の<BREAK><CMD>008027000480</CMD>おしゃれＭＶＰ<CMD>008027000180</CMD>に<BREAK>みごと　えらばれたのは……",
			"\f"
		]
	},
	{
		"Index": 99,
		"JPN": [
			"<CMD>18802700729b27000580</CMD><CMD>17802700729b270001802700048027000080</CMD><CMD>16802700729b27005681</CMD><CMD>f481</CMD>さんです！",
			"\f"
		]
	}
]