[
	{
		"Index": 0,
		"JPN": [
			"おきゃくさんが　まってるミャオ！<BREAK>りょうりを　もっていくミャオ！",
			"\f"
		]
	},
	{
		"Index": 1,
		"JPN": [
			"<CMD>16802700478127005681</CMD>おきゃくさんに<BREAK>りょうりを　とどけるミャオ！",
			"\f"
		]
	},
	{
		"Index": 2,
		"JPN": [
			"なにかようミャオ？",
			"<CMD>128027000180</CMD>",
			"\f"
		]
	},
	{
		"Index": 3,
		"JPN": [
			"<CMD>3780</CMD>",
			"じゅんびをおわる<CMD>138027009faf</CMD>",
			"しょうひんリスト<CMD>138027007baf</CMD>",
			"そうこ<CMD>138027009daf</CMD>",
			"つづける<CMD>138027009caf</CMD>",
			"\f"
		]
	},
	{
		"Index": 4,
		"JPN": [
			"そういえば　さいきん<BREAK>てんちょうが　<CMD>008027000880</CMD>よんでもこない<CMD>008027000180</CMD>って<BREAK>はなしをきいたミャオ…",
			"おきゃくさんによばれたら<BREAK><CMD>008027000880</CMD>せっきゃく<CMD>008027000180</CMD>しないと<BREAK>ダメだとおもうミャオ！",
			"\f"
		]
	},
	{
		"Index": 5,
		"JPN": [
			"そういえば　おきゃくさんが<BREAK><CMD>008027000880</CMD>おみせにふまん<CMD>008027000180</CMD>があるって<BREAK>はなしをきいたミャオ…",
			"おみせの<CMD>008027000880</CMD>ひょうばん<CMD>008027000180</CMD>についても<BREAK>きにするといいミャオ！",
			"\f"
		]
	},
	{
		"Index": 6,
		"JPN": [
			"そういえば<BREAK>おきゃくさんからの<BREAK><CMD>008027000480</CMD>いらい<CMD>008027000180</CMD>があるミャオ！",
			"<CMD>008027000880</CMD>いらい<CMD>008027000180</CMD>をうけるときは<BREAK>あとでボクに<BREAK>はなしかけてミャオ！！",
			"\f"
		]
	},
	{
		"Index": 7,
		"JPN": [
			"<CMD>f481</CMD>てんちょう<BREAK>おつかれさまミャオ！<BREAK>うりあげのほうこくをするミャオ！",
			"\f"
		]
	},
	{
		"Index": 8,
		"JPN": [
			"てんちょうが　いなかったから<BREAK>いったん　おみせを<BREAK>しめておいたミャオ！",
			"<CMD>178027008b802700688027000a8027000180</CMD>それじゃあ　ひさしぶりに<BREAK><CMD>f481</CMD>てんちょうに<BREAK>うりあげの　ほうこくするミャオ！",
			"\f"
		]
	},
	{
		"Index": 9,
		"JPN": [
			"<CMD>16802700478127005681</CMD>ミャオ！？　あとは　てんちょうに<BREAK>おまかせするミャオー！<CMD>49802700a8842700008027000180</CMD>",
			"\f"
		]
	},
	{
		"Index": 10,
		"JPN": [
			"<CMD>16802700478127005681</CMD>ミャオ！？　いまは<BREAK>せっきゃくちゅうミャオー！",
			"\f"
		]
	},
	{
		"Index": 11,
		"JPN": [
			"<CMD>16802700478127005681</CMD>ミャオ！？　あとは　てんちょうに<BREAK>おねがいするミャオー！",
			"\f"
		]
	},
	{
		"Index": 12,
		"JPN": [
			"ごゆっくりですミャオー！",
			"\f"
		]
	},
	{
		"Index": 13,
		"JPN": [
			"<CMD>16802700478127005681</CMD>ミャオ！　てんちょう<BREAK>まずは　このしょうひんを<BREAK>とどけてミャオ！",
			"\f"
		]
	},
	{
		"Index": 14,
		"JPN": [
			"しょうひんとして<BREAK>おみせにおいたミャオ！",
			"そのしょうひんは<BREAK><CMD>1d8227000480</CMD>リッチで<BREAK><CMD>008027000480</CMD><CMD>4e822700308227000281</CMD><CMD>008027000180</CMD>コうるミャオ！",
			"\f"
		]
	},
	{
		"Index": 15,
		"JPN": [
			"そのアイテムは<BREAK>かざりとして<BREAK>おみせにおいたミャオ！",
			"うりものじゃないので<BREAK>ちゅういするミャオ！",
			"\f"
		]
	},
	{
		"Index": 16,
		"JPN": [
			"そのアイテムは　しょうひんとして<BREAK>うれないので　かざりとして<BREAK>おみせにおくミャオ！",
			"\f"
		]
	},
	{
		"Index": 17,
		"JPN": [
			"じつは…　きょうはまだ<BREAK>おみせのうりあげがないミャオ",
			"おみせに<BREAK>うるものが　なにもないから<BREAK>ほじゅうしてほしいミャオ！",
			"\f"
		]
	},
	{
		"Index": 18,
		"JPN": [
			"そういえば　さいきんおみせの<BREAK>ことについて　おきゃくさんが<BREAK>はなしていたミャオ！",
			"いつもどおりに<BREAK>おみせをがんばっていけば<BREAK>きっともんだいないミャオ！",
			"まちのひとから<BREAK><CMD>008027000880</CMD>ひょうばんについて<CMD>008027000180</CMD><BREAK>きいてみるのもいいかもミャオ！",
			"\f"
		]
	},
	{
		"Index": 19,
		"JPN": [
			"そういえば　さいきんおみせの<BREAK>ことについて　おきゃくさんが<BREAK>はなしていたミャオ！",
			"ボク　ちょっとふあんミャオ！<BREAK>おみせのことにもっとちゅういして<BREAK>がんばるミャオ！",
			"まちのひとから<BREAK><CMD>008027000880</CMD>ひょうばんについて<CMD>008027000180</CMD><BREAK>きいてみるのもいいかもミャオ！",
			"\f"
		]
	},
	{
		"Index": 20,
		"JPN": [
			"そういえば　さいきん<BREAK>おみせの<CMD>008027000880</CMD>いいひょうばん<CMD>008027000180</CMD>を<BREAK>おきゃくさんから　きいたミャオ！",
			"いいひょうばんをきいて<BREAK>ボクもうれしいミャオ！<BREAK>このちょうしで　がんばるミャオ！",
			"\f"
		]
	},
	{
		"Index": 21,
		"JPN": [
			"そういえば　さいきん<BREAK>おみせの<CMD>008027000880</CMD>よくないひょうばん<CMD>008027000180</CMD>を<BREAK>おきゃくさんから　きいたミャオ…",
			"いい　おみせにするために<BREAK>まちのひょうばんをきいて<BREAK>がんばるミャオ！",
			"\f"
		]
	},
	{
		"Index": 22,
		"JPN": [
			"それじゃあ　うりあげの<BREAK>ほうこくをするミャオ！",
			"<CMD>1380270054af</CMD>",
			"\f"
		]
	},
	{
		"Index": 23,
		"JPN": [
			"これで　うりあげのほうこくを<BREAK>おわるミャオ！",
			"\f"
		]
	},
	{
		"Index": 24,
		"JPN": [
			"<CMD>f481</CMD>てんちょう<BREAK><CMD>008027000380</CMD>おうさま<CMD>008027000180</CMD>から　だいじなはなしが<BREAK>あるから<CMD>008027000580</CMD>おしろ<CMD>008027000180</CMD>にくるようにと",
			"ことづてをあずかったミャオ！<BREAK>きっと　マイスターひょうかの<BREAK>はなしミャオ",
			"いますぐいくミャオ？",
			"<CMD>13802700c1af</CMD>",
			"\f"
		]
	},
	{
		"Index": 25,
		"JPN": [
			"<CMD>3780</CMD>",
			"いく<CMD>13802700c2af</CMD>",
			"いかない<CMD>13802700c3af</CMD>",
			"\f"
		]
	},
	{
		"Index": 26,
		"JPN": [
			"じゃあ　<CMD>008027000380</CMD>おうさま<CMD>008027000180</CMD>のところへ<BREAK>さっそくいくミャオ！",
			"\f"
		]
	},
	{
		"Index": 27,
		"JPN": [
			"ミャオ！　じゃあ<BREAK>あとでちゃんといくミャオ！",
			"\f"
		]
	},
	{
		"Index": 45,
		"JPN": [
			"きょうも　いそがしいミャオ！",
			"\f"
		]
	},
	{
		"Index": 46,
		"JPN": [
			"きにいった　しょうひんは<BREAK>あったかミャオ？",
			"\f"
		]
	},
	{
		"Index": 47,
		"JPN": [
			"ゆっくりしていってミャオ！",
			"\f"
		]
	},
	{
		"Index": 48,
		"JPN": [
			"いろいろ　みていってミャオ！",
			"\f"
		]
	},
	{
		"Index": 49,
		"JPN": [
			"ごらいてん　ありがとミャオ！！",
			"\f"
		]
	},
	{
		"Index": 50,
		"JPN": [
			"<CMD>18802700729b27000080</CMD><CMD>17802700729b2700088027000a8027000180</CMD><CMD>16802700729b27006981</CMD>そのしょうひんを<BREAK>かうのかミャオ？",
			"<CMD>1c8227000480</CMD>は<BREAK><CMD>1d8227000480</CMD>リッチに<BREAK>なるミャオ！",
			"<CMD>128027000180</CMD>",
			"\f"
		]
	},
	{
		"Index": 51,
		"JPN": [
			"<CMD>3780</CMD>",
			"かう<CMD>13802700ffff</CMD>",
			"かわない<CMD>128027000480</CMD>",
			"\f"
		]
	},
	{
		"Index": 52,
		"JPN": [
			"<CMD>18802700729b27000180</CMD><CMD>17802700729b270001802700048027000280</CMD><CMD>16802700729b27005581</CMD>かうのかミャオ！<BREAK>ありがとうミャオ！！",
			"\f"
		]
	},
	{
		"Index": 53,
		"JPN": [
			"<CMD>158027001882</CMD>それじゃあ<BREAK><CMD>1d8227000480</CMD>リッチ<BREAK>いただくミャオ！",
			"\f"
		]
	},
	{
		"Index": 54,
		"JPN": [
			"<CMD>18802700729b27000380</CMD><CMD>17802700729b270001802700048027000080</CMD><CMD>16802700729b27003081</CMD>ミャオ？<BREAK>リッチが　たりないミャオ！",
			"ゴメンなさいミャオ<BREAK>うることは　できないミャオ",
			"\f"
		]
	},
	{
		"Index": 55,
		"JPN": [
			"そうかミャオ<BREAK>ほかに　ようがあったら<BREAK>こえをかけるミャオ！",
			"\f"
		]
	},
	{
		"Index": 56,
		"JPN": [
			"ミャオ？<BREAK>もちものが　いっぱいのようミャオ",
			"<CMD>18802700729b27000180</CMD><CMD>17802700729b270001802700048027000280</CMD><CMD>16802700729b27005581</CMD>もちものを　どこかに<BREAK>おいてくるといいミャオ！",
			"\f"
		]
	},
	{
		"Index": 57,
		"JPN": [
			"<CMD>18802700729b27000380</CMD><CMD>17802700729b270001802700048027000080</CMD><CMD>16802700729b27003081</CMD>…ゴメンミャオ<BREAK>そのしょうひんは　うりきれミャオ",
			"\f"
		]
	},
	{
		"Index": 58,
		"JPN": [
			"<CMD>18802700729b27000080</CMD><CMD>17802700729b2700088027000a8027000180</CMD><CMD>16802700729b27006981</CMD><CMD>1c8227000480</CMD>を<BREAK>かうのかミャオ？",
			"そのしょうひんは<BREAK><CMD>008027000480</CMD><CMD>058227006380</CMD><CMD>008027000180</CMD>と<BREAK><CMD>008027000480</CMD><CMD>218227000180</CMD><CMD>008027000180</CMD>が…",
			"セットになって<BREAK><CMD>1d8227000480</CMD>リッチに<BREAK>なるミャオ！",
			"<CMD>12802700f9ff</CMD>",
			"\f"
		]
	},
	{
		"Index": 59,
		"JPN": [
			"<CMD>18802700729b27000380</CMD><CMD>17802700729b270001802700048027000080</CMD><CMD>16802700729b27003081</CMD>そのしょうひんは<BREAK>ひとり　１にち１コ<BREAK>げんていミャオ！",
			"\f"
		]
	}
]