[
	{
		"Index": 80,
		"JPN": [
			"よし！　{店|みせ}の１{階|かい}のデザインを<BREAK>{変|か}えるのか？<BREAK>じゃあ　どこを{変|か}えるんだ？",
			"\f"
		]
	},
	{
		"Index": 81,
		"JPN": [
			"よし！　{店|みせ}の２{階|かい}のデザインを<BREAK>{変|か}えるんだな？<BREAK>じゃあ　２{階|かい}に{行|い}くぞ！",
			"\f"
		]
	},
	{
		"Index": 82,
		"JPN": [
			"よし！　２{階|かい}に{来|き}たぞ！<BREAK>じゃあ　どこを{変|か}えるんだ？",
			"\f"
		]
	},
	{
		"Index": 83,
		"JPN": [
			"よし！　{店|みせ}の１{階|かい}のデザインを<BREAK>{変|か}えるんだな？<BREAK>じゃあ　１{階|かい}に{行|い}くぞ！",
			"\f"
		]
	},
	{
		"Index": 84,
		"JPN": [
			"よし！　１{階|かい}に{来|き}たぞ！<BREAK>じゃあ　どこを{変|か}えるんだ？",
			"\f"
		]
	},
	{
		"Index": 85,
		"JPN": [
			"<CMD>3780</CMD>",
			"おみせのみため<CMD>13802700ffff</CMD>",
			"おみせの１かい<CMD>13802700ffff</CMD>",
			"おみせの２かい<CMD>13802700ffff</CMD>",
			"かんばんをデザイン<CMD>13802700ffff</CMD>",
			"おわる<CMD>13802700ffff</CMD>",
			"\f"
		]
	},
	{
		"Index": 86,
		"JPN": [
			"<CMD>18802700729b27000180</CMD><CMD>17802700729b270001802700048027000280</CMD><CMD>16802700729b27005581</CMD>よう！　<CMD>f481</CMD><BREAK><CMD>008027000380</CMD>おうさま<CMD>008027000180</CMD>から<BREAK>{話|はなし}は{聞|き}いてるぜ！",
			"この{国|くに}を{大|だい}スキでいてくれる<BREAK>お{前|まえ}への　おれいみたいなもんだ<BREAK>なんでも{言|い}ってくれ！",
			"<CMD>18802700729b27000080</CMD><CMD>17802700729b2700088027000a8027000180</CMD><CMD>16802700729b27006981</CMD>で　なんだ？<BREAK>{店|みせ}のどこを<BREAK>{変更|へんこう}するんだ？",
			"\f"
		]
	}
]