[
	{
		"Index": 0,
		"JPN": [
			"<CMD>18802700729b27000180</CMD><CMD>17802700729b270001802700048027000280</CMD><CMD>16802700729b27005581</CMD>よう　<CMD>f481</CMD><BREAK>さがしたぜ！",
			"<CMD>008027000580</CMD>おうきゅう<CMD>008027000180</CMD>にいる　<CMD>008027000380</CMD>ひめさま<CMD>008027000180</CMD>から<BREAK>おふれが{出|で}てるらしいぞ？",
			"なんでも　ファッションに<BREAK>{係|かか}わっている{人|ヒト}を<BREAK><CMD>008027000580</CMD>おうきゅう<CMD>008027000180</CMD>に{集|あつ}めるらしい",
			"まぁ　その　なんだ<BREAK>お{前|まえ}もファッションで<BREAK>あれこれやってんだろ？",
			"{一度|いちど}<CMD>008027000580</CMD>おうきゅう<CMD>008027000180</CMD>に<BREAK>{行|い}ってみたら　どうだ？",
			"\f"
		]
	},
	{
		"Index": 1,
		"JPN": [
			"<CMD>18802700729b27000180</CMD><CMD>17802700729b270001802700048027000280</CMD><CMD>16802700729b27005581</CMD>よう　<CMD>f481</CMD><BREAK>また<CMD>008027000380</CMD>ひめさま<CMD>008027000180</CMD>から<BREAK>おふれが{出|で}てるぜ",
			"たぶんまた　ファッションの<BREAK>ひょうかの{話|はなし}なんじゃないか？<BREAK><CMD>008027000580</CMD>おうきゅう<CMD>008027000180</CMD>に{行|い}ってみろよ",
			"\f"
		]
	},
	{
		"Index": 2,
		"JPN": [
			"<CMD>f481</CMD>よ<BREAK>よく{来|き}てくれましたな",
			"そなたをよんだのは<BREAK>ほかでもない<BREAK><CMD>008027000380</CMD>ひめさま<CMD>008027000180</CMD>が……",
			"\f"
		]
	},
	{
		"Index": 3,
		"JPN": [
			"{今日|きょう}は　そなたの{最近|さいきん}の<BREAK>ファッション{活動|かつどう}について<BREAK>お{話|はな}ししようと{思|おも}ったのですわ",
			"\f"
		]
	},
	{
		"Index": 4,
		"JPN": [
			"わらわは　おふれを{出|だ}して<BREAK>みんなにファッションを<BREAK>すすめたものの……",
			"{良|よ}いファッションとは{何|なに}か<BREAK>{分|わ}からない{人|ヒト}もいるのでは<BREAK>と{思|おも}いましたの",
			"そこでわらわは　みんなの<BREAK>ファッション{活動|かつどう}を<BREAK>ひょうかすることにしました",
			"そなたも　ファッション{活動|かつどう}を<BREAK>する{上|うえ}で　わらわのひょうかを<BREAK>さんこうにしてほしいですわ",
			"\f"
		]
	},
	{
		"Index": 5,
		"JPN": [
			"ではわらわから{見|み}た　そなたの<BREAK>ファッション{活動|かつどう}の<BREAK>ひょうかをつたえますわ",
			"そなたの{最近|さいきん}の<BREAK>ファッション{活動|かつどう}は……",
			"\f"
		]
	},
	{
		"Index": 6,
		"JPN": [
			"<CMD>18802700729b27000580</CMD><CMD>17802700729b2700068027000a8027000280</CMD><CMD>16802700729b27002f81</CMD>う～ん……　{正直|しょうじき}に{言|い}うと<BREAK>まだまだ　がんばりきれて<BREAK>いないようですわね",
			"もしどうしたらいいのか<BREAK>わからなければ　<CMD>008027000480</CMD>ベリーズ<CMD>008027000180</CMD>に<BREAK>のるのを{目指|めざ}してはいかが？",
			"ファッションチェックを<BREAK>せっきょくてきに　{行|おこな}えば<BREAK>きっとスカウトがあるハズですわ",
			"\f"
		]
	},
	{
		"Index": 7,
		"JPN": [
			"<CMD>18802700729b27000080</CMD><CMD>17802700729b270001802700048027000080</CMD>なかなか　がんばっていますわね<BREAK>すばらしいですわ！",
			"もう{少|すこ}しで　<CMD>008027000480</CMD>おしゃれＭＶＰ<CMD>008027000180</CMD>を<BREAK>ねらえるのではないですか？<BREAK>ぜひちょうせんしてほしいですわ",
			"\f"
		]
	},
	{
		"Index": 8,
		"JPN": [
			"<CMD>18802700729b27000180</CMD><CMD>17802700729b270001802700048027000280</CMD><CMD>16802700729b27005581</CMD>とてもじゅんちょうなようですわね<BREAK>わらわが{言|い}うことは<BREAK>{何|なに}もありません",
			"これからも　そのちょうしで<BREAK>{町|まち}のファッションのはってんに<BREAK>きょうりょくしてほしいですわ",
			"\f"
		]
	},
	{
		"Index": 9,
		"JPN": [
			"では{次|つぎ}に　そなたの<BREAK>おしゃれのセンスの<BREAK>ひょうかをつたえますわ",
			"\f"
		]
	},
	{
		"Index": 10,
		"JPN": [
			"<CMD>18802700729b27000380</CMD><CMD>17802700729b270001802700048027000080</CMD><CMD>16802700729b27003081</CMD>{今|いま}のそなたのセンスは<BREAK>{前|まえ}とくらべても　ほとんど<BREAK>かわってはいません……",
			"\f"
		]
	},
	{
		"Index": 11,
		"JPN": [
			"<CMD>18802700729b27000080</CMD><CMD>17802700729b270001802700048027000080</CMD>そなたが　おしゃれのセンスを<BREAK>のばすにはそうとうな<BREAK>{努力|どりょく}がひつようです",
			"ファッションチェックを<BREAK>たくさんして<CMD>008027000380</CMD>ジャクリーヌ<CMD>008027000180</CMD>に<BREAK>スカウトされたり",
			"ファッションショーをせいこう<BREAK>させたり……",
			"そういった{事|こと}を<BREAK>{地道|じみち}にやっていくことが<BREAK>ひつようですわ",
			"\f"
		]
	},
	{
		"Index": 12,
		"JPN": [
			"<CMD>18802700729b27000080</CMD><CMD>17802700729b270001802700048027000080</CMD>そなたが　おしゃれのセンスを<BREAK>のばすにはかなりの<BREAK>{努力|どりょく}がひつようです",
			"でも　つぎのひょうかまでに<BREAK><CMD>008027000380</CMD>ジャクリーヌ<CMD>008027000180</CMD>のスカウトを２{回|かい}<BREAK>うけるくらいのけいけんをつめば…",
			"そなたのセンスは<BREAK>もっとみがかれるハズですわ",
			"\f"
		]
	},
	{
		"Index": 13,
		"JPN": [
			"<CMD>18802700729b27000080</CMD><CMD>17802700729b270001802700048027000080</CMD>そなたが　おしゃれのセンスを<BREAK>のばすには……",
			"<CMD>008027000480</CMD>ベリーズ<CMD>008027000180</CMD>のとくしゅうや{表紙|ひょうし}を<BREAK>かざるくらいの<BREAK>{努力|どりょく}が　ひつようですわ",
			"{次回|じかい}のひょうかの{時|とき}には<BREAK>もっとおしゃれになっていると<BREAK>{信|しん}じていますわ",
			"\f"
		]
	},
	{
		"Index": 14,
		"JPN": [
			"<CMD>18802700729b27000080</CMD><CMD>17802700729b270001802700048027000080</CMD>{今|いま}のそなたなら　{少|すこ}し<BREAK>がんばれば　おしゃれのセンスが<BREAK>もっともっと{良|よ}くなります",
			"{次|つぎ}のひょうかの{時|とき}には<BREAK>よりおしゃれになっていることを<BREAK>{楽|たの}しみにしていますわ",
			"\f"
		]
	},
	{
		"Index": 15,
		"JPN": [
			"<CMD>f481</CMD>　そなたの<BREAK>{今|いま}までのかつやくを<BREAK>{見|み}ていて……",
			"おしゃれのセンスが<BREAK>{良|よ}くなっていることに<BREAK>{気|き}が{付|つ}きましたの",
			"\f"
		]
	},
	{
		"Index": 16,
		"JPN": [
			"{今|いま}までは　そなたを<BREAK><CMD>008027000880</CMD>おしゃれみならい<CMD>008027000180</CMD>ていど<BREAK>にしか{思|おも}っていませんでしたけど",
			"<CMD>18802700729b27000180</CMD><CMD>17802700729b270001802700048027000280</CMD><CMD>16802700729b27005581</CMD>これからは<BREAK><CMD>008027000880</CMD>１つ{星|ぼし}おしゃれリーダー<CMD>008027000180</CMD><BREAK>とよばせていただきますわ！",
			"<CMD>18802700729b27000080</CMD><CMD>17802700729b270001802700048027000080</CMD>けいけんはあさくても<BREAK>そなたのセンスはカクジツに<BREAK>{良|よ}くなっていると{思|おも}います",
			"これからも{努力|どりょく}を<BREAK>{続|つづ}けてください",
			"\f"
		]
	},
	{
		"Index": 17,
		"JPN": [
			"{今|いま}までは　そなたを<BREAK><CMD>008027000880</CMD>１つ{星|ぼし}おしゃれリーダー<CMD>008027000180</CMD><BREAK>とよんでいましたけれど",
			"<CMD>18802700729b27000180</CMD><CMD>17802700729b270001802700048027000280</CMD><CMD>16802700729b27005581</CMD>これからは<BREAK><CMD>008027000880</CMD>２つ{星|ぼし}おしゃれリーダー<CMD>008027000180</CMD><BREAK>とよばせていただきますわ！",
			"<CMD>18802700729b27000080</CMD><CMD>17802700729b270001802700048027000080</CMD>けいけんをつんで　よりセンスが<BREAK>みがかれてきたようです",
			"これからも{努力|どりょく}を<BREAK>{続|つづ}けてください",
			"\f"
		]
	},
	{
		"Index": 18,
		"JPN": [
			"{今|いま}までは　そなたを<BREAK><CMD>008027000880</CMD>２つ{星|ぼし}おしゃれリーダー<CMD>008027000180</CMD><BREAK>とよんでいましたけれど",
			"<CMD>18802700729b27000180</CMD><CMD>17802700729b270001802700048027000280</CMD><CMD>16802700729b27005581</CMD>これからは<BREAK><CMD>008027000880</CMD>３つ{星|ぼし}おしゃれリーダー<CMD>008027000180</CMD><BREAK>とよばせていただきますわ！",
			"<CMD>18802700729b27000080</CMD><CMD>17802700729b270001802700048027000080</CMD>{今|いま}のそなたのセンスなら<BREAK>コーデにスタイルをつけやすく<BREAK>なっているハズです",
			"これからもたくさんコーデを<BREAK>{生|う}み{出|だ}して　{町|まち}のファッションを<BREAK>もりあげてください",
			"\f"
		]
	},
	{
		"Index": 19,
		"JPN": [
			"{今|いま}までは　そなたを<BREAK><CMD>008027000880</CMD>３つ{星|ぼし}おしゃれリーダー<CMD>008027000180</CMD><BREAK>とよんでいましたけれど",
			"<CMD>18802700729b27000180</CMD><CMD>17802700729b270001802700048027000280</CMD><CMD>16802700729b27005581</CMD>これからは<BREAK><CMD>008027000880</CMD>４つ{星|ぼし}おしゃれリーダー<CMD>008027000180</CMD><BREAK>とよばせていただきますわ！",
			"<CMD>18802700729b27000080</CMD><CMD>17802700729b270001802700048027000080</CMD>{今|いま}のそなたのセンスは<BREAK>{町|まち}の{中|なか}でもトップクラス<BREAK>と{言|い}えます",
			"これからもみんなのお{手本|てほん}として<BREAK>がんばってください",
			"\f"
		]
	},
	{
		"Index": 20,
		"JPN": [
			"そなたはもう　ファッションに<BREAK>{関|かか}わった{時間|じかん}も　センスも<BREAK>だれよりも{上|うえ}を{行|い}っています",
			"<CMD>18802700729b27000180</CMD><CMD>17802700729b270001802700048027000280</CMD><CMD>16802700729b27005581</CMD>その{実力|じつりょく}をみとめ　そなたを<BREAK><CMD>008027000880</CMD>５つ{星|ぼし}おしゃれリーダー<CMD>008027000180</CMD><BREAK>とよばせていただきますわ！",
			"<CMD>18802700729b27000080</CMD><CMD>17802700729b270001802700048027000080</CMD><CMD>008027000880</CMD>５つ{星|ぼし}おしゃれリーダー<CMD>008027000180</CMD>と<BREAK>よばれるのは",
			"おうけのにんげんがそのセンスを<BREAK>みとめた{者|もの}だけなのです",
			"その{名|な}にはじないように<BREAK>これからも　いっそうの{努力|どりょく}を<BREAK>きたいしていますわ！",
			"\f"
		]
	},
	{
		"Index": 21,
		"JPN": [
			"もう　これからは<BREAK>そなたのセンスをひょうかする<BREAK>ひつようはありませんわね",
			"<CMD>18802700729b27000180</CMD><CMD>17802700729b270001802700048027000280</CMD><CMD>16802700729b27005581</CMD>{次回|じかい}からはそなたの<BREAK>{最近|さいきん}のかつやくだけを<BREAK>ひょうかすることにしますわ",
			"\f"
		]
	},
	{
		"Index": 22,
		"JPN": [
			"さて　わらわの{話|はなし}は<BREAK>これで{終|お}わりにします<BREAK>だいじん？",
			"\f"
		]
	},
	{
		"Index": 23,
		"JPN": [
			"……ハハッ！",
			"そなたのファッション{活動|かつどう}の<BREAK>ひょうかは　また{二週間後|にしゅうかんご}<BREAK>に{行|おこな}う{予定|よてい}である",
			"<CMD>f481</CMD>よ<BREAK><CMD>008027000380</CMD>ひめさま<CMD>008027000180</CMD>のきたいを<BREAK>うらぎらぬよう",
			"ファッション{活動|かつどう}に<BREAK>しょうじんするように",
			"では　<CMD>008027000380</CMD>ひめさま<CMD>008027000180</CMD>のひょうかは<BREAK>これにて{終|しゅう}りょうとする！",
			"\f"
		]
	},
	{
		"Index": 24,
		"JPN": [
			"[<CMD>530045004c003e005d0000006f306a305730923059308b30240013802700ffff</CMD>",
			"なんでもない<CMD>13802700ffff</CMD>",
			"ベリーズ<CMD>13802700ffff</CMD>",
			"ファッションショー<CMD>13802700ffff</CMD>",
			"ひょうかのはなし<CMD>13802700ffff</CMD>",
			"\f"
		]
	},
	{
		"Index": 25,
		"JPN": [
			"[<CMD>530045004c003e005d0000006f306a305730923059308b30240013802700ffff</CMD>",
			"なんでもない<CMD>13802700ffff</CMD>",
			"ベリーズ<CMD>13802700ffff</CMD>",
			"ファッションショー<CMD>13802700ffff</CMD>",
			"ブランドロゴ<CMD>13802700ffff</CMD>",
			"ひょうかのはなし<CMD>13802700ffff</CMD>",
			"\f"
		]
	},
	{
		"Index": 26,
		"JPN": [
			"<CMD>008027000380</CMD>ひめさま<CMD>008027000180</CMD>がやっている<BREAK>ファッションひょうかのこと？",
			"{私|わたし}はくわしく{知|し}らないけど<BREAK><CMD>008027000380</CMD>ひめさま<CMD>008027000180</CMD>があなたのことを<BREAK>{話|はな}してるのは{聞|き}いたことあるわ",
			"\f"
		]
	},
	{
		"Index": 27,
		"JPN": [
			"<CMD>008027000380</CMD>ひめさま<CMD>008027000180</CMD>はあなたのこと<BREAK><CMD>008027000880</CMD>おしゃれ{見習|みなら}い<CMD>008027000180</CMD><BREAK>と{言|い}っていたわ",
			"たしかに　{私|わたし}から{見|み}ても<BREAK>あなたはまだまだけいけんが<BREAK>{足|た}りないのよ",
			"<CMD>008027000380</CMD>ひめさま<CMD>008027000180</CMD>からみとめて<BREAK>もらうためにも　もっと<BREAK>がんばってくれないとね",
			"\f"
		]
	},
	{
		"Index": 28,
		"JPN": [
			"<CMD>008027000380</CMD>ひめさま<CMD>008027000180</CMD>はあなたのこと<BREAK><CMD>008027000880</CMD>１つ{星|ぼし}おしゃれリーダー<CMD>008027000180</CMD><BREAK>と{言|い}っていたわ",
			"いちおう　それなりに<BREAK>みとめてもらっている<BREAK>みたいじゃない",
			"ま　おしゃれリーダーって<BREAK>よばれる{人|ヒト}は　たくさんいるから",
			"あなたはその{中|なか}でも<BREAK>もっと{上|うえ}をめざすのよ<BREAK>わかってるわよね？",
			"\f"
		]
	},
	{
		"Index": 29,
		"JPN": [
			"<CMD>008027000380</CMD>ひめさま<CMD>008027000180</CMD>はあなたのこと<BREAK><CMD>008027000880</CMD>２つ{星|ぼし}おしゃれリーダー<CMD>008027000180</CMD><BREAK>と{言|い}っていたわ",
			"あなたもまあまあセンスを<BREAK>みがいてきてるみたいじゃない？",
			"でも　まだまだ{一流|いちりゅう}とは<BREAK>{言|い}えないわ　もっとセンスを<BREAK>みがくことね",
			"\f"
		]
	},
	{
		"Index": 30,
		"JPN": [
			"<CMD>008027000380</CMD>ひめさま<CMD>008027000180</CMD>はあなたのこと<BREAK><CMD>008027000880</CMD>３つ{星|ぼし}おしゃれリーダー<CMD>008027000180</CMD><BREAK>と{言|い}っていたわ",
			"<CMD>18802700729b27000680</CMD><CMD>17802700729b270001802700048027000080</CMD><CMD>16802700729b27007e81</CMD>どうやら<CMD>008027000380</CMD>ひめさま<CMD>008027000180</CMD>は　あなたに<BREAK>{他|ほか}の{人達|ひとたち}とはちがうセンスを<BREAK>{感|かん}じているみたいね",
			"<CMD>18802700729b27000180</CMD><CMD>17802700729b270001802700048027000280</CMD><CMD>16802700729b27005581</CMD>そのちょうし！<BREAK>こうなったら　トップを{目指|めざ}して<BREAK>つきすすみなさい！",
			"\f"
		]
	},
	{
		"Index": 31,
		"JPN": [
			"<CMD>008027000380</CMD>ひめさま<CMD>008027000180</CMD>はあなたのこと<BREAK><CMD>008027000880</CMD>４つ{星|ぼし}おしゃれリーダー<CMD>008027000180</CMD><BREAK>と{言|い}っていたわ",
			"<CMD>18802700729b27000180</CMD><CMD>17802700729b270001802700048027000280</CMD><CMD>16802700729b27005581</CMD>４つ{星|ぼし}ともなれば<BREAK>トップクラスとみとめられたのも<BREAK>どうぜんよ",
			"<CMD>18802700729b27000080</CMD><CMD>17802700729b270001802700048027000080</CMD>でも　まだゴールじゃないわ<BREAK>{気|き}をぬかないで<BREAK>{今|いま}まで{通|どう}りがんばるのよ",
			"\f"
		]
	},
	{
		"Index": 32,
		"JPN": [
			"<CMD>18802700729b27000180</CMD><CMD>17802700729b270001802700048027000280</CMD><CMD>16802700729b27005581</CMD><CMD>008027000380</CMD>ひめさま<CMD>008027000180</CMD>はあなたのこと<BREAK><CMD>008027000880</CMD>５つ{星|ぼし}おしゃれリーダー<CMD>008027000180</CMD><BREAK>と{言|い}っていたわ！",
			"これでセンスもけいけんも<BREAK>あなたにかなう{人|ヒト}はだれも<BREAK>いないという{事|こと}になったわね",
			"<CMD>18802700729b27000080</CMD><CMD>17802700729b270001802700048027000080</CMD>もう　{私|わたし}からつたえる<BREAK>こともないわ",
			"{自分|じぶん}のセンスを{信|しん}じて<BREAK>ファッションを{楽|たの}しみなさい",
			"\f"
		]
	},
	{
		"Index": 33,
		"JPN": [
			"<CMD>18802700729b27000080</CMD><CMD>17802700729b270001802700048027000080</CMD>ひょうかの{話|はなし}はこんなところね<BREAK>{他|ほか}に{用事|ようじ}はある？",
			"\f"
		]
	}
]