[
	{
		"Index": 0,
		"JPN": [
			"<CMD>18802700729b27000180</CMD><CMD>17802700729b270001802700048027000280</CMD><CMD>16802700729b27005581</CMD><CMD>008027000480</CMD>{新春大|しんしゅんダイ}とくしゅう<BREAK>{開運|かいうん}！　{和服|わふく}コーデ<BREAK>がテーマ<CMD>008027000180</CMD>だよ",
			"そういうテーマだから　とうぜん<BREAK>{和風|わふう}っぽい{服|ふく}をコーデに<BREAK>{入|い}れて…",
			"お{正月|しょうがつ}らしく<BREAK>{和風|わふう}にまとめるのが<BREAK>ポイントだね",
			"\f"
		]
	},
	{
		"Index": 1,
		"JPN": [
			"<CMD>18802700729b27000180</CMD><CMD>17802700729b270001802700048027000280</CMD><CMD>16802700729b27005581</CMD><CMD>008027000480</CMD>ふゆカワナチュラルもりって<BREAK>いうテーマ<CMD>008027000180</CMD>なんだ",
			"このテーマで<BREAK>{一番|いちばん}じゅうようなのは<BREAK>ナチュラルもりって{所|ところ}だね",
			"だから　ナチュラルな<BREAK>コーデを{作|つく}るのが<BREAK>ポイントだよ",
			"\f"
		]
	},
	{
		"Index": 2,
		"JPN": [
			"<CMD>18802700729b27000180</CMD><CMD>17802700729b270001802700048027000280</CMD><CMD>16802700729b27005581</CMD><CMD>008027000480</CMD>おしゃれに{着|き}こなす<BREAK>コートスタイル！って<BREAK>テーマ<CMD>008027000180</CMD>だよ",
			"ポイントは　あたしが<BREAK>せつめいするまでも<BREAK>ないよね？",
			"コートを{組|く}みこんだ<BREAK>すてきなコーデを<BREAK>{作|つく}り{出|だ}すことね",
			"\f"
		]
	},
	{
		"Index": 3,
		"JPN": [
			"<CMD>18802700729b27000180</CMD><CMD>17802700729b270001802700048027000280</CMD><CMD>16802700729b27005581</CMD><CMD>008027000480</CMD>モテ{力|りょく}を{上|あ}げる<BREAK>カワカッコイイとくしゅう<BREAK>がテーマ<CMD>008027000180</CMD>だよ",
			"キュートにしてみるとか<BREAK>ポップな{感|かん}じにするとか<BREAK>ナチュラルにきめるとか",
			"３つのスタイルのうちのどれかで<BREAK>カワイくしておいて<BREAK>カッコイイの{方|ほう}は…",
			"クールにきめるか<BREAK>スポーティにまとめるか<BREAK>ロック{風|ふう}にしてみるといいかもね",
			"とにかく　カワイイと<BREAK>カッコイイを{両立|りょうりつ}するの",
			"\f"
		]
	},
	{
		"Index": 4,
		"JPN": [
			"<CMD>18802700729b27000180</CMD><CMD>17802700729b270001802700048027000280</CMD><CMD>16802700729b27005581</CMD><CMD>008027000480</CMD>{雪|ゆき}のように…<BREAK>スノウホワイトで{美|うつく}しく！<BREAK>がテーマ<CMD>008027000180</CMD>だよ",
			"つまり　{雪|ゆき}みたいに<BREAK>きれいな{白|シロ}って<BREAK>ことだね",
			"とうぜん　{白色|シロ}をうまく<BREAK>{使|つか}いこなすことが　このコーデの<BREAK>ポイントになるわけだよ",
			"\f"
		]
	},
	{
		"Index": 5,
		"JPN": [
			"<CMD>18802700729b27000180</CMD><CMD>17802700729b270001802700048027000280</CMD><CMD>16802700729b27005581</CMD><CMD>008027000480</CMD>あったかコーデで<BREAK>{町|まち}に{出|で}かけよう！<BREAK>というテーマ<CMD>008027000180</CMD>だよ",
			"だから　{着|き}て<BREAK>あったかい{服|ふく}で<BREAK>ないと{話|はなし}にならない",
			"コートとかジャケットとか…<BREAK>あ　レギンスなんかもいいね",
			"そういうあったかい{服|ふく}を<BREAK>コーデに{入|い}れるのがポイントね",
			"\f"
		]
	},
	{
		"Index": 6,
		"JPN": [
			"<CMD>18802700729b27000180</CMD><CMD>17802700729b270001802700048027000280</CMD><CMD>16802700729b27005581</CMD><CMD>008027000480</CMD>バレンタインはオトナめコーデで<BREAK>ドキドキＭＡＸって<BREAK>いうテーマ<CMD>008027000180</CMD>だよ",
			"オトナめコーデって<BREAK>ちょっとムズカシイけど…",
			"クールな{感|かん}じにして<BREAK>エレガントにまとめるのが<BREAK>オトナっぽくするポイントだね",
			"\f"
		]
	},
	{
		"Index": 7,
		"JPN": [
			"<CMD>18802700729b27000180</CMD><CMD>17802700729b270001802700048027000280</CMD><CMD>16802700729b27005581</CMD><CMD>008027000480</CMD>モノトーンルックでコーデを<BREAK>ワンランクアップ！<BREAK>というのがテーマ<CMD>008027000180</CMD>だよ",
			"モノトーンっていうのは<BREAK>むかしの{白黒写真|シロクロしゃしん}みたいに<BREAK>{色|いろ}がついてないことだよね",
			"ということは　このテーマでは<BREAK>{白|シロ}や{黒|クロ}や　はい{色|いろ}を<BREAK>{使|つか}いこなせないとダメ",
			"その{三色|３しょく}のうちの２つを<BREAK>{使|つか}って　シブくきめるのが<BREAK>ポイントだね",
			"\f"
		]
	},
	{
		"Index": 8,
		"JPN": [
			"<CMD>18802700729b27000180</CMD><CMD>17802700729b270001802700048027000280</CMD><CMD>16802700729b27005581</CMD><CMD>008027000480</CMD>メチャかわコーデ　ピンクもり！<BREAK>がテーマ<CMD>008027000180</CMD>なんだ<BREAK>ピンクもりだよ　ピンクもり！",
			"ピンクを{使|つか}うのはもちろんだけど<BREAK>メチャかわにも{気|き}をつかってね",
			"コーデをカワイくするには<BREAK>いろんな{手|て}があるよ",
			"キュートな{感|かん}じにするとか…<BREAK>ポップなのをめざすのもいいし<BREAK>ナチュラルにしてもいいよね",
			"そして　ピンクのものを<BREAK>わすれないこと<BREAK>これがポイントだね",
			"\f"
		]
	},
	{
		"Index": 9,
		"JPN": [
			"<CMD>18802700729b27000180</CMD><CMD>17802700729b270001802700048027000280</CMD><CMD>16802700729b27005581</CMD><CMD>008027000480</CMD>スポーティコーデで<BREAK>{着|き}こなしメダリスト！！<BREAK>しゃれたテーマ<CMD>008027000180</CMD>だよね",
			"これは　あたしが<BREAK>せつめいするまでも<BREAK>ないんじゃない？",
			"とにかく　スポーティな<BREAK>イメージでコーデを<BREAK>{作|つく}るのがポイントだよ",
			"\f"
		]
	},
	{
		"Index": 10,
		"JPN": [
			"<CMD>18802700729b27000180</CMD><CMD>17802700729b270001802700048027000280</CMD><CMD>16802700729b27005581</CMD><CMD>008027000480</CMD>ホワイトデー！<BREAK>モテカワコーデで{一歩|いっぽ}リード！<BREAK>がテーマ<CMD>008027000180</CMD>だよ",
			"ホワイトデーのモテカワとなると<BREAK>ちょっとカワイイぐらいじゃ<BREAK>ダメだよね",
			"カワイイコーデと{言|い}ったら<BREAK>キュートか　ポップか<BREAK>ナチュラルだけど…",
			"３つのうち　せめて２つの<BREAK>スタイルをそなえていること<BREAK>それがポイントね",
			"\f"
		]
	},
	{
		"Index": 11,
		"JPN": [
			"<CMD>18802700729b27000180</CMD><CMD>17802700729b270001802700048027000280</CMD><CMD>16802700729b27005581</CMD><CMD>008027000480</CMD>あったかカラーのＨＡＰＰＹコーデ<BREAK>これがテーマ<CMD>008027000180</CMD>だよ",
			"あったかと{言|い}っても　この{場合|ばあい}<BREAK>{冬|ふゆ}の{服|ふく}のことじゃないから<BREAK>{気|き}をつけて",
			"{見|み}る{人|ヒト}に　あったかい<BREAK>{感|かん}じをあたえる{色|いろ}<BREAK>ってことだよ",
			"{赤|あか}とか　オレンジ　ピンク<BREAK>{黄色|きいろ}　{茶色|ちゃいろ}なんかが<BREAK>そういう{色|いろ}だね",
			"そんな　あたたかい{色|いろ}を<BREAK>{使|つか}うことがポイントだよ",
			"\f"
		]
	},
	{
		"Index": 12,
		"JPN": [
			"<CMD>18802700729b27000180</CMD><CMD>17802700729b270001802700048027000280</CMD><CMD>16802700729b27005581</CMD><CMD>008027000480</CMD>{春|はる}のびきゃく　レギンスコーデで<BREAK>しせんをくぎづけ！<BREAK>っていうテーマ<CMD>008027000180</CMD>なんだ",
			"つまり　{足|あし}をきれいに<BREAK>{見|み}せようってことだよね",
			"そのために　コーデには<BREAK>レギンスを{入|い}れることが<BREAK>ポイントだよ",
			"\f"
		]
	},
	{
		"Index": 13,
		"JPN": [
			"<CMD>18802700729b27000180</CMD><CMD>17802700729b270001802700048027000280</CMD><CMD>16802700729b27005581</CMD><CMD>008027000480</CMD>ベリーズが{見|み}つけた！<BREAK>スーパーコーデ葱<BREAK>がテーマ<CMD>008027000180</CMD>だよ",
			"うーん　こればっかりは<BREAK>あたしにも　コレが{答|こた}えだ！って<BREAK>{言|い}うのは　むずかしいな",
			"とにかく　どんなスタイルでも<BREAK>いいけど　そのスタイルを<BREAK>つきつめるんだよ",
			"なみのレベルでは<BREAK>ダメなんだ",
			"しいて{言|い}うなら<BREAK>スーパースタイルにすること<BREAK>それがポイントだよ",
			"\f"
		]
	},
	{
		"Index": 14,
		"JPN": [
			"<CMD>18802700729b27000180</CMD><CMD>17802700729b270001802700048027000280</CMD><CMD>16802700729b27005581</CMD><CMD>008027000480</CMD>{春|はる}のチュニックで<BREAK>お{出|で}かけコーデを{楽|たの}しむ<BREAK>というテーマ<CMD>008027000180</CMD>だよ",
			"お{出|で}かけコーデは<BREAK>そんなにむずかしく{考|かんが}える<BREAK>ことはないからね",
			"ポイントはチュニック<BREAK>それさえちゃんとコーデに<BREAK>{入|はい}っていれば　ほかは{自由|じゆう}だよ",
			"\f"
		]
	},
	{
		"Index": 15,
		"JPN": [
			"<CMD>18802700729b27000180</CMD><CMD>17802700729b270001802700048027000280</CMD><CMD>16802700729b27005581</CMD><CMD>008027000480</CMD>{新学期|しんがっき}<BREAK>せい{服着|ふくき}こなしむげん{大|ダイ}ＳＰ<BREAK>がテーマ<CMD>008027000180</CMD>だよ",
			"せい{服|ふく}そのものを<BREAK>{作|つく}れっていうわけでは<BREAK>ないけれど",
			"せい{服|ふく}っぽいスタイルに<BREAK>コーデをまとめることが<BREAK>ポイントだからね",
			"\f"
		]
	},
	{
		"Index": 16,
		"JPN": [
			"<CMD>18802700729b27000180</CMD><CMD>17802700729b270001802700048027000280</CMD><CMD>16802700729b27005581</CMD><CMD>008027000480</CMD>かわいさで{勝負|ショウブ}！<BREAK>ピンクカラーでキメ！<BREAK>がテーマ<CMD>008027000180</CMD>だよ",
			"カワイイにもいろいろあるけど<BREAK>この{場合|ばあい}は　キュートな{感|かん}じの<BREAK>カワイさだよね",
			"ピンクのアイテムを{使|つか}って<BREAK>コーデ{全体|ゼンタイ}が　キュートに<BREAK>なるようにするのがポイントだよ",
			"\f"
		]
	},
	{
		"Index": 17,
		"JPN": [
			"<CMD>18802700729b27000180</CMD><CMD>17802700729b270001802700048027000280</CMD><CMD>16802700729b27005581</CMD><CMD>008027000480</CMD>スイートな{気分|キブン}葱<BREAK>ピンク×グリーン<BREAK>というのがテーマ<CMD>008027000180</CMD>だね",
			"ピンクと{緑色|みどりいろ}<BREAK>どちらかかたほうだけでは<BREAK>ダメなんだよ",
			"ピンクと{緑|みどり}の{両方|りょうほう}を<BREAK>{組|く}み{合|あ}わせたコーデにするのが<BREAK>ポイントだよ",
			"\f"
		]
	},
	{
		"Index": 18,
		"JPN": [
			"<CMD>18802700729b27000180</CMD><CMD>17802700729b270001802700048027000280</CMD><CMD>16802700729b27005581</CMD><CMD>008027000480</CMD>これから{始|はじ}める{姉|あね}けい<BREAK>コーデテクニックって<BREAK>いうテーマ<CMD>008027000180</CMD>だよ",
			"{姉|あね}けいって{言|い}っても<BREAK>ピンとこない？",
			"うーん　{姉|あね}けいのコーデは<BREAK>キュートで　しかも<BREAK>エレガントっていう{感|かん}じかな",
			"だから　そういうスタイルの<BREAK>コーデにすることが<BREAK>ポイントだよ",
			"\f"
		]
	},
	{
		"Index": 19,
		"JPN": [
			"<CMD>18802700729b27000180</CMD><CMD>17802700729b270001802700048027000280</CMD><CMD>16802700729b27005581</CMD><CMD>008027000480</CMD>{美|び}チャージ　{春|はる}デニムでいく！<BREAK>というテーマ<CMD>008027000180</CMD>なんだ",
			"コーデにデニムを{使|つか}った<BREAK>{服|ふく}を{入|い}れることが<BREAK>ポイントってわけだよ",
			"デニムのコーデで<BREAK>{美|うつく}しさをさらに<BREAK>アップだよ！",
			"\f"
		]
	},
	{
		"Index": 20,
		"JPN": [
			"<CMD>18802700729b27000180</CMD><CMD>17802700729b270001802700048027000280</CMD><CMD>16802700729b27005581</CMD><CMD>008027000480</CMD>{注目|ちゅうもく}！<BREAK>みわくのこあくまコーデ<BREAK>がテーマ<CMD>008027000180</CMD>なんだよ",
			"ファッションで　こあくまの<BREAK>{感|かん}じを{出|だ}すには<BREAK>まずキュートなスタイルだね",
			"それにくわえて　ロックの<BREAK>コーデにすることが<BREAK>こあくまっぽくするポイントだよ",
			"\f"
		]
	},
	{
		"Index": 21,
		"JPN": [
			"<CMD>18802700729b27000180</CMD><CMD>17802700729b270001802700048027000280</CMD><CMD>16802700729b27005581</CMD><CMD>008027000480</CMD>おしゃれポイント！<BREAK>カラフルポップ♪って<BREAK>いうテーマ<CMD>008027000180</CMD>だよ",
			"これはもうズバリ<BREAK>ポップなコーデにすることが<BREAK>ポイントだね",
			"カラフルでポップなコーデを<BREAK>{作|つく}って　めだっちゃおう！",
			"\f"
		]
	},
	{
		"Index": 22,
		"JPN": [
			"<CMD>18802700729b27000180</CMD><CMD>17802700729b270001802700048027000280</CMD><CMD>16802700729b27005581</CMD><CMD>008027000480</CMD>まるわかり<BREAK>クールビューティースタイル<BREAK>というテーマ<CMD>008027000180</CMD>だよ",
			"とうぜん　クールなスタイルが<BREAK>もとめられるけど<BREAK>なみのクールさじゃダメなんだ",
			"クールで<BREAK>スーパースタイルであることが<BREAK>ポイントなんだよ",
			"\f"
		]
	},
	{
		"Index": 23,
		"JPN": [
			"<CMD>18802700729b27000180</CMD><CMD>17802700729b270001802700048027000280</CMD><CMD>16802700729b27005581</CMD><CMD>008027000480</CMD>ゆめ{見|み}るリボンの{恋|コイ}{物語|ものがたり}<BREAK>というテーマ<CMD>008027000180</CMD>だよ<BREAK>ステキなテーマ<CMD>008027000180</CMD>だよね",
			"このテーマでのポイントは<BREAK>ただ１つだよ",
			"それは　コーデに<BREAK>リボンを{使|つか}うこと<BREAK>わすれないようにね",
			"\f"
		]
	},
	{
		"Index": 24,
		"JPN": [
			"<CMD>18802700729b27000180</CMD><CMD>17802700729b270001802700048027000280</CMD><CMD>16802700729b27005581</CMD><CMD>008027000480</CMD>かっこいい！<BREAK>さいきょうコーデでリードしよっ！<BREAK>というのがテーマ<CMD>008027000180</CMD>だよ",
			"このテーマなら　クールにするか<BREAK>スポーティでせめるか<BREAK>あるいはロックのスタイルだね",
			"３つのスタイルのうち　２つを<BREAK>かねそなえたコーデで　カッコよく<BREAK>きめるのがポイントだよ",
			"\f"
		]
	},
	{
		"Index": 25,
		"JPN": [
			"<CMD>18802700729b27000180</CMD><CMD>17802700729b270001802700048027000280</CMD><CMD>16802700729b27005581</CMD><CMD>008027000480</CMD>きらめき{夏|なつ}キャミコーデ<BREAK>がテーマ<CMD>008027000180</CMD>だよ",
			"キャミ　つまり<BREAK>キャミソールを{使|つか}った<BREAK>コーデだね",
			"とうぜん　キャミソールを<BREAK>コーデに{入|い}れることが<BREAK>ポイントだよ",
			"\f"
		]
	},
	{
		"Index": 26,
		"JPN": [
			"<CMD>18802700729b27000180</CMD><CMD>17802700729b270001802700048027000280</CMD><CMD>16802700729b27005581</CMD><CMD>008027000480</CMD>ナチュラルコーデ<BREAK>{着|き}こなし１・２・３<BREAK>がテーマ<CMD>008027000180</CMD>だよ",
			"ナチュラルっていうのは<BREAK>しぜんってことだね",
			"コーデをナチュラルな<BREAK>スタイルにまとめることが<BREAK>ポイントだよ",
			"\f"
		]
	},
	{
		"Index": 27,
		"JPN": [
			"<CMD>18802700729b27000180</CMD><CMD>17802700729b270001802700048027000280</CMD><CMD>16802700729b27005581</CMD><CMD>008027000480</CMD>「かわいい」がカギ！<BREAK>サマーシャツＳＰ<BREAK>というテーマ<CMD>008027000180</CMD>だね",
			"キュートか　ポップか<BREAK>ナチュラルか　３つのスタイルの<BREAK>どれかでかわいくすること",
			"そして　シャツを{使|つか}うこと<BREAK>その２つをクリアすることが<BREAK>ポイントだよ",
			"\f"
		]
	},
	{
		"Index": 28,
		"JPN": [
			"<CMD>18802700729b27000180</CMD><CMD>17802700729b270001802700048027000280</CMD><CMD>16802700729b27005581</CMD><CMD>008027000480</CMD>クールにキメろ！<BREAK>{勝|か}ち{組|ぐみ}コーデって<BREAK>いうテーマ<CMD>008027000180</CMD>だよ",
			"このテーマでは　もちろん<BREAK>クールなスタイルにすることが<BREAK>ポイントだね",
			"クールなコーデで<BREAK>かっこよくキメちゃって！",
			"\f"
		]
	},
	{
		"Index": 29,
		"JPN": [
			"<CMD>18802700729b27000180</CMD><CMD>17802700729b270001802700048027000280</CMD><CMD>16802700729b27005581</CMD><CMD>008027000480</CMD>{夏本番|なつホンバン}<BREAK>モテカワコーデでキメッ<BREAK>がテーマ<CMD>008027000180</CMD>だね",
			"キュートにしあげるもよし<BREAK>ポップな{感|かん}じにするもよし<BREAK>ナチュラルにまとめてもよし",
			"３つのスタイルのうちの<BREAK>２つをかねそなえたコーデに<BREAK>するのがポイントだよ",
			"\f"
		]
	},
	{
		"Index": 30,
		"JPN": [
			"<CMD>18802700729b27000180</CMD><CMD>17802700729b270001802700048027000280</CMD><CMD>16802700729b27005581</CMD><CMD>008027000480</CMD>ボーダースタイル<BREAK>{着|き}こなしかいけつコーデって<BREAK>いうテーマ<CMD>008027000180</CMD>だね",
			"ボーダーっていうのは<BREAK>{横|よこ}じまの　ことだよ",
			"もともとは　ふちっていう{意味|いみ}で<BREAK>そで　すそなど　{服|ふく}のふちを<BREAK>{強調|きょうちょう}したもののことだけど",
			"{横|よこ}じまのもようも　{服|ふく}のふちを<BREAK>{強調|きょうちょう}するから<BREAK>ボーダーっていうんだよ",
			"とにかく　そのボーダーがらを<BREAK>コーデに{使|つか}うことが<BREAK>ポイントだよ",
			"\f"
		]
	},
	{
		"Index": 31,
		"JPN": [
			"<CMD>18802700729b27000180</CMD><CMD>17802700729b270001802700048027000280</CMD><CMD>16802700729b27005581</CMD><CMD>008027000480</CMD>みずいろ{大|だい}スキ葱<BREAK>{夏|なつ}のすずしげコーデ！<BREAK>というのがテーマ<CMD>008027000180</CMD>だね",
			"もちろん　こういうテーマなら<BREAK>{水色|みずいろ}を{使|つか}いこなせないと<BREAK>{話|はなし}にならないよ",
			"コーデに　{水色|みずいろ}のものが<BREAK>ふくまれていること<BREAK>それがポイントだね",
			"\f"
		]
	},
	{
		"Index": 32,
		"JPN": [
			"<CMD>18802700729b27000180</CMD><CMD>17802700729b270001802700048027000280</CMD><CMD>16802700729b27005581</CMD><CMD>008027000480</CMD>{和物|わもの}コーデ{大|ダイ}ばんぱく<BREAK>がテーマ<CMD>008027000180</CMD>だよ",
			"{和風|わふう}っぽい{服|ふく}を<BREAK>コーデに　うまく{取|と}り{入|い}れる<BREAK>ことがポイントだよ",
			"{和風|わふう}って　{落|お}ち{着|つ}いた<BREAK>{感|かん}じがしていいよね",
			"\f"
		]
	},
	{
		"Index": 33,
		"JPN": [
			"<CMD>18802700729b27000180</CMD><CMD>17802700729b270001802700048027000280</CMD><CMD>16802700729b27005581</CMD><CMD>008027000480</CMD>かっこよく{決|き}める<BREAK>サマースタイルって<BREAK>いうテーマ<CMD>008027000180</CMD>だね",
			"{夏|なつ}はやっぱりスポーティに<BREAK>またはロックっぽく<BREAK>あるいはクールな{感|かん}じでいくとか",
			"３つのスタイルのうち<BREAK>２つをかねそなえていることが<BREAK>ポイントだよ",
			"\f"
		]
	},
	{
		"Index": 34,
		"JPN": [
			"<CMD>18802700729b27000180</CMD><CMD>17802700729b270001802700048027000280</CMD><CMD>16802700729b27005581</CMD><CMD>008027000480</CMD>ふりふりフリルで<BREAK>ルンルン♪{気分|キブン}って<BREAK>テーマ<CMD>008027000180</CMD>だよ",
			"フリルのついた{服|ふく}って<BREAK>かわいくて　いいよね",
			"あ　もちろん　フリルを{使|つか}った<BREAK>コーデにすることが<BREAK>{今回|こんかい}のポイントだよ",
			"\f"
		]
	},
	{
		"Index": 35,
		"JPN": [
			"<CMD>18802700729b27000180</CMD><CMD>17802700729b270001802700048027000280</CMD><CMD>16802700729b27005581</CMD><CMD>008027000480</CMD>きらめきロックコーデ<BREAK>ゲキアツとくしゅう<BREAK>がテーマ<CMD>008027000180</CMD>だよ",
			"そう　{今回|こんかい}はズバリ！<BREAK>ロックっぽいスタイルに<BREAK>キメることがポイントだね",
			"ロック{歌手|かしゅ}みたいな<BREAK>だいたんなコーデを<BREAK>{期待|きたい}するよ",
			"\f"
		]
	},
	{
		"Index": 36,
		"JPN": [
			"<CMD>18802700729b27000180</CMD><CMD>17802700729b270001802700048027000280</CMD><CMD>16802700729b27005581</CMD><CMD>008027000480</CMD>スタイリッシュコーデ<BREAK>てっていマスターって<BREAK>いうテーマ<CMD>008027000180</CMD>だからね",
			"クールか　スポーティか<BREAK>ロックな{感|かん}じか",
			"この３つのスタイルのうち<BREAK>２つは　かねそなえたコーデに<BREAK>することがポイントだよ",
			"\f"
		]
	},
	{
		"Index": 37,
		"JPN": [
			"<CMD>18802700729b27000180</CMD><CMD>17802700729b270001802700048027000280</CMD><CMD>16802700729b27005581</CMD><CMD>008027000480</CMD>キュートに{決|き}めて<BREAK>おしゃれ{力|リョク}をランクＵＰ！<BREAK>というのがテーマ<CMD>008027000180</CMD>だよ",
			"ポイントは{言|い}うまでもなく<BREAK>キュートなスタイルに<BREAK>することだね",
			"いわば　きほんだけど<BREAK>それだけに<BREAK>おくが{深|ふか}いよ",
			"\f"
		]
	},
	{
		"Index": 38,
		"JPN": [
			"<CMD>18802700729b27000180</CMD><CMD>17802700729b270001802700048027000280</CMD><CMD>16802700729b27005581</CMD><CMD>008027000480</CMD>スポーティに{着|き}こなせ！<BREAK>{秋|あき}コーデでカワイさＭＡＸ！<BREAK>がテーマ<CMD>008027000180</CMD>だね",
			"とうぜん　スポーティなコーデで<BREAK>ないといけないんだけど<BREAK>それだけではダメなんだ",
			"キュート　ポップ　ナチュラルの<BREAK>３つのかわいいスタイルのうち<BREAK>どれか１つはひつようだね",
			"そのどれかと　スポーティの<BREAK>{両方|りょうほう}を　{合|あ}わせもつことが<BREAK>{今回|こんかい}のポイントだよ",
			"\f"
		]
	},
	{
		"Index": 39,
		"JPN": [
			"<CMD>18802700729b27000180</CMD><CMD>17802700729b270001802700048027000280</CMD><CMD>16802700729b27005581</CMD><CMD>008027000480</CMD>オレンジブラウン<BREAK>ｃｏｌｌｅｃｔｉｏｎって<BREAK>テーマ<CMD>008027000180</CMD>だよ",
			"ブラウンは{茶色|ちゃいろ}のことだから<BREAK>つまりオレンジと{茶色|ちゃいろ}を<BREAK>{使|つか}うことがポイントだね",
			"どちらか１つだけじゃダメで<BREAK>オレンジと{茶色|ちゃいろ}の<BREAK>{両方|りょうほう}を{使|つか}うんだよ",
			"\f"
		]
	},
	{
		"Index": 40,
		"JPN": [
			"<CMD>18802700729b27000180</CMD><CMD>17802700729b270001802700048027000280</CMD><CMD>16802700729b27005581</CMD><CMD>008027000480</CMD>{大注目|ダイちゅうもく}！<BREAK>{秋|あき}のスタンダード<BREAK>{着|き}まわしとくしゅうがテーマ<CMD>008027000180</CMD>だよ",
			"{秋|あき}のスタンダード！<BREAK>そうだなー　たとえば",
			"ごうかだったり　かしこまった<BREAK>ふんいきの{服|ふく}は<BREAK>エレガントに　みえるよね",
			"ふだん{着|ぎ}のような<BREAK>カジュアルな{服|ふく}は<BREAK>スタンダードになるんじゃないかな",
			"スタンダードな<BREAK>スタイルにすることが<BREAK>{今回|こんかい}のポイントだね",
			"\f"
		]
	},
	{
		"Index": 41,
		"JPN": [
			"<CMD>18802700729b27000180</CMD><CMD>17802700729b270001802700048027000280</CMD><CMD>16802700729b27005581</CMD><CMD>008027000480</CMD>{流行|りゅうこう}エレガントスタイル<BREAK>せいぞろい！って<BREAK>テーマ<CMD>008027000180</CMD>だよ",
			"もちろんエレガントな<BREAK>コーデでないといけないけど<BREAK>{少|すこ}しぐらいじゃダメ",
			"なみのエレガントではなく<BREAK>チョー　エレガントでないとね",
			"スーパースタイルと<BREAK>{言|い}われるぐらい　エレガントを<BREAK>きわめるのがポイントね",
			"\f"
		]
	},
	{
		"Index": 42,
		"JPN": [
			"<CMD>18802700729b27000180</CMD><CMD>17802700729b270001802700048027000280</CMD><CMD>16802700729b27005581</CMD><CMD>008027000480</CMD><CMD>18802700729b27000180</CMD><CMD>17802700729b270001802700048027000280</CMD><CMD>16802700729b27005581</CMD><CMD>008027000480</CMD>{赤色|あかいろ}コーデで<BREAK>{秋|あき}をエンジョイ！？って<BREAK>いうテーマ<CMD>008027000180</CMD>だね",
			"もちろん　コーデに<BREAK>{赤|あか}を{使|つか}うことが<BREAK>ポイントだよ",
			"{赤|あか}って　きれいだけど<BREAK>{使|つか}い{方|かた}がむずかしい{色|いろ}だから<BREAK>うでの{見|み}せどころだね",
			"\f"
		]
	},
	{
		"Index": 43,
		"JPN": [
			"<CMD>18802700729b27000180</CMD><CMD>17802700729b270001802700048027000280</CMD><CMD>16802700729b27005581</CMD><CMD>008027000480</CMD>イタズラしちゃうぞ～<BREAK>ハロウィンコーデとくしゅうって<BREAK>テーマ<CMD>008027000180</CMD>だよ",
			"{今回|こんかい}のポイントは　コーデを<BREAK>フシギなスタイルにすること",
			"ちょっとかわった<BREAK>フシギなコーデを<BREAK>{作|つく}ってみるといいよ",
			"\f"
		]
	},
	{
		"Index": 44,
		"JPN": [
			"<CMD>18802700729b27000180</CMD><CMD>17802700729b270001802700048027000280</CMD><CMD>16802700729b27005581</CMD><CMD>008027000480</CMD>デキるオトナの<BREAK>クールジャケット<BREAK>がテーマ<CMD>008027000180</CMD>だよ",
			"スタイルはクールな<BREAK>{感|かん}じにすること",
			"それと　かならずジャケットを<BREAK>{使|つか}うこと<BREAK>ポイントはその２つだね",
			"\f"
		]
	},
	{
		"Index": 45,
		"JPN": [
			"<CMD>18802700729b27000180</CMD><CMD>17802700729b270001802700048027000280</CMD><CMD>16802700729b27005581</CMD><CMD>008027000480</CMD>エレガントスタイル　コレクション<BREAK>がテーマ<CMD>008027000180</CMD>だよ",
			"ということは　いかに<BREAK>エレガントなコーデにするか<BREAK>それだけを{考|かんが}えればいいんだ",
			"コーデをエレガントに<BREAK>まとめることが<BREAK>ポイントだよ",
			"\f"
		]
	},
	{
		"Index": 46,
		"JPN": [
			"<CMD>18802700729b27000180</CMD><CMD>17802700729b270001802700048027000280</CMD><CMD>16802700729b27005581</CMD><CMD>008027000480</CMD>ちょうせん！<BREAK>スーパーかっこイイｓｔｙｌｅって<BREAK>テーマ<CMD>008027000180</CMD>だよ",
			"かっこいいコーデにするには<BREAK>スポーティかロック　あるいは<BREAK>クールなスタイルにすることだね",
			"ただカッコイイというだけなら<BREAK>３つのスタイルのうち<BREAK>どれかがあればいいけど",
			"でも　この{場合|ばあい}は<BREAK>スーパーかっこイイ<BREAK>がテーマだからね",
			"３つのスタイルのどれかで<BREAK>スーパースタイルでないと<BREAK>ダメだよ",
			"\f"
		]
	},
	{
		"Index": 47,
		"JPN": [
			"<CMD>18802700729b27000180</CMD><CMD>17802700729b270001802700048027000280</CMD><CMD>16802700729b27005581</CMD><CMD>008027000480</CMD>ジャケットコーデ<BREAK>クールにアピール！って<BREAK>いうテーマ<CMD>008027000180</CMD>なんだ",
			"まあそう{聞|き}けば　ポイントは<BREAK>だいたいわかると{思|おも}うけど<BREAK>",
			"コーデがクールなスタイルで<BREAK>あることと　ジャケットを<BREAK>{使|つか}っていることだよ",
			"\f"
		]
	},
	{
		"Index": 48,
		"JPN": [
			"<CMD>18802700729b27000180</CMD><CMD>17802700729b270001802700048027000280</CMD><CMD>16802700729b27005581</CMD><CMD>008027000480</CMD>{冬|ふゆ}のクールガール<BREAK>ブルーコーデｄｅキメ！って<BREAK>いうテーマ<CMD>008027000180</CMD>だよ",
			"ポイントは　かっこよく<BREAK>クールにきめること<BREAK>そして{青|あお}い{色|いろ}を{使|つか}うことだね",
			"クールと{青|あお}　どちらが<BREAK>かけてもダメだよ",
			"\f"
		]
	},
	{
		"Index": 49,
		"JPN": [
			"<CMD>18802700729b27000180</CMD><CMD>17802700729b270001802700048027000280</CMD><CMD>16802700729b27005581</CMD><CMD>008027000480</CMD>さわやかな{色|いろ}で{作|つく}る<BREAK>すっきり！　スリムコーデ<BREAK>がテーマ<CMD>008027000180</CMD>だよ",
			"{色|いろ}には　あたたかいイメージの<BREAK>{色|いろ}と　クールないんしょうの<BREAK>さわやかな{色|いろ}があるよね",
			"たとえば{赤|あか}は　あたたかい{色|いろ}で<BREAK>{青|あお}はさわやかな{色|いろ}",
			"このテーマでは<BREAK>さわやかな{色|いろ}を{使|つか}うことが<BREAK>ポイントになるわけだよ",
			"{青|あお}　{水色|みずいろ}　{緑|みどり}　むらさき<BREAK>といった　さわやかな{色|いろ}を<BREAK>コーデに{使|つか}うといいよ",
			"\f"
		]
	},
	{
		"Index": 50,
		"JPN": [
			"<CMD>18802700729b27000180</CMD><CMD>17802700729b270001802700048027000280</CMD><CMD>16802700729b27005581</CMD><CMD>008027000480</CMD>クリスマスは{赤|あか}で{勝負|しょうぶ}！<BREAK>テーマ<CMD>008027000180</CMD>はこれだよ",
			"うん　やっぱり<BREAK>クリスマスといえばサンタ<BREAK>サンタといえば{赤|あか}だよね",
			"{言|い}うまでもなく<BREAK>コーデに{赤|あか}を{使|つか}うことが<BREAK>ポイントだよ",
			"\f"
		]
	},
	{
		"Index": 51,
		"JPN": [
			"<CMD>18802700729b27000180</CMD><CMD>17802700729b270001802700048027000280</CMD><CMD>16802700729b27005581</CMD><CMD>008027000480</CMD>パーティーシーズンとうらい！<BREAK>フォーマルコーデ{大研究|ダイけんきゅう}！<BREAK>っていうテーマ<CMD>008027000180</CMD>なんだよ",
			"フォーマルってのは<BREAK>あらたまった{場所|ばしょ}で<BREAK>{着|き}る{服|ふく}のことだからね",
			"やっぱり{正式|せいしき}なパーティーは<BREAK>くだけた{服|ふく}じゃダメ<BREAK>フォーマルでないとね",
			"フォーマルな{感|かん}じの{服|ふく}を<BREAK>コーデに{入|い}れることが<BREAK>ポイントだよ",
			"\f"
		]
	},
	{
		"Index": 52,
		"JPN": [
			"<CMD>18802700729b27000180</CMD><CMD>17802700729b270001802700048027000280</CMD><CMD>16802700729b27005581</CMD><CMD>498227006380</CMD>でえらぼう！<BREAK>さい{新|しん}コーデのすすめ<BREAK>がテーマだよ",
			"<CMD>498227006380</CMD>が<BREAK>ポイントだから<BREAK>わかりやすいね",
			"<CMD>498227006380</CMD>を{使|つか}ったコーデを<BREAK>くふうして{作|つく}ってみると<BREAK>いいんじゃない？",
			"\f"
		]
	},
	{
		"Index": 53,
		"JPN": [
			"<CMD>18802700729b27000380</CMD><CMD>17802700729b270001802700048027000080</CMD><CMD>16802700729b27003081</CMD><CMD>008027000480</CMD>{和風|わふう}というのがテーマ<CMD>008027000180</CMD>なのに<BREAK>このコーデには{和風|わふう}なものが<BREAK>{使|つか}われていないね",
			"なにも{全部|ぜんぶ}を{和風|わふう}にする<BREAK>ひつようはないけど",
			"ちょっと{和風|わふう}のものを<BREAK>{入|い}れるだけで　{和風|わふう}の<BREAK>コーデになるんだよ",
			"\f"
		]
	},
	{
		"Index": 54,
		"JPN": [
			"<CMD>18802700729b27000380</CMD><CMD>17802700729b270001802700048027000080</CMD><CMD>16802700729b27003081</CMD>{今回|こんかい}は<CMD>008027000480</CMD>コートがテーマ<CMD>008027000180</CMD><BREAK>なんだよ？",
			"<CMD>f481</CMD>のコーデには<BREAK>コートが{使|つか}われていない",
			"コートを{組|く}み{合|あ}わせて<BREAK>コーデを{作|つく}り{直|なお}すと<BREAK>いいんじゃないかな",
			"\f"
		]
	},
	{
		"Index": 55,
		"JPN": [
			"<CMD>18802700729b27000380</CMD><CMD>17802700729b270001802700048027000080</CMD><CMD>16802700729b27003081</CMD><CMD>f481</CMD><BREAK>このコーデは　あんまり<BREAK>あったかそうじゃないよ",
			"<CMD>008027000480</CMD>あったかいコートかジャケット<BREAK>あるいはレギンス<CMD>008027000180</CMD>を<BREAK>コーデに{入|い}れた{方|ほう}がいいね",
			"{今回|こんかい}のテーマは<BREAK>そういうあったかい{服|ふく}を<BREAK>{使|つか}うことなんだから",
			"\f"
		]
	},
	{
		"Index": 56,
		"JPN": [
			"<CMD>18802700729b27000380</CMD><CMD>17802700729b270001802700048027000080</CMD><CMD>16802700729b27003081</CMD>うーん<BREAK><CMD>f481</CMD>のコーデは<BREAK><CMD>008027000480</CMD>レギンスを{使|つか}っていない<CMD>008027000180</CMD>ね",
			"レギンスを{使|つか}うことが<BREAK>{今回|こんかい}のテーマなんだよ",
			"レギンスをうまく<BREAK>コーデに{組|く}みこんで<BREAK>まとめるといいよ",
			"\f"
		]
	},
	{
		"Index": 57,
		"JPN": [
			"<CMD>18802700729b27000580</CMD><CMD>17802700729b27000a8027000a8027000180</CMD><CMD>16802700729b27002d81</CMD>あれ<BREAK>このコーデには<BREAK><CMD>008027000480</CMD>チュニックが{入|はい}ってない<CMD>008027000180</CMD>よ",
			"チュニックを{使|つか}っている<BREAK>コーデでないと　{今回|こんかい}の<BREAK>テーマに{合|あ}わないじゃない",
			"<CMD>f481</CMD>なら　チュニックを<BREAK>{使|つか}った　いいコーデを<BREAK>{作|つく}れると{思|おも}うんだけどな",
			"\f"
		]
	},
	{
		"Index": 58,
		"JPN": [
			"{今回|こんかい}のテーマは<BREAK><CMD>008027000480</CMD>デニムの{服|ふく}<CMD>008027000180</CMD>なんだけどな",
			"<CMD>18802700729b27000380</CMD><CMD>17802700729b270001802700048027000080</CMD><CMD>16802700729b27003081</CMD><CMD>f481</CMD>の　そのコーデには<BREAK>どこにもデニムが{使|つか}われて<BREAK>いないように{見|み}えるよ？",
			"{方向性自体|ほうこうせいじたい}は<BREAK>{悪|ワル}くないから",
			"デニムを{使|つか}って<BREAK>{作|つく}り{直|なお}してみたらどうかな",
			"\f"
		]
	},
	{
		"Index": 59,
		"JPN": [
			"<CMD>18802700729b27000380</CMD><CMD>17802700729b270001802700048027000080</CMD><CMD>16802700729b27003081</CMD>うーん<BREAK><CMD>f481</CMD>のコーデは<BREAK>テーマに{合|あ}っていないね",
			"だって　<CMD>008027000480</CMD>{今回|こんかい}のテーマは<BREAK>ゆめ{見|み}るリボンの{恋|コイ}{物語|ものがたり}<CMD>008027000180</CMD>",
			"なんだよ？",
			"せっかくだから<BREAK>リボンをつかって　おしゃれを<BREAK>アピールしてみようよ！",
			"\f"
		]
	},
	{
		"Index": 60,
		"JPN": [
			"<CMD>18802700729b27000380</CMD><CMD>17802700729b270001802700048027000080</CMD><CMD>16802700729b27003081</CMD><CMD>f481</CMD>のこのコーデも<BREAK>{悪|ワル}くはないんだけど<BREAK><CMD>008027000480</CMD>キャミを{使|つか}ってない<CMD>008027000180</CMD>ね",
			"キャミソールを{使|つか}うことが<BREAK>{今回|こんかい}のテーマだから<BREAK>これではちょっとね…",
			"キャミを{使|つか}って<BREAK>おしゃれなコーデを<BREAK>{作|つく}ってみるといいよ",
			"\f"
		]
	},
	{
		"Index": 61,
		"JPN": [
			"<CMD>18802700729b27000380</CMD><CMD>17802700729b270001802700048027000080</CMD><CMD>16802700729b27003081</CMD><CMD>008027000480</CMD>ボーダーがテーマ<CMD>008027000180</CMD>なのに<BREAK>そのかんじんの<BREAK>ボーダーが{入|はい}っていないね",
			"ボーダーがらの{服|ふく}を<BREAK>コーデに{組|く}みこまなきゃ",
			"ボーダーってわかってるよね？<BREAK>{横|ヨコ}じまのがらだからね",
			"\f"
		]
	},
	{
		"Index": 62,
		"JPN": [
			"<CMD>18802700729b27000380</CMD><CMD>17802700729b270001802700048027000080</CMD><CMD>16802700729b27003081</CMD><CMD>f481</CMD>のコーデは<BREAK><CMD>008027000480</CMD>ぜんぜん{和風|わふう}って{感|かん}じが<BREAK>しない<CMD>008027000180</CMD>ね",
			"かんじんなテーマなのに<BREAK>{和風|わふう}のものをどこにも{使|つか}って<BREAK>いないからだよ",
			"どこかに{和風|わふう}のものを<BREAK>{入|い}れると　ぜんぜんちがうのに<BREAK>もったいないな",
			"\f"
		]
	},
	{
		"Index": 63,
		"JPN": [
			"<CMD>18802700729b27000580</CMD><CMD>17802700729b27000a8027000a8027000180</CMD><CMD>16802700729b27002d81</CMD><CMD>f481</CMD><BREAK><CMD>008027000480</CMD>フリル<CMD>008027000180</CMD>はどこ？",
			"{今回|こんかい}のテーマはフリルなのに<BREAK>それを{入|い}れわすれるなんて<BREAK>うっかりさんだね",
			"{次|つぎ}は　わすれずに<BREAK>フリルを{使|つか}ったコーデを<BREAK>{作|つく}ってよ",
			"\f"
		]
	},
	{
		"Index": 64,
		"JPN": [
			"<CMD>18802700729b27000080</CMD><CMD>17802700729b2700088027000a8027000180</CMD><CMD>16802700729b27006981</CMD><CMD>f481</CMD><BREAK>そのコーデは<BREAK>ちょっとちがうんじゃない？",
			"<CMD>18802700729b27000380</CMD><CMD>17802700729b270001802700048027000080</CMD><CMD>16802700729b27003081</CMD><CMD>008027000480</CMD>フォーマルな{服|ふく}<CMD>008027000180</CMD>をコーデに<BREAK>{入|い}れることが　{今回|こんかい}の<BREAK>テーマなのに",
			"どこにもフォーマルなものを<BREAK>{使|つか}っていないじゃない",
			"パーティーに{着|き}ていけるような<BREAK>フォーマルなコーデを<BREAK>{作|つく}ってみてよ",
			"\f"
		]
	},
	{
		"Index": 65,
		"JPN": [
			"<CMD>18802700729b27000380</CMD><CMD>17802700729b270001802700048027000080</CMD><CMD>16802700729b27003081</CMD>{今回|こんかい}は<CMD>008027000480</CMD>モノトーンがテーマ<CMD>008027000180</CMD>で<BREAK>{白|しろ}　{黒|くろ}　はい{色|いろ}の<BREAK>{使|つか}い{方|かた}がポイントだよ",
			"このコーデは　そのうち１つを<BREAK>{使|つか}っているのはいいんだけど<BREAK>それだけじゃ　たりないな",
			"{白|しろ}　{黒|くろ}　はい{色|いろ}のうち<BREAK>{二色|２しょく}は{使|つか}わないと<BREAK>テーマに{合|あ}わないよ",
			"\f"
		]
	},
	{
		"Index": 66,
		"JPN": [
			"<CMD>18802700729b27000380</CMD><CMD>17802700729b270001802700048027000080</CMD><CMD>16802700729b27003081</CMD><CMD>f481</CMD>のこのコーデは<BREAK>すごく　おしいって{感|かん}じだよ",
			"{使|つか}っている{色|いろ}の{一部|いちぶ}は<BREAK>いいんだけど",
			"それと　あと　もう{一色|いっしょく}を<BREAK>{組|く}み{合|あ}わせれば<BREAK>もっとよくなるね",
			"<CMD>18802700729b27000180</CMD><CMD>17802700729b270001802700048027000280</CMD><CMD>16802700729b27005581</CMD><CMD>008027000480</CMD>ピンクと{緑|みどり}を{組|く}み{合|あ}わせた<BREAK>コーデ<CMD>008027000180</CMD>にすれば<BREAK>バッチリだと{思|おも}うよ",
			"\f"
		]
	},
	{
		"Index": 67,
		"JPN": [
			"<CMD>18802700729b27000380</CMD><CMD>17802700729b270001802700048027000080</CMD><CMD>16802700729b27003081</CMD>うーん<BREAK>なんていうか<BREAK>あと{少|すこ}しなんだけどな",
			"<CMD>f481</CMD>のこのコーデは<BREAK>あと{一色|いっしょく}<BREAK>たりないって{感|かん}じだよ",
			"<CMD>008027000480</CMD>オレンジと{茶色|ちゃいろ}<CMD>008027000180</CMD>を<BREAK>{組|く}み{合|あ}わせれば<BREAK>テーマに{合|あ}ったコーデになるのに",
			"\f"
		]
	},
	{
		"Index": 68,
		"JPN": [
			"<CMD>18802700729b27000380</CMD><CMD>17802700729b270001802700048027000080</CMD><CMD>16802700729b27003081</CMD>このコーデは<BREAK><CMD>008027000480</CMD>モノトーン<CMD>008027000180</CMD>っていうテーマに<BREAK>{合|あ}っていないね",
			"{白|しろ}　{黒|くろ}　はい{色|いろ}のうち<BREAK>{二色|２しょく}を{組|く}み{合|あ}わせて<BREAK>{使|つか}ってやれば",
			"テーマにも{合|あ}っていて<BREAK>シブいコーデが<BREAK>できると{思|おも}うんだけどな",
			"\f"
		]
	},
	{
		"Index": 69,
		"JPN": [
			"<CMD>18802700729b27000380</CMD><CMD>17802700729b270001802700048027000080</CMD><CMD>16802700729b27003081</CMD><CMD>f481</CMD>のコーデには<BREAK>ピンクも{緑|みどり}も<BREAK>{使|つか}われていないよ",
			"この{色|いろ}も{悪|ワル}くはないけど<BREAK>{今回|こんかい}のテーマには<BREAK>{合|あ}っていないね",
			"<CMD>008027000480</CMD>ピンクと{緑|みどり}<CMD>008027000180</CMD>を<BREAK>{組|く}み{合|あ}わせたコーデが<BREAK>{今回|こんかい}のテーマだからね",
			"\f"
		]
	},
	{
		"Index": 70,
		"JPN": [
			"<CMD>18802700729b27000380</CMD><CMD>17802700729b270001802700048027000080</CMD><CMD>16802700729b27003081</CMD>{悪|ワル}いってわけじゃないけど<BREAK>なんで{今|いま}<BREAK>この{色|いろ}を{使|つか}うかなぁ？",
			"{今|いま}ならやっぱり<BREAK><CMD>008027000480</CMD>オレンジと{茶色|ちゃいろ}<CMD>008027000180</CMD>だよ",
			"その{二色|２しょく}を{組|く}み{合|あ}わせて<BREAK>コーデを{作|つく}れば　{秋|あき}らしい<BREAK>コーデができると{思|おも}うよ",
			"\f"
		]
	},
	{
		"Index": 71,
		"JPN": [
			"<CMD>18802700729b27000380</CMD><CMD>17802700729b270001802700048027000080</CMD><CMD>16802700729b27003081</CMD>このコーデには<BREAK><CMD>008027000480</CMD>{白|しろ}が{使|つか}われていない<CMD>008027000180</CMD>ね",
			"{今|いま}　もとめられているのは<BREAK>きれいな{白|しろ}い{服|ふく}のコーデ<BREAK>じゃないのかな",
			"どこかに{白|しろ}を{使|つか}うだけでも<BREAK>コーデがしまって<BREAK>いい{感|かん}じになると{思|おも}うよ",
			"\f"
		]
	},
	{
		"Index": 72,
		"JPN": [
			"<CMD>18802700729b27000380</CMD><CMD>17802700729b270001802700048027000080</CMD><CMD>16802700729b27003081</CMD>あったかいイメージの{色|いろ}を<BREAK>コーデに{使|つか}うことが<BREAK>{今回|こんかい}のテーマだったよね",
			"この{色|いろ}も{悪|ワル}くないけど<BREAK>あったかい{色|いろ}ってわけじゃ<BREAK>ないね",
			"<CMD>008027000480</CMD>{赤|あか}とか{茶色|ちゃいろ}とか<BREAK>ピンクとかオレンジ<CMD>008027000180</CMD>とかが<BREAK>あったかい{色|いろ}だよ",
			"そのうち{一|１}つでも<BREAK>{使|つか}うといいんじゃないかな",
			"\f"
		]
	},
	{
		"Index": 73,
		"JPN": [
			"<CMD>18802700729b27000380</CMD><CMD>17802700729b270001802700048027000080</CMD><CMD>16802700729b27003081</CMD>このコーデには<BREAK>どこにも　<CMD>008027000480</CMD>{水色|みずいろ}が<BREAK>{使|つか}われていない<CMD>008027000180</CMD>ね",
			"それが{悪|ワル}いってわけじゃ<BREAK>ないけど　テーマには<BREAK>{合|あ}ってないよ",
			"それに　{水色|みずいろ}を{使|つか}えば<BREAK>{夏|なつ}らしい　すずしげな<BREAK>コーデになるんじゃないかな",
			"\f"
		]
	},
	{
		"Index": 74,
		"JPN": [
			"{悪|ワル}くはないけれど<BREAK>この{色|いろ}は　{今回|こんかい}の<BREAK>テーマには{合|あ}っていないね",
			"{今回|こんかい}のテーマは<BREAK><CMD>008027000480</CMD>{赤|あか}を{使|つか}うこと<CMD>008027000180</CMD>だよ",
			"<CMD>18802700729b27000180</CMD><CMD>17802700729b270001802700048027000280</CMD><CMD>16802700729b27005581</CMD>それに　{赤|あか}い{色|いろ}を{使|つか}うと<BREAK>{秋|あき}らしいコーデになって<BREAK>いいと{思|おも}うしね",
			"\f"
		]
	},
	{
		"Index": 75,
		"JPN": [
			"<CMD>18802700729b27000380</CMD><CMD>17802700729b270001802700048027000080</CMD><CMD>16802700729b27003081</CMD>{今回|こんかい}はさわやかな{色|いろ}を<BREAK>{使|つか}うことがテーマだけど",
			"<CMD>f481</CMD>のコーデには<BREAK>そういう{色|いろ}は<BREAK>{使|つか}われていないね",
			"<CMD>008027000480</CMD>{青|あお}とか　{水色|みずいろ}　{緑|みどり}<BREAK>むらさき<CMD>008027000180</CMD><BREAK>そのうちの１つでいいから",
			"コーデに{使|つか}うと<BREAK>いいと{思|おも}うよ",
			"\f"
		]
	},
	{
		"Index": 76,
		"JPN": [
			"<CMD>18802700729b27000380</CMD><CMD>17802700729b270001802700048027000080</CMD><CMD>16802700729b27003081</CMD><CMD>f481</CMD>のえらんだ{色|いろ}も<BREAK>{悪|ワル}いわけじゃないけど",
			"クリスマスの{近|ちか}いこの{時期|じき}<BREAK>コーデには　どこかに<BREAK>あの{色|いろ}を{使|つか}わないとね",
			"そう　<CMD>008027000480</CMD>{赤|あか}をコーデに<BREAK>{入|い}れる<CMD>008027000180</CMD>と　もっと<BREAK>よくなると{思|おも}うよ",
			"\f"
		]
	},
	{
		"Index": 77,
		"JPN": [
			"<CMD>18802700729b27000380</CMD><CMD>17802700729b270001802700048027000080</CMD><CMD>16802700729b27003081</CMD><CMD>f481</CMD>のコーデは<BREAK>なんだか　スタイルが<BREAK>{別|ベツ}の{方向性|ほうこうせい}に",
			"こってる{感|かん}じだね",
			"それも{悪|ワル}いわけじゃないけど<BREAK><CMD>008027000480</CMD>しぜんな{感|かん}じの{服|ふく}<CMD>008027000180</CMD>を<BREAK>{取|と}り{入|い}れると",
			"もっとよくなると{思|おも}うな",
			"もっと　ナチュラルな<BREAK>コーデを{目指|めざ}してみたら<BREAK>どうかな？",
			"\f"
		]
	},
	{
		"Index": 78,
		"JPN": [
			"<CMD>18802700729b27000380</CMD><CMD>17802700729b270001802700048027000080</CMD><CMD>16802700729b27003081</CMD><CMD>f481</CMD>のコーデの<BREAK>スタイルもいいんだけど<BREAK>テーマには{合|あ}ってないね",
			"{今回|こんかい}のテーマは<BREAK><CMD>008027000480</CMD>スポーティなスタイル<CMD>008027000180</CMD><BREAK>だから",
			"もっと{動|うご}きやすい<BREAK>スポーティなコーデを<BREAK>{作|つく}ってみてはどうかな",
			"\f"
		]
	},
	{
		"Index": 79,
		"JPN": [
			"<CMD>18802700729b27000380</CMD><CMD>17802700729b270001802700048027000080</CMD><CMD>16802700729b27003081</CMD><CMD>f481</CMD>のコーデは<BREAK><CMD>008027000480</CMD>せい{服|ふく}っぽくない<CMD>008027000180</CMD>ね",
			"それも{悪|ワル}いわけじゃないけど<BREAK>{今|いま}は　もっと　せい{服|ふく}っぽい<BREAK>スタイルがいいよ",
			"せい{服|ふく}みたいな{感|かん}じを<BREAK>いしきして　コーデを<BREAK>{作|つく}ってみるといいよ",
			"\f"
		]
	},
	{
		"Index": 80,
		"JPN": [
			"<CMD>18802700729b27000380</CMD><CMD>17802700729b270001802700048027000080</CMD><CMD>16802700729b27003081</CMD>うーん<BREAK><CMD>f481</CMD>のコーデは<BREAK>はじけかたが　たりないなぁ",
			"もっと　<CMD>008027000480</CMD>ウキウキするような<BREAK>ポップなスタイル<CMD>008027000180</CMD>のコーデに<BREAK>してみない？",
			"ポップなコーデは{楽|たの}しいし<BREAK>{受|う}けると{思|おも}うよ",
			"\f"
		]
	},
	{
		"Index": 81,
		"JPN": [
			"<CMD>18802700729b27000380</CMD><CMD>17802700729b270001802700048027000080</CMD><CMD>16802700729b27003081</CMD><CMD>f481</CMD>のコーデも<BREAK>いいんだけど",
			"{今|いま}　もとめられているのは<BREAK>もっと<CMD>008027000480</CMD>ナチュラルな<BREAK>スタイル<CMD>008027000180</CMD>じゃないかな",
			"さりげない　ナチュラルな<BREAK>コーデにしあげた{方|ほう}が<BREAK>もっとよくなるよ",
			"\f"
		]
	},
	{
		"Index": 82,
		"JPN": [
			"<CMD>18802700729b27000380</CMD><CMD>17802700729b270001802700048027000080</CMD><CMD>16802700729b27003081</CMD>{今回|こんかい}のポイントは<BREAK>クールにキメること<BREAK>なんだけど…",
			"そのコーデは<BREAK>クールさが<BREAK>たりない{感|かん}じだね",
			"<CMD>f481</CMD>なら<BREAK>もっと<CMD>008027000480</CMD>クールなコーデ<CMD>008027000180</CMD>が<BREAK>できると{思|おも}うけどな",
			"\f"
		]
	},
	{
		"Index": 83,
		"JPN": [
			"<CMD>18802700729b27000380</CMD><CMD>17802700729b270001802700048027000080</CMD><CMD>16802700729b27003081</CMD><CMD>f481</CMD><BREAK>{今回|こんかい}のポイントは<BREAK><CMD>008027000480</CMD>ロックのスタイル<CMD>008027000180</CMD>だよ",
			"なのに　そのコーデは<BREAK>ロックという{感|かん}じでは<BREAK>ないね",
			"みんながおどろくぐらい<BREAK>もっとロックっぽいコーデで<BREAK>キメないとね",
			"\f"
		]
	},
	{
		"Index": 84,
		"JPN": [
			"<CMD>18802700729b27000380</CMD><CMD>17802700729b270001802700048027000080</CMD><CMD>16802700729b27003081</CMD><CMD>f481</CMD>のそのコーデも<BREAK>{悪|ワル}くはないんだけど<BREAK><CMD>008027000480</CMD>あまりキュートじゃない<CMD>008027000180</CMD>よ",
			"キュートに{決|き}めるというのが<BREAK>{今回|こんかい}のテーマだから<BREAK>{合|あ}ってないね",
			"もっともっと<BREAK>{見|み}るからにキュートって<BREAK>{感|かん}じにした{方|ほう}がいいな",
			"\f"
		]
	},
	{
		"Index": 85,
		"JPN": [
			"<CMD>18802700729b27000380</CMD><CMD>17802700729b270001802700048027000080</CMD><CMD>16802700729b27003081</CMD><CMD>f481</CMD><BREAK>{今回|こんかい}は<CMD>008027000480</CMD>スタンダードなコーデ<CMD>008027000180</CMD>に<BREAK>することがポイントだよ",
			"だけど　そのコーデは<BREAK>なぜか　スタンダードって<BREAK>{感|かん}じがしないね",
			"もう{少|すこ}し　スタンダードという<BREAK>スタイルを　いしきした{方|ほう}が<BREAK>いいんじゃないかな",
			"\f"
		]
	},
	{
		"Index": 86,
		"JPN": [
			"<CMD>18802700729b27000380</CMD><CMD>17802700729b270001802700048027000080</CMD><CMD>16802700729b27003081</CMD>ハロウィンには　{少|すこ}しかわった<BREAK>フシギな{感|かん}じのする<BREAK>コーデを{着|き}たいよね",
			"<CMD>f481</CMD>のコーデは<BREAK>そのフシギっていう<BREAK>{感|かん}じが　かけているよ",
			"もっと{思|おも}いきって<BREAK><CMD>008027000480</CMD>フシギなスタイルのコーデ<CMD>008027000180</CMD>に<BREAK>してみたらどうかな",
			"\f"
		]
	},
	{
		"Index": 87,
		"JPN": [
			"<CMD>18802700729b27000380</CMD><CMD>17802700729b270001802700048027000080</CMD><CMD>16802700729b27003081</CMD>こう{言|い}ってはなんだけど<BREAK><CMD>f481</CMD>のこのコーデは<BREAK>{気品|きひん}がイマイチっていうか…",
			"つまり　{一言|ひとこと}で{言|い}うと<BREAK><CMD>008027000480</CMD>エレガントでない<CMD>008027000180</CMD>んだよ",
			"エレガントなスタイルであることが<BREAK>{今回|こんかい}のテーマだから<BREAK>これはちょっとちがうかも",
			"\f"
		]
	},
	{
		"Index": 88,
		"JPN": [
			"<CMD>18802700729b27000380</CMD><CMD>17802700729b270001802700048027000080</CMD><CMD>16802700729b27003081</CMD>そのコーデだと　{全体|ぜんたい}の<BREAK>イメージが　{半分|ハンブン}だけ<BREAK>{合|あ}ってるみたいなんだよね",
			"<CMD>008027000480</CMD>カワイイとカッコイイの<BREAK>{両方|りょうほう}<CMD>008027000180</CMD>でないといけないのに<BREAK>１つしか　みたしていない",
			"カワイくするには<BREAK>キュートか　ポップか<BREAK>ナチュラルのどれかで",
			"カッコイイの{方|ほう}は<BREAK>クールか　スポーティか<BREAK>ロックにするといいよ",
			"むずかしいかもしれないけど<BREAK>{両立|りょうりつ}させるのが<BREAK>うでの{見|み}せどころだよ",
			"\f"
		]
	},
	{
		"Index": 89,
		"JPN": [
			"<CMD>18802700729b27000380</CMD><CMD>17802700729b270001802700048027000080</CMD><CMD>16802700729b27003081</CMD>{今|いま}　もとめられているのは<BREAK><CMD>008027000480</CMD>クールで　{同時|どうじ}に<BREAK>エレガント<CMD>008027000180</CMD>なコーデだよ",
			"<CMD>f481</CMD>のコーデは<BREAK>そのうちの{一方|いっぽう}だけ<BREAK>クリアしているね",
			"もう１つの{方|ほう}も<BREAK>うまく{取|と}り{入|い}れれば<BREAK>カンペキになるよ",
			"\f"
		]
	},
	{
		"Index": 90,
		"JPN": [
			"<CMD>18802700729b27000380</CMD><CMD>17802700729b270001802700048027000080</CMD><CMD>16802700729b27003081</CMD><CMD>008027000480</CMD>キュート　ポップ　ナチュラル<CMD>008027000180</CMD><BREAK>カワイイコーデにするには<BREAK>この３つのスタイルのどれかだね",
			"<CMD>f481</CMD>のコーデは<BREAK>そのうちの１つだから<BREAK>たしかにカワイイよ",
			"でも　これでもまだ<BREAK>ちょっと　カワイさが<BREAK>たりないかな",
			"あともう１つ　カワイイ<BREAK>スタイルをかねそなえていれば<BREAK>もっとよくなると{思|おも}うんだ",
			"\f"
		]
	},
	{
		"Index": 91,
		"JPN": [
			"<CMD>18802700729b27000380</CMD><CMD>17802700729b270001802700048027000080</CMD><CMD>16802700729b27003081</CMD>{今|いま}のテーマは　{姉|あね}けいだけど<BREAK><CMD>f481</CMD>のコーデは<BREAK>ちょっと　おしい{感|かん}じだね",
			"もうちょっとで　{姉|あね}けいって<BREAK>{感|かん}じになるのに",
			"<CMD>008027000480</CMD>{姉|あね}けいのコーデのポイントは<BREAK>キュートで　しかもエレガント<CMD>008027000180</CMD><BREAK>なことだよ",
			"そのうちの１つは　みたしている<BREAK>のだから　もう１つも<BREAK>うまく{組|く}み{合|あ}わせるといいよ",
			"\f"
		]
	},
	{
		"Index": 92,
		"JPN": [
			"<CMD>18802700729b27000380</CMD><CMD>17802700729b270001802700048027000080</CMD><CMD>16802700729b27003081</CMD><CMD>f481</CMD>のコーデ<BREAK>いいところをついているけど<BREAK>まだ　ふみこみが　あまいかな",
			"もう{少|すこ}しで　テーマの<BREAK>こあくまっぽくなりそう",
			"<CMD>008027000480</CMD>キュートで　ロックな{感|かん}じが<BREAK>こあくまの<CMD>008027000180</CMD>ポイントだから<BREAK>{半分|ハンブン}はできているんだよね",
			"あとのもう１つも<BREAK>うまく{組|く}み{合|あ}わせれば<BREAK>もっとよくなると{思|おも}うよ",
			"\f"
		]
	},
	{
		"Index": 93,
		"JPN": [
			"<CMD>18802700729b27000380</CMD><CMD>17802700729b270001802700048027000080</CMD><CMD>16802700729b27003081</CMD>このコーデもカッコイイけど<BREAK><CMD>f481</CMD>なら　もっと<BREAK>かっこいいのが　できると{思|おも}うな",
			"カッコイイコーデのきほんは<BREAK><CMD>008027000480</CMD>クールか　スポーティか<BREAK>またはロック<CMD>008027000180</CMD>なスタイルだよね",
			"このコーデは　そのうちの１つ<BREAK>だけど　あと１つ　かねそなえて<BREAK>いれば　バッチリだと{思|おも}う",
			"\f"
		]
	},
	{
		"Index": 94,
		"JPN": [
			"<CMD>18802700729b27000380</CMD><CMD>17802700729b270001802700048027000080</CMD><CMD>16802700729b27003081</CMD>このコーデも　カワイイけど<BREAK>どうせなら　もっと<BREAK>よくばっちゃおうよ",
			"カワイイコーデのきほんは<BREAK><CMD>008027000480</CMD>キュートか　ポップか<BREAK>ナチュラル<CMD>008027000180</CMD>なスタイルだよね",
			"これは　そのうちの１つでは<BREAK>あるけど　そこに<BREAK>もう１つくわえて",
			"<CMD>008027000480</CMD>カワイイスタイルを　２つ<CMD>008027000180</CMD><BREAK>{合|あ}わせもつコーデにすれば<BREAK>もっとよくなるよ",
			"\f"
		]
	},
	{
		"Index": 95,
		"JPN": [
			"<CMD>18802700729b27000180</CMD><CMD>17802700729b270001802700048027000280</CMD><CMD>16802700729b27005581</CMD>このコーデもカッコイイんだけど<BREAK>もっと　チョーかっこよく<BREAK>しちゃおうよ",
			"<CMD>008027000480</CMD>クールに　スポーティに<BREAK>あるいはロックな{感|かん}じ<CMD>008027000180</CMD>の<BREAK>スタイルにするんだよ",
			"もちろんこれも　そのスタイルの<BREAK>１つだけど",
			"もう１つ{合|あ}わせもつと<BREAK>チョーかっこいいコーデに<BREAK>なると{思|おも}うよ",
			"\f"
		]
	},
	{
		"Index": 96,
		"JPN": [
			"{今回|こんかい}は　<CMD>008027000480</CMD>クール　スポーティ<BREAK>ロックの３つのスタイルのうち<BREAK>２つがひつよう<CMD>008027000180</CMD>なんだけど",
			"<CMD>18802700729b27000380</CMD><CMD>17802700729b270001802700048027000080</CMD><CMD>16802700729b27003081</CMD>これだと　そのうちの<BREAK>１つだけだよね",
			"むずかしいかもしれないけど<BREAK>２つのスタイルをかねそなえた<BREAK>コーデを{作|つく}ってみて",
			"\f"
		]
	},
	{
		"Index": 97,
		"JPN": [
			"うーん　{今回|こんかい}のテーマは<BREAK>{少|すこ}し　ややこしいからね",
			"<CMD>008027000480</CMD>キュート　ポップ　ナチュラルの<BREAK>３つのスタイルのうちのどれかと<BREAK>スポーティ<CMD>008027000180</CMD>",
			"<CMD>18802700729b27000380</CMD><CMD>17802700729b270001802700048027000080</CMD><CMD>16802700729b27003081</CMD>その{組|く}み{合|あ}わせでないと<BREAK>いけないんだけど<BREAK>これは１つしかできていないよ",
			"でもぎゃくに{言|い}えば　{半分|ハンブン}は<BREAK>クリアしているんだから<BREAK>あと　もう{少|すこ}しだよ",
			"\f"
		]
	},
	{
		"Index": 98,
		"JPN": [
			"{今回|こんかい}のテーマでは<BREAK><CMD>008027000480</CMD>カワイイとカッコイイを<BREAK>{両立|りょうりつ}<CMD>008027000180</CMD>しないといけないけど",
			"<CMD>18802700729b27000380</CMD><CMD>17802700729b270001802700048027000080</CMD><CMD>16802700729b27003081</CMD>そのコーデは　どちらも<BREAK>みたしていないようだね",
			"まあ　かなりむずかしい<BREAK>テーマだから<BREAK>しかたないよ",
			"カワイくするには<BREAK>キュートか　ポップか<BREAK>ナチュラルのどれかで",
			"カッコイイの{方|ほう}は<BREAK>クールか　スポーティか<BREAK>ロックにするといいよ",
			"\f"
		]
	},
	{
		"Index": 99,
		"JPN": [
			"{今|いま}　もとめられているのは<BREAK><CMD>008027000480</CMD>クールで　{同時|どうじ}に<BREAK>エレガン<CMD>008027000180</CMD>トなコーデだよ",
			"<CMD>18802700729b27000380</CMD><CMD>17802700729b270001802700048027000080</CMD><CMD>16802700729b27003081</CMD><CMD>f481</CMD>のコーデは<BREAK>ざんねんながら<BREAK>そのどちらでもないね",
			"クールで　それでいて<BREAK>エレガントなコーデを<BREAK>{考|かんが}えてみてよ",
			"\f"
		]
	}
]