[
	{
		"Index": 0,
		"JPN": [
			"<CMD>18802700729b27000180</CMD><CMD>17802700729b2700ad802700068027000280</CMD><CMD>16802700729b27005581</CMD>やあ　はじめまして<BREAK>わたしは<CMD>008027000380</CMD>クーシー<CMD>008027000180</CMD>",
			"ようこそ　わがしろ…いや　みせへ<BREAK>よおおおく　{見|み}ていきたまえ",
			"{君|きみ}には{分|わ}からないだろうが<BREAK>すーばらしいモノばかりだ",
			"たとえ　{買|か}えないとしても<BREAK>{目|め}のほようには　なるだろう",
			"\f"
		]
	},
	{
		"Index": 1,
		"JPN": [
			"<CMD>18802700729b27000180</CMD><CMD>17802700729b2700ad802700068027000280</CMD><CMD>16802700729b27005581</CMD>やあ　あけまして　おめでとう<BREAK>さあ　すーばらしいお{年玉|としだま}だ<BREAK>すきなモノを{買|か}ってくれたまえ<CMD>3a802700e883</CMD>",
			"\f"
		]
	},
	{
		"Index": 2,
		"JPN": [
			"<CMD>18802700729b27000180</CMD><CMD>17802700729b2700ad802700068027000280</CMD><CMD>16802700729b27005581</CMD>なにか{気|き}になる<BREAK>すーばらしいモノがあったら<BREAK>{呼|よ}んでくれたまえ",
			"\f"
		]
	},
	{
		"Index": 3,
		"JPN": [
			"<CMD>18802700729b27000180</CMD><CMD>17802700729b2700ad802700068027000280</CMD><CMD>16802700729b27005581</CMD>わたしの{店|みせ}では<BREAK>ほかの{店|みせ}では{手|て}に{入|はい}りにくい<BREAK>すーばらしいモノばかりだ",
			"\f"
		]
	},
	{
		"Index": 4,
		"JPN": [
			"<CMD>18802700729b27000080</CMD><CMD>17802700729b2700b28027000a8027000180</CMD><CMD>16802700729b27006981</CMD>{気|き}に{入|い}ったモノはあったかね",
			"たとえ{買|か}えなくても<BREAK>すーばらしいモノがわかる<BREAK>かんかくを{大切|たいせつ}にしたまえ",
			"\f"
		]
	},
	{
		"Index": 5,
		"JPN": [
			"<CMD>18802700729b27000180</CMD><CMD>17802700729b2700ad802700068027000280</CMD><CMD>16802700729b27005581</CMD>やあ　どうだい<BREAK>すーばらしいモノが<BREAK>そろっているだろう",
			"{君|きみ}にもこのすーばらしさが<BREAK>わかる{日|ひ}が<BREAK>きっとくるのであろうな",
			"\f"
		]
	},
	{
		"Index": 6,
		"JPN": [
			"<CMD>18802700729b27000780</CMD><CMD>17802700729b2700b18027000a8027000180</CMD>もう{閉店|へいてん}の{時間|じかん}ではないか<BREAK>またこんど{来|き}てくれたまえ",
			"\f"
		]
	},
	{
		"Index": 7,
		"JPN": [
			"<CMD>18802700729b27000080</CMD><CMD>17802700729b2700b28027000a8027000180</CMD><CMD>16802700729b27006981</CMD>ほう<BREAK>それにするのだね？",
			"それは<CMD>1c8227000480</CMD><BREAK>というもので<BREAK><CMD>1d8227000480</CMD>リッチだ",
			"<CMD>13802700e4b7</CMD>",
			"\f"
		]
	},
	{
		"Index": 8,
		"JPN": [
			"<CMD>3780</CMD>",
			"かう",
			"かわない",
			"\f"
		]
	},
	{
		"Index": 9,
		"JPN": [
			"{君|きみ}もなかなか<BREAK>わかっているみたいではないか",
			"\f"
		]
	},
	{
		"Index": 10,
		"JPN": [
			"<CMD>18802700729b27000180</CMD><CMD>17802700729b2700ad802700068027000280</CMD><CMD>16802700729b27005581</CMD>ほかのも　すーばらしいぞ<BREAK>ゆーっくり　{見|み}ていきたまえ",
			"\f"
		]
	},
	{
		"Index": 11,
		"JPN": [
			"<CMD>18802700729b27000580</CMD><CMD>17802700729b2700aa8027000a8027000180</CMD><CMD>16802700729b27002d81</CMD>なんだ<BREAK>リッチがふそくしているではないか<BREAK>",
			"\f"
		]
	},
	{
		"Index": 12,
		"JPN": [
			"<CMD>18802700729b27000580</CMD><CMD>17802700729b2700aa8027000a8027000180</CMD><CMD>16802700729b27002d81</CMD>なんだ<BREAK>もちものがいーっぱいではないか<BREAK>",
			"\f"
		]
	},
	{
		"Index": 13,
		"JPN": [
			"<CMD>18802700729b27000180</CMD><CMD>17802700729b2700ad802700068027000280</CMD><CMD>16802700729b27005581</CMD>まあまあ　ほかにもあるので<BREAK>ゆっくり　{見|み}ていきたまえ",
			"\f"
		]
	},
	{
		"Index": 14,
		"JPN": [
			"<CMD>18802700729b27000180</CMD><CMD>17802700729b2700ad802700068027000280</CMD><CMD>16802700729b27005581</CMD>やあ　いらっしゃい<BREAK>ウチは　こうきゅうな{店|みせ}だが…<BREAK>まあ　じーっくり　{見|み}ていきたまえ",
			"\f"
		]
	},
	{
		"Index": 15,
		"JPN": [
			"<CMD>18802700729b27000180</CMD><CMD>17802700729b2700ad802700068027000280</CMD><CMD>16802700729b27005581</CMD>また<BREAK>きても　よいぞー",
			"\f"
		]
	},
	{
		"Index": 17,
		"JPN": [
			"<CMD>18802700729b27000180</CMD><CMD>17802700729b2700ad802700068027000280</CMD><CMD>16802700729b27005581</CMD>やあ　{君|きみ}はだれだい？<BREAK>まぶしすぎて　よーく{見|み}えないね",
			"\f"
		]
	}
]