[
	{
		"Index": 0,
		"JPN": [
			"では　<CMD>f481</CMD>よ",
			"これより　そなたの<BREAK>お{店|みせ}のひょうかを　わたしめが<BREAK>かわって{読|よ}み{上|あ}げますぞ",
			"\f"
		]
	},
	{
		"Index": 5,
		"JPN": [
			"そなたは　すべてのフェアで<BREAK>ゆうしゅうな　せいせきを<BREAK>のこしましたな",
			"その　いぎょうをたたえ<BREAK>もりあげマイスターの<BREAK>しょうごうと…",
			"ほうびとして<BREAK><CMD>008027000480</CMD>トロフィー<CMD>008027000180</CMD>をさずける",
			"\f"
		]
	},
	{
		"Index": 6,
		"JPN": [
			"そなたは　{長|なが}い{間|あいだ}<BREAK>{人気商品|にんきしょうひん}を<BREAK>{作|つく}りつづけましたな",
			"その　いぎょうをたたえ<BREAK>りゅうこうマイスターの<BREAK>しょうごうと…",
			"ほうびとして<BREAK><CMD>008027000480</CMD>トロフィー<CMD>008027000180</CMD>をさずける",
			"\f"
		]
	},
	{
		"Index": 7,
		"JPN": [
			"お{店|みせ}を{開|ひら}いてから<BREAK>{今|いま}までのりえきが…",
			"とうとう　100{万|まん}リッチを<BREAK>とっぱしたそうですな",
			"その　いぎょうをたたえ<BREAK>セールスマイスターの<BREAK>しょうごうと…",
			"ほうびとして<BREAK><CMD>008027000480</CMD>トロフィー<CMD>008027000180</CMD>をさずける",
			"\f"
		]
	},
	{
		"Index": 8,
		"JPN": [
			"そなたは　アイドルとして<BREAK>その{歌声|うたごえ}で　おおぜいの{人|ひと}を<BREAK>{幸|しあわ}せにしてきたそうですな",
			"こくみんから<BREAK>{話|はなし}は{聞|き}いておりますぞ",
			"その　いぎょうをたたえ<BREAK>アイドルマイスターの<BREAK>しょうごうと…",
			"ほうびとして<BREAK><CMD>008027000480</CMD>トロフィー<CMD>008027000180</CMD>をさずける",
			"\f"
		]
	},
	{
		"Index": 9,
		"JPN": [
			"そなたの{店|みせ}には<BREAK>とても{多|おお}くの<BREAK>おとくいさまがいると…",
			"こくみんから<BREAK>{話|はなし}は{聞|き}いておりますぞ",
			"その　いぎょうをたたえ<BREAK>おとくいマイスターの<BREAK>しょうごうと…",
			"ほうびとして<BREAK><CMD>008027000480</CMD>トロフィー<CMD>008027000180</CMD>をさずける",
			"\f"
		]
	},
	{
		"Index": 10,
		"JPN": [
			"そなたは　すべてのレシピの<BREAK>{商品|しょうひん}をさくせいした<BREAK>ようですな",
			"その　いぎょうをたたえ<BREAK>レシピマイスターの<BREAK>しょうごうと…",
			"ほうびとして<BREAK><CMD>008027000480</CMD>トロフィー<CMD>008027000180</CMD>をさずける",
			"\f"
		]
	},
	{
		"Index": 12,
		"JPN": [
			"そなたは　お{店|みせ}のかいちくを<BREAK>なんども{行|おこ}ない<BREAK>みなのお{手本|てほん}となりましたな",
			"こくみんから<BREAK>{話|はなし}は{聞|き}いておりますぞ",
			"その　いぎょうをたたえ<BREAK>デコマイスターの<BREAK>しょうごうと…",
			"ほうびとして<BREAK><CMD>008027000480</CMD>トロフィー<CMD>008027000180</CMD>をさずける",
			"\f"
		]
	},
	{
		"Index": 13,
		"JPN": [
			"そなたは　どりょくのけっか<BREAK><CMD>008027000380</CMD>へいか<CMD>008027000180</CMD>のごようたしを<BREAK>{何度|なんど}も{受|う}けていますな",
			"その　いぎょうをたたえ<BREAK>ごようたしマイスターの<BREAK>しょうごうと…",
			"ほうびとして<BREAK><CMD>008027000480</CMD>トロフィー<CMD>008027000180</CMD>をさずける",
			"\f"
		]
	},
	{
		"Index": 21,
		"JPN": [
			"おや　どうやら<BREAK>もちものが　いっぱいの{様子|ようす}…",
			"では　<CMD>008027000480</CMD>トロフィー<CMD>008027000180</CMD>は<BREAK>あずかっておきましょう",
			"{受|う}け{取|と}りたい{時|とき}は<BREAK>わたしめに{話|はな}しかけ…",
			"<CMD>008027000880</CMD>トロフィーをうけとる<CMD>008027000180</CMD>を<BREAK>えらぶのですぞ",
			"\f"
		]
	},
	{
		"Index": 22,
		"JPN": [
			"おお　おあずかりしていた<BREAK><CMD>008027000480</CMD>トロフィー<CMD>008027000180</CMD>ですな",
			"それでは　あらためて<BREAK><CMD>008027000480</CMD>トロフィー<CMD>008027000180</CMD>をさずけましょうぞ",
			"\f"
		]
	},
	{
		"Index": 23,
		"JPN": [
			"まだ　おあずかりしている<BREAK><CMD>008027000480</CMD>トロフィー<CMD>008027000180</CMD>があるようですな",
			"\f"
		]
	},
	{
		"Index": 24,
		"JPN": [
			"…ひょうかできることが<BREAK>{何|なに}もないですな",
			"{今後|こんご}のはたらきに<BREAK>{期待|きたい}するとしますぞ",
			"\f"
		]
	},
	{
		"Index": 25,
		"JPN": [
			"…おや　{今回|こんかい}は<BREAK>マイスターひょうかが<BREAK>{少|すこ}しも{上|あ}がらないようですな",
			"{次|つぎ}はせめて　マイスターランクが<BREAK>ひとつは{上|あ}がるよう<BREAK>がんばるのですぞ",
			"\f"
		]
	},
	{
		"Index": 26,
		"JPN": [
			"うむ　これからもがんばるのですぞ",
			"\f"
		]
	},
	{
		"Index": 27,
		"JPN": [
			"{今|いま}あずかっている<CMD>008027000480</CMD>トロフィー<CMD>008027000180</CMD>は<BREAK>{何|なに}もないようですな",
			"\f"
		]
	},
	{
		"Index": 29,
		"JPN": [
			"<CMD>f481</CMD>てんちょう<BREAK><CMD>008027000380</CMD>おうさま<CMD>008027000180</CMD>から　だいじなはなしが<BREAK>あるから<CMD>008027000580</CMD>おしろ<CMD>008027000180</CMD>にくるようにと",
			"ことづてをあずかったニャ！<BREAK>きっと　マイスターひょうかの<BREAK>はなしニャ",
			"いますぐいくニャ？",
			"<CMD>13802700dfab</CMD>",
			"\f"
		]
	},
	{
		"Index": 30,
		"JPN": [
			"<CMD>3780</CMD>",
			"いく<CMD>13802700e0ab</CMD>",
			"いかない<CMD>13802700e1ab</CMD>",
			"\f"
		]
	},
	{
		"Index": 31,
		"JPN": [
			"じゃあ　<CMD>008027000380</CMD>おうさま<CMD>008027000180</CMD>のところへ<BREAK>さっそくいくニャ！",
			"\f"
		]
	},
	{
		"Index": 32,
		"JPN": [
			"ニャ！　じゃあ<BREAK>あとでちゃんといくニャ！",
			"\f"
		]
	},
	{
		"Index": 33,
		"JPN": [
			"ここで　<CMD>f481</CMD>への<BREAK>でんごんがあるので<BREAK>{聞|き}いてみますかな？",
			"\f"
		]
	},
	{
		"Index": 34,
		"JPN": [
			"こくみんからの<BREAK>でんごんを　つたえますぞ",
			"なんでも　いらいを<BREAK>せいこうさせてくれて<BREAK>とても　たすかったとか",
			"こくみんからのしんらいを<BREAK>えたようですな<BREAK>かんしんしましたぞ",
			"そこで　<CMD>f481</CMD>には<BREAK>さいしんの　こうぼうのデザインを<BREAK>{使|つか}えるよう{手配|てはい}しましたぞ",
			"こうぼうにもどったら<BREAK>かくにんしてみると<BREAK>よいですな",
			"これをはげみに<BREAK>さらに　うでを<BREAK>みがくのですぞ",
			"\f"
		]
	},
	{
		"Index": 35,
		"JPN": [
			"{大工|だいく}の<CMD>008027000380</CMD>げんぞう<CMD>008027000180</CMD>さんより<BREAK>とてもなかよくしてもらっていると<BREAK>ほうこくがありましたぞ",
			"おれいとして　<CMD>008027000380</CMD>げんぞう<CMD>008027000180</CMD>さんが<BREAK>{新|あたら}しい　こうぼうのデザインを<BREAK>{考|かんが}えたとか",
			"こうぼうにもどったら<BREAK>かくにんしてみると<BREAK>よいですな",
			"\f"
		]
	},
	{
		"Index": 36,
		"JPN": [
			"<CMD>008027000380</CMD>{校長先生|こうちょうせんせい}<CMD>008027000180</CMD>からの<BREAK>でんごんを　つたえますぞ",
			"なんでも　<CMD>f481</CMD>のために<BREAK>{新|あたら}しい　こうぼうのデザインを<BREAK>{考|かんが}えたとか",
			"ゆうしゅうな<BREAK>せいとである　<CMD>f481</CMD>には<BREAK>しょく{人|にん}としても",
			"がんばってもらいたい…<BREAK>そういう{思|おも}いが<BREAK>こめられているのですぞ",
			"こうぼうにもどったら<BREAK>かくにんしてみると<BREAK>よいですな",
			"\f"
		]
	},
	{
		"Index": 37,
		"JPN": [
			"いや　{気|き}にしないでいただきたい<BREAK>ふしぎなスープ{作|づく}りとは<BREAK>それだけ　むずかしいもの…",
			"<CMD>f481</CMD>よ<BREAK>{今度|こんど}　{新|あたら}しいレシピが<BREAK>はんめいしたら",
			"その{時|とき}はまた<BREAK>ふしぎなスープ{作|づく}りを<BREAK>たのみますぞ",
			"\f"
		]
	},
	{
		"Index": 38,
		"JPN": [
			"ところで　たのんでいた<BREAK>ふしぎなスープ{作|づく}りに<BREAK>ついてですが…",
			"こちらで{指定|してい}していた<BREAK>{期間|きかん}を　すぎているようですな…",
			"\f"
		]
	},
	{
		"Index": 44,
		"JPN": [
			"まず　しょくざいとして<BREAK>ふしぎ{魚|サカナ}である<BREAK><CMD>008027000480</CMD>しゃちほこ<CMD>008027000180</CMD>を{使|つか}い…",
			"ちょうみりょうとして<BREAK><CMD>008027000480</CMD>てんしのひやく<CMD>008027000180</CMD>をくわえ…",
			"<CMD>008027000480</CMD>たからさがしのまほう<CMD>008027000180</CMD>をかけ<BREAK>{３日間|みっかかん}じっくり<BREAK>にこむことで…",
			"{王家|おうけ}ひでんのレシピによって<BREAK>{作|つく}られた　ふしぎなスープが<BREAK>かんせいすると…",
			"<CMD>008027000580</CMD>おしろ<CMD>008027000180</CMD>のけんきゅう{者|しゃ}たちは<BREAK>こう　{考|かんが}えておるのです",
			"\f"
		]
	},
	{
		"Index": 45,
		"JPN": [
			"まず　しょくざいとして<BREAK>ふしぎ{魚|サカナ}である<BREAK><CMD>008027000480</CMD>じんめんぎょ<CMD>008027000180</CMD>を{使|つか}い…",
			"ちょうみりょうとして<BREAK><CMD>008027000480</CMD>ぎんのスカラベ<CMD>008027000180</CMD>をくわえ…",
			"<CMD>008027000480</CMD>へんしんのまほう<CMD>008027000180</CMD>をかけ<BREAK>{３日間|みっかかん}じっくり<BREAK>にこむことで…",
			"{王家|おうけ}ひでんのレシピによって<BREAK>{作|つく}られた　ふしぎなスープが<BREAK>かんせいすると…",
			"<CMD>008027000580</CMD>おしろ<CMD>008027000180</CMD>のけんきゅう{者|しゃ}たちは<BREAK>こう　{考|かんが}えておるのです",
			"\f"
		]
	},
	{
		"Index": 46,
		"JPN": [
			"まず　しょくざいとして<BREAK>ふしぎ{魚|サカナ}である<BREAK><CMD>008027000480</CMD>さんようちゅう<CMD>008027000180</CMD>を{使|つか}い…",
			"ちょうみりょうとして<BREAK><CMD>008027000480</CMD>こだいリュウのウロコ<CMD>008027000180</CMD>をくわえ…",
			"<CMD>008027000480</CMD>ハンモックもくのまほう<CMD>008027000180</CMD>をかけ<BREAK>{３日間|みっかかん}じっくり<BREAK>にこむことで…",
			"{王家|おうけ}ひでんのレシピによって<BREAK>{作|つく}られた　ふしぎなスープが<BREAK>かんせいすると…",
			"<CMD>008027000580</CMD>おしろ<CMD>008027000180</CMD>のけんきゅう{者|しゃ}たちは<BREAK>こう　{考|かんが}えておるのです",
			"\f"
		]
	},
	{
		"Index": 47,
		"JPN": [
			"まず　しょくざいとして<BREAK>ふしぎ{魚|サカナ}である<BREAK><CMD>008027000480</CMD>アーケロン<CMD>008027000180</CMD>を{使|つか}い…",
			"ちょうみりょうとして<BREAK><CMD>008027000480</CMD>おとめのなみだ<CMD>008027000180</CMD>をくわえ…",
			"<CMD>008027000480</CMD>いねむりのまほう<CMD>008027000180</CMD>をかけ<BREAK>{３日間|みっかかん}じっくり<BREAK>にこむことで…",
			"{王家|おうけ}ひでんのレシピによって<BREAK>{作|つく}られた　ふしぎなスープが<BREAK>かんせいすると…",
			"<CMD>008027000580</CMD>おしろ<CMD>008027000180</CMD>のけんきゅう{者|しゃ}たちは<BREAK>こう　{考|かんが}えておるのです",
			"\f"
		]
	},
	{
		"Index": 48,
		"JPN": [
			"まず　しょくざいとして<BREAK>ふしぎ{魚|サカナ}である<BREAK><CMD>008027000480</CMD>コウモリダコ<CMD>008027000180</CMD>を{使|つか}い…",
			"ちょうみりょうとして<BREAK><CMD>008027000480</CMD>まじょのつめ<CMD>008027000180</CMD>をくわえ…",
			"<CMD>008027000480</CMD>こえたかのまほう<CMD>008027000180</CMD>をかけ<BREAK>{３日間|みっかかん}じっくり<BREAK>にこむことで…",
			"{王家|おうけ}ひでんのレシピによって<BREAK>{作|つく}られた　ふしぎなスープが<BREAK>かんせいすると…",
			"<CMD>008027000580</CMD>おしろ<CMD>008027000180</CMD>のけんきゅう{者|しゃ}たちは<BREAK>こう　{考|かんが}えておるのです",
			"\f"
		]
	},
	{
		"Index": 49,
		"JPN": [
			"まず　しょくざいとして<BREAK>ふしぎ{魚|サカナ}である<BREAK><CMD>008027000480</CMD>うみぼうず<CMD>008027000180</CMD>を{使|つか}い…",
			"ちょうみりょうとして<BREAK><CMD>008027000480</CMD>ながれぼしのカケラ<CMD>008027000180</CMD>をくわえ…",
			"<CMD>008027000480</CMD>はなびのまほう<CMD>008027000180</CMD>をかけ<BREAK>{３日間|みっかかん}じっくり<BREAK>にこむことで…",
			"{王家|おうけ}ひでんのレシピによって<BREAK>{作|つく}られた　ふしぎなスープが<BREAK>かんせいすると…",
			"<CMD>008027000580</CMD>おしろ<CMD>008027000180</CMD>のけんきゅう{者|しゃ}たちは<BREAK>こう　{考|かんが}えておるのです",
			"\f"
		]
	},
	{
		"Index": 50,
		"JPN": [
			"まず　しょくざいとして<BREAK>ふしぎ{魚|サカナ}である<BREAK><CMD>008027000480</CMD>ブッカブー<CMD>008027000180</CMD>を{使|つか}い…",
			"ちょうみりょうとして<BREAK><CMD>008027000480</CMD>ブキミがえるのアブラ<CMD>008027000180</CMD>をくわえ…",
			"<CMD>008027000480</CMD>ふうせんのまほう<CMD>008027000180</CMD>をかけ<BREAK>{３日間|みっかかん}じっくり<BREAK>にこむことで…",
			"{王家|おうけ}ひでんのレシピによって<BREAK>{作|つく}られた　ふしぎなスープが<BREAK>かんせいすると…",
			"<CMD>008027000580</CMD>おしろ<CMD>008027000180</CMD>のけんきゅう{者|しゃ}たちは<BREAK>こう　{考|かんが}えておるのです",
			"\f"
		]
	},
	{
		"Index": 51,
		"JPN": [
			"まず　しょくざいとして<BREAK>ふしぎ{魚|サカナ}である<BREAK><CMD>008027000480</CMD>ハンマーヘッド<CMD>008027000180</CMD>を{使|つか}い…",
			"ちょうみりょうとして<BREAK><CMD>008027000480</CMD>つきのしずく<CMD>008027000180</CMD>をくわえ…",
			"<CMD>008027000480</CMD>じしゃくのまほう<CMD>008027000180</CMD>をかけ<BREAK>{３日間|みっかかん}じっくり<BREAK>にこむことで…",
			"{王家|おうけ}ひでんのレシピによって<BREAK>{作|つく}られた　ふしぎなスープが<BREAK>かんせいすると…",
			"<CMD>008027000580</CMD>おしろ<CMD>008027000180</CMD>のけんきゅう{者|しゃ}たちは<BREAK>こう　{考|かんが}えておるのです",
			"\f"
		]
	},
	{
		"Index": 52,
		"JPN": [
			"まず　しょくざいとして<BREAK>ふしぎ{魚|サカナ}である<BREAK><CMD>008027000480</CMD>ハルキゲニア<CMD>008027000180</CMD>を{使|つか}い…",
			"ちょうみりょうとして<BREAK><CMD>008027000480</CMD>バラについたよつゆ<CMD>008027000180</CMD>をくわえ…",
			"<CMD>008027000480</CMD>ながれぼしのまほう<CMD>008027000180</CMD>をかけ<BREAK>{３日間|みっかかん}じっくり<BREAK>にこむことで…",
			"{王家|おうけ}ひでんのレシピによって<BREAK>{作|つく}られた　ふしぎなスープが<BREAK>かんせいすると…",
			"<CMD>008027000580</CMD>おしろ<CMD>008027000180</CMD>のけんきゅう{者|しゃ}たちは<BREAK>こう　{考|かんが}えておるのです",
			"\f"
		]
	},
	{
		"Index": 53,
		"JPN": [
			"まず　しょくざいとして<BREAK>ふしぎ{魚|サカナ}である<BREAK><CMD>008027000480</CMD>リバイアサンのちぎょ<CMD>008027000180</CMD>を{使|つか}い…",
			"ちょうみりょうとして<BREAK><CMD>008027000480</CMD>どくリンゴのジュース<CMD>008027000180</CMD>をくわえ…",
			"<CMD>008027000480</CMD>かみなりのまほう<CMD>008027000180</CMD>をかけ<BREAK>{３日間|みっかかん}じっくり<BREAK>にこむことで…",
			"{王家|おうけ}ひでんのレシピによって<BREAK>{作|つく}られた　ふしぎなスープが<BREAK>かんせいすると…",
			"<CMD>008027000580</CMD>おしろ<CMD>008027000180</CMD>のけんきゅう{者|しゃ}たちは<BREAK>こう　{考|かんが}えておるのです",
			"\f"
		]
	},
	{
		"Index": 54,
		"JPN": [
			"まず　しょくざいとして<BREAK>ふしぎ{魚|サカナ}である<BREAK><CMD>008027000480</CMD>イクチオサウルス<CMD>008027000180</CMD>を{使|つか}い…",
			"ちょうみりょうとして<BREAK><CMD>008027000480</CMD>くろバラのイバラ<CMD>008027000180</CMD>をくわえ…",
			"<CMD>008027000480</CMD>くるくるのまほう<CMD>008027000180</CMD>をかけ<BREAK>{３日間|みっかかん}じっくり<BREAK>にこむことで…",
			"{王家|おうけ}ひでんのレシピによって<BREAK>{作|つく}られた　ふしぎなスープが<BREAK>かんせいすると…",
			"<CMD>008027000580</CMD>おしろ<CMD>008027000180</CMD>のけんきゅう{者|しゃ}たちは<BREAK>こう　{考|かんが}えておるのです",
			"\f"
		]
	},
	{
		"Index": 55,
		"JPN": [
			"まず　しょくざいとして<BREAK>ふしぎ{魚|サカナ}である<BREAK><CMD>008027000480</CMD>まりも<CMD>008027000180</CMD>を{使|つか}い…",
			"ちょうみりょうとして<BREAK><CMD>008027000480</CMD>マンドラゴラのねっこ<CMD>008027000180</CMD>をくわえ…",
			"<CMD>008027000480</CMD>テルミーラブのまほう<CMD>008027000180</CMD>をかけ<BREAK>{３日間|みっかかん}じっくり<BREAK>にこむことで…",
			"{王家|おうけ}ひでんのレシピによって<BREAK>{作|つく}られた　ふしぎなスープが<BREAK>かんせいすると…",
			"<CMD>008027000580</CMD>おしろ<CMD>008027000180</CMD>のけんきゅう{者|しゃ}たちは<BREAK>こう　{考|かんが}えておるのです",
			"\f"
		]
	},
	{
		"Index": 56,
		"JPN": [
			"さて　<CMD>f481</CMD>よ<BREAK>バイトねこから<BREAK>{話|はなし}は{聞|き}きましたが…",
			"スープ{作|づく}りは<BREAK>しっぱいだったようですな",
			"ですが<BREAK>しっぱいはせいこうの<BREAK>{母|はは}と{言|い}います",
			"このしっぱいをきょうくんに<BREAK>{次|つぎ}こそは　ふしぎなスープを<BREAK>かんせいさせるのですぞ",
			"では<CMD>f481</CMD>　また{新|あたら}しい<BREAK>レシピがわかった{時|とき}は<BREAK>よろしくたのみますぞ",
			"\f"
		]
	},
	{
		"Index": 57,
		"JPN": [
			"うむ！　おいしいぞ！",
			"…だが　{王家|おうけ}につたわる<BREAK>ひでんのスープではないようだな",
			"\f"
		]
	},
	{
		"Index": 58,
		"JPN": [
			"そうですか…<BREAK>それは　ざんねんです",
			"\f"
		]
	},
	{
		"Index": 59,
		"JPN": [
			"<CMD>f481</CMD>よ　{今回|こんかい}は<BREAK>すばらしいスープを{作|つく}ってもらい<BREAK>かんしゃしておりますぞ",
			"ですが　そもそも<BREAK>あのレシピは　{王家|おうけ}ひでんの<BREAK>ものではなかったようです",
			"そこはざんねんですが…<BREAK><CMD>008027000380</CMD>へいか<CMD>008027000180</CMD>は　スープの{味|あじ}に<BREAK>ごまんえつな{様子|ようす}…",
			"おれいとして<BREAK>ほうしゅうをはらわせて<BREAK>いただきますぞ",
			"\f"
		]
	},
	{
		"Index": 60,
		"JPN": [
			"<CMD>f481</CMD>！<BREAK>また　おいしいスープを<BREAK>{作|つく}ってくれ！",
			"\f"
		]
	},
	{
		"Index": 61,
		"JPN": [
			"さて　まだまだ<BREAK>レシピのけんきゅうを<BREAK>つづけるひつようがありますな",
			"<CMD>f481</CMD>よ<BREAK>また　{新|あたら}しいレシピが<BREAK>はんめいしたら",
			"ぜひ　ふしぎなスープ{作|づく}りを<BREAK>たのみますぞ",
			"それでは　ししょく{会|かい}を<BREAK>{終|お}わりとしますぞ",
			"\f"
		]
	},
	{
		"Index": 66,
		"JPN": [
			"<CMD>008027000380</CMD>へいか<CMD>008027000180</CMD>！　さらにげんざい<BREAK>りゅうこうしている{商品|しょうひん}は…",
			"<CMD>f481</CMD>が<BREAK>{作|つく}った{商品|しょうひん}が<BREAK>{元|もと}になっているということですぞ！",
			"\f"
		]
	},
	{
		"Index": 73,
		"JPN": [
			"……………",
			"\f"
		]
	},
	{
		"Index": 74,
		"JPN": [
			"そのすばらしき　{行|おこな}い<BREAK>ほめてつかわす！",
			"\f"
		]
	},
	{
		"Index": 75,
		"JPN": [
			"おお…　なんという<BREAK>もったいないお{言葉|ことば}…",
			"\f"
		]
	},
	{
		"Index": 78,
		"JPN": [
			"ところで<CMD>f481</CMD>よ<BREAK>じつはそなたに　おりいって<BREAK>たのみがあるのです…",
			"{王家|おうけ}には　だいだいつたわる<BREAK>ふしぎなスープという<BREAK>りょうりがあるのですが…",
			"その{作|つく}り{方|かた}を{記|しる}したレシピは<BREAK>はるか{昔|むかし}に　うしなわれて<BREAK>しまったのです",
			"そして<CMD>008027000380</CMD>へいか<CMD>008027000180</CMD>は　うしなわれた<BREAK>{王家|おうけ}のひでんのレシピの<BREAK>さいげんを",
			"この{上|うえ}ないほど{強|つよ}く<BREAK>のぞんでおられるのです…",
			"\f"
		]
	},
	{
		"Index": 79,
		"JPN": [
			"<CMD>008027000580</CMD>おしろ<CMD>008027000180</CMD>におかかえの<BREAK>けんきゅう{者|しゃ}たちが<BREAK>とき{明|あ}かしたところ…",
			"{王家|おうけ}ひでんのレシピは<BREAK>{次|つぎ}のそざいを{使|つか}って<BREAK>{作|つく}られたという",
			"かのうせいが　ひじょうに<BREAK>{高|たか}まってきたのです",
			"\f"
		]
	},
	{
		"Index": 81,
		"JPN": [
			"<CMD>f481</CMD>よ　まだまだ<BREAK>まほうつかいとしても<BREAK>しょく{人|にん}としても",
			"どりょくをつづけている<BREAK>とちゅうかとは{思|おも}うが",
			"かのうなら　この<BREAK>{王家|おうけ}ひでんのレシピを{使|つか}った<BREAK>スープ{作|づく}りに",
			"ちょうせんしてみては<BREAK>くれまいか？",
			"<CMD>128027000180</CMD>",
			"\f"
		]
	},
	{
		"Index": 82,
		"JPN": [
			"<CMD>3780</CMD>",
			"ひきうける",
			"まだむずかしい",
			"\f"
		]
	},
	{
		"Index": 83,
		"JPN": [
			"おお…　そうですか<BREAK><CMD>008027000380</CMD>へいか<CMD>008027000180</CMD>も　およろこびのご{様子|ようす}…",
			"\f"
		]
	},
	{
		"Index": 84,
		"JPN": [
			"そうですか…<BREAK>それでは　しかたありませんな",
			"また{次|つぎ}のきかいには<BREAK>よろしく　おねがいしますぞ",
			"\f"
		]
	},
	{
		"Index": 85,
		"JPN": [
			"それでは<CMD>f481</CMD>よ<BREAK>これまで{行|おこ}なった<BREAK>ひょうかを{受|う}け…",
			"<CMD>f481</CMD>の<BREAK>まほうつかいとしての<BREAK>せいちょうと",
			"お{店|みせ}のはってんをねがい<BREAK><CMD>008027000380</CMD>へいか<CMD>008027000180</CMD>が　しゅくふくを<BREAK>さずけてくださる！",
			"ありがたく　お{受|う}けするのですぞ！",
			"\f"
		]
	},
	{
		"Index": 86,
		"JPN": [
			"そなたの　ぜんとをいのり<BREAK>しゅくふくを　さずける！",
			"\f"
		]
	},
	{
		"Index": 87,
		"JPN": [
			"では<CMD>f481</CMD>よ<BREAK>さらなる　せいちょうを<BREAK>きたいしておりますぞ！",
			"これにて　{本日|ほんじつ}のひょうかを<BREAK>{終|お}わりとする！",
			"\f"
		]
	},
	{
		"Index": 88,
		"JPN": [
			"このレシピは<BREAK>お{店|みせ}のキッチンにある",
			"<CMD>008027000880</CMD>おおナベ<CMD>008027000180</CMD>を{使|つか}って<BREAK>{作|つく}るそうですぞ",
			"ざいりょうがそろったら<BREAK><CMD>008027000880</CMD>おおナベ<CMD>008027000180</CMD>に{向|むか}って<BREAK><CMD>008027000880</CMD>Aボタン<CMD>008027000180</CMD>をおすのです",
			"さすれば　スープ{作|づく}りに<BREAK>とりかかることが<BREAK>できるでしょう",
			"スープのかんせいは<BREAK>{今日|きょう}から30{日|にち}いないに<BREAK>おねがいしますぞ",
			"\f"
		]
	},
	{
		"Index": 90,
		"JPN": [
			"<CMD>18802700729b27000080</CMD><CMD>17802700729b2700088027000a8027000180</CMD><CMD>16802700729b27006981</CMD>おい<CMD>f481</CMD><BREAK>さいきん　ひょうかは<BREAK>{受|う}けにいってるのか？",
			"{王様|おうさま}が{大事|だいじ}な<BREAK>{話|はなし}があるって{言|い}ってたから<BREAK>きっと　ひょうかのことだぜ",
			"どうせヒマなんだろ？<BREAK>すぐ<CMD>008027000580</CMD>おしろ<CMD>008027000180</CMD>に{行|い}ってこいよ！",
			"<CMD>128027000180</CMD>",
			"\f"
		]
	},
	{
		"Index": 91,
		"JPN": [
			"<CMD>3780</CMD>",
			"いますぐいく<CMD>13802700ffff</CMD>",
			"またあとで<CMD>13802700ffff</CMD>",
			"\f"
		]
	},
	{
		"Index": 92,
		"JPN": [
			"<CMD>18802700729b27000180</CMD><CMD>17802700729b270001802700048027000280</CMD><CMD>16802700729b27005581</CMD>そう{来|こ}なくっちゃな！<BREAK>よし　がんばってこいよ！",
			"\f"
		]
	},
	{
		"Index": 93,
		"JPN": [
			"<CMD>18802700729b27000580</CMD><CMD>17802700729b270001802700048027000080</CMD><CMD>16802700729b27005681</CMD>おいおい　{王様|おうさま}のよびだしを<BREAK>あとまわしにするなんて<BREAK>いいどきょうしてるな！",
			"あんまり　{待|ま}たせすぎないように<BREAK>{気|き}をつけろよ！",
			"\f"
		]
	},
	{
		"Index": 94,
		"JPN": [
			"<CMD>18802700729b27000080</CMD><CMD>17802700729b2700088027000a8027000180</CMD><CMD>16802700729b27006981</CMD>なんだ？　ひょうかを<BREAK>{受|う}けにいく{気|き}になったのか？",
			"<CMD>138027006fb7</CMD>",
			"\f"
		]
	},
	{
		"Index": 98,
		"JPN": [
			"……ところで<BREAK>ふしぎなスープ{作|づく}りは<BREAK>すすんでいますかな？",
			"<CMD>008027000380</CMD>へいか<CMD>008027000180</CMD>も　わたしも<BREAK>スープのかんせいを<BREAK>{楽しみ|たのしみ}にしています",
			"よろしく<BREAK>お{願|ねが}いしますぞ",
			"\f"
		]
	}
]