[
	{
		"Index": 0,
		"JPN": [
			"ひとりでに<BREAK>{家具|かぐ}が　{動|うご}いている",
			"\f"
		]
	},
	{
		"Index": 1,
		"JPN": [
			"<CMD>098027000180</CMD>",
			"おお…どこだ？<BREAK>…どこ…へ…{行|い}った？",
			"\f"
		]
	},
	{
		"Index": 2,
		"JPN": [
			"{誰|だれ}も　いないのに<BREAK>どこからか　{声|こえ}が{聞|き}こえる",
			"\f"
		]
	},
	{
		"Index": 3,
		"JPN": [
			"{一枚|１まい}の　{絵|え}が　{落|お}ちている",
			"\f"
		]
	},
	{
		"Index": 4,
		"JPN": [
			"どうやら<BREAK>この{部屋|へや}の　{絵|え}　みたいだけど",
			"{絵|え}と　この{部屋|へや}<BREAK>ちょっとだけ　{違|ちが}うみたい？",
			"\f"
		]
	},
	{
		"Index": 5,
		"JPN": [
			"おいおい<BREAK>{子供|こども}が　こんなところに<BREAK>なんのようだ？",
			"ここは　{子供|こども}のくるような<BREAK>{場所|ばしょ}じゃあないぜ",
			"お{子様|こさま}は<BREAK>とっとと　{部屋|へや}に{帰|かえ}りな",
			"<CMD>13802700ce80</CMD>",
			"\f"
		]
	},
	{
		"Index": 6,
		"JPN": [
			"なに<BREAK>オレに　{聞|き}きたい{事|こと}がある<BREAK>だと？",
			"ふーん<BREAK>お{前|まえ}は　まだ{子供|こども}だから<BREAK>{知|し}らないみたいだが",
			"{人|ヒト}に　ものをたずねるときは<BREAK>それなりの　セイイ<BREAK>ってヤツが　{必要|ひつよう}なんだぜ？",
			"セイイ　ってのは<BREAK>いろんな　{形|カタチ}があるが…",
			"そう<BREAK>たとえば　{金|カネ}だな",
			"<CMD>13802700cf80</CMD>",
			"\f"
		]
	},
	{
		"Index": 7,
		"JPN": [
			"<CMD>3780</CMD>",
			"1000リッチ<CMD>13802700ffff</CMD>",
			"100リッチ<CMD>13802700ffff</CMD>",
			"はらわない<CMD>13802700ffff</CMD>",
			"\f"
		]
	},
	{
		"Index": 8,
		"JPN": [
			"<CMD>18802700729b27000280</CMD><CMD>17802700729b27001c802700088027000480</CMD><CMD>16802700729b27007d81</CMD>ああ　そうかい<BREAK>お{前|まえ}にゃ　そのていどの<BREAK>セイイもない　ってことだな",
			"<CMD>18802700729b27000280</CMD><CMD>17802700729b27001c802700088027000480</CMD><CMD>16802700729b27007d81</CMD>じゃあ　オレも<BREAK>お{前|まえ}に　{話|はな}すことは<BREAK>なにもないね",
			"<CMD>18802700729b27000280</CMD><CMD>17802700729b27001c802700088027000480</CMD><CMD>16802700729b27007d81</CMD>つまらねぇことに<BREAK>{首|クビ}つっこんでねぇで<BREAK>さっさと　おうちに{帰|かえ}りな",
			"\f"
		]
	},
	{
		"Index": 9,
		"JPN": [
			"なんだ？<BREAK>たった　これだけか？<BREAK>こんなんじゃ　{足|た}りねぇぞ<CMD>3a8027009cff</CMD><CMD>158027001882</CMD>",
			"それっぽっちじゃ<BREAK>セイイを　{見|み}せたとは<BREAK>とても　{言|い}えねぇな",
			"{金|カネ}を　かせいで<BREAK>{出直|でなお}してきな",
			"\f"
		]
	},
	{
		"Index": 10,
		"JPN": [
			"<CMD>18802700729b27000180</CMD><CMD>17802700729b2700ad802700068027000280</CMD><CMD>16802700729b27005581</CMD>へへ　まいどっ<BREAK>お{前|まえ}　なかなか<BREAK>セイイのあるヤツだな<CMD>3a80270018fc</CMD><CMD>158027001882</CMD>",
			"それで　オレに<BREAK>なにを　{聞|き}きたいんだって？",
			"オレが　どこでなにを<BREAK>していたかだと？",
			"そんなの<BREAK>だいたいしか　{覚|おぼ}えてないぜ",
			"あんまり<BREAK>{細|こま}かく　{聞|き}くなよ？",
			"で　いつごろの<BREAK>{話|はなし}なんだ　そいつは？",
			"<CMD>13802700d380</CMD>",
			"\f"
		]
	},
	{
		"Index": 11,
		"JPN": [
			"<CMD>378027000180</CMD>",
			"{昼|ひる}<CMD>13802700d580</CMD>",
			"{夜|よる}<CMD>13802700d480</CMD>",
			"\f"
		]
	},
	{
		"Index": 12,
		"JPN": [
			"たしか…<BREAK>…そうだ<BREAK>{夜|よる}は<CMD>008027000580</CMD>ライムライト<CMD>008027000180</CMD>にいたぜ？",
			"ずっと　ここにいたから<BREAK>{他|ほか}の{客|きゃく}とか　ママも<BREAK>{覚|おぼ}えてんじゃねぇか？",
			"<CMD>13802700de80</CMD>",
			"\f"
		]
	},
	{
		"Index": 13,
		"JPN": [
			"<CMD>18802700729b27000580</CMD><CMD>17802700729b2700aa8027000a8027000180</CMD><CMD>16802700729b27002d81</CMD>ひ　{昼|ひる}だと？",
			"{昼|ひる}は　{忙|いそが}しくて<BREAK>いろんなこと　していたからよ<BREAK>あんまり　よく　{覚|おぼ}えてねぇな",
			"なに？<BREAK>オレを　{見|み}かけたって？",
			"い　{一体|いったい}<BREAK>ドコで{見|み}かけたってんだ？",
			"<CMD>13802700d680</CMD>",
			"\f"
		]
	},
	{
		"Index": 14,
		"JPN": [
			"<CMD>378027000180</CMD>",
			"ゆうれいやしき<CMD>13802700d880</CMD>",
			"{学校|がっこう}<CMD>13802700d780</CMD>",
			"ハロゲンデパート<CMD>13802700d780</CMD>",
			"\f"
		]
	},
	{
		"Index": 15,
		"JPN": [
			"はっ　そんな{場所|ばしょ}には<BREAK>ここんところ　{行|い}ってねぇよ",
			"きっと　お{前|まえ}の<BREAK>カンチガイだぜ",
			"ほかの　だれかと<BREAK>{見|み}まちがえたんじゃねぇのか？",
			"<CMD>13802700de80</CMD>",
			"\f"
		]
	},
	{
		"Index": 16,
		"JPN": [
			"<CMD>18802700729b27000580</CMD><CMD>17802700729b2700aa8027000a8027000180</CMD><CMD>16802700729b27002d81</CMD><CMD>008027000580</CMD>ゆ　ゆうれいやしき<CMD>008027000180</CMD>だと？",
			"<CMD>18802700729b27000580</CMD><CMD>17802700729b2700aa8027000a8027000180</CMD><CMD>16802700729b27002d81</CMD>そんなところでオレを<BREAK>{見|み}かけたからって<BREAK>それが　なんだってんだ？",
			"…なに？　やしきで<BREAK>なくなったものがあるだと？",
			"へっ！<BREAK>そんなの　オレは　{知|し}らねぇなあ",
			"そもそも<BREAK>なくなったものってのは<BREAK>いったい　なんなんだ？",
			"<CMD>13802700d980</CMD>",
			"\f"
		]
	},
	{
		"Index": 17,
		"JPN": [
			"<CMD>378027000180</CMD>",
			"{家具|かぐ}<CMD>13802700db80</CMD>",
			"じゅうたん<CMD>13802700da80</CMD>",
			"かべがみ<CMD>13802700da80</CMD>",
			"\f"
		]
	},
	{
		"Index": 18,
		"JPN": [
			"なんだそれは？<BREAK>そいつは　{高|たか}く　{売|う}れるのか？",
			"それだったら…<BREAK>いや　なんでもないぜ",
			"とにかく<BREAK>オレはなにもやってねぇよ",
			"<CMD>13802700de80</CMD>",
			"\f"
		]
	},
	{
		"Index": 19,
		"JPN": [
			"<CMD>18802700729b27000580</CMD><CMD>17802700729b2700aa8027000a8027000180</CMD><CMD>16802700729b27002d81</CMD>かっ　{家具|かぐ}だと？",
			"か　{家具|かぐ}って　{言|い}っても<BREAK>{色々|いろいろ}と　あるじゃねーか",
			"<CMD>18802700729b27000280</CMD><CMD>17802700729b27001c802700088027000480</CMD><CMD>16802700729b27007d81</CMD>どんな　{家具|かぐ}が　なくなったって<BREAK>はっきり{言|い}えんのかよ<BREAK>お{前|まえ}は！？",
			"<CMD>13802700dc80</CMD>",
			"\f"
		]
	},
	{
		"Index": 20,
		"JPN": [
			"<CMD>378027000180</CMD>",
			"チェスト<CMD>13802700dd80</CMD>",
			"テーブル<CMD>13802700de80</CMD>",
			"イス<CMD>13802700de80</CMD>",
			"\f"
		]
	},
	{
		"Index": 21,
		"JPN": [
			"<CMD>18802700729b27000580</CMD><CMD>17802700729b2700aa8027000a8027000180</CMD><CMD>16802700729b27002d81</CMD>ちっ！　お{前|まえ}　なんで<BREAK>オレが　ぬすんだものまで<BREAK>{知|し}ってやがんだ！？",
			"お{前|まえ}　さては　{見|み}てたな？",
			"くそー<BREAK>こうなったら　けっとうだ！",
			"<CMD>18802700729b27000280</CMD><CMD>17802700729b27001c802700088027000480</CMD><CMD>16802700729b27007d81</CMD>{大人|オトナ}の{強|つよ}さ　{見|み}せてやるぜ！",
			"\f"
		]
	},
	{
		"Index": 22,
		"JPN": [
			"ふーん　へー<BREAK>はいはい<BREAK>なるほどねーっ",
			"わかった　わかった",
			"<CMD>18802700729b27000280</CMD><CMD>17802700729b27001c802700088027000480</CMD><CMD>16802700729b27007d81</CMD>{変|ヘン}なこと　{言|い}ってねぇで<BREAK>お{子様|こさま}は　もう{帰|かえ}って　{寝|ね}な",
			"\f"
		]
	},
	{
		"Index": 23,
		"JPN": [
			"<CMD>18802700729b27000380</CMD><CMD>17802700729b2700ab8027000a8027000180</CMD><CMD>16802700729b27003081</CMD>ひー！<BREAK>{参|まい}った！　{参|まい}った！ <BREAK>こうさんだ！！",
			"ぬすんだものは　{返|かえ}すから<BREAK>カンベンしてくれ！",
			"ほら<BREAK>すぐに　{返|かえ}すからよ！",
			"\f"
		]
	},
	{
		"Index": 24,
		"JPN": [
			"<CMD>18802700729b27000180</CMD><CMD>17802700729b2700ad802700068027000280</CMD><CMD>16802700729b27005581</CMD>ひゃははは！　{思|おも}い{知|し}ったか！<BREAK>オレ{様|サマ}に　{逆|さか}らうヤツは<BREAK>みんな　こうだ！",
			"いたい{目|め}に　あいたくなかったら<BREAK>もうオレに　{逆|さか}らおうなんて<BREAK>{思|おも}うんじゃねぇぜ！？",
			"\f"
		]
	},
	{
		"Index": 25,
		"JPN": [
			"<CMD>18802700729b27000580</CMD><CMD>17802700729b2700af802700088027000180</CMD><CMD>16802700729b27005681</CMD>あ！<BREAK>お{前|まえ}　また　{来|き}たのか！",
			"なんど　{来|き}ても　{同|おな}じだ<BREAK>あの<CMD>008027000480</CMD>チェスト<CMD>008027000180</CMD>は　{返|かえ}さないぜ",
			"<CMD>18802700729b27000280</CMD><CMD>17802700729b27001c802700088027000480</CMD><CMD>16802700729b27007d81</CMD>それとも<BREAK>また　いてぇ{目|め}に　あいてぇのか？",
			"\f"
		]
	},
	{
		"Index": 26,
		"JPN": [
			"<CMD>18802700729b27000580</CMD><CMD>17802700729b2700af802700088027000180</CMD><CMD>16802700729b27005681</CMD>お{前|まえ}　また　{来|き}たのか…",
			"<CMD>18802700729b27000280</CMD><CMD>17802700729b27001c802700088027000480</CMD><CMD>16802700729b27007d81</CMD>しつこいヤツだな！<BREAK>{知|し}らねぇって　{言|い}ってるだろ<BREAK>さっさと　{帰|かえ}りやがれっ！！",
			"\f"
		]
	},
	{
		"Index": 27,
		"JPN": [
			"<CMD>18802700729b27000580</CMD><CMD>17802700729b2700aa8027000a8027000180</CMD><CMD>16802700729b27002d81</CMD>よし<BREAK>これでちゃんと　{返|かえ}したからな！",
			"これで　モンクはないだろ？",
			"<CMD>18802700729b27000580</CMD><CMD>17802700729b2700aa8027000a8027000180</CMD><CMD>16802700729b27002d81</CMD>そ　それじゃあなーっ",
			"\f"
		]
	},
	{
		"Index": 28,
		"JPN": [
			"<CMD>18802700729b27000280</CMD><CMD>17802700729b27001c802700088027000480</CMD><CMD>16802700729b27007d81</CMD>おぼえてやがれーっ！！",
			"\f"
		]
	},
	{
		"Index": 29,
		"JPN": [
			"おいおい　なんだよ<BREAK>{持|も}ち{物|もの}が　いっぱいじゃねーか",
			"それじゃ<BREAK>こいつを　{持|も}って{帰|かえ}れねぇだろ？",
			"<CMD>18802700729b27000280</CMD><CMD>17802700729b27001c802700088027000480</CMD><CMD>16802700729b27007d81</CMD>しょうがねぇな<BREAK>{一度|いちど}　どっかで<BREAK>{持|も}ち{物|もの}を　せいりしてこいよ",
			"\f"
		]
	},
	{
		"Index": 30,
		"JPN": [
			"おお！？　{君|きみ}が　{持|も}っているのは<BREAK>まさしく　わたしの<CMD>008027000480</CMD>チェスト<CMD>008027000180</CMD>！<BREAK>いったい　どこにあったんだい？",
			"おっと<BREAK>{申|もう}しおくれました<BREAK>わたしは　この{家|いえ}の{主人|しゅじん}です",
			"フムフム<BREAK>なるほど…",
			"それでは　{君|きみ}が<BREAK>ぬすまれていた<CMD>008027000480</CMD>チェスト<CMD>008027000180</CMD>を<BREAK>{取|と}りもどしてくれたんだね？",
			"{見|み}つけてくれて<BREAK>ありがとう",
			"わたしは　ずっと<BREAK>このチェストを<BREAK>さがしていたんだ…",
			"{無事|ぶじ}で{良|よ}かった…<BREAK>これは　{妻|つま}との<BREAK>{思|おも}い{出|で}の　{家具|かぐ}なんだよ",
			"{君|きみ}には<BREAK>{迷惑|メイワク}をかけてしまったね",
			"でも<BREAK>これで　{安心|あんしん}して<BREAK>また　{眠|ねむ}ることができるよ",
			"さようなら<BREAK>{見知|みし}らぬ　{親切|しんせつ}な{子|こ}…",
			"\f"
		]
	},
	{
		"Index": 33,
		"JPN": [
			"<CMD>18802700729b27000280</CMD><CMD>17802700729b27001c802700088027000480</CMD><CMD>16802700729b27007d81</CMD>オイオイ<BREAK>お{前|まえ}　1000リッチも<BREAK>{持|も}ってねえじゃねえか！",
			"{金|カネ}を　かせいで<BREAK>{出直|でなお}してきな！",
			"\f"
		]
	},
	{
		"Index": 34,
		"JPN": [
			"<CMD>18802700729b27000280</CMD><CMD>17802700729b27001c802700088027000480</CMD><CMD>16802700729b27007d81</CMD>オイオイ<BREAK>お{前|まえ}　100リッチも<BREAK>{持|も}ってねえじゃねえか！",
			"{金|カネ}を　かせいで<BREAK>{出直|でなお}してきな！",
			"\f"
		]
	},
	{
		"Index": 62,
		"JPN": [
			"<CMD>16802700a58f27005681</CMD>む？　<CMD>f481</CMD>は<BREAK>もちものがいっぱいの<BREAK>ようだな",
			"いったん　もちものを<BREAK>{整理|せいり}してくるがよい",
			"\f"
		]
	},
	{
		"Index": 63,
		"JPN": [
			"<CMD>16802700a58f27006981</CMD>もちものは<BREAK>{整理|せいり}してきたか？",
			"\f"
		]
	},
	{
		"Index": 64,
		"JPN": [
			"では　こんどこそ<BREAK>これをうけとるがよい",
			"\f"
		]
	},
	{
		"Index": 65,
		"JPN": [
			"<CMD>18802700729b27000080</CMD><CMD>17802700729b2700b28027000a8027000180</CMD><CMD>16802700729b27006981</CMD><CMD>f481</CMD><BREAK>どうくつに{行|い}かない<CMD>ff8127000380</CMD>？",
			"せっかくだから<BREAK>{行|い}ってみよう<CMD>ff8127000580</CMD>",
			"\f"
		]
	},
	{
		"Index": 66,
		"JPN": [
			"<CMD>18802700729b27000580</CMD><CMD>17802700729b2700af802700088027000180</CMD><CMD>16802700729b27005681</CMD>どうくつについたけど……<BREAK>あれ…",
			"なんだか　どうくつのフンイキが<BREAK>いつもとちがうみたいな<BREAK>{気|き}がする<CMD>ff8127000280</CMD>",
			"これは{本当|ほんとう}に<BREAK>フシギな{光|ひかり}が<BREAK>{見|み}られるかもしれない<CMD>ff8127000280</CMD>",
			"<CMD>18802700729b27000080</CMD><CMD>17802700729b270001802700048027000080</CMD><CMD>028227000180</CMD>",
			"さあ　{入|はい}ってみよう<CMD>ff8127000580</CMD><BREAK><CMD>f481</CMD>",
			"\f"
		]
	},
	{
		"Index": 67,
		"JPN": [
			"<CMD>16802700a58f27005681</CMD>{待|ま}つがよい<BREAK>そこのふたり",
			"どうくつに{入|はい}っては<BREAK>ならぬ",
			"\f"
		]
	},
	{
		"Index": 68,
		"JPN": [
			"<CMD>18802700729b27000580</CMD><CMD>17802700729b2700af802700088027000180</CMD><CMD>16802700729b27005681</CMD>ええ？<BREAK>どうして<CMD>ff8127000180</CMD>？",
			"<CMD>028227000080</CMD>は<BREAK><CMD>008027000480</CMD>クリスタル<CMD>008027000180</CMD>が<BREAK>ほしい<CMD>ff8127000280</CMD>",
			"<CMD>18802700729b27000080</CMD><CMD>17802700729b2700b28027000a8027000180</CMD><CMD>16802700729b27006981</CMD>だから<CMD>f481</CMD>と<BREAK>ほりに{来|き}たのに<BREAK>どうしてとめる<CMD>ff8127000380</CMD>？",
			"\f"
		]
	},
	{
		"Index": 69,
		"JPN": [
			"わたしの{話|はなし}を<BREAK>{聞|き}いてからにするがよい",
			"わたしは<CMD>008027000380</CMD>ユニコーン<CMD>008027000180</CMD><BREAK>なかのよい{男女|だんじょ}を<BREAK>みちびく{者|もの}だ",
			"{恋人|こいびと}どうしのふたりを<BREAK>しゅくふくしたり…",
			"<CMD>16802700a58f27004181</CMD>まだ{恋人|こいびと}でないふたりを<BREAK>もっとなかよく<BREAK>させたりする",
			"それが<CMD>008027000380</CMD>ユニコーン<CMD>008027000180</CMD>の<BREAK>やくわりだ",
			"<CMD>16802700a58f27005681</CMD>そんなわたしから<BREAK>{君|きみ}たちに<BREAK>けいこくしておこう",
			"このどうくつは　{今|いま}<BREAK>いつもと{少|すこ}しちがうのだ",
			"ふたりでいっしょに<BREAK>どうくつに{入|はい}ると…",
			"そのふたりには<BREAK>きびしいしれんが<BREAK>{待|ま}っている",
			"ふたりが{本当|ほんとう}に<BREAK>おたがいのことを<BREAK>{思|おも}っているのなら…",
			"<CMD>16802700a58f27005581</CMD>しれんをのりこえることも<BREAK>できるだろう",
			"どうくつのおくの<BREAK>{湖|みずうみ}に{行|い}くがよい<BREAK>そこに{光|ひかり}がみえるであろう",
			"だが　じしんがないのであれば<BREAK>ふたりで{入|はい}るのはやめて<BREAK>{帰|かえ}ることだ",
			"どうくつで<CMD>008027000480</CMD>クリスタル<CMD>008027000180</CMD>を<BREAK>{手|て}にいれたいのなら<BREAK>ひとりでほればよい",
			"わかったかね？<BREAK>では　さらばだ",
			"\f"
		]
	},
	{
		"Index": 70,
		"JPN": [
			"<CMD>18802700729b27000080</CMD><CMD>17802700729b2700b28027000a8027000180</CMD><CMD>16802700729b27006981</CMD>しれんっていったい<BREAK>{何|なん}のこと<CMD>ff8127000180</CMD>？",
			"でも　ふたりがおたがいのことを<BREAK>{思|おも}っているなら<BREAK>ダイジョウブらしいから…",
			"<CMD>18802700729b27000180</CMD><CMD>17802700729b2700ad802700068027000280</CMD><CMD>16802700729b27005581</CMD><CMD>f481</CMD>と<CMD>028227000080</CMD>なら<BREAK>{問題|もんだい}ないはず<CMD>ff8127000080</CMD>",
			"さあ　{入|はい}ろう<CMD>ff8127000580</CMD>",
			"\f"
		]
	},
	{
		"Index": 71,
		"JPN": [
			"<CMD>18802700729b27000580</CMD><CMD>17802700729b2700af802700088027000180</CMD><CMD>16802700729b27005681</CMD>ちょっと{待|ま}って<CMD>ff8127000480</CMD><BREAK><CMD>f481</CMD>",
			"このへんで<BREAK><CMD>008027000480</CMD>クリスタル<CMD>008027000180</CMD>を<BREAK>さがしていこう<CMD>ff8127000580</CMD>",
			"<CMD>18802700729b27000080</CMD><CMD>17802700729b2700b28027000a8027000180</CMD><CMD>16802700729b27006981</CMD>…え？　こんなところに<BREAK><CMD>008027000480</CMD>クリスタル<CMD>008027000180</CMD>は<BREAK>なさそう<CMD>ff8127000180</CMD>？",
			"そんなことない<CMD>ff8127000280</CMD>！<BREAK><CMD>028227000080</CMD>は<BREAK>あると{思|おも}う<CMD>ff8127000280</CMD>",
			"<CMD>028227000080</CMD>は<BREAK>ほって{行|い}く<CMD>ff8127000280</CMD>",
			"<CMD>f481</CMD>も<BREAK>ほって<CMD>ff8127000480</CMD>",
			"<CMD>128027000180</CMD>",
			"\f"
		]
	},
	{
		"Index": 72,
		"JPN": [
			"<CMD>3780</CMD>",
			"ほる",
			"しばらくまつ",
			"先に行く",
			"\f"
		]
	},
	{
		"Index": 73,
		"JPN": [
			"<CMD>18802700729b27000380</CMD><CMD>17802700729b2700ab8027000a8027000180</CMD><CMD>16802700729b27003081</CMD><CMD>028227000080</CMD>が<BREAK>ほってと{言|い}ってるのに<BREAK>ムシ<CMD>ff8127000180</CMD>？",
			"<CMD>f481</CMD>が<BREAK>そんなつめたい{人|ひと}だったなんて<BREAK>{思|おも}わなかった<CMD>ff8127000280</CMD>",
			"<CMD>18802700729b27000280</CMD><CMD>17802700729b27001c802700088027000480</CMD><CMD>16802700729b27007d81</CMD>なんだかすごく<BREAK>ムカツク<CMD>ff8127000280</CMD>",
			"こんな{人|ひと}といっしょに<BREAK>どうくつに{来|き}たのが<BREAK>まちがいだった<CMD>ff8127000280</CMD>",
			"<CMD>18802700729b27000280</CMD><CMD>17802700729b27001c802700088027000480</CMD><CMD>16802700729b27007d81</CMD>もういい<CMD>ff8127000280</CMD>！<BREAK><CMD>028227000080</CMD>　{帰|かえ}る<CMD>ff8127000280</CMD>！",
			"\f"
		]
	},
	{
		"Index": 74,
		"JPN": [
			"どう？<BREAK><CMD>008027000480</CMD>クリスタル<CMD>008027000180</CMD>は<BREAK>{見|み}つかった<CMD>ff8127000380</CMD>？",
			"<CMD>18802700729b27000380</CMD><CMD>17802700729b2700ab8027000a8027000180</CMD><CMD>16802700729b27003081</CMD>{何|なに}も{出|で}なかった<CMD>ff8127000380</CMD>？<BREAK>そう…",
			"<CMD>028227000080</CMD>がまちがっていて<BREAK><CMD>f481</CMD>の{言|い}うとおり<BREAK>だったわけだけど…",
			"それはそれでなんだか<BREAK>はらがたつような…",
			"まあいい<CMD>ff8127000280</CMD><BREAK><CMD>008027000480</CMD>クリスタル<CMD>008027000180</CMD>をほるのは{後|あと}にして<BREAK>{先|さき}に{進|すす}もう<CMD>ff8127000580</CMD>",
			"\f"
		]
	},
	{
		"Index": 75,
		"JPN": [
			"<CMD>18802700729b27000580</CMD><CMD>17802700729b2700af802700088027000180</CMD><CMD>16802700729b27005681</CMD>{待|ま}って<CMD>ff8127000480</CMD><BREAK><CMD>f481</CMD>",
			"<CMD>18802700729b27000380</CMD><CMD>17802700729b2700ab8027000a8027000180</CMD><CMD>16802700729b27003081</CMD><CMD>028227000080</CMD><BREAK>なんだか<BREAK>つかれてしまった<CMD>ff8127000280</CMD>",
			"このへんで{少|すこ}し<BREAK>{休|やす}んでいこう<CMD>ff8127000580</CMD>",
			"<CMD>128027000180</CMD>",
			"\f"
		]
	},
	{
		"Index": 76,
		"JPN": [
			"<CMD>3780</CMD>",
			"はい",
			"いいえ",
			"\f"
		]
	},
	{
		"Index": 77,
		"JPN": [
			"<CMD>18802700729b27000180</CMD><CMD>17802700729b2700ad802700068027000280</CMD><CMD>16802700729b27005581</CMD>うん<BREAK>{少|すこ}しだけ{休|やす}めば<BREAK>すぐ{元気|げんき}になる<CMD>ff8127000280</CMD>",
			"\f"
		]
	},
	{
		"Index": 78,
		"JPN": [
			"<CMD>18802700729b27000480</CMD><CMD>17802700729b2700ab8027000a8027000180</CMD><CMD>16802700729b27007f81</CMD><CMD>028227000080</CMD>がつかれたと<BREAK>{言|い}ってるのに<BREAK>ひどい<CMD>ff8127000280</CMD>！",
			"<CMD>f481</CMD>って<BREAK>そんな{人|ひと}だった<CMD>ff8127000380</CMD>？",
			"<CMD>18802700729b27000280</CMD><CMD>17802700729b27001c802700088027000480</CMD><CMD>16802700729b27007d81</CMD>もういい<CMD>ff8127000280</CMD>！<BREAK><CMD>028227000080</CMD>は{帰|かえ}る",
			"\f"
		]
	},
	{
		"Index": 79,
		"JPN": [
			"<CMD>18802700729b27000080</CMD><CMD>17802700729b2700b28027000a8027000180</CMD><CMD>16802700729b27006981</CMD>…え？<BREAK>なにかあった<CMD>ff8127000380</CMD>？",
			"{向|む}こうに<BREAK><CMD>008027000380</CMD>ユニコーン<CMD>008027000180</CMD>がいた<CMD>ff8127000380</CMD>？",
			"そんなはずない<CMD>ff8127000280</CMD>",
			"どう{見|み}ても　<CMD>008027000380</CMD>ユニコーン<CMD>008027000180</CMD>は<BREAK>このあたりにはいない<CMD>ff8127000280</CMD>",
			"でも　いたって…？<BREAK>しつこい<CMD>ff8127000280</CMD><BREAK><CMD>f481</CMD>",
			"<CMD>18802700729b27000680</CMD><CMD>17802700729b2700088027000a8027000180</CMD><CMD>16802700729b27007e81</CMD>ははあ　わかった<CMD>ff8127000280</CMD><BREAK><CMD>028227000080</CMD>をからかって<BREAK>いる<CMD>ff8127000380</CMD>？",
			"でもそういうからかいかたは<BREAK><CMD>028227000080</CMD>はきらい<CMD>ff8127000080</CMD>",
			"なに？<BREAK>ふまんそうな{顔|かお}してる<CMD>ff8127000280</CMD>",
			"もうこの{話|はなし}はいい<CMD>ff8127000280</CMD>",
			"<CMD>18802700729b27000180</CMD><CMD>17802700729b2700ad802700068027000280</CMD><CMD>16802700729b27005581</CMD>じゅうぶん{休|やす}んだし<BREAK>そろそろ{先|さき}に{行|い}こう<CMD>ff8127000580</CMD>",
			"\f"
		]
	},
	{
		"Index": 80,
		"JPN": [
			"<CMD>18802700729b27000580</CMD><CMD>17802700729b2700af802700088027000180</CMD><CMD>16802700729b27005681</CMD>ちょっと{待|ま}って<CMD>ff8127000480</CMD><BREAK><CMD>f481</CMD>",
			"このへんなら　{今度|こんど}こそ<BREAK><CMD>008027000480</CMD>クリスタル<CMD>008027000180</CMD>が<BREAK>{見|み}つかりそうな{気|き}がする<CMD>ff8127000280</CMD>",
			"<CMD>028227000080</CMD>は<BREAK>ほって{行|い}く<CMD>ff8127000280</CMD>",
			"<CMD>f481</CMD>も<BREAK>てつだって<CMD>ff8127000480</CMD>",
			"<CMD>128027000180</CMD>",
			"\f"
		]
	},
	{
		"Index": 81,
		"JPN": [
			"<CMD>3780</CMD>",
			"ほる",
			"しばらくまつ",
			"先に行く",
			"\f"
		]
	},
	{
		"Index": 82,
		"JPN": [
			"<CMD>18802700729b27000580</CMD><CMD>17802700729b2700af802700088027000180</CMD><CMD>16802700729b27005681</CMD>わあ　すごい<CMD>ff8127000280</CMD>！",
			"<CMD>f481</CMD><BREAK>ダイヤモンドを<BREAK>{見|み}つけた<CMD>ff8127000380</CMD>？",
			"いいなぁ…<BREAK>それ　ほしい<CMD>ff8127000280</CMD>",
			"いや　そもそも<BREAK>それが{見|み}つかったのは",
			"ここで<CMD>008027000480</CMD>クリスタル<CMD>008027000180</CMD>を<BREAK>さがそうって{言|い}った<BREAK><CMD>028227000080</CMD>のおかげ<CMD>ff8127000080</CMD>",
			"だからそのダイヤモンドは<BREAK><CMD>028227000080</CMD>のもの<CMD>ff8127000080</CMD>",
			"<CMD>028227000080</CMD>に<BREAK>ダイヤモンドを<BREAK>わたして<CMD>ff8127000480</CMD>",
			"<CMD>128027000180</CMD>",
			"\f"
		]
	},
	{
		"Index": 83,
		"JPN": [
			"<CMD>3780</CMD>",
			"はい",
			"いいえ",
			"\f"
		]
	},
	{
		"Index": 84,
		"JPN": [
			"<CMD>18802700729b27000180</CMD><CMD>17802700729b2700ad802700068027000280</CMD><CMD>16802700729b27005581</CMD>うれしい<CMD>ff8127000280</CMD>！<BREAK>ありがとう　<CMD>f481</CMD>",
			"さあ<BREAK>{先|さき}に{進|すす}もう<CMD>ff8127000580</CMD><BREAK>{湖|みずうみ}はすぐそこ<CMD>ff8127000080</CMD>",
			"\f"
		]
	},
	{
		"Index": 85,
		"JPN": [
			"<CMD>18802700729b27000480</CMD><CMD>17802700729b2700ab8027000a8027000180</CMD><CMD>16802700729b27007f81</CMD>そう…　<CMD>f481</CMD>は<BREAK><CMD>028227000080</CMD>よりも<BREAK>ダイヤモンドが{大事|だいじ}<CMD>ff8127000180</CMD>？",
			"そんな{人|ひと}だとは<BREAK>{思|おも}わなかった<CMD>ff8127000280</CMD>",
			"<CMD>18802700729b27000280</CMD><CMD>17802700729b27001c802700088027000480</CMD><CMD>16802700729b27007d81</CMD>もういい<CMD>ff8127000280</CMD><BREAK><CMD>028227000080</CMD>　{帰|かえ}る<CMD>ff8127000280</CMD>！",
			"\f"
		]
	},
	{
		"Index": 86,
		"JPN": [
			"<CMD>18802700729b27000580</CMD><CMD>17802700729b2700af802700088027000180</CMD><CMD>16802700729b27005681</CMD>ああ　{見|み}て<CMD>ff8127000480</CMD>！<BREAK><CMD>f481</CMD>",
			"とてもきれいな{光|ひかり}<CMD>ff8127000080</CMD>",
			"<CMD>18802700729b27000180</CMD><CMD>17802700729b2700ad802700068027000280</CMD><CMD>16802700729b27005581</CMD>ついにウワサの{光|ひかり}を<BREAK>{見|み}ることができた<CMD>ff8127000280</CMD>",
			"\f"
		]
	},
	{
		"Index": 87,
		"JPN": [
			"<CMD>16802700a58f27005681</CMD>よくぞここまで{来|き}た！<BREAK><CMD>f481</CMD><BREAK><CMD>f78127006f9b</CMD>",
			"\f"
		]
	},
	{
		"Index": 88,
		"JPN": [
			"ここまでよく　ふたり<BREAK>いっしょに{来|く}ることが<BREAK>できたな",
			"<CMD>16802700a58f27004181</CMD>おたがいのことを<BREAK>{大事|だいじ}に{思|おも}っていないと<BREAK>できないことだ",
			"あの{光|ひかり}をふたりでいっしょに<BREAK>{見|み}ることができるカップルは<BREAK>{少|すく}ないのだ",
			"なぜかというとな<BREAK>この{湖|みずうみ}にあの{光|ひかり}が<BREAK>あらわれると…",
			"どうくつ{全体|ぜんたい}に<BREAK>とくべつなまほうが<BREAK>かかってしまうのだ",
			"<CMD>16802700a58f27007d81</CMD>{中|なか}に{入|はい}った{者|もの}がイライラして<BREAK>おこりっぽくなってしまう<BREAK>そんなまほうがな",
			"だからここにふたりで{入|はい}ると<BREAK>いつもなら　なんでもないことで<BREAK>おたがいにはらをたててしまう",
			"<CMD>16802700a58f27002e81</CMD>それですぐに<BREAK>ケンカをしてしまうのだ",
			"あの{光|ひかり}そのものには<BREAK>べつにフシギなこうかが<BREAK>あるわけではない",
			"だが　おこりっぽくなるまほうの<BREAK>{中|なか}でケンカをせずにここまで{来|き}て<BREAK>{光|ひかり}を{見|み}ることができたなら…",
			"それはそのふたりが{相手|あいて}の<BREAK>ことを{大事|だいじ}に{思|おも}っている<BREAK>なによりのしょうこ",
			"<CMD>16802700a58f27005581</CMD>だからふたりのきずなが<BREAK>さらに{深|ふか}くなると<BREAK>いうわけだ",
			"ふたりとも<BREAK>よくやりとげた",
			"\f"
		]
	},
	{
		"Index": 89,
		"JPN": [
			"<CMD>008027000380</CMD>ユニコーン<CMD>008027000180</CMD>…<BREAK>ほめてくれてうれしい<CMD>ff8127000280</CMD><BREAK>でも…",
			"<CMD>18802700729b27000380</CMD><CMD>17802700729b2700ab8027000a8027000180</CMD><CMD>16802700729b27003081</CMD><CMD>028227000080</CMD>は<BREAK>ほめられるようなことは<BREAK>{何|なに}もしていない<CMD>ff8127000280</CMD>",
			"さっきまでのことを<BREAK>ふりかえってみると　{全部|ぜんぶ}<BREAK><CMD>f481</CMD>のおかげ<CMD>ff8127000080</CMD>",
			"まほうのせいで<BREAK>おこりっぽく<BREAK>なっていたとはいえ…",
			"<CMD>18802700729b27000480</CMD><CMD>17802700729b2700ab8027000a8027000180</CMD><CMD>16802700729b27007f81</CMD>さっきまで<CMD>028227000080</CMD>が<BREAK>してきたことは　なんだかとても<BREAK>はずかしい<CMD>ff8127000280</CMD>",
			"とくに　さいごの<BREAK>ダイヤモンド…",
			"これ<BREAK><CMD>f481</CMD>に<BREAK>{返|かえ}す<CMD>ff8127000280</CMD>",
			"<CMD>18802700729b27000580</CMD><CMD>17802700729b2700af802700088027000180</CMD><CMD>16802700729b27005681</CMD>…え？<BREAK>{一度|いちど}あげたものだから<BREAK>{返|かえ}さなくていいって？",
			"でも…それじゃ<BREAK><CMD>028227000080</CMD>の<BREAK>{気|き}がすまない<CMD>ff8127000280</CMD>",
			"\f"
		]
	},
	{
		"Index": 90,
		"JPN": [
			"はははは<BREAK>ではこうしてはどうかな？",
			"ふたりともいらないのなら<BREAK>わたしからのふたりへの<BREAK>おくりものと　こうかんしよう",
			"<CMD>16802700a58f27006981</CMD>それならよいであろう？",
			"\f"
		]
	},
	{
		"Index": 91,
		"JPN": [
			"それならいい<CMD>ff8127000280</CMD><BREAK>いいよね　<CMD>f481</CMD>？",
			"\f"
		]
	},
	{
		"Index": 92,
		"JPN": [
			"では　ふたりとも<BREAK>これをうけとるがよい",
			"\f"
		]
	},
	{
		"Index": 93,
		"JPN": [
			"それから<BREAK><CMD>f78127006f9b</CMD>には<BREAK>これもオマケだ",
			"\f"
		]
	},
	{
		"Index": 94,
		"JPN": [
			"<CMD>18802700729b27000180</CMD><CMD>17802700729b2700ad802700068027000280</CMD><CMD>16802700729b27005581</CMD>あ　これは<BREAK><CMD>008027000480</CMD>クリスタル<CMD>008027000180</CMD><BREAK>ありがとう　<CMD>008027000380</CMD>ユニコーン<CMD>008027000180</CMD>",
			"\f"
		]
	},
	{
		"Index": 95,
		"JPN": [
			"これからもなかよく<BREAK>するのだぞ<BREAK>ではさらばだ",
			"\f"
		]
	},
	{
		"Index": 96,
		"JPN": [
			"だからわたしが<BREAK>けいこくしたであろう<BREAK><CMD>f481</CMD>よ",
			"<CMD>16802700a58f27003081</CMD>{君|きみ}たちには<BREAK>このどうくつのしれんは<BREAK>きびしすぎたようだ",
			"あの{子|こ}とは<BREAK>あとでちゃんと<BREAK>なかなおりしておくのだぞ",
			"\f"
		]
	},
	{
		"Index": 97,
		"JPN": [
			"<CMD>18802700729b27000580</CMD><CMD>17802700729b2700af802700088027000180</CMD><CMD>16802700729b27005681</CMD>あ…<BREAK><CMD>f481</CMD>",
			"<CMD>18802700729b27000380</CMD><CMD>17802700729b2700ab8027000a8027000180</CMD><CMD>16802700729b27003081</CMD>どうくつでは<BREAK>{先|さき}に{帰|かえ}ってしまって<BREAK>{悪|わる}かった<CMD>ff8127000280</CMD>",
			"{今|いま}にして{思|おも}えば　あのとき<BREAK>なんであんなにおこって<BREAK>しまったのかフシギ<CMD>ff8127000080</CMD>",
			"<CMD>18802700729b27000080</CMD><CMD>17802700729b2700b28027000a8027000180</CMD><CMD>16802700729b27006981</CMD><CMD>028227000080</CMD>のこと<BREAK>おこってない？　ホント<CMD>ff8127000180</CMD>？<BREAK>よかった<CMD>ff8127000280</CMD>",
			"じゃあこれからも<BREAK>{今|いま}までどおり<BREAK>なかよくして<CMD>ff8127000480</CMD>",
			"\f"
		]
	},
	{
		"Index": 99,
		"JPN": [
			"<CMD>16802700a58f27006981</CMD>いっしょにいた{子|こ}は<BREAK>どうしたのだ？",
			"ごほうびはふたりに<BREAK>あたえるのだから<BREAK>いっしょにつれてきなさい",
			"\f"
		]
	}
]