[
	{
		"Index": 0,
		"JPN": [
			"<CMD>18802700729b27000280</CMD><CMD>17802700729b27001c802700088027000480</CMD><CMD>16802700729b27007d81</CMD>ん？<BREAK>なんだ　お{前|まえ}は？",
			"おれに{話|はなし}がある？<BREAK>なら　{勝手|かって}に{話|はな}すがいい<BREAK>{聞|き}くだけは　{聞|き}いてやろう…",
			"なんだと…<BREAK>こいつのたましいを{持|も}っていくな？",
			"<CMD>18802700729b27000480</CMD><CMD>17802700729b2700ab8027000a8027000180</CMD><CMD>16802700729b27007f81</CMD>はぁ…　お{前|まえ}もか<BREAK>これで　いったい<BREAK>{何人目|なんにんめ}だ？",
			"まったく　おせっかいな<BREAK>ニンゲンが{多|おお}くて{困|こま}る…",
			"こいつが　どうなろうと<BREAK>お{前|まえ}たちには<BREAK>{関係|かんけい}あるまいに…",
			"<CMD>18802700729b27000380</CMD><CMD>17802700729b2700ab8027000a8027000180</CMD><CMD>16802700729b27003081</CMD>ああ<BREAK>まったく　やっかいなことだ…",
			"\f"
		]
	},
	{
		"Index": 1,
		"JPN": [
			"<CMD>18802700729b27000780</CMD><CMD>17802700729b2700b18027000a8027000180</CMD>ああ<BREAK>この<CMD>008027000580</CMD>{町|まち}<CMD>008027000180</CMD>のニンゲンは<BREAK>うるさくて　しかたがない…",
			"<CMD>18802700729b27000480</CMD><CMD>17802700729b2700ab8027000a8027000180</CMD><CMD>16802700729b27007f81</CMD>はぁ<BREAK>しかたがないな…",
			"こいつの　たましいを<BREAK>{救|すく}いたいのなら<BREAK>{代|か}わりのものを{持|も}ってくるのだ…",
			"そうしたら<BREAK>{考|かんが}えてやるとしよう…",
			"<CMD>18802700729b27000480</CMD><CMD>17802700729b2700ab8027000a8027000180</CMD><CMD>16802700729b27007f81</CMD>はあ　まったく<BREAK>めんどうなことばかりだ…",
			"\f"
		]
	},
	{
		"Index": 2,
		"JPN": [
			"<CMD>18802700729b27000080</CMD><CMD>17802700729b2700b28027000a8027000180</CMD><CMD>16802700729b27006981</CMD>なんだ　{今|いま}の{演奏|えんそう}は？",
			"{今|いま}まで　{聞|き}いたことのない<BREAK>{不思議|ふしぎ}な{音楽|おんがく}だ…",
			"\f"
		]
	},
	{
		"Index": 3,
		"JPN": [
			"ドゥッドゥッ　ドゥドゥドゥッ…<BREAK>ドゥッドゥッ♪　ドゥッドゥッ♪",
			"\f"
		]
	},
	{
		"Index": 4,
		"JPN": [
			"\f"
		]
	},
	{
		"Index": 5,
		"JPN": [
			"\f"
		]
	},
	{
		"Index": 6,
		"JPN": [
			"\f"
		]
	},
	{
		"Index": 7,
		"JPN": [
			"\f"
		]
	},
	{
		"Index": 8,
		"JPN": [
			"\f"
		]
	},
	{
		"Index": 9,
		"JPN": [
			"\f"
		]
	},
	{
		"Index": 10,
		"JPN": [
			"<CMD>18802700729b27000680</CMD><CMD>17802700729b2700088027000a8027000180</CMD><CMD>16802700729b27007e81</CMD>おお<BREAK>おおお…",
			"{心|こころ}の{奥底|おくそこ}から<BREAK>わきあがってくる<BREAK>このショウドウは　なんだ？",
			"<CMD>18802700729b27000180</CMD><CMD>17802700729b2700ad802700068027000280</CMD><CMD>16802700729b27005581</CMD>すばらしい{曲|きょく}だ！<BREAK>まさに　たましいを　{直|じか}に<BREAK>ゆさぶられるかのような！",
			"この{曲|きょく}ならば<BREAK>たましいの{代|か}わりとして<BREAK>みとめてやってもよかろう",
			"\f"
		]
	},
	{
		"Index": 11,
		"JPN": [
			"では<BREAK>たしかに　たましいを{受|う}け{取|と}った",
			"おれの{仕事|しごと}は<BREAK>これで　{終|お}わりだ<BREAK>{心置|こころお}きなく{帰|かえ}るとしよう",
			"<CMD>18802700729b27000180</CMD><CMD>17802700729b2700ad802700068027000280</CMD><CMD>16802700729b27005581</CMD>ドゥッドゥッ<BREAK>ドゥドゥドゥッ…<BREAK>ドゥゥゥッ…",
			"<CMD>18802700729b27000180</CMD><CMD>17802700729b2700ad802700068027000280</CMD><CMD>16802700729b27005581</CMD>ドゥッドゥッ♪<BREAK>ドゥッドゥッ♪",
			"\f"
		]
	},
	{
		"Index": 40,
		"JPN": [
			"よお　<CMD>f481</CMD><BREAK>なにか　おれに{用|よう}かい？",
			"ああ<BREAK>{後|うし}ろのこれか？<BREAK>おれにもよくわからないけど",
			"こいつは　<CMD>008027000380</CMD>{死神|しにがみ}<CMD>008027000180</CMD>らしいぜ",
			"って　いうことは<BREAK>おれ　もうダメかもしれねぇ……",
			"ああ<BREAK>おれ　なんにも{悪|わる}いことしてない<BREAK>…はずなんだけどなぁ",
			"どうして　おればっかり<BREAK>こんな{目|め}に　あうんだ？",
			"\f"
		]
	},
	{
		"Index": 41,
		"JPN": [
			"ふぃー　ききいっぱつ！<BREAK>もうすこしで<BREAK>たましいをとられるところだった！",
			"いくら{礼|れい}を{言|い}っても<BREAK>たりないけど<BREAK>とにかく　ありがとうよ！",
			"いやぁ<BREAK>{体|からだ}も{軽|かる}くなったし<BREAK>{気分|きぶん}もスッキリ！",
			"これでまた<BREAK>バリバリ{仕事|しごと}ができるぜ！",
			"<CMD>f481</CMD><BREAK>ほんとうに<BREAK>ありがとうな！",
			"\f"
		]
	},
	{
		"Index": 50,
		"JPN": [
			"<CMD>49802700548027000380</CMD>",
			"\f"
		]
	},
	{
		"Index": 51,
		"JPN": [
			"<CMD>49802700548027000480</CMD>",
			"\f"
		]
	},
	{
		"Index": 52,
		"JPN": [
			"<CMD>49802700548027000580</CMD>",
			"\f"
		]
	},
	{
		"Index": 53,
		"JPN": [
			"ジブンが　ここにいるのには<BREAK>ふかい　ふかい　ワケが<BREAK>あるんであります",
			"そもそも　ジブンの{役目|やくめ}は<BREAK><CMD>008027000580</CMD>{学校|がっこう}<CMD>008027000180</CMD>のロビーで<BREAK>{昼|ひる}となく{夜|よる}となく　{見|み}はること",
			"ただ　そのためだけに<BREAK>{生|う}まれてきたんであります",
			"なのに　ジブンときたら<BREAK>さいきん　イネムリばかり<BREAK>してしまうんであります…",
			"<CMD>16802700ad8f27003081</CMD><CMD>18802700ad8f27000380</CMD>ジブンは　ジブンの{役目|やくめ}も<BREAK>まんぞくに　はたせない<BREAK>ダメなヤツなんであります…",
			"なさけなさのあまり<BREAK>きづけば　{持|も}ち{場|ば}から<BREAK>{逃|に}げ{出|だ}していたんであります",
			"<CMD>16802700ad8f27003081</CMD><CMD>18802700ad8f27000380</CMD>ああ<BREAK>{穴|あな}があったら　{入|はい}りたい…",
			"<CMD>18802700ad8f27000080</CMD>そんな{気持|きも}ちで　いたところ<BREAK>{見|み}つけたのが　この<CMD>008027000580</CMD>どうくつ<CMD>008027000180</CMD><BREAK>という　ワケでありまして…",
			"イネムリせずにすむ{方法|ほうほう}を<BREAK>{見|み}つけないことには<BREAK>{帰|かえ}ることもできないんであります",
			"いったい…<BREAK>どう…すれ…ば…いい…",
			"\f"
		]
	},
	{
		"Index": 54,
		"JPN": [
			"……はっ！？<BREAK>ジブンは　また　イネムリ<BREAK>していたんでありますか！？",
			"<CMD>16802700ad8f27003081</CMD><CMD>18802700ad8f27000380</CMD>ああ…　ジブンは<BREAK>なんて　{意志|いし}が{弱|よわ}くて<BREAK>なさけないヤツなんでありましょう",
			"<CMD>18802700ad8f27000080</CMD>ごらんのとおりのありさまで<BREAK>{気|き}をぬくと　あっという{間|ま}に<BREAK>イネムリしてしまうんであります",
			"<CMD>16802700ad8f27007f81</CMD>これでは　とても<BREAK>{役目|やくめ}に{戻|もど}ることなんて<BREAK>できないんであります…",
			"なにか　じっとしていても<BREAK>ねむくならない　いい{方法|ほうほう}が<BREAK>あれば　いいんでありますが…",
			"<CMD>16802700ad8f27005681</CMD>…そうであります！！",
			"ねむいときには　シゲキテキな<BREAK>{物|もの}を　{食|た}べると{目|め}がさめると<BREAK>{聞|き}いたことが　あるんであります！",
			"ジブンにシゲキテキな{食|た}べ{物|もの}を<BREAK>さがして{持|も}ってきて<BREAK>いただけないでしょうか？",
			"<CMD>16802700ad8f27002d81</CMD>ただ　{元|もと}の{役目|やくめ}にもどることを<BREAK>{考|かんが}えると　{他|ほか}の{人|ヒト}には<BREAK>ナイショにしてほしいであります",
			"\f"
		]
	},
	{
		"Index": 55,
		"JPN": [
			"おおっ！？　これはっ…<BREAK>たっ…たしかに<BREAK>すっごくシゲキテキであります！",
			"なんだか　{身体|からだ}のおくから<BREAK>カーッと{熱|あつ}くなってきて<BREAK>{気持|きも}ちもウキウキするであります！",
			"<CMD>18802700ad8f27000180</CMD>ウ…ウワハハハハッ！　…あれ？<BREAK>ヘヘへへ{変|へん}であります　よっ？<BREAK>ウヒョヒョヒョヒョヒョヒョッ！？",
			"め　{目|め}が{覚|さ}めるのワハハハ！！<BREAK>い　いいんでありますがハハハ！？",
			"{今度|こんど}ワハハハッ！？<BREAK>{笑|わら}いガハハハハハハッ！？<BREAK>{止|と}まらないヒヒヒヒ～～～ッ！！",
			"\f"
		]
	},
	{
		"Index": 56,
		"JPN": [
			"<CMD>16802700ad8f27005681</CMD>おおおっ？　これは！？<BREAK>{確|たし}かに　シゲキテキな<BREAK>アジでありますよっ！！",
			"クチの{中|なか}が　ズッキリして<BREAK>{目|め}もパッチリじでぎだでありまず！<BREAK>すごぐ　ゾウガイでありまず！！",
			"\f"
		]
	},
	{
		"Index": 57,
		"JPN": [
			"…ふむふむ<BREAK>…ほう…<BREAK>…なるほど　なるほど",
			"<CMD>18802700ad8f27000580</CMD>これは{確|たし}かにシゲキテキで<BREAK>ノウコウかつジュウコウな<BREAK>{味|あじ}わいの{食|た}べ{物|もの}でありますね",
			"<CMD>18802700ad8f27000680</CMD>いちど　{舌|した}にまとわりついたら<BREAK>けして　はなれない　ニガムシを<BREAK>ほうふつとさせるフレーバー…",
			"ユウキュウのサイゲツをかけて<BREAK>ジュクセイさせたクツシタを<BREAK>{思|おも}わせる　ほうじゅんなブーケ…",
			"<CMD>18802700ad8f27000580</CMD>これぞ　まさしく<BREAK>{目|め}を{見開|みひら}かんばかりの{味|あじ}と<BREAK>{申|もう}せましょう",
			"<CMD>16802700ad8f27003081</CMD><CMD>18802700ad8f27000080</CMD>…って<BREAK>{今|いま}　ジブン　ものすごく<BREAK>ヘンでありませんでしたか？",
			"こんな　しゃべりかたでは<BREAK>{先生|せんせい}がたに　ふざけてると<BREAK>{思|おも}われてしまうであります",
			"\f"
		]
	},
	{
		"Index": 58,
		"JPN": [
			"…おや？<BREAK>これは　もうためしたことが<BREAK>あるヤツみたいであります",
			"<CMD>16802700ad8f27002d81</CMD>{何度|なんど}も　お{手間|てま}をおかけして<BREAK>キョウシュクでありますが…",
			"{違|ちが}う{種類|しゅるい}の　{食|た}べ{物|もの}を<BREAK>{探|さが}してきては<BREAK>いただけないでありましょうか？",
			"\f"
		]
	},
	{
		"Index": 59,
		"JPN": [
			"<CMD>16802700ad8f27005681</CMD>ううっ…<BREAK>こ…これは…っ！？",
			"<CMD>18802700729b27000180</CMD><CMD>17802700729b2700ad802700068027000280</CMD><CMD>16802700729b27005581</CMD>うまい！<BREAK>うますぎるでありますっ！？",
			"{甘|アマ}からず　{辛|カラ}からず<BREAK>サンミもほどほどの<BREAK>ゼツミョウなバランスのこの{味|あじ}！",
			"まさに　キュウキョクの<BREAK>ショクザイといえるであります！！",
			"こんなおいしいものを<BREAK>{持|も}ってきていただいて<BREAK>とてもキョウシュクでありますが…",
			"<CMD>16802700ad8f27002d81</CMD>ざんねんながら<BREAK>{少々|しょうしょう}　シゲキが<BREAK>{足|た}りないようであります",
			"もっと{辛|カラ}かったり<BREAK>{苦|ニガ}かったり　しょっぱかったり…",
			"マズくて　ドギツイ{味|あじ}のほうが<BREAK>{今|いま}の　ジブンにとっては<BREAK>ありがたいんであります",
			"\f"
		]
	},
	{
		"Index": 60,
		"JPN": [
			"それじゃいただくでありま……",
			"…って",
			"<CMD>16802700ad8f27002d81</CMD>さすがに　ジブンにも<BREAK>これは{食|た}べられないで<BREAK>ありますよ",
			"{石|いし}にかじりついてでも<BREAK>{役目|やくめ}に{戻|もど}ろうという<BREAK>{気持|きも}ちはあるんでありますが…",
			"さすがに<BREAK>{本当|ほんとう}に{石|いし}をかじっても<BREAK>{意味|いみ}ないと　{思|おも}うんであります",
			"\f"
		]
	},
	{
		"Index": 61,
		"JPN": [
			"<CMD>16802700ad8f27002d81</CMD>{大変|たいへん}　{言|い}いにくいんで<BREAK>ありますが…",
			"これを{食|た}べても<BREAK>ねむけが{覚|さ}める{時間|じかん}は<BREAK>わずかのようであります",
			"ふわぁぁ…",
			"\f"
		]
	},
	{
		"Index": 62,
		"JPN": [
			"<CMD>16802700ad8f27002d81</CMD>{何度|なんど}も{何度|なんど}も　{本当|ほんとう}に<BREAK>キョウシュクでありますが…",
			"もっとシゲキテキな{食|た}べ{物|もの}を<BREAK>{探|さが}してきて{欲|ほ}しいであります",
			"よろしく…お{願|ねが}いするで…<BREAK>あり…ま…",
			"\f"
		]
	},
	{
		"Index": 63,
		"JPN": [
			"おかげさまで　{色々|いろいろ}と<BREAK>シゲキテキな{食べ物|たべもの}を<BREAK>{試|ため}してみたでありますが",
			"<CMD>16802700ad8f27003081</CMD><CMD>18802700ad8f27000380</CMD>イッパツで{目|め}が{覚|さ}める<BREAK>{食|た}べ{物|もの}は　なかなか<BREAK>みつからないでありますな",
			"<CMD>18802700ad8f27000080</CMD>ずっと　{見|み}はりの{仕事|しごと}を<BREAK>ほおりだしておくわけにも<BREAK>いかないでありますし…",
			"<CMD>16802700ad8f27007f81</CMD>こうしている{間|あいだ}にも<BREAK>ジブンの{代|か}わりが　{用意|ようい}されて<BREAK>いるんではないかと{思|おも}うと…",
			"{夜|よる}も　ねむれな…<BREAK>いえ　ジブン　ねむりすぎて<BREAK>{困|こま}ってるんでありました！",
			"<CMD>16802700ad8f27005681</CMD>うう…　こうなれば<BREAK>もう　{最後|さいご}の<BREAK>{手段|しゅだん}であります！",
			"{少|すこ}しでも{効|き}き{目|め}のあった<BREAK>{食|た}べ{物|もの}を　{全部|ぜんぶ}まとめて<BREAK>{食|た}べてみるであります！！",
			"ジブンのために　もう{一肌|ひとはだ}<BREAK>ぬいで{欲|ほ}しいであります！",
			"シゲキテキな{食|た}べ{物|もの}を<BREAK>まとめて　たくさん{持|も}って<BREAK>{来|き}ていただきたいんであります！",
			"ジブン　アナタを<BREAK>{信|しん}じて　ここで<BREAK>{待|ま}っている…で…あり…ま…",
			"\f"
		]
	},
	{
		"Index": 64,
		"JPN": [
			"うーん…<BREAK>{大変言|タイヘンい}いにくいんで<BREAK>ありますが…",
			"これだけでは<BREAK>まだ{何|なに}か　{足|た}りない{気|き}が<BREAK>するんであります",
			"もっと　たくさんの{種類|しゅるい}の<BREAK>シゲキテキな{食|た}べ{物|もの}を<BREAK>{集|あつ}めてきて{欲|ほ}しいんであります",
			"そうでありますね…",
			"３{種類|しゅるい}くらい　まとめて<BREAK>ためしてみたいと<BREAK>{思|おも}うんでありますが…",
			"よろしくお{願|ねが}いするであります",
			"ジブン　アナタを<BREAK>{信|しん}じて　ここで<BREAK>{待|ま}っている…で…あり…ま…",
			"\f"
		]
	},
	{
		"Index": 65,
		"JPN": [
			"なるほど　なるほど！",
			"これだけあれば<BREAK>いけそうな{気|き}がするであります！",
			"それでは　さっそく<BREAK>いただいてみるであります！",
			"\f"
		]
	},
	{
		"Index": 66,
		"JPN": [
			"これなら　もう<BREAK>イネムリなんてしなくて<BREAK>{済|す}みそうでありますよ！",
			"アナタのオカゲで　ジブンも<BREAK>やっと{元|もと}の{役目|やくめ}にもどることが<BREAK>できるであります！",
			"このご{恩|おん}は<BREAK>{一生忘|いっしょうわす}れないであります！",
			"ところで　{最後|さいご}に　もう１つだけ<BREAK>ジブンのワガママを{聞|き}いて<BREAK>いただきたいんであります",
			"<CMD>16802700ad8f27002d81</CMD><CMD>18802700ad8f27000080</CMD>ジブンがしゃべれるということは<BREAK>ここだけのヒミツにしておいて<BREAK>いただけないでありましょうか？",
			"{物|もの}を{言|い}わず　ねむらず<BREAK>ロビーを{見|み}はり{続|つづ}けるのが<BREAK>ジブンの{役目|やくめ}でありますからね",
			"<CMD>18802700ad8f27000280</CMD>しかし　{言葉|ことば}は　かわさなくても<BREAK>ジブンと　アナタは<BREAK>ずっと　{友|とも}だちであります！",
			"アナタのこと<BREAK>ずっと　{見守|みまも}ってるであります！",
			"それでは…<BREAK>おさらばであります！",
			"\f"
		]
	},
	{
		"Index": 67,
		"JPN": [
			"…はっ！？",
			"しまった！！<BREAK>みつかったでありますかっ！？",
			"アナタは<BREAK><CMD>008027000580</CMD><CMD>f881</CMD>{学校|がっこう}<CMD>008027000180</CMD>の<BREAK>{生徒|せいと}でありますね？",
			"ごぞんじのとおり　ジブンは<BREAK><CMD>008027000580</CMD>{学校|がっこう}<CMD>008027000180</CMD>のロビーの{見|み}はり{役|やく}の<BREAK><CMD>008027000380</CMD>ガーゴイル<CMD>008027000180</CMD>でありますが…",
			"おりいって<BREAK>アナタにお{願|ねが}いが<BREAK>あるんであります！",
			"<CMD>16802700ad8f27002d81</CMD>ここでジブンと　{会|あ}ったことは<BREAK>どうか　ナイショにして<BREAK>いただきたいんであります！",
			"ダ　ダメでありますかね？",
			"\f"
		]
	},
	{
		"Index": 68,
		"JPN": [
			"<CMD>16802700ad8f27005681</CMD>…んぁ？",
			"ジブンはまた　{眠気|ねむけ}に<BREAK>{負|ま}けていたようでありますね…",
			"ああ　ジブンは<BREAK>なんて　なさけないヤツなんだ…",
			"ところで…",
			"お{願|ねが}いしたものは<BREAK>{持|も}ってきて　いただけたんで<BREAK>ありますか？",
			"\f"
		]
	},
	{
		"Index": 69,
		"JPN": [
			"…ああ　アナタでありましたか",
			"ジブンのこと　{見|み}すてずに<BREAK>また{来|き}てくれたんでありますね",
			"<CMD>18802700729b27000180</CMD><CMD>17802700729b2700ad802700068027000280</CMD><CMD>16802700729b27005581</CMD>かんしゃの{言葉|ことば}もないとは<BREAK>このことであります！",
			"<CMD>16802700ad8f27006981</CMD>それで　お{願|ねが}いした{物|もの}は<BREAK>{持|も}ってきていただけたんで<BREAK>ありましょうか？",
			"それではさっそく<BREAK>はいけんするであります",
			"{今回|こんかい}　{持|も}って{来|き}ていただいた<BREAK>シゲキテキな{食|た}べ{物|もの}は…",
			"\f"
		]
	},
	{
		"Index": 70,
		"JPN": [
			"むにゃむにゃ…",
			"\f"
		]
	},
	{
		"Index": 71,
		"JPN": [
			"フヒッ…フヘ…フハハハァ～ッ<BREAK>フ～ッ…フ～～～ッ…",
			"<CMD>16802700ad8f27002d81</CMD>…や　やっと<BREAK>おさまったであります…",
			"{確|たし}かに　これを{食|た}べれば<BREAK>{少|すこ}しは　{目|め}が{覚|さ}めそうでは<BREAK>ありますが…",
			"<CMD>16802700ad8f27007f81</CMD>{見|み}はり{役|やく}の　ジブンが<BREAK>こんな{風|ふう}に{笑|わら}ってるわけには<BREAK>いかないんであります",
			"\f"
		]
	},
	{
		"Index": 72,
		"JPN": [
			"<CMD>16802700ad8f27006981</CMD>これが<BREAK>おすすめの　シゲキテキな<BREAK>{食|た}べ{物|もの}でありますか？",
			"\f"
		]
	},
	{
		"Index": 73,
		"JPN": [
			"お…おおおお……？<BREAK>きっ　きっ　キターーーー！？<BREAK>シシシシシビレル～～～～ッ！！",
			"ノウテンを　つきぬけたシゲキが<BREAK>そのまま{全身|ぜんしん}をかけめぐって<BREAK>ドクドク{言|い}ってるであります！？",
			"こんなに{頭|あたま}の{中|なか}がスッキリ<BREAK>ソウカイになったのは<BREAK>{久|ひさ}しぶりでありますよ！！",
			"\f"
		]
	},
	{
		"Index": 74,
		"JPN": [
			"<CMD>18802700ad8f27000080</CMD>あで…でも　なんだが<BREAK>ジダがビリビリじびれずぎで<BREAK>うま…じゃべれな…あり…まず…",
			"ぞれ…どご…が<BREAK>デ　も　アジ　も　じびれ…<BREAK>じびびびびびびびびびびびっ！？",
			"\f"
		]
	},
	{
		"Index": 75,
		"JPN": [
			"<CMD>16802700ad8f27002d81</CMD>ううう…<BREAK>…や　やっど<BREAK>おざまっでぎだで　ありまず",
			"{確|たし}かに　これは<BREAK>ジブンの{注文|ちゅうもん}どおり<BREAK>シビレるアジでありますが…",
			"{何|なに}かあったときに<BREAK>からだが{動|うご}かないんでは<BREAK>お{役|やく}に{立|た}てないんであります",
			"\f"
		]
	},
	{
		"Index": 76,
		"JPN": [
			"<CMD>49802700548027000b80</CMD>",
			"\f"
		]
	},
	{
		"Index": 77,
		"JPN": [
			"オオワライタケ!",
			"\f"
		]
	},
	{
		"Index": 78,
		"JPN": [
			"ベニテングタケ!",
			"\f"
		]
	},
	{
		"Index": 79,
		"JPN": [
			"ツキヨタケ!",
			"\f"
		]
	},
	{
		"Index": 80,
		"JPN": [
			"トラフグ!",
			"\f"
		]
	},
	{
		"Index": 81,
		"JPN": [
			"ハコフグ!",
			"\f"
		]
	},
	{
		"Index": 82,
		"JPN": [
			"ヤドクカエル!",
			"\f"
		]
	},
	{
		"Index": 83,
		"JPN": [
			"ムカデ!",
			"\f"
		]
	},
	{
		"Index": 84,
		"JPN": [
			"ムカデトンボ!",
			"\f"
		]
	},
	{
		"Index": 85,
		"JPN": [
			"マンドラゴラ!",
			"\f"
		]
	},
	{
		"Index": 86,
		"JPN": [
			"どくリンゴのジュース!",
			"\f"
		]
	},
	{
		"Index": 87,
		"JPN": [
			"これで　{全部|ぜんぶ}でありますね？",
			"\f"
		]
	},
	{
		"Index": 88,
		"JPN": [
			"うーん…　{大変|たいへん}<BREAK>{言|い}いにくいんでありますが…",
			"{今回|こんかい}　{持|も}ってきて<BREAK>いただいた{物|も}の{中|のなか}には",
			"シゲキテキな{食|た}べ{物|もの}は<BREAK>{一|１}つもないようであります…",
			"ジブンは　たくさんの{種類|しゅるい}の<BREAK>シゲキテキな{食|た}べ{物|もの}を<BREAK>{集|あつ}めてきて{欲|ほ}しいんであります",
			"そうでありますね…",
			"３{種類|しゅるい}くらい　まとめて<BREAK>ためしてみたいと<BREAK>{思|おも}うんでありますが…",
			"よろしくお{願|ねが}いするであります",
			"\f"
		]
	}
]