[
	{
		"Index": 0,
		"JPN": [
			"<CMD>18802700bc8f27000180</CMD><CMD>16802700bc8f27005581</CMD>あーはははっ<BREAK>{本|ほん}さ　{書|か}いてあったとおりだべ",
			"{地上人|ちじょうじん}は　{石|いし}が<BREAK>うまってると　ほりたくなるって<BREAK>ホントだっただなあ",
			"<CMD>18802700bc8f27000080</CMD>おらか？<BREAK>おらは　<CMD>008027000380</CMD>{地底人|ちていじん}<CMD>008027000180</CMD>だぁ",
			"\f"
		]
	},
	{
		"Index": 1,
		"JPN": [
			"<CMD>18802700bc8f27000180</CMD>{今|いま}　{地底|ちてい}じゃ<BREAK>{地上|ちじょう}へ　{行|い}くのが<BREAK>{流行|りゅうこう}のサイセンタンなんだぁ",
			"<CMD>18802700bc8f27000080</CMD>でも　{地上|ちじょう}のことは<BREAK>よく　{知|し}らねえから",
			"{地上人|ちじょうじん}に<BREAK>あんないさせるんが　いいって<BREAK>{本|ほん}に　{書|か}いてあったべ",
			"{地上人|ちじょうじん}を　つかまえる<BREAK>{方法|ほうほう}も　{書|か}いてあって<BREAK>ためしてみたけどもよ",
			"<CMD>18802700bc8f27000180</CMD><CMD>16802700bc8f27005581</CMD>あははははっ<BREAK>ほんとに<BREAK>つかまるもんなんだなぁ",
			"さすが　{地上旅行|ちじょうりょこう}の<BREAK>ベストセラー・ガイドだべ",
			"\f"
		]
	},
	{
		"Index": 2,
		"JPN": [
			"<CMD>18802700bc8f27000080</CMD>それはそうと<BREAK>おら　{行|い}きてぇところが<BREAK>あるんだ",
			"{地上|ちじょう}で　いちばん<BREAK>{天国|てんごく}に　{近|ちか}い{場所|ばしょ}　と<BREAK>{言|い}われてな",
			"{毒|どく}キノコのぎせい{者|しゃ}が<BREAK>{急増中|きゅうぞうちゅう}　っちう<BREAK>ところだっぺ",
			"<CMD>18802700bc8f27000380</CMD><CMD>16802700bc8f27002d81</CMD>{地上|ちじょう}は　こえぇだな<BREAK>おら　{食|く}いすぎには<BREAK>{注意|ちゅうい}するだよ",
			"<CMD>18802700bc8f27000180</CMD>とにかく　おら<BREAK>その{場所|ばしょ}へ<BREAK>{行|い}ってみてぇだ",
			"<CMD>16802700bc8f27005581</CMD><CMD>18802700bc8f27000080</CMD>おらの{前|まえ}を　あるいて<BREAK>{連|つ}れてってくんろ<BREAK>よろしくな<CMD>4a80</CMD>",
			"\f"
		]
	},
	{
		"Index": 3,
		"JPN": [
			"<CMD>18802700bc8f27000180</CMD><CMD>16802700bc8f27005581</CMD>おー　ここが<BREAK>{天国|てんごく}に　いちばん{近|ちか}い<BREAK>ところかー",
			"<CMD>18802700bc8f27000080</CMD>なに？　こっちじゃ<BREAK><CMD>008027000580</CMD>キノコの{森|もり}<CMD>008027000180</CMD>いうだか？",
			"まぁ　そんなことは<BREAK>どうでもいいべ",
			"\f"
		]
	},
	{
		"Index": 4,
		"JPN": [
			"{本|ほん}によると　ここは<BREAK>キノコが　いつも<BREAK>おいしげっているらしいべ",
			"たまに　めずらしい<BREAK>{生|い}き{物|もん}も　おとずれるんで<BREAK>{見|み}ることができたらラッキー",
			"…って　{書|か}いてあるべ",
			"<CMD>18802700bc8f27000180</CMD><CMD>16802700bc8f27005581</CMD>いやー<BREAK>{地上|ちじょう}めぐりは<BREAK>{楽|たの}しいなぁ",
			"\f"
		]
	},
	{
		"Index": 5,
		"JPN": [
			"<CMD>18802700bc8f27000080</CMD>さて<BREAK>そろそろ　{次|つぎ}の{場所|ばしょ}へ　{行|い}くべ",
			"{次|つぎ}に　おらが{行|い}きたいところは<BREAK>この{本|ほん}によると<BREAK>のろいのだんがい　いうらしいだ",
			"デートのメッカ<BREAK>ここで　アイをちかうと",
			"{男|オトコ}は{女|オンナ}に　{永遠|えいえん}に<BREAK>{従|したが}うことを　ちかう",
			"…って　いうでねーか",
			"<CMD>18802700bc8f27000380</CMD><CMD>16802700bc8f27007f81</CMD>ずっと　{従|したが}わねば<BREAK>ならねぇなんて<BREAK>{地上|ちじょう}は　こえーとこだなぁ",
			"<CMD>18802700bc8f27000180</CMD>おら　そんな{場所|ばしょ}さ<BREAK>１{回|かい}　{行|い}ってみてーだ",
			"<CMD>18802700bc8f27000080</CMD><CMD>16802700bc8f27005581</CMD>おらの{前|まえ}を　あるいて<BREAK>{連|つ}れてってくんろ<BREAK>よろしくな<CMD>4a80</CMD>",
			"\f"
		]
	},
	{
		"Index": 6,
		"JPN": [
			"<CMD>49802700638027000a80</CMD>",
			"\f"
		]
	},
	{
		"Index": 7,
		"JPN": [
			"<CMD>18802700bc8f27000180</CMD><CMD>16802700bc8f27005581</CMD>おー　ここが<BREAK>のろいのだんがい　かぁ",
			"<CMD>18802700bc8f27000080</CMD>なに？　ホントは<BREAK><CMD>008027000580</CMD>コイビトミサキ<CMD>008027000180</CMD>っていうだか？",
			"まぁ　そんなことは<BREAK>どうでもいいべ",
			"\f"
		]
	},
	{
		"Index": 8,
		"JPN": [
			"{本|ほん}によると…",
			"ここは<BREAK>{仲良|なかよ}くなった{人|ヒト}と<BREAK>{待|ま}ち{合|あ}わせをすることで",
			"{同|おな}じ{行動|こうどう}を　することが<BREAK>できるようになる",
			"フシギなパワーを<BREAK>さずかる{場所|ばしょ}",
			"…らしいっぺ",
			"<CMD>18802700bc8f27000380</CMD><CMD>16802700bc8f27007f81</CMD>{２人|ふたり}して　ずっと{同|おな}じこと<BREAK>しなきゃならねぇなんて<BREAK>おそろしいなぁ…",
			"<CMD>18802700bc8f27000180</CMD>それにしても<BREAK>{地上|ちじょう}めぐりは<BREAK>{楽|たの}しいなぁ",
			"\f"
		]
	},
	{
		"Index": 9,
		"JPN": [
			"<CMD>18802700bc8f27000080</CMD>さて　ここは　このくらいにして<BREAK>{次|つぎ}に　{行|い}きたい　{場所|ばしょ}を<BREAK>{発表|はっぴょう}するずら",
			"{本|ほん}によると…<BREAK>{誰|だれ}も{住|す}まない{家|いえ}<BREAK>いうらしいだ",
			"あなたが　どんなに<BREAK>{汚|よご}れていても<BREAK>その{場所|ばしょ}で　{祈|いの}ることで",
			"{心|ココロ}も{体|カラダ}も　とうめいに<BREAK>なれるでしょう",
			"…って　{書|か}いてあるんだ",
			"<CMD>18802700bc8f27000380</CMD><CMD>16802700bc8f27007f81</CMD>よく　わかんねぇけど<BREAK>おそろしいところだなぁ",
			"<CMD>18802700bc8f27000180</CMD>おら　そんな{場所|ばしょ}さ<BREAK>１{回|かい}　{行|い}ってみてーだ",
			"<CMD>18802700bc8f27000080</CMD><CMD>16802700bc8f27005581</CMD>おらの{前|まえ}を　あるいて<BREAK>{連|つ}れてってくんろ<BREAK>よろしくな<CMD>4a80</CMD>",
			"\f"
		]
	},
	{
		"Index": 10,
		"JPN": [
			"ん？　どうしただ？<BREAK>はやく　{連|つ}れて{行|い}ってけろ",
			"\f"
		]
	},
	{
		"Index": 11,
		"JPN": [
			"<CMD>18802700bc8f27000180</CMD><CMD>16802700bc8f27005581</CMD>へー　ここが<BREAK>{誰|だれ}も{住|す}まない{家|いえ}　だっぺかー",
			"<CMD>18802700bc8f27000080</CMD>なに？　ホントは<BREAK><CMD>008027000580</CMD>イセキ<CMD>008027000180</CMD>いうだか？",
			"まぁ　そんなことは<BREAK>どうでもいいべ",
			"\f"
		]
	},
	{
		"Index": 12,
		"JPN": [
			"ここは　{本|ほん}によるとだな…",
			"{地上人|ちじょうじん}は　プライベートを<BREAK>{大切|たいせつ}にするあまり",
			"{自|みずか}らを　とうめいにするために<BREAK>１{日|にち}１{回|かい}　ここへ{来|き}て<BREAK>とうめいになる",
			"って　{書|か}いてあるべ",
			"<CMD>16802700bc8f27006981</CMD>{本当|ほんとう}なんか？<BREAK>おめーもよく<BREAK>とうめいになりにくるんか？",
			"そこまでして<BREAK>{見|み}えなくなりてぇなんて<BREAK>{地上人|ちじょうじん}はやっぱヘンだなぁ",
			"\f"
		]
	},
	{
		"Index": 13,
		"JPN": [
			"<CMD>18802700bc8f27000180</CMD><CMD>16802700bc8f27005581</CMD>あー　{楽|たの}しかっただ",
			"{回|まわ}りたいとこは　{回|まわ}ったから<BREAK>おら　ぼちぼち　{帰|け}ぇるとするだ",
			"あんない　ありがとな",
			"<CMD>18802700bc8f27000380</CMD>でも　{地上|ちじょう}は<BREAK>こえーところが　{多|おお}いだなぁ",
			"<CMD>18802700bc8f27000180</CMD>おら<BREAK>やっぱり　{地底|ちてい}が　いいだ",
			"\f"
		]
	},
	{
		"Index": 14,
		"JPN": [
			"<CMD>18802700bc8f27000080</CMD>あ！<BREAK>{帰|かえ}りは　{送|おく}ってもらわなくて<BREAK>だいじょうぶだ",
			"もう　{地上|ちじょう}のことは<BREAK>すみからすみまで<BREAK>{全部|ぜんぶ}　わかったでな",
			"<CMD>18802700bc8f27000180</CMD><CMD>16802700bc8f27007e81</CMD>もしかすると<BREAK>{地上|ちじょう}に{住|す}んでる　おめーより<BREAK>くわしくなったかもしんねえな",
			"<CMD>18802700bc8f27000080</CMD>なんてな<BREAK>ジョウダンだべ<BREAK>さあ　{帰|け}ぇるべ　{帰|け}ぇるべ",
			"<CMD>18802700bc8f27000180</CMD><CMD>16802700bc8f27005581</CMD>ほんじゃ　またなー",
			"\f"
		]
	},
	{
		"Index": 15,
		"JPN": [
			"おーい　どこさ{行|い}っただー！？",
			"どこ{行|い}ったか　わかんねえから<BREAK>おら　<CMD>008027000580</CMD>どうくつ<CMD>008027000180</CMD>の{前|まえ}で<BREAK>{待|ま}ってるだ～",
			"\f"
		]
	},
	{
		"Index": 16,
		"JPN": [
			"<CMD>18802700bc8f27000380</CMD><CMD>16802700bc8f27007d81</CMD>ま～ったく<BREAK>あんないする{人|ヒト}が<BREAK>{迷子|まいご}になって　どうすんだ？",
			"<CMD>18802700bc8f27000080</CMD>そんじゃ　{気|き}ぃとりなおして{行|い}くべ<CMD>4a80</CMD>",
			"\f"
		]
	},
	{
		"Index": 17,
		"JPN": [
			"<CMD>49802700638027000780</CMD>",
			"\f"
		]
	},
	{
		"Index": 18,
		"JPN": [
			"<CMD>048027001e80</CMD>じゃーんっ！",
			"\f"
		]
	},
	{
		"Index": 19,
		"JPN": [
			"ん？　どうしただ？<BREAK>はやく　{連|つ}れて{行|い}ってけろ",
			"\f"
		]
	},
	{
		"Index": 20,
		"JPN": [
			"<CMD>18802700bc8f27000380</CMD>おいおい　いくらなんでも<BREAK>そんなせめぇトコにゃ<BREAK>オラ{入|はい}れねえだ",
			"<CMD>18802700bc8f27000080</CMD>よりみちしてねぇで<BREAK>{早|はや}く{連|つ}れてってくんろ",
			"\f"
		]
	},
	{
		"Index": 51,
		"JPN": [
			"<CMD>49802700648027000280</CMD>",
			"\f"
		]
	},
	{
		"Index": 54,
		"JPN": [
			"<CMD>f481</CMD>くん<BREAK>ちょうど{良|よ}いところに<BREAK>{来|き}てくれました",
			"しょうかいしたい{人|ひと}が<BREAK>いるのです",
			"\f"
		]
	},
	{
		"Index": 55,
		"JPN": [
			"{彼|かれ}は<CMD>008027000380</CMD>きんだんのしょ<CMD>008027000180</CMD><BREAK>わたしの{古|ふる}くからの{知|し}り{合|あ}いで<BREAK>こまっているのです",
			"{実|じつ}は　{彼|かれ}の{中|なか}の<BREAK>ページが　なぜか<BREAK>{逃|に}げ{出|だ}してしまいましてね",
			"わたしも　{探|さが}しに{行|い}きたいの<BREAK>ですが　ここを{長時間|ちょうじかん}<BREAK>はなれるわけにもいかないのです",
			"そこで　<CMD>f481</CMD>くんに<BREAK>おねがいがあるのです",
			"{彼|かれ}を{手伝|てつだ}って<BREAK>{逃|に}げたページを{探|さが}して{来|き}ては<BREAK>もらえないでしょうか？",
			"くわしい　{話|はなし}は<BREAK>そこの　<CMD>008027000380</CMD>きんだんのしょ<CMD>008027000180</CMD>から<BREAK>{聞|き}いてください",
			"\f"
		]
	},
	{
		"Index": 56,
		"JPN": [
			"わがはいは<BREAK><CMD>008027000380</CMD>きんだんのしょ<CMD>008027000180</CMD>である",
			"さて…<BREAK>ほんだいに　{入|はい}ろうか",
			"わがはいが　ねている{間|あいだ}に<BREAK>ふとどきなページが<BREAK>{逃|に}げだしてしまったのだ",
			"そこで　{逃|に}げたページを<BREAK>わがはいとともに<BREAK>さがしては　くれまいか？",
			"むろん<BREAK>わがはいも　ついてゆく",
			"お{前|まえ}が{手伝|てつだ}ってくれるなら<BREAK>ぶじ　{逃|に}げたページどもを<BREAK>みつけられるハズだ",
			"…いや　なに",
			"<CMD>008027000380</CMD>{校長先生|こうちょうせんせい}<CMD>008027000180</CMD>の<BREAK>すいせんならば　まちがいあるまい",
			"どうか　たのむ",
			"\f"
		]
	},
	{
		"Index": 57,
		"JPN": [
			"ところで<BREAK>わがはいを　{持|も}ってゆくための<BREAK>{荷物|にもつ}の　よゆうはあるかな？",
			"\f"
		]
	},
	{
		"Index": 58,
		"JPN": [
			"なんだ<BREAK>{荷物|にもつ}でいっぱいではないか",
			"それでは　わがはいを<BREAK>{持|も}つことができんぞ",
			"{荷物|にもつ}を　{整理|せいり}して<BREAK>わがはいを{持|も}てるように<BREAK>してくるのだ",
			"\f"
		]
	},
	{
		"Index": 59,
		"JPN": [
			"さて　{逃|に}げたページたちは<BREAK><CMD>008027000580</CMD>{町|まち}<CMD>008027000180</CMD>のどこかで<BREAK>{姿|すがた}を{変|か}えておるはずだ",
			"さっそく　ゆくとしよう",
			"\f"
		]
	},
	{
		"Index": 63,
		"JPN": [
			"<CMD>3780</CMD>",
			"はい<CMD>13802700b885</CMD>",
			"いいえ<CMD>13802700b985</CMD>",
			"\f"
		]
	},
	{
		"Index": 64,
		"JPN": [
			"…やはり　やめた<BREAK>{人生|じんせい}　{先|さき}を{知|し}らぬほうが<BREAK>{楽|たの}しいこともある",
			"<CMD>13802700ba85</CMD>",
			"\f"
		]
	},
	{
		"Index": 65,
		"JPN": [
			"それに　こしたことはない<BREAK>{未来|みらい}など　{知|し}らぬほうが<BREAK>{楽|たの}しいものだ",
			"<CMD>13802700ba85</CMD>",
			"\f"
		]
	},
	{
		"Index": 66,
		"JPN": [
			"{２度|にど}と{会|あ}うこともなかろうが<BREAK>わがはいは　お{前|まえ}のことを<BREAK>{決|け}して　わすれぬぞ",
			"それでは　さらばだ！",
			"\f"
		]
	},
	{
		"Index": 67,
		"JPN": [
			"…うむ　{荷物|にもつ}に<BREAK>よゆうはあるようだな",
			"\f"
		]
	},
	{
		"Index": 68,
		"JPN": [
			"<CMD>08802700bd8f</CMD><CMD>f481</CMD>よ<BREAK>わがはいを　{持|も}ってゆくために<BREAK>{荷物|にもつ}の{整理|せいり}をしてきたのか？",
			"\f"
		]
	},
	{
		"Index": 70,
		"JPN": [
			"お{前|まえ}が{手|て}にしているのは<BREAK>わがはいのページではない<BREAK>ざんねんだ",
			"\f"
		]
	},
	{
		"Index": 71,
		"JPN": [
			"おお！　これは　たしかに<BREAK>わがはいのページだ！",
			"\f"
		]
	},
	{
		"Index": 72,
		"JPN": [
			"ちがう{物|もの}に　{見|み}せかけていても<BREAK>わがはいが　わがはいのページを<BREAK>{見抜|みぬ}けぬ　わけがない！",
			"さっそく　ページにもどして<BREAK>{元|もと}の{場所|ばしょ}に　とじるとしよう",
			"{二度|にど}と　{逃|に}げださぬように<BREAK>しっかりと　な",
			"\f"
		]
	},
	{
		"Index": 73,
		"JPN": [
			"ふーむ…わがはいのページは…<BREAK>ここからは　とおいところに<BREAK>あるようだな",
			"\f"
		]
	},
	{
		"Index": 74,
		"JPN": [
			"ふーむ…わがはいのページは…",
			"{近|ちか}い！　{近|ちか}いぞ！<BREAK>このあたりに　あるはずだ！",
			"\f"
		]
	},
	{
		"Index": 75,
		"JPN": [
			"う～む…<BREAK>ページの{気配|けはい}を<BREAK>さぐってみたのだが…",
			"{気配|けはい}が　よくつかめん<BREAK>とおすぎるのか<BREAK>わかりにくいところにおるのか…",
			"\f"
		]
	},
	{
		"Index": 76,
		"JPN": [
			"{果物|くだもの}に{化|ば}けたページは<BREAK>ちかいところにあると<BREAK>{思|おも}うのだがな…",
			"まあ　{気楽|きらく}に{行|い}こう<BREAK>お{前|まえ}も　あまり<BREAK>{気|き}をはりつめるでないぞ？",
			"すぐに　つかれてしまうからの",
			"\f"
		]
	},
	{
		"Index": 77,
		"JPN": [
			"ちがう{物|もの}に　{見|み}せかけていても<BREAK>わがはいが　わがはいのページを<BREAK>{見抜|みぬ}けぬ　わけがない！",
			"さっそく　ページにもどして<BREAK>{元|もと}の{場所|ばしょ}に　とじるとしよう",
			"{二度|にど}と　{逃|に}げださぬように<BREAK>しっかりと　な",
			"\f"
		]
	},
	{
		"Index": 78,
		"JPN": [
			"ふーむ…わがはいのページは…<BREAK>ここからは　とおいところに<BREAK>あるようだな",
			"\f"
		]
	},
	{
		"Index": 79,
		"JPN": [
			"ふーむ…わがはいのページは…",
			"{近|ちか}い！　{近|ちか}いぞ！<BREAK>このあたりに　あるはずだ！",
			"\f"
		]
	},
	{
		"Index": 80,
		"JPN": [
			"う～む…<BREAK>ページの{気配|けはい}を<BREAK>さぐってみたのだが…",
			"{気配|けはい}が　よくつかめん<BREAK>とおすぎるのか<BREAK>わかりにくいところにおるのか…",
			"\f"
		]
	},
	{
		"Index": 81,
		"JPN": [
			"{骨|ホネ}に{化|ば}けたページは<BREAK>{近|ちか}いと{思|おも}うのだが…",
			"てきも　さるもの<BREAK>なかなか　かくれるのが<BREAK>うまいようであるな",
			"まあ　もとは<BREAK>わがはいの{一部|いちぶ}なのだから<BREAK>{当然|とうぜん}ではあるが　な",
			"\f"
		]
	},
	{
		"Index": 82,
		"JPN": [
			"ちがう{物|もの}に　{見|み}せかけていても<BREAK>わがはいが　わがはいのページを<BREAK>{見抜|みぬ}けぬ　わけがない！",
			"さっそく　ページにもどして<BREAK>{元|もと}の{場所|ばしょ}に　とじるとしよう",
			"{二度|にど}と　{逃|に}げださぬように<BREAK>しっかりと　な",
			"\f"
		]
	},
	{
		"Index": 83,
		"JPN": [
			"ふーむ…わがはいのページは…<BREAK>ここからは　とおいところに<BREAK>あるようだな",
			"\f"
		]
	},
	{
		"Index": 84,
		"JPN": [
			"ふーむ…わがはいのページは…",
			"{近|ちか}い！　{近|ちか}いぞ！<BREAK>このあたりに　あるはずだ！",
			"\f"
		]
	},
	{
		"Index": 85,
		"JPN": [
			"う～む…<BREAK>ページの{気配|けはい}を<BREAK>さぐってみたのだが…",
			"{気配|けはい}が　よくつかめん<BREAK>とおすぎるのか<BREAK>わかりにくいところにおるのか…",
			"\f"
		]
	},
	{
		"Index": 86,
		"JPN": [
			"{石|いし}に{化|ば}けたページは<BREAK>すぐ　{近|ちか}くだ",
			"あと{少|すこ}しで<BREAK>すべてのページが{集|あつ}まる",
			"{集|あつ}まって　うれしいやら<BREAK>ページに　{逃|に}げだされる<BREAK>{自分|じぶん}がなさけないやら…",
			"ふくざつな　しんきょうではあるな",
			"\f"
		]
	},
	{
		"Index": 87,
		"JPN": [
			"のこり　２ページだ<BREAK>がんばってくれい",
			"\f"
		]
	},
	{
		"Index": 88,
		"JPN": [
			"のこり　１ページ！<BREAK>もう{少|すこ}しだけ　わがはいに<BREAK>つきあってくれい",
			"\f"
		]
	},
	{
		"Index": 89,
		"JPN": [
			"おお！<BREAK>これで　すべてのページがそろった<BREAK>かんしゃするぞ！",
			"では　<CMD>008027000380</CMD>{校長先生|こうちょうせんせい}<CMD>008027000180</CMD>のもとへ<BREAK>わがはいを　{運|はこ}んで{行|い}っては<BREAK>もらえんか？",
			"よろしくたのむ",
			"\f"
		]
	},
	{
		"Index": 91,
		"JPN": [
			"<CMD>f481</CMD>くん<BREAK>{待|ま}っていましたよ",
			"<CMD>18802700729b27000180</CMD><CMD>17802700729b270001802700048027000280</CMD><CMD>16802700729b27005581</CMD>そのようすでは<BREAK>ぶじ　{逃|に}げたページを{見|み}つける<BREAK>ことができたようですね？",
			"たいへんだったでしょうね<BREAK>つかれたでしょう？",
			"ごくろうさまでした<BREAK><CMD>008027000380</CMD>きんだんのしょ<CMD>008027000180</CMD>は<BREAK>たしかに{受|う}け{取|と}りましたよ",
			"\f"
		]
	},
	{
		"Index": 93,
		"JPN": [
			"わたしのかわりに　ページを<BREAK>{集|あつ}めてくれたこと<BREAK>カンシャします",
			"<CMD>f481</CMD>くんのような<BREAK>{生徒|せいと}を　{持|も}てて<BREAK><CMD>18802700729b27000180</CMD><CMD>17802700729b270001802700048027000280</CMD><CMD>16802700729b27005581</CMD>わたしは　{幸|しあわ}せものですね",
			"\f"
		]
	},
	{
		"Index": 94,
		"JPN": [
			"わがはいのページを<BREAK>{集|あつ}めてくれたこと<BREAK>まことに　キョウシュクである",
			"{実|じつ}は　わがはいは<BREAK>すべてを{知|し}るしょ　なのだ",
			"たとえば…<BREAK>お{前|まえ}が　この<CMD>008027000580</CMD>{町|まち}<CMD>008027000180</CMD>に{来|き}たのは<BREAK><CMD>4e8227001c8027000281</CMD>{月|がつ}<CMD>4e8227001e8027000281</CMD>{日|にち}だろう？",
			"ごらんの{通|とお}り<BREAK>わがはいには　なんでも<BREAK>お{見通|みとお}しなのだ",
			"だから　お{前|まえ}が　わがはいと<BREAK>いっしょに　ページを{集|あつ}める<BREAK>ことになるのも　{知|し}っていたし…",
			"お{前|まえ}なら<BREAK>{集|あつ}めることができると<BREAK>わかっていたのだ",
			"{本来|ほんらい}　わがはいは<BREAK>なにものにも　その{内容|ないよう}を<BREAK>{見|み}られてはいけないのだ",
			"これから　だれの{目|め}にも<BREAK>ふれられぬ{場所|ばしょ}へ<BREAK>{行|い}くとしよう…",
			"{短|みじか}い{間|あいだ}であったが<BREAK>お{前|まえ}と　ともにした{時間|じかん}は<BREAK>わがはいも　{楽|たの}しかったぞ",
			"\f"
		]
	},
	{
		"Index": 95,
		"JPN": [
			"ところで　{別|わか}れの{前|まえ}に<BREAK>お{前|まえ}の　これからのことを<BREAK>{特別|とくべつ}に　{教|おし}えてやろうか？",
			"<CMD>13802700b785</CMD>",
			"\f"
		]
	},
	{
		"Index": 98,
		"JPN": [
			"<CMD>f481</CMD>くん<BREAK>ページさがしは<BREAK>じゅんちょうですか？",
			"よろしくたのみますよ",
			"\f"
		]
	}
]