[
	{
		"Index": 0,
		"JPN": [
			"ぶむっぶむっ<BREAK>やっぱり　ふつうの{夢|ユメ}は<BREAK>{悪|わる}い{気|き}が　するぶむ…",
			"{悪|わる}い{気|き}がするから<BREAK>{色|いろ}んな{人|ヒト}から {少|すこ}しずつ<BREAK>{夢|ゆめ}をもらうぶむ…",
			"さっきからずっと<BREAK>この{町|まち}に　いたけど",
			"この{町|まち}なら　{色|いろ}んな{人|ヒト}が<BREAK>{来|く}るみたいだぶむ…",
			"しばらくここで<BREAK>{色|いろ}んな{人|ヒト}の{夢|ゆめ}を<BREAK>{分|わ}けてもらうぶむ…",
			"\f"
		]
	},
	{
		"Index": 1,
		"JPN": [
			"ぶむっ<BREAK>ボクは　{悪|わる}くないんだぶむーっ！",
			"\f"
		]
	},
	{
		"Index": 2,
		"JPN": [
			"ぶむっぶむっ…",
			"ぶむっ",
			"\f"
		]
	},
	{
		"Index": 3,
		"JPN": [
			"ぶむっ　お{腹|なか}が…<BREAK>お{腹|なか}がいたくて　{動|うご}けないぶむ",
			"ごめんなさいぶむ<BREAK><CMD>008027000480</CMD><CMD>fb812700ee93</CMD><CMD>008027000180</CMD><BREAK>が　ほしいぶむ…",
			"\f"
		]
	},
	{
		"Index": 4,
		"JPN": [
			"ぶむっ！",
			"\f"
		]
	},
	{
		"Index": 5,
		"JPN": [
			"ちがうんだぶむっ！",
			"\f"
		]
	},
	{
		"Index": 6,
		"JPN": [
			"いたいぶむ…<BREAK>にげるぶむ…",
			"\f"
		]
	},
	{
		"Index": 7,
		"JPN": [
			"おかしいぶむ…<BREAK>おなかが　いたくなってきたぶむ…<BREAK>ぶむ…　ぶむ…　ぶむ…",
			"\f"
		]
	},
	{
		"Index": 8,
		"JPN": [
			"ぶむぶむっ　いたいぶむ…<BREAK>{助|たす}けてぶむ…",
			"\f"
		]
	},
	{
		"Index": 9,
		"JPN": [
			"<CMD>008027000480</CMD><CMD>fb812700ee93</CMD><CMD>008027000180</CMD><BREAK>を　わたしますか？",
			"<CMD>13802700b486</CMD>",
			"\f"
		]
	},
	{
		"Index": 10,
		"JPN": [
			"？　ありがとうぶむ…<BREAK>…なんか　おなかのいたいのが<BREAK>{取|と}れてきたぶむ…",
			"\f"
		]
	},
	{
		"Index": 11,
		"JPN": [
			"いたいぶむ…<BREAK>{悪|わる}いことしたバツだぶむ…",
			"\f"
		]
	},
	{
		"Index": 12,
		"JPN": [
			"ぶむ<BREAK>ボクは<CMD>008027000380</CMD>バク<CMD>008027000180</CMD>というぶむ<BREAK>{悪夢|アクム}を　{食|た}べるぶむ",
			"ぶむ<BREAK>お{腹|なか}　ぺこぺこになって<BREAK>この<CMD>008027000580</CMD>{町|まち}<CMD>008027000180</CMD>に　{着|つ}いたけど",
			"この<CMD>008027000580</CMD>{町|まち}<CMD>008027000180</CMD>は　{楽|たの}しいことが<BREAK>{多|おお}い　せいか<BREAK>みんな{悪夢|アクム}を{見|み}ないぶむ",
			"でも　{別|べつ}の<CMD>008027000580</CMD>{町|まち}<CMD>008027000180</CMD>に　{行|い}こうにも<BREAK>おなかがへってて<BREAK>{遠|とお}くに　{行|い}くことができないぶむ",
			"\f"
		]
	},
	{
		"Index": 13,
		"JPN": [
			"いけないことだと　わかって<BREAK>いたけど　しかたなかったぶむ…",
			"{食|た}べるものもなかったし<BREAK>ふつうの{夢|ユメ}を　{食|た}べるしか<BREAK>なかったんだぶむ…",
			"でも　ふつうの{夢|ユメ}を{食|た}べると<BREAK>おなかが<BREAK>いたくなってしまうんだぶむ…",
			"\f"
		]
	},
	{
		"Index": 14,
		"JPN": [
			"でも　いたみもなくなったし<BREAK>もうおなかもいっぱいになったぶむ<BREAK>これで　べつの<CMD>008027000580</CMD>{町|まち}<CMD>008027000180</CMD>に　{行|い}けるぶむ",
			"\f"
		]
	},
	{
		"Index": 15,
		"JPN": [
			"ボクを　{止|と}めてくれて<BREAK>{本当|ほんとう}に　ありがとうだぶむ！",
			"あのまま　ふつうの{夢|ユメ}を<BREAK>{食|た}べつづけてたら　どうなって<BREAK>いたか　わからないぶむ",
			"<CMD>008027000580</CMD>{町|まち}<CMD>008027000180</CMD>のみんなの　{夢|ユメ}を{食|た}べて<BREAK>つまらない　{思|おも}いをさせて<BREAK>ごめんだぶむ",
			"ありがとうだぶむ…",
			"\f"
		]
	},
	{
		"Index": 16,
		"JPN": [
			"<CMD>3780</CMD>",
			"はい<CMD>13802700ffff</CMD>",
			"いいえ<CMD>13802700ffff</CMD>",
			"\f"
		]
	},
	{
		"Index": 50,
		"JPN": [
			"<CMD>6480</CMD>耠耨",
			"\f"
		]
	},
	{
		"Index": 51,
		"JPN": [
			"<CMD>098027000e8027003b80</CMD>",
			"<CMD>6480</CMD>肻肽肼肾肜",
			"\f"
		]
	},
	{
		"Index": 52,
		"JPN": [
			"<CMD>6480</CMD>聠肙",
			"\f"
		]
	},
	{
		"Index": 53,
		"JPN": [
			"<CMD>6480</CMD>肙耄",
			"\f"
		]
	},
	{
		"Index": 54,
		"JPN": [
			"<CMD>6480</CMD>肘聎",
			"<CMD>6480</CMD>耟耠耢",
			"<CMD>6480</CMD>老耆耋",
			"\f"
		]
	},
	{
		"Index": 55,
		"JPN": [
			"\f"
		]
	},
	{
		"Index": 56,
		"JPN": [
			"\f"
		]
	},
	{
		"Index": 57,
		"JPN": [
			"\f"
		]
	},
	{
		"Index": 58,
		"JPN": [
			"<CMD>49802700618027000280</CMD>",
			"\f"
		]
	},
	{
		"Index": 59,
		"JPN": [
			"<CMD>49802700618027000280</CMD>",
			"\f"
		]
	},
	{
		"Index": 60,
		"JPN": [
			"<CMD>49802700618027000280</CMD>",
			"\f"
		]
	},
	{
		"Index": 61,
		"JPN": [
			"<CMD>49802700618027000280</CMD>",
			"\f"
		]
	},
	{
		"Index": 62,
		"JPN": [
			"<CMD>49802700618027000280</CMD>",
			"\f"
		]
	},
	{
		"Index": 63,
		"JPN": [
			"<CMD>49802700618027000280</CMD>",
			"\f"
		]
	},
	{
		"Index": 64,
		"JPN": [
			"<CMD>49802700618027000280</CMD>",
			"\f"
		]
	},
	{
		"Index": 65,
		"JPN": [
			"<CMD>49802700618027000280</CMD>",
			"\f"
		]
	},
	{
		"Index": 66,
		"JPN": [
			"<CMD>49802700618027002080</CMD>",
			"\f"
		]
	},
	{
		"Index": 67,
		"JPN": [
			"<CMD>49802700618027002080</CMD>",
			"\f"
		]
	},
	{
		"Index": 68,
		"JPN": [
			"<CMD>49802700618027002180</CMD>",
			"\f"
		]
	},
	{
		"Index": 80,
		"JPN": [
			"ほのお をはかれちゃった…",
			"\f"
		]
	},
	{
		"Index": 90,
		"JPN": [
			"<CMD>18802700729b27000580</CMD><CMD>17802700729b2700af802700088027000180</CMD><CMD>16802700729b27005681</CMD>おっ！　<CMD>f481</CMD>！<BREAK>そいつ　どこで{見|み}つけたんだ？",
			"<CMD>18802700729b27000080</CMD><CMD>17802700729b270001802700048027000080</CMD>ちょっと{前|まえ}　ここいらで<BREAK>{見|み}かけたんだけどよ",
			"つかまえるための{道具|どうぐ}を<BREAK>{探|さが}しにいっている{間|あいだ}に<BREAK>いなくなっちまってな",
			"ずっと<BREAK>{気|き}にしてたんだ",
			"ん？　こいつか？<BREAK>たぶん　こいつは<BREAK><CMD>008027000380</CMD>ヘルハウンド<CMD>008027000180</CMD>ってヤツだな",
			"どうも　どっかの<BREAK>ドアの{向|む}こうから<BREAK>まよい{出|で}てきたみてぇだな",
			"\f"
		]
	},
	{
		"Index": 91,
		"JPN": [
			"<CMD>18802700729b27000180</CMD><CMD>17802700729b2700ad802700068027000280</CMD><CMD>16802700729b27005581</CMD>ま　よくやってくれたな",
			"<CMD>18802700729b27000080</CMD><CMD>17802700729b270001802700048027000080</CMD>あいつ　ずいぶんと<BREAK>オクビョウなヤツみたいだから<BREAK>つれてくるの　{苦労|くろう}しただろ？",
			"あいつは　おれが{責任|セキニン}もって<BREAK>こっちにまよいこんでこないように<BREAK>するから　{安心|あんしん}しな",
			"\f"
		]
	}
]