[
	{
		"Index": 30,
		"JPN": [
			"<CMD>49802700cb8b27000380</CMD>",
			"\f"
		]
	},
	{
		"Index": 31,
		"JPN": [
			"トリック　オア　トリート？",
			"<CMD>16802700be8f27006981</CMD>…んん？<BREAK>{返事|へんじ}が{聞|き}こえなかった",
			"<CMD>16802700be8f27007e81</CMD>オレは<CMD>008027000380</CMD>ジャックランタン<CMD>008027000180</CMD><BREAK>オレにそう{聞|き}かれたら<BREAK>{返事|へんじ}をしないのはナシ！",
			"もう{１度聞|いちどき}くぞ<BREAK><CMD>f481</CMD><BREAK>トリック　オア　トリート？",
			"<CMD>128027000180</CMD>",
			"\f"
		]
	},
	{
		"Index": 32,
		"JPN": [
			"<CMD>3780</CMD>",
			"トリック",
			"トリート",
			"\f"
		]
	},
	{
		"Index": 33,
		"JPN": [
			"<CMD>16802700be8f27007e81</CMD>よーし　じゃあ<BREAK>イタズラしちゃうぞ！",
			"\f"
		]
	},
	{
		"Index": 34,
		"JPN": [
			"<CMD>16802700be8f27006981</CMD>おかしをくれるのか？<BREAK>じゃあおかしを<BREAK>１０００こよこせ",
			"なに？　そんなに<BREAK>たくさんのおかしは<BREAK>もってないって？",
			"<CMD>16802700be8f27007e81</CMD>それじゃあダメだな<BREAK>イタズラしてやる",
			"\f"
		]
	},
	{
		"Index": 35,
		"JPN": [
			"どうだ　おどろいたか？",
			"<CMD>16802700be8f27006981</CMD>え？　<CMD>f481</CMD>に<BREAK>ばけてなにをする{気|き}かって？",
			"<CMD>16802700be8f27007e81</CMD>そんなの　イヤでも<BREAK>すぐにわかるさ<BREAK>あばよー！",
			"\f"
		]
	},
	{
		"Index": 36,
		"JPN": [
			"<CMD>49802700cb8b27000480</CMD>",
			"\f"
		]
	},
	{
		"Index": 37,
		"JPN": [
			"よう　<CMD>f481</CMD><BREAK>やっと{来|き}たか",
			"<CMD>16802700be8f27006981</CMD>え？　<CMD>f481</CMD>のすがたで<BREAK>なにをしたのかって？<BREAK>もうわかってるだろ？",
			"<CMD>f481</CMD>のかわりに<BREAK>みんなにイタズラして<BREAK>やってるのさ",
			"<CMD>16802700be8f27007e81</CMD>ハロウィンだもの<BREAK>イタズラしなくちゃなー！",
			"え？<BREAK>やめてくれって？",
			"ダメだね<BREAK>…そうだなぁ<BREAK>どうしてもやめてほしければ…",
			"おかしを{山|やま}ほど<BREAK>{用意|ようい}するんだな",
			"<CMD>16802700be8f27004181</CMD>それこそ{町中|まちじゅう}を<BREAK>おかしだらけに<BREAK>するぐらいにさ",
			"それじゃあなー！",
			"\f"
		]
	},
	{
		"Index": 38,
		"JPN": [
			"<CMD>49802700cb8b27000680</CMD>",
			"\f"
		]
	},
	{
		"Index": 39,
		"JPN": [
			"<CMD>16802700be8f27004181</CMD>わーい！<BREAK>すごいすごい！<BREAK>おかしがいっぱいだ！",
			"{町中|まちじゅう}おかしで<BREAK>いっぱいだ！<BREAK>わーい　わーい！",
			"\f"
		]
	},
	{
		"Index": 40,
		"JPN": [
			"よくやったぞ！<BREAK><CMD>f481</CMD>",
			"<CMD>16802700be8f27005581</CMD>おかしをふらせるとは<BREAK>オレ　かんげきした！",
			"<CMD>f481</CMD>のすがたでの<BREAK>イタズラはもう<BREAK>やめてやるよ",
			"それと　これをやるよ",
			"\f"
		]
	},
	{
		"Index": 41,
		"JPN": [
			"<CMD>16802700be8f27005681</CMD>なんだ？<BREAK>カバンがいっぱいで<BREAK>もてないのかよ",
			"アイテムを{整理|せいり}してこいよ<BREAK>{早|はや}くしないと<BREAK>オレ　{帰|かえ}っちまうぞ",
			"\f"
		]
	},
	{
		"Index": 42,
		"JPN": [
			"<CMD>16802700be8f27006981</CMD>アイテムは<BREAK>{整理|せいり}してきたか？",
			"じゃあ　これをやるよ",
			"\f"
		]
	},
	{
		"Index": 43,
		"JPN": [
			"それじゃオレは<BREAK>{帰|かえ}るぜ<BREAK>またな！",
			"\f"
		]
	},
	{
		"Index": 55,
		"JPN": [
			"こらー！<BREAK>なにしてんだ！",
			"\f"
		]
	},
	{
		"Index": 56,
		"JPN": [
			"<CMD>18802700729b27000280</CMD><CMD>17802700729b2700508027000a8027000280</CMD><CMD>16802700729b27007d81</CMD>オマエ　{今|いま}　「いせかい」への<BREAK>とびらを　{開|あ}けようと<BREAK>していなかったか？",
			"<CMD>18802700729b27000080</CMD><CMD>17802700729b270001802700048027000080</CMD>{開|あ}けようとしていない？<BREAK>そ　そうか　ならいいんだ",
			"<CMD>18802700729b27000080</CMD><CMD>17802700729b2700088027000a8027000180</CMD><CMD>16802700729b27006981</CMD>ところで　お{前|まえ}<BREAK>さいきん　へんなカギ<BREAK>ひろってないよな？",
			"<CMD>18802700729b27000080</CMD><CMD>17802700729b270001802700048027000080</CMD>{見|み}なれないカギを{見|み}つけたら<BREAK>まず　おれに{言|い}うんだぜ？",
			"くれぐれも<BREAK>このとびらに{使|つか}おうなんて<BREAK>{考|かんが}えんじゃねぇぞ？",
			"<CMD>18802700729b27000580</CMD><CMD>17802700729b27000a8027000a8027000180</CMD><CMD>16802700729b27002d81</CMD>{大変|たいへん}なことになるからな",
			"<CMD>18802700729b27000580</CMD><CMD>17802700729b2700068027000a8027000280</CMD><CMD>16802700729b27002f81</CMD>どんなことって…<BREAK>{大変|たいへん}なことっていったら<BREAK>そりゃ　{大変|たいへん}なことだ",
			"<CMD>18802700729b27000080</CMD><CMD>17802700729b270001802700048027000080</CMD>とにかく　いいな！<BREAK>カギをみつけたら<BREAK>おれに{教|おし}えろよ！？",
			"\f"
		]
	},
	{
		"Index": 57,
		"JPN": [
			"<CMD>18802700729b27000280</CMD><CMD>17802700729b2700508027000a8027000280</CMD><CMD>16802700729b27007d81</CMD>…まったく<BREAK>おどろかせやがって…<CMD>18802700729b27000080</CMD><CMD>17802700729b270001802700048027000080</CMD>",
			"\f"
		]
	},
	{
		"Index": 58,
		"JPN": [
			"<CMD>16802700dd8727003081</CMD>はあ…　しっかし<BREAK><CMD>fb812700f892</CMD><BREAK>どこにやったんだ？",
			"<CMD>16802700dd8727006981</CMD>やっぱ<BREAK>どっかに{落|お}としたのか？",
			"<CMD>16802700dd8727002d81</CMD>とにかく　はやく{探|さが}さねぇと<BREAK>マズイな…",
			"\f"
		]
	},
	{
		"Index": 65,
		"JPN": [
			"<CMD>18802700729b27000080</CMD><CMD>17802700729b2700088027000a8027000180</CMD><CMD>16802700729b27006981</CMD>おや？<BREAK>きみは　だれですかな？",
			"<CMD>18802700729b27000080</CMD><CMD>17802700729b270001802700048027000080</CMD>どうやら　{別|べつ}の{世界|せかい}から<BREAK>{迷|まよ}い{込|こ}んできたようですが",
			"わたし？<BREAK>わたしは　このまほう<CMD>008027000580</CMD>{学校|がっこう}<CMD>008027000180</CMD>の<BREAK>{校長|こうちょう}をつとめている{者|もの}です",
			"<CMD>18802700729b27000780</CMD><CMD>17802700729b2700088027000a8027000180</CMD>…などと　{言|い}っても<BREAK>まだ　{生徒|せいと}は<BREAK>ひとりもいないのですがね",
			"<CMD>18802700729b27000180</CMD><CMD>17802700729b270001802700048027000280</CMD><CMD>16802700729b27005581</CMD>ですが　いつかここに<BREAK>{大|おお}きな　まほう<CMD>008027000580</CMD>{学校|がっこう}<CMD>008027000180</CMD>を<BREAK>{立|た}てるつもりなのです",
			"<CMD>18802700729b27000080</CMD><CMD>17802700729b270001802700048027000080</CMD>すばらしい　まほう{使|つか}いを<BREAK>たくさん　そつぎょうさせて<BREAK>{世界|せかい}の{役|やく}に{立|た}ってもらうのです",
			"いつになるか　わかりませんが<BREAK>ゼッタイに　{理想|りそう}の<CMD>008027000580</CMD>{学校|がっこう}<CMD>008027000180</CMD>を<BREAK>つくりあげてみせますよ",
			"\f"
		]
	},
	{
		"Index": 66,
		"JPN": [
			"<CMD>18802700729b27000580</CMD><CMD>17802700729b270001802700048027000080</CMD><CMD>16802700729b27005681</CMD>おお！<BREAK>ここにいたのですか",
			"<CMD>18802700729b27000080</CMD><CMD>17802700729b270001802700048027000080</CMD><CMD>008027000380</CMD>テツさん<CMD>008027000180</CMD>から<BREAK>{例|れい}のカギが{使|つか}われたと<BREAK>{聞|き}きましてね",
			"だれが　まよい{込|こ}んだのか<BREAK>たしかめに{来|き}たのですが…",
			"<CMD>f481</CMD>くん　でしたか",
			"<CMD>18802700729b27000380</CMD><CMD>17802700729b270001802700048027000080</CMD><CMD>16802700729b27003081</CMD>まったく<BREAK>あれほど{開|あ}けてはいけないと<BREAK>{言|い}ったのに…",
			"<CMD>18802700729b27000080</CMD><CMD>17802700729b270001802700048027000080</CMD>しかたのない{子|こ}ですね",
			"\f"
		]
	},
	{
		"Index": 67,
		"JPN": [
			"<CMD>18802700729b27000080</CMD><CMD>17802700729b2700088027000a8027000180</CMD><CMD>16802700729b27006981</CMD>ふむ　あなたは<BREAK>この{子|こ}と　{同|おな}じ{世界|せかい}から<BREAK>{来|き}たのですかな？<CMD>18802700729b27000080</CMD><CMD>17802700729b270001802700048027000080</CMD>",
			"\f"
		]
	},
	{
		"Index": 68,
		"JPN": [
			"<CMD>18802700729b27000580</CMD><CMD>17802700729b27000a8027000a8027000180</CMD><CMD>16802700729b27002d81</CMD>ええ　{別|べつ}の{世界|せかい}といいますか<BREAK>{別|べつ}の{時間|じかん}といいますか<BREAK>ゴニョゴニョ…",
			"<CMD>18802700729b27000080</CMD><CMD>17802700729b270001802700048027000080</CMD>とにかく　うちの{生徒|せいと}が<BREAK>おじゃましたようで<BREAK>もうしわけありませんでした",
			"\f"
		]
	},
	{
		"Index": 69,
		"JPN": [
			"<CMD>18802700729b27000080</CMD><CMD>17802700729b2700088027000a8027000180</CMD><CMD>16802700729b27006981</CMD>{生徒|せいと}？<BREAK>ということは<BREAK>あなたは{先生|せんせい}なのですかな？<CMD>18802700729b27000080</CMD><CMD>17802700729b270001802700048027000080</CMD>",
			"\f"
		]
	},
	{
		"Index": 70,
		"JPN": [
			"はい<BREAK>まほう<CMD>008027000580</CMD>{学校|がっこう}<CMD>008027000180</CMD>の<BREAK>{校長|こうちょう}をしています",
			"\f"
		]
	},
	{
		"Index": 71,
		"JPN": [
			"まほう<CMD>008027000580</CMD>{学校|がっこう}<CMD>008027000180</CMD>！<BREAK>それはすばらしい！",
			"あなたの<CMD>008027000580</CMD>{学校|がっこう}<CMD>008027000180</CMD>では<BREAK>たくさんの{生徒|せいと}が<BREAK>すこやかに{育|そだ}っているようですね",
			"わたしも　ここに<BREAK>まほう<CMD>008027000580</CMD>{学校|がっこう}<CMD>008027000180</CMD>を<BREAK>{建|た}てるつもりなのです",
			"\f"
		]
	},
	{
		"Index": 72,
		"JPN": [
			"ええ…　あなたなら<BREAK>きっと{作|つく}れますよ<BREAK>がんばってください",
			"\f"
		]
	},
	{
		"Index": 73,
		"JPN": [
			"<CMD>18802700729b27000180</CMD><CMD>17802700729b270001802700048027000280</CMD><CMD>16802700729b27005581</CMD>ありがとう　きっと　あなたの<BREAK><CMD>008027000580</CMD>{学校|がっこう}<CMD>008027000180</CMD>に　{負|ま}けないぐらい<BREAK>すばらしい<CMD>008027000580</CMD>{学校|がっこう}<CMD>008027000180</CMD>をつくりますよ<CMD>18802700729b27000080</CMD><CMD>17802700729b270001802700048027000080</CMD>",
			"\f"
		]
	},
	{
		"Index": 74,
		"JPN": [
			"<CMD>18802700729b27000180</CMD><CMD>17802700729b270001802700048027000280</CMD><CMD>16802700729b27005581</CMD>そうなるでしょうね…<BREAK>わたしにはわかりますよ<CMD>18802700729b27000080</CMD><CMD>17802700729b270001802700048027000080</CMD>",
			"\f"
		]
	},
	{
		"Index": 75,
		"JPN": [
			"<CMD>18802700729b27000080</CMD><CMD>17802700729b2700088027000a8027000180</CMD><CMD>16802700729b27006981</CMD>え？　なんですって？<CMD>18802700729b27000080</CMD><CMD>17802700729b270001802700048027000080</CMD>",
			"\f"
		]
	},
	{
		"Index": 76,
		"JPN": [
			"いえいえ<BREAK>なんでもありません",
			"\f"
		]
	},
	{
		"Index": 77,
		"JPN": [
			"さて　<CMD>f481</CMD>くん<BREAK>この{世界|せかい}につながるとびらを<BREAK>{閉|し}めないといけません",
			"もう{帰|かえ}りましょう",
			"わたしも　もう{少|すこ}し<BREAK>{話|はなし}をしたいところですが…",
			"そういうわけには<BREAK>いきませんからね",
			"\f"
		]
	},
	{
		"Index": 78,
		"JPN": [
			"もう{帰|かえ}ってしまうのですね",
			"がんばって{勉強|べんきょう}して<BREAK>りっぱな　まほう{使|つか}いに<BREAK>なるのですよ？",
			"{遠|とお}くの{世界|せかい}でも<BREAK>おうえんしていますからね",
			"\f"
		]
	},
	{
		"Index": 79,
		"JPN": [
			"それでは<BREAK>おじゃまいたしました",
			"まほう<CMD>008027000580</CMD>{学校|がっこう}<CMD>008027000180</CMD>の{設立|せつりつ}<BREAK>どうか　がんばってください",
			"あなたなら　きっと<BREAK><CMD>18802700729b27000180</CMD><CMD>17802700729b270001802700048027000280</CMD><CMD>16802700729b27005581</CMD>{世界一|せかいいち}すばらしい<BREAK>まほう<CMD>008027000580</CMD>{学校|がっこう}<CMD>008027000180</CMD>をつくれますよ<CMD>18802700729b27000080</CMD><CMD>17802700729b270001802700048027000080</CMD>",
			"\f"
		]
	},
	{
		"Index": 80,
		"JPN": [
			"<CMD>18802700729b27000580</CMD><CMD>17802700729b270001802700048027000080</CMD><CMD>16802700729b27005681</CMD><CMD>008027000380</CMD>{校長先生|こうちょうせんせい}<CMD>008027000180</CMD>！<BREAK>ぶじに{帰|かえ}ってきたんすね",
			"<CMD>18802700729b27000280</CMD><CMD>17802700729b2700508027000a8027000280</CMD><CMD>16802700729b27007d81</CMD><CMD>f481</CMD>！<BREAK>やっぱり　オマエだったのか",
			"<CMD>18802700729b27000080</CMD><CMD>17802700729b270001802700048027000080</CMD>さぁ<BREAK>カギを{返|かえ}してくれ",
			"\f"
		]
	},
	{
		"Index": 81,
		"JPN": [
			"<CMD>18802700729b27000480</CMD><CMD>17802700729b27000a8027000a8027000180</CMD><CMD>16802700729b27007f81</CMD>ふぅ　やれやれ…<BREAK>やっと{返|かえ}ってきた<BREAK>もう　ゼッタイなくさねぇぞ",
			"<CMD>18802700729b27000080</CMD><CMD>17802700729b270001802700048027000080</CMD>こうして　しまっておけば",
			"もう　これで<BREAK>どっかの{知|し}らねえ{世界|せかい}に<BREAK>つながることはないぜ",
			"これで{一安心|ひとあんしん}だぜ",
			"\f"
		]
	},
	{
		"Index": 82,
		"JPN": [
			"<CMD>18802700729b27000580</CMD><CMD>17802700729b27000a8027000a8027000180</CMD><CMD>16802700729b27002d81</CMD>まぁ<BREAK>ぶじに{帰|かえ}ってこられて<BREAK>なによりでしたね",
			"<CMD>18802700729b27000280</CMD><CMD>17802700729b2700508027000a8027000280</CMD><CMD>16802700729b27007d81</CMD>だけど　あのカギを{使|つか}って<BREAK>とびらを{開|あ}けてはいけないと<BREAK>{言|い}ったはずですよ？",
			"<CMD>18802700729b27000080</CMD><CMD>17802700729b270001802700048027000080</CMD>もう　{二度|にど}と　こんなことを<BREAK>してはいけませんよ？",
			"よーく<BREAK>わかりましたね？",
			"ですが…",
			"わたしも　ご{先祖|せんぞ}さまと<BREAK>{会|あ}えて　すこしだけ<BREAK>うれしかったですよ",
			"<CMD>18802700729b27000180</CMD><CMD>17802700729b270001802700048027000280</CMD><CMD>16802700729b27005581</CMD>そこの　ところだけは<BREAK><CMD>f481</CMD>くんに<BREAK>カンシャですかな<CMD>18802700729b27000080</CMD><CMD>17802700729b270001802700048027000080</CMD>",
			"\f"
		]
	},
	{
		"Index": 90,
		"JPN": [
			"<CMD>49802700668027000380</CMD>",
			"\f"
		]
	}
]