[
	{
		"Index": 10,
		"JPN": [
			"<CMD>49802700c78b27000380</CMD>",
			"\f"
		]
	},
	{
		"Index": 11,
		"JPN": [
			"<CMD>16802700c68f27006981</CMD>こんばんは<BREAK>わたしに{何|なに}か<BREAK>{用|よう}ですか？",
			"それともわたしと<BREAK>いっしょに<BREAK>{遊|あそ}びに{来|き}たのですか？",
			"ねえ　あなたの{名前|なまえ}<BREAK>{教|おし}えてくれます…？",
			"うふふ…<BREAK><CMD>f481</CMD>ね<BREAK>ありがとう",
			"<CMD>16802700c68f27005581</CMD>わたしは<CMD>008027000380</CMD>ようせい<CMD>008027000180</CMD><BREAK>この<CMD>008027000580</CMD>{森|もり}<CMD>008027000180</CMD>で{夜|よる}になると<BREAK>いつも{遊|あそ}んでいます",
			"あなた…<BREAK>{遊|あそ}ぶのはスキですか？",
			"わたしは　こうして<BREAK>{歌|うた}って　おどって…",
			"<CMD>16802700c68f27005581</CMD>まいばん<BREAK>とっても{楽|たの}しい{夜|よる}を<BREAK>すごしてます",
			"<CMD>128027000180</CMD>",
			"\f"
		]
	},
	{
		"Index": 12,
		"JPN": [
			"<CMD>16802700c68f27006981</CMD><CMD>f481</CMD><BREAK>わたしといっしょに<BREAK>やりたいことがありますか？",
			"<CMD>128027000180</CMD>",
			"\f"
		]
	},
	{
		"Index": 13,
		"JPN": [
			"<CMD>3780</CMD>",
			"{歌|うた}をききたい<CMD>128027000180</CMD>",
			"ウワサのことを{話|はな}す<CMD>128027000480</CMD>",
			"\f"
		]
	},
	{
		"Index": 14,
		"JPN": [
			"いいですよ<BREAK>{歌|うた}ってあげますね",
			"\f"
		]
	},
	{
		"Index": 15,
		"JPN": [
			"<CMD>16802700c68f27005681</CMD>あっ　ちょっと{待|ま}ってください",
			"\f"
		]
	},
	{
		"Index": 16,
		"JPN": [
			"はい　もうだいじょうぶです",
			"この{歌|うた}のまほうが<BREAK>かかったままにならないように<BREAK>{消|け}させてもらいました",
			"<CMD>16802700c68f27005581</CMD>また{歌|うた}ってほしかったら<BREAK>{声|こえ}をかけてくださいね",
			"\f"
		]
	},
	{
		"Index": 17,
		"JPN": [
			"<CMD>16802700c68f27006981</CMD>えっ　わたしを{見|み}た{人|ひと}が<BREAK>ねむれなくなったのですか？",
			"<CMD>16802700c68f27002d81</CMD>それはきっと…<BREAK>わたしの{歌|うた}を<BREAK>{聞|き}いたせいだと{思|おも}います",
			"<CMD>008027000380</CMD>ようせい<CMD>008027000180</CMD>の{歌|うた}は<BREAK>もともと<BREAK>{夜通|よどお}し{遊|あそ}ぶための{歌|うた}…",
			"ひとばんじゅう<BREAK>ねないで<BREAK>{遊|あそ}び{明|あ}かすために",
			"ねむくならないまほうが<BREAK>わたしの{歌|うた}には<BREAK>こめられています",
			"そういえば<BREAK>さいきん　この<CMD>008027000580</CMD>{森|もり}<CMD>008027000180</CMD>に<BREAK>{入|はい}ってきた{人|ひと}がいました",
			"たしか<BREAK>ぼうしのおじさんと<BREAK>おしゃれなおねえさんと…",
			"それから　ひげのおじさんが<BREAK>３{人|にん}　べつべつの{日|ひ}に<BREAK>{来|き}た{気|き}がします",
			"<CMD>16802700c68f27003081</CMD>きっと　ねむれなくて<BREAK>{毎日|まいにち}こまっている<BREAK>ことでしょう…",
			"<CMD>f481</CMD><BREAK>おねがいが<BREAK>あるのですが",
			"<CMD>16802700c68f27006981</CMD>その{人|ひと}たちを<BREAK>つれてきて<BREAK>くれませんか？",
			"わたしのせいでかかった<BREAK>ねむれないまほうを<BREAK>といてあげたいのです",
			"\f"
		]
	},
	{
		"Index": 18,
		"JPN": [
			"<CMD>49802700c78b27000480</CMD>",
			"\f"
		]
	},
	{
		"Index": 19,
		"JPN": [
			"ねむれない{人|ひと}を<BREAK>さがしだしてください…<BREAK>おねがいします",
			"<CMD>128027000180</CMD>",
			"\f"
		]
	},
	{
		"Index": 20,
		"JPN": [
			"<CMD>16802700c68f27006981</CMD><CMD>f481</CMD><BREAK>わたしといっしょに<BREAK>やりたいことがありますか？",
			"<CMD>128027000180</CMD>",
			"\f"
		]
	},
	{
		"Index": 21,
		"JPN": [
			"<CMD>3780</CMD>",
			"{歌|うた}をききたい<CMD>138027007a87</CMD>",
			"とくにない",
			"\f"
		]
	},
	{
		"Index": 22,
		"JPN": [
			"<CMD>16802700c68f27002d81</CMD><CMD>f481</CMD><BREAK>その{人|ひと}は　わたしの{歌|うた}を<BREAK>{聞|き}いた{人|ひと}ではありませんよ",
			"{他|ほか}の{人|ひと}を<BREAK>さがしてきてください",
			"\f"
		]
	},
	{
		"Index": 23,
		"JPN": [
			"<CMD>16802700c68f27005581</CMD><CMD>f481</CMD>　ありがとう<BREAK>その{人|ひと}こそ　わたしの{歌|うた}を<BREAK>{聞|き}いた{人|ひと}です",
			"{今|いま}からこの{人|ひと}にかかった<BREAK>まほうをとくための<BREAK>{歌|うた}を{歌|うた}いますね",
			"\f"
		]
	},
	{
		"Index": 24,
		"JPN": [
			"<CMD>f481</CMD><BREAK>{起|お}きてください",
			"つれてきてくれた{人|ひと}の<BREAK>ねむれなくなるまほうは<BREAK>とけました",
			"<CMD>16802700c68f27005581</CMD>その{人|ひと}はもう<BREAK>わたしがまほうで<BREAK>{送|おく}りかえしましたよ",
			"{今夜|こんや}から<BREAK>ゆっくり　ぐっすり<BREAK>ねむれるはずです",
			"\f"
		]
	},
	{
		"Index": 25,
		"JPN": [
			"のこりは<BREAK>あとふたりですね",
			"<CMD>16802700c68f27002d81</CMD>できるだけ{早|はや}く<BREAK>つれてきてあげてください",
			"\f"
		]
	},
	{
		"Index": 26,
		"JPN": [
			"<CMD>16802700c68f27002d81</CMD><CMD>f481</CMD><BREAK>さいごの{人|ひと}も　どうか<BREAK>{見|み}つけてきてください",
			"\f"
		]
	},
	{
		"Index": 27,
		"JPN": [
			"これで３{人|にん}とも<BREAK>まほうをとくことが<BREAK>できましたね…",
			"<CMD>16802700c68f27005581</CMD><CMD>f481</CMD><BREAK>{根気|こんき}よく　さがしてくれて<BREAK>ありがとうございました",
			"これはわたしから<BREAK>かんしゃの{気持|きも}ちの{代|か}わりです<BREAK>{受|う}け{取|と}ってください",
			"\f"
		]
	},
	{
		"Index": 28,
		"JPN": [
			"わたしも　まいばん<BREAK>{遊|あそ}ぶのにムチュウで…",
			"<CMD>16802700c68f27003081</CMD>だれかが<CMD>008027000580</CMD>{森|もり}<CMD>008027000180</CMD>に{来|き}たことに<BREAK>{気|き}づくのが<BREAK>おそくなりました",
			"そのせいで<BREAK>ねむれない{人|ひと}を<BREAK>そのままにしてしまって",
			"<CMD>16802700c68f27007f81</CMD>ずっとつらいめに<BREAK>あわせてしまいました",
			"もし　<CMD>f481</CMD>が<BREAK>いなかったら<BREAK>わたしはいつまでも",
			"ねむれないみなさんのことを<BREAK>{知|し}らなかったかも<BREAK>しれません",
			"<CMD>16802700c68f27005581</CMD>あなたは　<CMD>008027000380</CMD>ようせい<CMD>008027000180</CMD>の{名|な}を<BREAK>けがさないでくれた<BREAK>おんじんです",
			"\f"
		]
	},
	{
		"Index": 30,
		"JPN": [
			"<CMD>16802700c68f27002d81</CMD>あら…　<CMD>f481</CMD><BREAK>もちものが<BREAK>いっぱいのようですね",
			"もちものをいったん<BREAK>{整理|せいり}してから　また<BREAK>{会|あ}いにきてください",
			"\f"
		]
	},
	{
		"Index": 31,
		"JPN": [
			"<CMD>16802700c68f27006981</CMD><CMD>f481</CMD><BREAK>もちものを{整理|せいり}して<BREAK>くれましたか？",
			"\f"
		]
	},
	{
		"Index": 32,
		"JPN": [
			"<CMD>16802700c68f27004181</CMD>では　これをさしあげますね<BREAK>わたしからの<BREAK>かんしゃの{気持|きも}ちです",
			"\f"
		]
	},
	{
		"Index": 50,
		"JPN": [
			"<CMD>498027006e8027000280</CMD>",
			"\f"
		]
	},
	{
		"Index": 51,
		"JPN": [
			"<CMD>498027006e8027000c80</CMD>",
			"\f"
		]
	},
	{
		"Index": 52,
		"JPN": [
			"\f"
		]
	},
	{
		"Index": 53,
		"JPN": [
			"\f"
		]
	},
	{
		"Index": 54,
		"JPN": [
			"\f"
		]
	},
	{
		"Index": 55,
		"JPN": [
			"\f"
		]
	},
	{
		"Index": 56,
		"JPN": [
			"\f"
		]
	},
	{
		"Index": 57,
		"JPN": [
			"\f"
		]
	},
	{
		"Index": 58,
		"JPN": [
			"\f"
		]
	},
	{
		"Index": 59,
		"JPN": [
			"\f"
		]
	},
	{
		"Index": 60,
		"JPN": [
			"ほっほっほっ<BREAK>きみは　{良|よ}い{子|こ}かな？",
			"{良|よ}い{子|こ}なら<BREAK>クリスマスを<BREAK>{楽|たの}しみにしてなさい",
			"すてきな<BREAK>プレゼントがあるよ",
			"ほっほっほっ！",
			"\f"
		]
	},
	{
		"Index": 61,
		"JPN": [
			"おっと　そうそう<BREAK>きみは<CMD>008027000480</CMD>マッチ<CMD>008027000180</CMD>を<BREAK>{持|も}っていないかい？",
			"もし　{持|も}っていたら<BREAK>ひとつ　サンタにもらえないかな？",
			"どうしても　{必要|ひつよう}なのだが<BREAK>ちょうど　なくなってしまってね",
			"<CMD>128027000180</CMD>",
			"\f"
		]
	},
	{
		"Index": 62,
		"JPN": [
			"<CMD>3780</CMD>",
			"はい<CMD>13802700ffff</CMD>",
			"いいえ<CMD>13802700ffff</CMD>",
			"\f"
		]
	},
	{
		"Index": 63,
		"JPN": [
			"そうか<BREAK>それは　とても{残念|ザンネン}だ",
			"もし　きみが　おうちに<BREAK><CMD>008027000480</CMD>マッチ<CMD>008027000180</CMD>を　{持|も}っていたら<BREAK>{持|も}ってきてくれないだろうか？",
			"よろしく　たのむよ",
			"\f"
		]
	},
	{
		"Index": 64,
		"JPN": [
			"おお　ありがとう<BREAK>これを　ちょいちょいっと…<BREAK>…これでよし",
			"この　{目印|めじるし}がないと<BREAK><CMD>008027000380</CMD>プランサー<CMD>008027000180</CMD>の{仕事|しごと}が<BREAK>{始|はじ}まらなくてね",
			"<CMD>008027000380</CMD>プランサー<CMD>008027000180</CMD>というのは<BREAK>サンタのトナカイの{名前|なまえ}だよ",
			"{彼|かれ}は　{方向|ほうこう}オンチで<BREAK>すぐ　{迷子|まいご}になるんだ",
			"だから　こうして<BREAK>{道|みち}を　{教|おし}えてあげないと<BREAK>いけないのだよ",
			"ん？<BREAK>この<CMD>008027000480</CMD>マッチ<CMD>008027000180</CMD>は…",
			"サンタが　{前|まえ}に<BREAK>{持|も}っていたのと<BREAK>{同|おな}じものだね",
			"ということは<BREAK>きみも　あの{子|こ}から<BREAK><CMD>008027000480</CMD>マッチ<CMD>008027000180</CMD>を　{買|か}ったのかな？",
			"そうか　もしかして<BREAK>あの{子|こ}が　{言|い}っていた<BREAK><CMD>008027000480</CMD>マッチ<CMD>008027000180</CMD>をたくさん{買|か}ってくれた{人|ヒト}",
			"と　{言|い}うのは<BREAK>きみのことなのかな？",
			"\f"
		]
	},
	{
		"Index": 65,
		"JPN": [
			"うん　うん<BREAK>やっぱり　そうなんだね",
			"<CMD>008027000380</CMD>マッチうりむすめ<CMD>008027000180</CMD>の<BREAK>{言|い}っていたとおり<BREAK>きみは　やさしい{子|こ}だね",
			"そうそう<BREAK>あの{子|こ}の　ことだけどね",
			"きみが<CMD>008027000480</CMD>マッチ<CMD>008027000180</CMD>を　{売|う}るのを<BREAK>{手伝|てつだ}ってくれたおかげで",
			"ぶじに<BREAK><CMD>008027000380</CMD>おばあちゃん<CMD>008027000180</CMD>に<BREAK>あうことができたんだよ",
			"きみには　とても<BREAK>カンシャしていると<BREAK>{言|い}っていたよ",
			"\f"
		]
	},
	{
		"Index": 66,
		"JPN": [
			"おっと<BREAK>もうじき　じゅんびが<BREAK>いそがしくなってくる　{時間|じかん}だ",
			"サンタは　そろそろ<BREAK>{帰|かえ}るとするよ",
			"それじゃあ<BREAK>{良|よ}い{子|こ}でいるんだよー<BREAK>ほっほっほっ！",
			"\f"
		]
	},
	{
		"Index": 67,
		"JPN": [
			"{持|も}っていないようだね<BREAK>{持|も}っていたら　おねがいするよ",
			"\f"
		]
	},
	{
		"Index": 68,
		"JPN": [
			"\f"
		]
	},
	{
		"Index": 69,
		"JPN": [
			"\f"
		]
	},
	{
		"Index": 70,
		"JPN": [
			"ほっほっほっ！",
			"{良|よ}い{子|こ}でいるかね？<BREAK>{良|よ}い{子|こ}にはプレゼントをあげよう！",
			"\f"
		]
	},
	{
		"Index": 71,
		"JPN": [
			"…と<BREAK>{言|い}いたいところなのだが…",
			"プレゼントをあげるはずの<BREAK>{良|よ}い{子|こ}の<CMD>008027000580</CMD>{家|いえ}<CMD>008027000180</CMD>の{地図|ちず}を<BREAK>うっかり　{落|お}としてしまったのだよ",
			"これでは　どこにプレゼントを<BREAK>とどければいいのか　{分|わ}からない…",
			"そうだ！　きみは<BREAK>この<CMD>008027000580</CMD>{町|まち}<CMD>008027000180</CMD>の{子|こ}だろう？",
			"\f"
		]
	},
	{
		"Index": 72,
		"JPN": [
			"きみなら<BREAK>この<CMD>008027000580</CMD>{町|まち}<CMD>008027000180</CMD>の{良|よ}い{子|こ}のことは<BREAK>よく　{知|し}っているよね？",
			"サンタの{代|か}わりに<BREAK>{良|よ}い{子|こ}にプレゼントを<BREAK>{配|くば}ってもらえないかな？",
			"\f"
		]
	},
	{
		"Index": 73,
		"JPN": [
			"ただし　プレゼントの{配達|はいたつ}は<BREAK>{夜|よ}が{明|あ}ける{前|まえ}に<BREAK>{終|お}わらせないとダメなんだ",
			"どうだろう<BREAK>たのめるかな？",
			"もし　{今日|きょう}は<BREAK>いそがしいようだったら<BREAK>２５{日|にち}の{夜|よる}でもいいよ",
			"\f"
		]
	},
	{
		"Index": 74,
		"JPN": [
			"{手伝|てつだ}いますか？",
			"<CMD>128027000180</CMD>",
			"\f"
		]
	},
	{
		"Index": 75,
		"JPN": [
			"<CMD>3780</CMD>",
			"はい<CMD>13802700ffff</CMD>",
			"いいえ<CMD>13802700ffff</CMD>",
			"\f"
		]
	},
	{
		"Index": 76,
		"JPN": [
			"そうか<BREAK>それは　{残念|ざんねん}だよ",
			"もし　きみの{気|き}が　{変|か}わったら<BREAK>また　{声|こえ}をかけておくれ",
			"{待|ま}っているよ",
			"\f"
		]
	},
	{
		"Index": 77,
		"JPN": [
			"はい<BREAK>これが　とどけてほしい<BREAK>プレゼントだよ",
			"この<CMD>008027000580</CMD>{町|まち}<CMD>008027000180</CMD>の<BREAK>{良|よ}い{子|こ}の<CMD>008027000580</CMD>{家|いえ}<CMD>008027000180</CMD>の{前|まえ}に<BREAK>{置|お}いてきておくれ",
			"よろしくたのんだよ",
			"\f"
		]
	},
	{
		"Index": 78,
		"JPN": [
			"さっき　わたしたプレゼントを<BREAK>とどけてくれたら<BREAK>{次|つぎ}のプレゼントをわたすよ",
			"{夜|よる}が　{明|あ}けないうちに<BREAK>{早|はや}く　プレゼントを<BREAK>とどけてきておくれ",
			"\f"
		]
	},
	{
		"Index": 79,
		"JPN": [
			"ほっほっほっ！",
			"きみのおかげで<BREAK>この<CMD>008027000580</CMD>{町|まち}<CMD>008027000180</CMD>の{良|よ}い{子|こ}　{全員|ぜんいん}に<BREAK>プレゼントをわたすことができたよ",
			"ありがとう<BREAK>ありがとう<BREAK>{本当|ほんとう}に　たすかったよ",
			"\f"
		]
	},
	{
		"Index": 80,
		"JPN": [
			"おや？<BREAK>{荷物|にもつ}が　いっぱいで<BREAK>もう　{持|も}てないようだね",
			"{荷物|にもつ}を　{整理|せいり}して<BREAK>プレゼントを{持|も}てるように<BREAK>なってから　{来|き}ておくれ",
			"\f"
		]
	},
	{
		"Index": 81,
		"JPN": [
			"\f"
		]
	},
	{
		"Index": 82,
		"JPN": [
			"いまのところ<CMD>4e822700808227000081</CMD>{個|こ}<BREAK>{配|くば}り{終|お}わっているよ",
			"{残|のこ}りは<CMD>4e8227008a8227000081</CMD>{個|こ}だ<BREAK>たのんだよ",
			"\f"
		]
	},
	{
		"Index": 83,
		"JPN": [
			"それが　さいごのプレゼントだよ<BREAK>もうすこしだね",
			"{夜|よる}が　{明|あ}けないうちに<BREAK>{早|はや}く　プレゼントを<BREAK>とどけてきておくれ",
			"\f"
		]
	},
	{
		"Index": 84,
		"JPN": [
			"\f"
		]
	},
	{
		"Index": 85,
		"JPN": [
			"ほっほっほっ<BREAK>きみは　{良い子|よいこ}かな？",
			"おや？　きみはいぜん<BREAK>わたしをてつだってくれた{子|コ}だね？",
			"きみなら　{良い子|よいこ}にまちがいない<BREAK>クリスマスを　{楽|たの}しみに<BREAK>していなさい",
			"すてきな<BREAK>プレゼントがあるよ",
			"ほっほっほっ！",
			"\f"
		]
	},
	{
		"Index": 86,
		"JPN": [
			"ほっほっほっ！ ",
			"やあ　また{会|あ}ったね<BREAK>{良|よ}い{子|こ}にはプレゼントをあげよう！",
			"…と{言|い}いたいところなのだが<BREAK>そう…またなんだ…",
			"プレゼントをあげるはずの<BREAK>{良|よ}い{子|こ}の{家|いえ}の{地図|ちず}を<BREAK>また　{落|お}としてしまったのだよ",
			"でも　ここでまたきみにあえたのは<BREAK>わたしにとってこううんだ！",
			"\f"
		]
	},
	{
		"Index": 87,
		"JPN": [
			"この{町|まち}にくわしいキミに<BREAK>また　プレゼントを<BREAK>{配|くば}ってほしいんだ",
			"プレゼント{配|くば}りを<BREAK>{手伝|てつだ}ってくれるかね？",
			"\f"
		]
	},
	{
		"Index": 88,
		"JPN": [
			"\f"
		]
	},
	{
		"Index": 89,
		"JPN": [
			"\f"
		]
	},
	{
		"Index": 90,
		"JPN": [
			"そうそう<BREAK>ひとり　わすれていた",
			"サンタを　{手伝|てつだ}ってくれた<BREAK>とっても　{良|よ}い{子|こ}のきみには",
			"{特別|とくべつ}なプレゼントを<BREAK>あげないとね",
			"\f"
		]
	},
	{
		"Index": 91,
		"JPN": [
			"さぁ　これだ",
			"{良|よ}い{子|こ}のための<BREAK>{特別|とくべつ}なプレゼントだよ！",
			"きみのような<BREAK>{特別|とくべつ}な　{良|よ}い{子|こ}に<BREAK>{会|あ}えた{時|とき}のために",
			"{用意|ようい}していた<BREAK>とっておきのプレゼントだ",
			"\f"
		]
	},
	{
		"Index": 92,
		"JPN": [
			"…おや？<BREAK>{持|も}ち{物|もの}が　いっぱいだね",
			"ここに　{置|お}いておくから<BREAK>{後|あと}で　{取|と}りにきなさい",
			"\f"
		]
	},
	{
		"Index": 93,
		"JPN": [
			"きみに{手伝|てつだ}ってもらえたおかげで<BREAK>この<CMD>008027000580</CMD>{町|まち}<CMD>008027000180</CMD>の{良|よ}い{子|こ}にも　ぶじ<BREAK>プレゼントをわたすことができた",
			"そろそろ　サンタは<BREAK>{次|つぎ}の<CMD>008027000580</CMD>{町|まち}<CMD>008027000180</CMD>に　{行|い}かなくては",
			"それでは<BREAK>{来年|らいねん}も　きみが{良|よ}い{子|こ}なら<BREAK>また　{会|あ}おう！",
			"メリークリスマス！<BREAK>ほっほっほーっ！！",
			"\f"
		]
	},
	{
		"Index": 94,
		"JPN": [
			"\f"
		]
	},
	{
		"Index": 95,
		"JPN": [
			"\f"
		]
	},
	{
		"Index": 96,
		"JPN": [
			"プレゼントを　{置|お}きますか？",
			"<CMD>128027000180</CMD>",
			"\f"
		]
	},
	{
		"Index": 97,
		"JPN": [
			"<CMD>3780</CMD>",
			"はい<CMD>13802700ffff</CMD>",
			"いいえ<CMD>13802700ffff</CMD>",
			"\f"
		]
	},
	{
		"Index": 98,
		"JPN": [
			"プレゼントを　{持|も}っていません",
			"\f"
		]
	},
	{
		"Index": 99,
		"JPN": [
			"プレゼントは<BREAK>すでに{渡|わた}しています",
			"\f"
		]
	}
]