[
	{
		"Index": 0,
		"JPN": [
			"<CMD>16802700d28f27006981</CMD>オマエ…　ニンゲンか？<CMD>13802700c589</CMD>",
			"\f"
		]
	},
	{
		"Index": 1,
		"JPN": [
			"<CMD>3780</CMD>",
			"うん<CMD>13802700c689</CMD>",
			"ちがうよ<CMD>13802700c789</CMD>",
			"\f"
		]
	},
	{
		"Index": 2,
		"JPN": [
			"<CMD>16802700d28f27005881</CMD>ニンゲンとは<BREAK>{話|はなし}をするなって<BREAK>とうちゃん{言|い}ってた",
			"<CMD>13802700c889</CMD>",
			"\f"
		]
	},
	{
		"Index": 3,
		"JPN": [
			"<CMD>16802700d28f27006981</CMD>…ニンゲンにしか{見|み}えね<BREAK>ニンゲンとは{話|はなし}をするなって<BREAK>とうちゃん{言|い}ってた<CMD>16802700d28f27005881</CMD>",
			"<CMD>13802700c889</CMD>",
			"\f"
		]
	},
	{
		"Index": 4,
		"JPN": [
			"<CMD>16802700d28f27005681</CMD>オイラにひどいこと<BREAK>するつもりだべ？<BREAK>オイラ　かえるだ",
			"\f"
		]
	},
	{
		"Index": 5,
		"JPN": [
			"<CMD>16802700d28f27006981</CMD>オマエ　また{来|き}ただか…<BREAK>やっぱり　<BREAK>オイラにひどいことしに{来|き}たのか？<CMD>13802700ca89</CMD>",
			"\f"
		]
	},
	{
		"Index": 6,
		"JPN": [
			"<CMD>3780</CMD>",
			"うん<CMD>13802700cb89</CMD>",
			"ちがうよ<CMD>13802700cc89</CMD>",
			"\f"
		]
	},
	{
		"Index": 7,
		"JPN": [
			"<CMD>16802700d28f27005681</CMD>…やっぱり<BREAK>ニンゲンはおっかね<BREAK>オラ かえるだ",
			"\f"
		]
	},
	{
		"Index": 8,
		"JPN": [
			"<CMD>16802700d28f27005681</CMD>…ホントか？<BREAK>でも　とうちゃん{言|い}ってただ…",
			"オイラ　やっぱりニンゲン<BREAK>こわいだ",
			"でも　{気|き}が{変|か}わるかも<BREAK>しんねぇべ？",
			"<CMD>16802700d28f27005681</CMD>やっぱり　こわいだ",
			"\f"
		]
	},
	{
		"Index": 9,
		"JPN": [
			"また{来|き}ただか<BREAK>ホントにひどいこと<BREAK>しないだな？<CMD>16802700d28f27006981</CMD>",
			"オイラ　{前|まえ}から<BREAK>ニンゲンに　{聞|き}きたいことさ<BREAK>あっただ",
			"ニンゲンは<CMD>008027000580</CMD>{学校|がっこう}<CMD>008027000180</CMD>さ　{行|い}くべ？<BREAK><CMD>008027000580</CMD>{学校|がっこう}<CMD>008027000180</CMD>ってそんなに<BREAK>{楽|たの}しいところか？<CMD>16802700d28f27006981</CMD><CMD>13802700ce89</CMD>",
			"\f"
		]
	},
	{
		"Index": 10,
		"JPN": [
			"<CMD>3780</CMD>",
			"はい<CMD>13802700cf89</CMD>",
			"いいえ<CMD>13802700d089</CMD>",
			"\f"
		]
	},
	{
		"Index": 11,
		"JPN": [
			"<CMD>16802700d28f27002d81</CMD>…やっぱり　{楽|たの}しそうだな…",
			"でなけりゃ　{毎日|まいにち}<BREAK><CMD>008027000580</CMD>{学校|がっこう}<CMD>008027000180</CMD>さ{行|い}くわけ<BREAK>ねえもんな…",
			"<CMD>16802700d28f27002d81</CMD>うらやましいだ…",
			"<CMD>13802700d189</CMD>",
			"\f"
		]
	},
	{
		"Index": 12,
		"JPN": [
			"<CMD>16802700d28f27005681</CMD>…オマエ<BREAK>ウソついてるべ？",
			"{楽|たの}しくなけりゃ<BREAK>{毎日|まいにち}<BREAK><CMD>008027000580</CMD>{学校|がっこう}<CMD>008027000180</CMD>さ{行|い}くわけねぇべ？",
			"<CMD>13802700d189</CMD>",
			"\f"
		]
	},
	{
		"Index": 13,
		"JPN": [
			"オイラも<CMD>008027000580</CMD>{学校|がっこう}<CMD>008027000180</CMD>さ<BREAK>{行|い}ってみてえ…",
			"\f"
		]
	},
	{
		"Index": 14,
		"JPN": [
			"<CMD>16802700d28f27005881</CMD>オマエ　また{来|き}ただか…",
			"そんなにオイラと<BREAK>{友|とも}だちになりてぇだか<BREAK>そうだか…",
			"じゃあ…<BREAK>なってやっても　いいだ<CMD>16802700d28f27005581</CMD>",
			"おいら…<BREAK>オマエに　たのみがあるだ",
			"おいら　<CMD>008027000580</CMD>{学校|がっこう}<CMD>008027000180</CMD>さ<BREAK>{行|い}ってみてえ<BREAK><CMD>16802700d28f27005881</CMD>{連|つ}れてってくれろ？<CMD>13802700d389</CMD>",
			"\f"
		]
	},
	{
		"Index": 15,
		"JPN": [
			"<CMD>3780</CMD>",
			"いいよ<CMD>13802700d489</CMD>",
			"ダメだよ<CMD>13802700d589</CMD>",
			"\f"
		]
	},
	{
		"Index": 16,
		"JPN": [
			"<CMD>16802700d28f27004281</CMD>ホントか？<BREAK>ホントのホントか！？",
			"<CMD>16802700d28f27005681</CMD>よし！　じゃあ　{行|い}くべ！",
			"でも　やっぱりこわいから<BREAK>オイラから　はなれないで　くれろ",
			"<CMD>16802700d28f27005581</CMD>エヘヘ…よろしくな？",
			"\f"
		]
	},
	{
		"Index": 17,
		"JPN": [
			"<CMD>16802700d28f27007f81</CMD>…やっぱりダメだか？<BREAK><CMD>008027000580</CMD>{学校|がっこう}<CMD>008027000180</CMD>さ<BREAK>{行|い}ってみたかったな…",
			"\f"
		]
	},
	{
		"Index": 18,
		"JPN": [
			"ニンゲンは　いいなぁ<BREAK>だって{毎日|まいにち}<CMD>008027000580</CMD>{学校|がっこう}<CMD>008027000180</CMD>さ<BREAK>{行|い}けるでねえか",
			"<CMD>16802700d28f27002d81</CMD>すごく{楽|たの}しいところなんだべな…",
			"オイラ　<CMD>008027000580</CMD>{学校|がっこう}<CMD>008027000180</CMD>さ<BREAK>{行|い}ってみてぇ",
			"<CMD>16802700d28f27005681</CMD>え？　オマエが<BREAK>つれてってくれるだか？",
			"やった　やっただ！",
			"<CMD>16802700d28f27004281</CMD>エヘヘ……<BREAK>オマエ　やさしいだな",
			"{知|し}らないニンゲンは<BREAK>まだ　こわいけど<BREAK>がんばってみるだ！",
			"\f"
		]
	},
	{
		"Index": 19,
		"JPN": [
			"じゃあ　{行|い}くだ<BREAK>ぜったい　オイラから<BREAK>はなれないでくれろ？",
			"ああ…　ドキドキするだ<CMD>16802700d28f27005881</CMD>",
			"やっぱ　ニンゲンは<BREAK>こわいな…",
			"\f"
		]
	},
	{
		"Index": 20,
		"JPN": [
			"ついただ…<BREAK>これが<CMD>008027000580</CMD>{学校|がっこう}<CMD>008027000180</CMD>だか…",
			"<CMD>16802700d28f27005681</CMD>{思|おも}ってたより<BREAK>ずっと{大|おお}きいだ<BREAK>リッパなもんだべ",
			"え！？<BREAK>{中|なか}さ{入|はい}ってもいいだか？<BREAK>ドキドキするべ…",
			"\f"
		]
	},
	{
		"Index": 21,
		"JPN": [
			"<CMD>16802700d28f27005681</CMD>やっぱり{広|ひろ}いだな…",
			"ここが　{昼間|ひるま}はニンゲンで<BREAK>いっぱいになるだな？",
			"<CMD>16802700d28f27005981</CMD>すげえもんだな…<BREAK>おいら<BREAK>イの{中|なか}のカワズだっただ…",
			"\f"
		]
	},
	{
		"Index": 22,
		"JPN": [
			"<CMD>16802700d28f27002f81</CMD>あ…<BREAK>ニンゲンだべ！<BREAK>オイラ　こわい！",
			"オタスケーッ！",
			"\f"
		]
	},
	{
		"Index": 23,
		"JPN": [
			"<CMD>16802700d28f27005681</CMD>ニ　ニンゲンだ！<BREAK>…って　なんだ　オマエか<CMD>16802700d28f27005881</CMD>",
			"ゴメンな？<BREAK>オイラ　{逃|に}げたりして…",
			"オイラ　やっぱ<BREAK>ニンゲンがこわくてしかたないだ<BREAK>{知|し}らないニンゲンはダメだ",
			"どうにか<BREAK>ニンゲンに{会|あ}わずに<BREAK><CMD>008027000580</CMD>{学校|がっこう}<CMD>008027000180</CMD>さ{行|い}けねぇかなあ",
			"<CMD>16802700d28f27005681</CMD>え？　もう{一度|いちど}<BREAK>つれてってくれるだか？",
			"<CMD>16802700d28f27004281</CMD>やった！<BREAK>オイラ　{友|とも}だちがいて<BREAK>{良|よ}かったな！",
			"いつでもいいから<BREAK>{連|つ}れてってくれろ",
			"\f"
		]
	},
	{
		"Index": 24,
		"JPN": [
			"<CMD>16802700d28f27005681</CMD>うわー！<BREAK>これが<CMD>008027000580</CMD>{学校|がっこう}<CMD>008027000180</CMD>の{入|い}り{口|ぐち}だか？<BREAK>{広|ひれ}ぇなぁっ！",
			"みんな　ここさ{通|とお}って<BREAK><CMD>008027000580</CMD>{学校|がっこう}<CMD>008027000180</CMD>に{入|はい}るんだなあ<BREAK>おいらも　おんなじだ",
			"さあ　<CMD>008027000580</CMD>{学校|がっこう}<CMD>008027000180</CMD>に{入|はい}るべ！<BREAK>ドキドキするなあ…<CMD>16802700d28f27005881</CMD>",
			"\f"
		]
	},
	{
		"Index": 25,
		"JPN": [
			"<CMD>16802700d28f27005681</CMD>ここが　<CMD>008027000580</CMD>{教室|きょうしつ}<CMD>008027000180</CMD>だか？<BREAK>ここでオマエやニンゲンが<BREAK>ベンキョウしてるだな！",
			"\f"
		]
	},
	{
		"Index": 26,
		"JPN": [
			"ここが<CMD>008027000180</CMD>{講堂|こうどう}<CMD>008027000180</CMD>って{言|い}うだか？<BREAK>ここも{広|ひろ}いだな…",
			"ここに　みんなが{集|あつ}まるだか！<BREAK>{楽|たの}しいべなぁ<CMD>16802700d28f27005581</CMD>",
			"オイラももうちょっと<BREAK>{大|おお}きくなったら<BREAK>なかまになるだ",
			"<CMD>16802700d28f27005681</CMD>ウン<BREAK>きっと　そうするだ！",
			"\f"
		]
	},
	{
		"Index": 27,
		"JPN": [
			"<CMD>16802700d28f27005881</CMD>ハァ…すごかっただなあ…<BREAK>ホントにありがとう<BREAK><CMD>008027000580</CMD>{学校|がっこう}<CMD>008027000180</CMD>はすごかっただ",
			"オイラをここまで{連|つ}れてくるの<BREAK>タイヘンだっただべ？",
			"<CMD>16802700d28f27005581</CMD>おいら　これでも<BREAK>{言葉|ことば}にできねぇほど<BREAK>カンシャしてるだ",
			"オマエっていう<BREAK>トモダチもできたしな",
			"そんじゃあ<BREAK>オイラ　そろそろ{帰|かえ}るだ<BREAK>とうちゃんが{心配|しんぱい}してるだ",
			"{最後|さいご}にひとつだけ…<BREAK>オイラたち<BREAK>ずっと　トモダチだな？<CMD>16802700d28f27006981</CMD>",
			"<CMD>16802700d28f27005681</CMD>じゃあな<BREAK>オマエのこと<BREAK>ずっとわすれねぇ",
			"\f"
		]
	},
	{
		"Index": 30,
		"JPN": [
			"<CMD>49802700798027000380</CMD>",
			"\f"
		]
	},
	{
		"Index": 31,
		"JPN": [
			"<CMD>49802700798027001480</CMD>",
			"\f"
		]
	},
	{
		"Index": 32,
		"JPN": [
			"<CMD>49802700798027001480</CMD>",
			"\f"
		]
	},
	{
		"Index": 33,
		"JPN": [
			"<CMD>49802700798027001580</CMD>",
			"\f"
		]
	},
	{
		"Index": 34,
		"JPN": [
			"<CMD>49802700798027001580</CMD>",
			"\f"
		]
	},
	{
		"Index": 40,
		"JPN": [
			"これが　コクバンかあ…<BREAK>なにか{書|か}いてみてぇなあ",
			"\f"
		]
	},
	{
		"Index": 41,
		"JPN": [
			"ダメだか？<BREAK>しかたねぇ　あきらめるか<BREAK>まだまだ　<CMD>008027000580</CMD>{学校|がっこう}<CMD>008027000180</CMD>は{広|ひろ}いしな",
			"<CMD>16802700d28f27005681</CMD>さあ　どんどん{行|い}くべ！",
			"\f"
		]
	},
	{
		"Index": 50,
		"JPN": [
			"<CMD>498027007a8027000880</CMD>",
			"\f"
		]
	},
	{
		"Index": 51,
		"JPN": [
			"<CMD>498027007a8027000980</CMD>",
			"\f"
		]
	},
	{
		"Index": 52,
		"JPN": [
			"<CMD>498027007a8027000a80</CMD>",
			"\f"
		]
	},
	{
		"Index": 53,
		"JPN": [
			"<CMD>498027007a8027000580</CMD>",
			"\f"
		]
	},
	{
		"Index": 54,
		"JPN": [
			"<CMD>498027007a8027000680</CMD>",
			"\f"
		]
	},
	{
		"Index": 55,
		"JPN": [
			"<CMD>498027007a8027000780</CMD>",
			"\f"
		]
	},
	{
		"Index": 56,
		"JPN": [
			"<CMD>18802700729b27000080</CMD><CMD>17802700729b2700b28027000a8027000180</CMD><CMD>16802700729b27006981</CMD>なんだ　おめえ？<BREAK>みねぇ{顔|カオ}だな？",
			"<CMD>18802700729b27000180</CMD><CMD>17802700729b2700ad802700068027000280</CMD><CMD>16802700729b27005581</CMD>もしかして<BREAK>わしのウワサを<BREAK>{聞|き}いてきたのか？",
			"<CMD>18802700729b27000680</CMD><CMD>17802700729b2700088027000a8027000180</CMD><CMD>16802700729b27007e81</CMD>フン　そんなら<BREAK>わしのちょうせんを<BREAK>{受|う}けてみっか？",
			"<CMD>13802700158a</CMD>",
			"\f"
		]
	},
	{
		"Index": 57,
		"JPN": [
			"<CMD>18802700729b27000080</CMD><CMD>17802700729b270001802700048027000080</CMD>なんだ　やめんのか？",
			"<CMD>18802700729b27000680</CMD><CMD>17802700729b2700088027000a8027000180</CMD><CMD>16802700729b27007e81</CMD>フン<BREAK><CMD>008027000580</CMD>{学校|がっこう}<CMD>008027000180</CMD>なんて{言|い}いながら<BREAK>ロクな{生徒|せいと}がおらんな",
			"<CMD>18802700729b27000080</CMD><CMD>17802700729b270001802700048027000080</CMD>まあ　いい<BREAK>{気|き}が　{変|か}わったら<BREAK>いつでも　{話|はな}しかけてこいや",
			"<CMD>18802700729b27000080</CMD><CMD>17802700729b270001802700048027000080</CMD>わしは　しばらく<BREAK>ここに　いっからよ",
			"\f"
		]
	},
	{
		"Index": 58,
		"JPN": [
			"<CMD>18802700729b27000680</CMD><CMD>17802700729b2700088027000a8027000180</CMD><CMD>16802700729b27007e81</CMD>よーし<BREAK>そう{来|こ}なくちゃ",
			"<CMD>18802700729b27000080</CMD><CMD>17802700729b270001802700048027000080</CMD>そんじゃ　ルールを<BREAK>{説明|せつめい}すっから<BREAK>よーく　{聞|き}いとけよ？",
			"<CMD>18802700729b27000080</CMD><CMD>17802700729b270001802700048027000080</CMD>わしと　{同|おな}じカッコをした<BREAK>{服|ふく}の{色|いろ}の　ちがうもんが<BREAK><CMD>008027000580</CMD>{町|まち}<CMD>008027000180</CMD>のどこかに　３{人|にん}　いる",
			"<CMD>18802700729b27000080</CMD><CMD>17802700729b270001802700048027000080</CMD>３{人|にん}のうち<BREAK>{１人|ひとり}は　{正直|しょうじき}もんで<BREAK>いつも　{正|ただ}しいことを{言|い}っている",
			"<CMD>18802700729b27000080</CMD><CMD>17802700729b270001802700048027000080</CMD>{残|のこ}りの　{２人|ふたり}は　うそつきで<BREAK>いつも　まちがったことを<BREAK>{言|い}ってる",
			"<CMD>18802700729b27000080</CMD><CMD>17802700729b270001802700048027000080</CMD>{正直|しょうじき}もんが　どいつか<BREAK>わかったら<BREAK>そいつに　{宝|たから}の{場所|ばしょ}を{聞|き}け",
			"<CMD>18802700729b27000080</CMD><CMD>17802700729b270001802700048027000080</CMD>ただし　{宝|たから}の{場所|ばしょ}を<BREAK>{聞|き}けるのは　{１人|ひとり}だけだし<BREAK>１{回|かい}だけだ",
			"<CMD>18802700729b27000080</CMD><CMD>17802700729b270001802700048027000080</CMD>よっく　{考|かんが}えてから<BREAK>{聞|き}くこったな",
			"\f"
		]
	},
	{
		"Index": 59,
		"JPN": [
			"<CMD>18802700729b27000080</CMD><CMD>17802700729b270001802700048027000080</CMD>それじゃ　はじめっとすっか",
			"<CMD>18802700729b27000080</CMD><CMD>17802700729b270001802700048027000080</CMD>この　<CMD>008027000580</CMD>{町|まち}<CMD>008027000180</CMD>の　あちこちに<BREAK>{赤|あか}　{青|あお}　{黄|き}の３{人|にん}がいるから<BREAK>まずは　そいつらの　{話|はなし}を{聞|き}け",
			"<CMD>18802700729b27000080</CMD><CMD>17802700729b270001802700048027000080</CMD>もし　ちょうせんの<BREAK>{内容|ないよう}をわすれたら<BREAK>わしに　{聞|き}きに　もどってこい",
			"<CMD>18802700729b27000680</CMD><CMD>17802700729b2700088027000a8027000180</CMD><CMD>16802700729b27007e81</CMD>じゃあ　はじめるぞ<BREAK>おめえの　けんとうをいのるぜ！",
			"\f"
		]
	},
	{
		"Index": 60,
		"JPN": [
			"<CMD>18802700729b27000080</CMD><CMD>17802700729b270001802700048027000080</CMD>おっ　おめえ<BREAK>また{来|き}たのか",
			"<CMD>18802700729b27000680</CMD><CMD>17802700729b2700088027000a8027000180</CMD><CMD>16802700729b27007e81</CMD>それで<BREAK>ちょうせんを　{受|う}けるのか？",
			"<CMD>13802700158a</CMD>",
			"\f"
		]
	},
	{
		"Index": 61,
		"JPN": [
			"<CMD>18802700729b27000080</CMD><CMD>17802700729b270001802700048027000080</CMD>そうか<BREAK>ま　{時間制限|じかんせいげん}はねぇから<BREAK>よーく　{考|かんが}えるこったな",
			"\f"
		]
	},
	{
		"Index": 62,
		"JPN": [
			"<CMD>18802700729b27000080</CMD><CMD>17802700729b2700b28027000a8027000180</CMD><CMD>16802700729b27006981</CMD>どうした？<BREAK>わしに　なにか<BREAK>{聞|き}きたいことがあるのか？",
			"<CMD>13802700168a</CMD>",
			"\f"
		]
	},
	{
		"Index": 63,
		"JPN": [
			"<CMD>18802700729b27000080</CMD><CMD>17802700729b270001802700048027000080</CMD>なんだ<BREAK>もんだいを　もう{一度|いちど}<BREAK>{聞|き}きたいのか？",
			"<CMD>18802700729b27000080</CMD><CMD>17802700729b270001802700048027000080</CMD>しかたねえ<BREAK>もう{一度|いちど}　{教|おし}えてやっから",
			"<CMD>18802700729b27000080</CMD><CMD>17802700729b270001802700048027000080</CMD>{耳|みみ}のあな　かっぽじって<BREAK>よっく　{聞|き}いとけよ？",
			"<CMD>18802700729b27000080</CMD><CMD>17802700729b270001802700048027000080</CMD>わしと　{同|おな}じカッコをした<BREAK>{服|ふく}の{色|いろ}の　ちがうもんが<BREAK><CMD>008027000580</CMD>{町|まち}<CMD>008027000180</CMD>のどこかに　３{人|にん}　いる",
			"<CMD>18802700729b27000080</CMD><CMD>17802700729b270001802700048027000080</CMD>３{人|にん}のうち<BREAK>{１人|ひとり}は　{正直|しょうじき}もんで<BREAK>いつも{正|ただ}しいことを{言|い}っている",
			"<CMD>18802700729b27000080</CMD><CMD>17802700729b270001802700048027000080</CMD>{残|のこ}りの　{２人|ふたり}は　うそつきで<BREAK>まちがったことを{言|い}っている",
			"<CMD>18802700729b27000080</CMD><CMD>17802700729b270001802700048027000080</CMD>{正直|しょうじき}もんが　どいつか<BREAK>わかったら<BREAK>そいつに　{宝|たから}の{場所|ばしょ}を{聞|き}け",
			"<CMD>18802700729b27000080</CMD><CMD>17802700729b270001802700048027000080</CMD>ただし　{宝|たから}の{場所|ばしょ}を<BREAK>{聞|き}けるのは　{１人|ひとり}だけ<BREAK>しかも　１{回|かい}だけだ",
			"<CMD>18802700729b27000080</CMD><CMD>17802700729b270001802700048027000080</CMD>よっく　{考|かんが}えてっから<BREAK>{聞|き}くこったな",
			"<CMD>18802700729b27000080</CMD><CMD>17802700729b270001802700048027000080</CMD>わかったな？<BREAK>さあ　それじゃ<BREAK>{早|はや}く　{行|い}きやがれ！",
			"\f"
		]
	},
	{
		"Index": 64,
		"JPN": [
			"<CMD>18802700729b27000080</CMD><CMD>17802700729b270001802700048027000080</CMD>なに？<BREAK>ヒントが　{欲|ほ}しいのか？<BREAK>しょうのねぇヤツだな",
			"<CMD>18802700729b27000080</CMD><CMD>17802700729b270001802700048027000080</CMD>やつらの　いってることを<BREAK>{紙|かみ}なんかに　{書|か}いて<BREAK>みるといいぞ",
			"<CMD>18802700729b27000080</CMD><CMD>17802700729b270001802700048027000080</CMD>ホントのことを{言|い}っている{人|ヒト}が<BREAK>{２人|ふたり}になってないか<BREAK>よっく　{考|かんが}えてみるんだな",
			"<CMD>18802700729b27000080</CMD><CMD>17802700729b270001802700048027000080</CMD>これ{以上|いじょう}のヒントは<BREAK>ねぇって　くらいの<BREAK>{出血大|しゅっけつだい}サービスだ",
			"<CMD>18802700729b27000080</CMD><CMD>17802700729b270001802700048027000080</CMD>あとは　{自分|じぶん}で<BREAK>よっく　{考|かんが}えな",
			"\f"
		]
	},
	{
		"Index": 65,
		"JPN": [
			"{宝|たから}の{場所|ばしょ}を<BREAK>この{人|ヒト}に{聞|き}きますか？",
			"{正直者|しょうじきもの}は<BREAK>{一人|ひとり}しかいません<BREAK>よく{考|かんが}えてから　{聞|き}きましょう",
			"<CMD>13802700178a</CMD>",
			"\f"
		]
	},
	{
		"Index": 66,
		"JPN": [
			"{黄色|きいろ}のヤツは<BREAK>ウソを{言|い}ってるぞ",
			"\f"
		]
	},
	{
		"Index": 67,
		"JPN": [
			"{赤|あか}のヤツは<BREAK>ウソを{言|い}ってるぞ",
			"\f"
		]
	},
	{
		"Index": 68,
		"JPN": [
			"{青|あお}のヤツは<BREAK>ホントの{事|こと}を{言|い}ってるぞ",
			"\f"
		]
	},
	{
		"Index": 69,
		"JPN": [
			"{黄色|きいろ}のヤツは<BREAK>ウソを{言|い}ってるぞ",
			"\f"
		]
	},
	{
		"Index": 70,
		"JPN": [
			"{赤|あか}のヤツは<BREAK>ホントの{事|こと}を{言|い}ってるぞ",
			"\f"
		]
	},
	{
		"Index": 71,
		"JPN": [
			"{青|あお}のヤツは<BREAK>ウソを{言|い}ってるぞ",
			"\f"
		]
	},
	{
		"Index": 72,
		"JPN": [
			"{黄色|きいろ}のヤツは<BREAK>ホントの{事|こと}を{言|い}ってるぞ",
			"\f"
		]
	},
	{
		"Index": 73,
		"JPN": [
			"{赤|あか}のヤツは<BREAK>ウソを{言|い}ってるぞ",
			"\f"
		]
	},
	{
		"Index": 74,
		"JPN": [
			"{青|あお}のヤツは<BREAK>ウソを{言|い}ってるぞ",
			"\f"
		]
	},
	{
		"Index": 75,
		"JPN": [
			"ほうびの　{宝箱|たからばこ}は<BREAK><CMD>008027000580</CMD>ことう<CMD>008027000180</CMD>　にある",
			"そいつは<BREAK>おめえだけに　{開|あ}けることが<BREAK>できるようになってるぞ",
			"さあ<BREAK>{行|い}って　{開|あ}けてみるといい",
			"\f"
		]
	},
	{
		"Index": 76,
		"JPN": [
			"ほうびの　{宝箱|たからばこ}は<BREAK><CMD>008027000580</CMD>ことう<CMD>008027000180</CMD>　にある",
			"そいつは<BREAK>おめえだけに　{開|あ}けることが<BREAK>できるようになってるぞ",
			"さあ<BREAK>{行|い}って　{開|あ}けてみるといい",
			"\f"
		]
	},
	{
		"Index": 77,
		"JPN": [
			"ほうびの　{宝箱|たからばこ}は<BREAK><CMD>008027000580</CMD>ことう<CMD>008027000180</CMD>　にある",
			"そいつは<BREAK>おめえだけに　{開|あ}けることが<BREAK>できるようになってるぞ",
			"さあ<BREAK>{行|い}って　{開|あ}けてみるといい",
			"\f"
		]
	},
	{
		"Index": 78,
		"JPN": [
			"{宝箱|たからばこ}の{中|なか}には<BREAK>１{枚|まい}の　{紙|かみ}が　{入|はい}っている",
			"「は・ず・れ」<BREAK>と　{書|か}いてある",
			"どうやら<BREAK>まちがえちゃったらしい…",
			"\f"
		]
	},
	{
		"Index": 79,
		"JPN": [
			"<CMD>18802700729b27000180</CMD><CMD>17802700729b2700ad802700068027000280</CMD><CMD>16802700729b27005581</CMD>おめえ　すげえな<BREAK>よく　あの{問題|もんだい}を<BREAK>クリアできたな",
			"<CMD>18802700729b27000080</CMD><CMD>17802700729b270001802700048027000080</CMD>いや　まったく<BREAK>たいしたもんだ！",
			"\f"
		]
	},
	{
		"Index": 80,
		"JPN": [
			"<CMD>18802700729b27000080</CMD><CMD>17802700729b270001802700048027000080</CMD><CMD>008027000580</CMD>{学校|がっこう}<CMD>008027000180</CMD>　だなんて<BREAK>えらそうな　こといって<BREAK>ロクな{生徒|せいと}がいねぇんだろう",
			"<CMD>18802700729b27000680</CMD><CMD>17802700729b2700088027000a8027000180</CMD><CMD>16802700729b27007e81</CMD>なあんて　{思|おも}って<BREAK>ちょいと　からかい{半分|はんぶん}<BREAK>ためしてみたんだが…",
			"<CMD>18802700729b27000080</CMD><CMD>17802700729b270001802700048027000080</CMD>まさか　おめえみたいのが<BREAK>いるとは　{思|おも}わなかったわい",
			"<CMD>18802700729b27000180</CMD><CMD>17802700729b2700ad802700068027000280</CMD><CMD>16802700729b27005581</CMD>いやはや<BREAK>この<CMD>008027000580</CMD>{町|まち}<CMD>008027000180</CMD>も　なかなか<BREAK>すてたもんじゃ　ねえな",
			"<CMD>18802700729b27000180</CMD><CMD>17802700729b2700ad802700068027000280</CMD><CMD>16802700729b27005581</CMD>その　お{宝|たから}は<BREAK>わしからの　ごほうびだ<BREAK>えんりょなく　{受|う}けとっておけよ",
			"<CMD>18802700729b27000680</CMD><CMD>17802700729b2700088027000a8027000180</CMD><CMD>16802700729b27007e81</CMD>まったく　この{先|さき}の<BREAK>{成長|せいちょう}が　{楽|たの}しみなヤツだぜ",
			"<CMD>18802700729b27000080</CMD><CMD>17802700729b270001802700048027000080</CMD>さってと…<BREAK>わしは　もう　{次|つぎ}へ{行|い}くと<BREAK>するかね",
			"<CMD>18802700729b27000180</CMD><CMD>17802700729b2700ad802700068027000280</CMD><CMD>16802700729b27005581</CMD>それじゃあ　{元気|げんき}でな！",
			"\f"
		]
	},
	{
		"Index": 81,
		"JPN": [
			"<CMD>3780</CMD>",
			"はい<CMD>13802700fe89</CMD>",
			"いいえ<CMD>13802700fd89</CMD>",
			"\f"
		]
	},
	{
		"Index": 82,
		"JPN": [
			"<CMD>3780</CMD>",
			"{問題教|もんだいおし}えて<CMD>13802700038a</CMD>",
			"ヒントを{聞|き}く<CMD>13802700048a</CMD>",
			"\f"
		]
	},
	{
		"Index": 83,
		"JPN": [
			"<CMD>3780</CMD>",
			"はい<CMD>13802700ffff</CMD>",
			"いいえ<CMD>13802700188a</CMD>",
			"\f"
		]
	},
	{
		"Index": 84,
		"JPN": [
			"{聞|き}かないことにします",
			"\f"
		]
	}
]