[
	{
		"Index": 0,
		"JPN": [
			"<CMD>6480</CMD>腷聟耆",
			"\f"
		]
	},
	{
		"Index": 1,
		"JPN": [
			"<CMD>6480</CMD>聯联",
			"\f"
		]
	},
	{
		"Index": 2,
		"JPN": [
			"<CMD>6480</CMD>耟聟耆",
			"\f"
		]
	},
	{
		"Index": 3,
		"JPN": [
			"<CMD>6480</CMD>耟耇",
			"\f"
		]
	},
	{
		"Index": 4,
		"JPN": [
			"<CMD>6480</CMD>耟聚",
			"\f"
		]
	},
	{
		"Index": 5,
		"JPN": [
			"<CMD>098027000180</CMD>",
			"<CMD>6480</CMD>耠耢而",
			"\f"
		]
	},
	{
		"Index": 50,
		"JPN": [
			"<CMD>16802700dc8f27005581</CMD>あなたは　いぜん<BREAK><CMD>008027000580</CMD>かわ<CMD>008027000180</CMD>をキレイにしてくれた<BREAK>{方|かた}ですね",
			"あの{時|とき}はありがとう<BREAK>このすがたでいられるのも<BREAK>あなたのおかげです",
			"<CMD>16802700dc8f27004181</CMD>{今|いま}　こうして{見|み}ると<BREAK>この<CMD>008027000580</CMD>まち<CMD>008027000180</CMD>はとてもキレイですね",
			"<CMD>16802700dc8f27002d81</CMD>けれども　また<BREAK>よごれてしまわないか<BREAK>{心配|シンパイ}です",
			"\f"
		]
	},
	{
		"Index": 51,
		"JPN": [
			"<CMD>16802700dc8f27006981</CMD>{何|なに}か{良|よ}い　ほうほうは<BREAK>ないかしら？",
			"<CMD>008027000580</CMD>かわ<CMD>008027000180</CMD>を{大切|たいせつ}にするという<BREAK>{思|おも}いを　みんなにもって<BREAK>もらいたいのです",
			"<CMD>16802700dc8f27007f81</CMD>そのためには　いったい<BREAK>どうすれば{良|よ}いのでしょう…",
			"\f"
		]
	},
	{
		"Index": 52,
		"JPN": [
			"<CMD>16802700dc8f27002d81</CMD>いぜん　<CMD>008027000580</CMD>かわ<CMD>008027000180</CMD>をきれいに<BREAK>してくれた　あなたに<BREAK>お{願|ねが}いがあります",
			"<CMD>008027000580</CMD>かわ<CMD>008027000180</CMD>の{魚|さかな}をつりあげ<BREAK>{料理|りょうり}をして　<CMD>008027000580</CMD>まち<CMD>008027000180</CMD>のみなさんに<BREAK>ふるまってあげてほしいのです",
			"<CMD>008027000580</CMD>かわ<CMD>008027000180</CMD>の{魚|さかな}の<BREAK>おいしさがわかれば",
			"<CMD>008027000580</CMD>まち<CMD>008027000180</CMD>のみなさんは　いずれ<BREAK><CMD>008027000580</CMD>かわ<CMD>008027000180</CMD>の{大切|たいせつ}さに{気|き}づくでしょう",
			"どうか<BREAK>よろしくおねがいします",
			"\f"
		]
	},
	{
		"Index": 53,
		"JPN": [
			"<CMD>16802700dc8f27006981</CMD>みなさんに　<CMD>008027000580</CMD>かわ<CMD>008027000180</CMD>の{大切|たいせつ}さを<BREAK>{知|し}ってもらうために<BREAK>きょうりょくしてくれませんか？",
			"おいしい　{川魚|かわざかな}の{料理|りょうり}を<BREAK>{作|つく}って　<CMD>008027000580</CMD>まち<CMD>008027000180</CMD>のみなさんに<BREAK>ふるまえば",
			"<CMD>16802700dc8f27005581</CMD><CMD>008027000580</CMD>まち<CMD>008027000180</CMD>のみなさんも<BREAK><CMD>008027000580</CMD>かわ<CMD>008027000180</CMD>の{大切|たいせつ}さに　{気|き}づいて<BREAK>くれるはずです",
			"どうか<BREAK>よろしくおねがいしますね",
			"\f"
		]
	},
	{
		"Index": 55,
		"JPN": [
			"<CMD>16802700dc8f27005581</CMD>どうやら　みなさんに<BREAK><CMD>008027000580</CMD>かわ<CMD>008027000180</CMD>の{大切|たいせつ}さが<BREAK>つたわったようですね",
			"これで{安心|あんしん}しました",
			"これは…<BREAK>これまでのおれいです<BREAK>{受|う}け{取|と}ってください",
			"\f"
		]
	},
	{
		"Index": 56,
		"JPN": [
			"それでは　わたしは<BREAK>きれいになった<CMD>008027000580</CMD>かわ<CMD>008027000180</CMD>を<BREAK>{少|すこ}し{見|み}ていようと{思|おも}います",
			"<CMD>16802700dc8f27005581</CMD>きれいな<CMD>008027000580</CMD>かわ<CMD>008027000180</CMD>って　{見|み}ていて<BREAK>とても{気持|きも}ちが{良|よ}いですね",
			"\f"
		]
	},
	{
		"Index": 57,
		"JPN": [
			"<CMD>16802700dc8f27005581</CMD>この{調子|ちょうし}で　もっと<BREAK>たくさんの{人|ヒト}たちに　<CMD>008027000580</CMD>かわ<CMD>008027000180</CMD>の<BREAK>{大切|たいせつ}さをつたえてください",
			"<CMD>008027000580</CMD>かわ<CMD>008027000180</CMD>の{魚料理|さかなりょうり}を<BREAK>たくさん{食|た}べてもらって<BREAK>わかってもらうんです",
			"\f"
		]
	},
	{
		"Index": 58,
		"JPN": [
			"<CMD>16802700dc8f27002d81</CMD>どうやら　{持|も}ち{物|もの}が<BREAK>いっぱいみたいですね…",
			"{持|も}ち{物|もの}を{整理|せいり}してから<BREAK>また{来|き}てください",
			"\f"
		]
	},
	{
		"Index": 59,
		"JPN": [
			"これできっと　もっと<BREAK><CMD>008027000580</CMD>まち<CMD>008027000180</CMD>がきれいになるでしょう",
			"<CMD>16802700dc8f27004181</CMD>きれいな<CMD>008027000580</CMD>まち<CMD>008027000180</CMD>を{歩|ある}くのは<BREAK>とても{楽|たの}しいことです",
			"\f"
		]
	},
	{
		"Index": 60,
		"JPN": [
			"<CMD>16802700dc8f27006981</CMD>{持|も}ち{物|もの}は<BREAK>せいりしてきましたか？",
			"\f"
		]
	},
	{
		"Index": 61,
		"JPN": [
			"<CMD>49802700308427000a80</CMD>",
			"\f"
		]
	},
	{
		"Index": 62,
		"JPN": [
			"<CMD>49802700308427001480</CMD>",
			"\f"
		]
	},
	{
		"Index": 63,
		"JPN": [
			"<CMD>49802700308427001e80</CMD>",
			"\f"
		]
	},
	{
		"Index": 64,
		"JPN": [
			"<CMD>49802700308427002880</CMD>",
			"\f"
		]
	},
	{
		"Index": 65,
		"JPN": [
			"<CMD>16802700dc8f27005581</CMD><CMD>008027000580</CMD>かわ<CMD>008027000180</CMD>の{大切|たいせつ}さがみなさんに<BREAK>つたわっているようです",
			"わたしに<CMD>008027000580</CMD>かわ<CMD>008027000180</CMD>が{大切|たいせつ}だと<BREAK>{言|い}いに{来|き}た{人|ヒト}の{数|かず}は<BREAK>{今|いま}　{１人|ひとり}です",
			"\f"
		]
	},
	{
		"Index": 66,
		"JPN": [
			"<CMD>16802700dc8f27005581</CMD><CMD>008027000580</CMD>かわ<CMD>008027000180</CMD>の{大切|たいせつ}さがみなさんに<BREAK>つたわっているようです",
			"わたしに<CMD>008027000580</CMD>かわ<CMD>008027000180</CMD>が{大切|たいせつ}だと<BREAK>{言|い}いに{来|き}た{人|ヒト}の{数|かず}は<BREAK>{今|いま}　{２人|ふたり}です",
			"\f"
		]
	},
	{
		"Index": 67,
		"JPN": [
			"<CMD>16802700dc8f27005581</CMD><CMD>008027000580</CMD>かわ<CMD>008027000180</CMD>の{大切|たいせつ}さがみなさんに<BREAK>つたわっているようです",
			"わたしに<CMD>008027000580</CMD>かわ<CMD>008027000180</CMD>が{大切|たいせつ}だと<BREAK>{言|い}いに{来|き}た{人|ヒト}の{数|かず}は<BREAK>{今|いま}　３{人|にん}です",
			"\f"
		]
	},
	{
		"Index": 68,
		"JPN": [
			"<CMD>16802700dc8f27005581</CMD><CMD>008027000580</CMD>かわ<CMD>008027000180</CMD>の{大切|たいせつ}さがみなさんに<BREAK>つたわっているようです",
			"わたしに<CMD>008027000580</CMD>かわ<CMD>008027000180</CMD>が{大切|たいせつ}だと<BREAK>{言|い}いに{来|き}た{人|ヒト}の{数|かず}は<BREAK>{今|いま}　４{人|にん}です",
			"\f"
		]
	},
	{
		"Index": 69,
		"JPN": [
			"<CMD>16802700dc8f27005581</CMD><CMD>008027000580</CMD>かわ<CMD>008027000180</CMD>の{大切|たいせつ}さがみなさんに<BREAK>つたわっているようです",
			"わたしに<CMD>008027000580</CMD>かわ<CMD>008027000180</CMD>が{大切|たいせつ}だと<BREAK>{言|い}いに{来|き}た{人|ヒト}の{数|かず}は<BREAK>{今|いま}　５{人|にん}です",
			"\f"
		]
	},
	{
		"Index": 70,
		"JPN": [
			"<CMD>16802700dc8f27005581</CMD><CMD>008027000580</CMD>かわ<CMD>008027000180</CMD>の{大切|たいせつ}さがみなさんに<BREAK>つたわっているようです",
			"わたしに<CMD>008027000580</CMD>かわ<CMD>008027000180</CMD>が{大切|たいせつ}だと<BREAK>{言|い}いに{来|き}た{人|ヒト}の{数|かず}は<BREAK>{今|いま}　６{人|にん}です",
			"\f"
		]
	},
	{
		"Index": 71,
		"JPN": [
			"<CMD>16802700dc8f27005581</CMD><CMD>008027000580</CMD>かわ<CMD>008027000180</CMD>の{大切|たいせつ}さがみなさんに<BREAK>つたわっているようです",
			"わたしに<CMD>008027000580</CMD>かわ<CMD>008027000180</CMD>が{大切|たいせつ}だと<BREAK>{言|い}いに{来|き}た{人|ヒト}の{数|かず}は<BREAK>{今|いま}　７{人|にん}です",
			"\f"
		]
	},
	{
		"Index": 72,
		"JPN": [
			"<CMD>16802700dc8f27005581</CMD><CMD>008027000580</CMD>かわ<CMD>008027000180</CMD>の{大切|たいせつ}さがみなさんに<BREAK>つたわっているようです",
			"わたしに<CMD>008027000580</CMD>かわ<CMD>008027000180</CMD>が{大切|たいせつ}だと<BREAK>{言|い}いに{来|き}た{人|ヒト}の{数|かず}は<BREAK>{今|いま}　８{人|にん}です",
			"\f"
		]
	},
	{
		"Index": 73,
		"JPN": [
			"<CMD>16802700dc8f27005581</CMD><CMD>008027000580</CMD>かわ<CMD>008027000180</CMD>の{大切|たいせつ}さがみなさんに<BREAK>つたわっているようです",
			"わたしに<CMD>008027000580</CMD>かわ<CMD>008027000180</CMD>が{大切|たいせつ}だと<BREAK>{言|い}いに{来|き}た{人|ヒト}の{数|かず}は<BREAK>{今|いま}　９{人|にん}です",
			"\f"
		]
	},
	{
		"Index": 74,
		"JPN": [
			"<CMD>16802700dc8f27005581</CMD><CMD>008027000580</CMD>かわ<CMD>008027000180</CMD>の{大切|たいせつ}さがみなさんに<BREAK>つたわっているようです",
			"わたしに<CMD>008027000580</CMD>かわ<CMD>008027000180</CMD>が{大切|たいせつ}だと<BREAK>{言|い}いに{来|き}た{人|ヒト}の{数|かず}は<BREAK>{今|いま}　１０{人|にん}です",
			"\f"
		]
	},
	{
		"Index": 75,
		"JPN": [
			"<CMD>16802700dc8f27005581</CMD><CMD>008027000580</CMD>かわ<CMD>008027000180</CMD>の{大切|たいせつ}さがみなさんに<BREAK>つたわっているようです",
			"わたしに<CMD>008027000580</CMD>かわ<CMD>008027000180</CMD>が{大切|たいせつ}だと<BREAK>{言|い}いに{来|き}た{人|ヒト}の{数|かず}は<BREAK>{今|いま}　１１{人|にん}です",
			"\f"
		]
	},
	{
		"Index": 76,
		"JPN": [
			"<CMD>16802700dc8f27005581</CMD><CMD>008027000580</CMD>かわ<CMD>008027000180</CMD>の{大切|たいせつ}さがみなさんに<BREAK>つたわっているようです",
			"わたしに<CMD>008027000580</CMD>かわ<CMD>008027000180</CMD>が{大切|たいせつ}だと<BREAK>{言|い}いに{来|き}た{人|ヒト}の{数|かず}は<BREAK>{今|いま}　１２{人|にん}です",
			"\f"
		]
	},
	{
		"Index": 77,
		"JPN": [
			"<CMD>16802700dc8f27005681</CMD>あ　そうそう<BREAK>{料理|りょうり}をわたすときは<BREAK><CMD>008027000580</CMD>かわ<CMD>008027000180</CMD>の{事|こと}をつたえてくださいね",
			"ただ　ふつうにわたすだけでは<BREAK>だめですよ",
			"\f"
		]
	},
	{
		"Index": 78,
		"JPN": [
			"<CMD>16802700dc8f27005681</CMD>そうです　<CMD>008027000580</CMD>かわ<CMD>008027000180</CMD>でつった{魚|さかな}を<BREAK>みんなに{食|た}べてもらいましょう<BREAK>そして　{知|し}ってもらうんです",
			"<CMD>008027000580</CMD>かわ<CMD>008027000180</CMD>がよごれてしまえば<BREAK>もう　おいしい{魚|さかな}を<BREAK>{食|た}べられなくなるということを",
			"\f"
		]
	}
]