[
	{
		"Index": 1,
		"JPN": [
			"<CMD>498027003f842700148027000180</CMD>",
			"\f"
		]
	},
	{
		"Index": 2,
		"JPN": [
			"<CMD>498027003f8427001e8027000180</CMD>",
			"\f"
		]
	},
	{
		"Index": 3,
		"JPN": [
			"<CMD>498027003f842700288027000180</CMD>",
			"\f"
		]
	},
	{
		"Index": 4,
		"JPN": [
			"<CMD>16802700b08f27005581</CMD><CMD>18802700b08f27000180</CMD><CMD>17802700b08f2700828027001480</CMD>フンフンフフ～ン♪<BREAK>どうだ　{聞|き}いたか<BREAK>おいらのチャイム？",
			"<CMD>16802700b08f27007e81</CMD>いくらチャイムの{音|おと}を{変|か}えたって<BREAK>すぐ　あのメロディに<BREAK>もどしてやるからな！",
			"<CMD>17802700b08f2700868027001480</CMD>おっと　こんどは<BREAK>つかまらないからな！<BREAK>ケケケケケッ！！",
			"\f"
		]
	},
	{
		"Index": 5,
		"JPN": [
			"<CMD>16802700b08f27006981</CMD><CMD>18802700b08f27000080</CMD>え？　なんだって？",
			"<CMD>17802700b08f2700858027001480</CMD>おいらが{作|つく}ったメロディが<BREAK>ひょうばんになってるって？",
			"<CMD>18802700b08f27000180</CMD><CMD>17802700b08f2700828027001480</CMD>ケケケ…そりゃあな！<BREAK>イタズラのセンスには<BREAK>{自信|じしん}があるぜ　おいらはな！",
			"{昔|むかし}サテュなんとかってやつに<BREAK>センスがないって{言|い}われていらい<BREAK>みがきに　みがいてるからな！",
			"<CMD>16802700b08f27007e81</CMD>センスがよくなった<BREAK>おいらのイタズラ<BREAK>みんな　かくごしとけよな！",
			"\f"
		]
	},
	{
		"Index": 6,
		"JPN": [
			"<CMD>16802700b08f27007e81</CMD>ケケケ…<BREAK>さぁ　{住民|じゅうみん}たちと<BREAK>{話|はなし}をさせろ！",
			"どうせ　うそに{決|き}まってる<BREAK>おいらにお{礼|れい}をしたいだなんて<BREAK>ありえないことだからな！",
			"\f"
		]
	},
	{
		"Index": 7,
		"JPN": [
			"<CMD>08802700b08f</CMD><CMD>16802700b08f27007d81</CMD><CMD>17802700b08f2700868027001480</CMD>その{人|ひと}からは<BREAK>もう{話|はなし}を{聞|き}いたぞ！",
			"{他|ほか}の{人|ひと}と　{話|はなし}をさせろよ<BREAK><CMD>16802700b08f27007e81</CMD>まだ　そんなやつがいるのならな<BREAK>ケケケケケ…",
			"\f"
		]
	},
	{
		"Index": 8,
		"JPN": [
			"<CMD>16802700b08f27005981</CMD><CMD>17802700b08f2700858027001480</CMD>おっ　おい！？<BREAK>おかしをくれたぞ！？",
			"<CMD>16802700b08f27002d81</CMD><CMD>17802700b08f2700828027001480</CMD>なんだかうれしいけれど<BREAK>それで　きげんを{取|と}っても<BREAK>ダメだからな？",
			"イタズラを{止|や}めさそうとしたって<BREAK>むだなんだからな？",
			"<CMD>16802700b08f27007d81</CMD>{大体|だいたい}　ほめてるのなんて<BREAK>{今|いま}のヤツだけだろ？<BREAK>わかってるんだからな！！",
			"\f"
		]
	},
	{
		"Index": 9,
		"JPN": [
			"<CMD>16802700b08f27006981</CMD>あれ？　{今|いま}の{人|ひと}も<BREAK>ほめてくれた…",
			"<CMD>16802700b08f27002f81</CMD>しかも　また<BREAK>おかしまでくれた…",
			"<CMD>16802700b08f27007d81</CMD><CMD>17802700b08f2700868027001480</CMD>…よ　よろこんでなんかないぞ！<BREAK>さあ！　{次|つぎ}だ　{次|つぎ}！！",
			"\f"
		]
	},
	{
		"Index": 10,
		"JPN": [
			"<CMD>16802700b08f27005581</CMD>{今|いま}の{人|ひと}も…なんで？<BREAK>きげんを{取|と}っても<BREAK>むだだって{言|い}ってるだろ！？",
			"<CMD>16802700b08f27002d81</CMD><CMD>17802700b08f2700868027001480</CMD>どんなにほめたところで<BREAK>おいらはイタズラを{止|や}めないぞ！",
			"<CMD>16802700b08f27007d81</CMD>ずっと　{続|つづ}けるんだからな！<BREAK>わかってるのか！？",
			"\f"
		]
	},
	{
		"Index": 11,
		"JPN": [
			"<CMD>16802700b08f27004281</CMD><CMD>18802700b08f27000180</CMD>…もうわかった！<BREAK>お{前|まえ}らは　どうしてもおいらに<BREAK>イタズラを{止|や}めさせたいんだろ！",
			"<CMD>17802700b08f2700868027001480</CMD>でも　おいらは<BREAK>そんなんじゃ{止|や}めないんだからな！",
			"<CMD>16802700b08f27002d81</CMD><CMD>18802700b08f27000080</CMD>ずっとずっと…ず～～～～っと！<BREAK>おいらのメロディを<BREAK>{聞|き}かせてやるんだからな！！",
			"\f"
		]
	},
	{
		"Index": 12,
		"JPN": [
			"<CMD>16802700b08f27007e81</CMD>さあ　{本当|ほんとう}のところを<BREAK>たしかめに{行|い}くんだからな！！",
			"\f"
		]
	},
	{
		"Index": 13,
		"JPN": [
			"<CMD>16802700b08f27007d81</CMD><CMD>17802700b08f2700868027001480</CMD>おいらは{信|しん}じないからな<BREAK>…{本当|ほんとう}だぞ！",
			"だいたい　おいらのメロディが<BREAK>いろんな{人|ひと}にみとめられるなんて<CMD>17802700b08f2700018027001480</CMD><BREAK>ありえない…こともないのかな？<CMD>17802700b08f2700858027001480</CMD>",
			"<CMD>16802700b08f27004181</CMD>おいらの…メロディが……<BREAK>みとめられた……<CMD>18802700b08f27000180</CMD>",
			"<CMD>16802700008027005681</CMD><CMD>18802700008027000580</CMD>……………………ハッ！<CMD>18802700b08f27000080</CMD><CMD>17802700b08f2700018027001480</CMD>",
			"<CMD>18802700008027000080</CMD><CMD>16802700b08f27002d81</CMD><CMD>17802700b08f2700868027001480</CMD>なっ　なんだその{目|め}は？<CMD>18802700008027000180</CMD><BREAK>おいら　{本当|ほんとう}に{怒|おこ}ってるん<BREAK>だからな！　{本当|ほんとう}だぞ…",
			"\f"
		]
	},
	{
		"Index": 14,
		"JPN": [
			"<CMD>18802700729b27000580</CMD><CMD>17802700729b2700af802700088027000180</CMD><CMD>16802700729b27005681</CMD>へぇ！　キミが{作|つく}った<CMD>ff8127000380</CMD>？<BREAK>それはスゴイこと<CMD>ff8127000080</CMD> <BREAK>よし　これをあげる<CMD>ff8127000280</CMD><CMD>4f80</CMD>",
			"\f"
		]
	},
	{
		"Index": 15,
		"JPN": [
			"<CMD>18802700729b27000580</CMD><CMD>17802700729b2700af802700088027000180</CMD><CMD>16802700729b27005681</CMD>なんだって？<BREAK>オマエがあのチャイムを<BREAK>{作|つく}ったっていう<CMD>ff8127000380</CMD>？",
			"<CMD>18802700729b27000180</CMD><CMD>17802700729b2700ad802700068027000280</CMD><CMD>16802700729b27005581</CMD>すげぇな！<BREAK><CMD>028227000080</CMD>にはちょっと<BREAK>マネできそうにない<CMD>ff8127000280</CMD>",
			"いいモノ{聞|き}かせてくれた{礼|れい}に…<BREAK>これ　うけとって<CMD>ff8127000480</CMD>！<CMD>4f80</CMD>",
			"\f"
		]
	},
	{
		"Index": 16,
		"JPN": [
			"<CMD>18802700729b27000080</CMD><CMD>17802700729b2700b28027000a8027000180</CMD><CMD>16802700729b27006981</CMD>えっ？　コイツが<BREAK>あのチャイムを{作|つく}った<CMD>ff8127000380</CMD>？<BREAK>{本当|ほんとう}に？",
			"<CMD>18802700729b27000180</CMD><CMD>17802700729b2700ad802700068027000280</CMD><CMD>16802700729b27005581</CMD>あ　{悪|わる}い{悪|わる}い<BREAK>うたがったワケじゃなくて<BREAK>すなおにびっくりした<CMD>ff8127000280</CMD>",
			"あのチャイムはホント<BREAK>よかった<CMD>ff8127000080</CMD> ",
			"<CMD>18802700729b27000180</CMD><CMD>17802700729b2700ad802700068027000280</CMD><CMD>16802700729b27005581</CMD>ま　ホンの{気持|きも}ちだけど<BREAK>コレでもうけとって<CMD>ff8127000480</CMD><CMD>4f80</CMD>",
			"\f"
		]
	},
	{
		"Index": 17,
		"JPN": [
			"<CMD>18802700729b27000080</CMD><CMD>17802700729b2700b28027000a8027000180</CMD><CMD>16802700729b27006981</CMD>なんだと？<BREAK>コイツがあのチャイムを<BREAK>{作|つく}った<CMD>ff8127000380</CMD>？",
			"<CMD>18802700729b27000680</CMD><CMD>17802700729b2700088027000a8027000180</CMD><CMD>16802700729b27007e81</CMD>なかなか<BREAK>スゲーこと<BREAK>やってくれたじゃねぇか！",
			"いいぜほうびをくれてやる<CMD>ff8127000280</CMD><BREAK>コレ　うけとって<CMD>ff8127000480</CMD>！<CMD>4f80</CMD>",
			"\f"
		]
	},
	{
		"Index": 18,
		"JPN": [
			"ほう…<BREAK>こちらの{方|かた}が<BREAK>あのチャイムを{作|つく}った<CMD>ff8127000380</CMD>",
			"<CMD>18802700729b27000180</CMD><CMD>17802700729b2700ad802700068027000280</CMD><CMD>16802700729b27005581</CMD>いやはや　おどろき<CMD>ff8127000080</CMD><BREAK>あのような{音色|ねいろ}が{聞|き}けるとは<BREAK>まったく{不意打|ふいう}ちでした<CMD>ff8127000280</CMD>",
			"たいしたものではありませんが<BREAK>お{礼|れい}<CMD>ff8127000080</CMD><BREAK>うけとって<CMD>ff8127000480</CMD><CMD>4f80</CMD>",
			"\f"
		]
	},
	{
		"Index": 19,
		"JPN": [
			"<CMD>18802700729b27000080</CMD><CMD>17802700729b2700b28027000a8027000180</CMD><CMD>16802700729b27006981</CMD>へぇ…<BREAK>あのチャイム<BREAK>{作|つく}ってくれた<CMD>ff8127000380</CMD>？",
			"<CMD>18802700729b27000180</CMD><CMD>17802700729b2700ad802700068027000280</CMD><CMD>16802700729b27005581</CMD>{気持|きも}ちよくねむれそうな<BREAK>いい{音|おと}だった<CMD>ff8127000280</CMD>",
			"これをあげるから<BREAK>よかったら<BREAK>またおねがい<CMD>ff8127000080</CMD><CMD>4f80</CMD>",
			"\f"
		]
	},
	{
		"Index": 20,
		"JPN": [
			"<CMD>18802700729b27000580</CMD><CMD>17802700729b2700af802700088027000180</CMD><CMD>16802700729b27005681</CMD>えっ　{本当|ほんとう}？<BREAK>あのチャイムを{作|つく}った<CMD>ff8127000380</CMD>",
			"<CMD>18802700729b27000080</CMD><CMD>17802700729b270001802700048027000080</CMD>とてもよかった<CMD>ff8127000280</CMD><BREAK>{思|おも}わず　{聞|き}きほれて<BREAK>しまったぐらい<CMD>ff8127000080</CMD>",
			"<CMD>18802700729b27000180</CMD><CMD>17802700729b2700ad802700068027000280</CMD><CMD>16802700729b27005581</CMD>ありがとう…<BREAK>もし　よかったら<BREAK>これをプレゼントする<CMD>ff8127000280</CMD><CMD>4f80</CMD>",
			"\f"
		]
	},
	{
		"Index": 21,
		"JPN": [
			"<CMD>18802700729b27000580</CMD><CMD>17802700729b2700af802700088027000180</CMD><CMD>16802700729b27005681</CMD>すごい<CMD>ff8127000280</CMD><BREAK>あのチャイムを{作|つく}った<CMD>ff8127000380</CMD>？",
			"<CMD>18802700729b27000780</CMD><CMD>17802700729b2700aa8027000a8027000280</CMD><CMD>16802700729b27002d81</CMD>くやしいけど　ステキだった！<BREAK>あんなキレイな{音|おと}は<BREAK><CMD>028227000080</CMD>には{出|だ}せない<CMD>ff8127000280</CMD>",
			"<CMD>18802700729b27000180</CMD><CMD>17802700729b2700ad802700068027000280</CMD><CMD>16802700729b27005581</CMD><CMD>028227000080</CMD>がみとめたしるしとして<BREAK>プレゼントをあげる<CMD>ff8127000280</CMD><BREAK>うけとって<CMD>ff8127000480</CMD>！<CMD>4f80</CMD>",
			"\f"
		]
	},
	{
		"Index": 22,
		"JPN": [
			"<CMD>18802700729b27000580</CMD><CMD>17802700729b2700af802700088027000180</CMD><CMD>16802700729b27005681</CMD>あら　おどろいた<CMD>ff8127000080</CMD><BREAK>あのチャイムを{作|つく}ったのが<BREAK>こんな{子|こ}だった<CMD>ff8127000380</CMD>！",
			"<CMD>18802700729b27000080</CMD><CMD>17802700729b270001802700048027000080</CMD>{本当|ほんとう}にすてきだった<CMD>ff8127000280</CMD><BREAK>まるで{心|こころ}に<BREAK>しみいるよう<CMD>ff8127000080</CMD>",
			"<CMD>18802700729b27000180</CMD><CMD>17802700729b270001802700048027000180</CMD><CMD>16802700729b27004181</CMD>これはそのお{礼|れい}<CMD>ff8127000080</CMD><BREAK>えんりょせず<BREAK>うけとってほしい<CMD>ff8127000280</CMD><CMD>4f80</CMD>",
			"\f"
		]
	},
	{
		"Index": 23,
		"JPN": [
			"<CMD>18802700729b27000080</CMD><CMD>17802700729b2700b28027000a8027000180</CMD><CMD>16802700729b27006981</CMD>え？<BREAK>あのステキなチャイムを<BREAK>{作|つく}った<CMD>ff8127000380</CMD>？",
			"<CMD>18802700729b27000180</CMD><CMD>17802700729b2700ad802700068027000280</CMD><CMD>16802700729b27005581</CMD>ありがとう<CMD>ff8127000080</CMD><BREAK>たぶん<CMD>028227000080</CMD>には<BREAK>あんな{音|おと}は{作|つく}れない<CMD>ff8127000280</CMD>",
			"{聞|き}かせてくれたお{礼|れい}に…<BREAK>コレ　プレゼントする<CMD>ff8127000280</CMD><CMD>4f80</CMD>",
			"\f"
		]
	},
	{
		"Index": 24,
		"JPN": [
			"<CMD>18802700729b27000780</CMD><CMD>17802700729b2700b18027000a8027000180</CMD><CMD>16802700729b27009081</CMD>すごい<CMD>ff8127000080</CMD><BREAK>あのチャイムを{作|つく}った<CMD>ff8127000380</CMD>",
			"すてきだった<CMD>ff8127000080</CMD><BREAK>まるで{心|こころ}が<BREAK>あらわれた<CMD>ff8127000280</CMD>",
			"<CMD>18802700729b27000780</CMD><CMD>17802700729b2700b18027000a8027000180</CMD>だから　お{礼|れい}をしたい<CMD>ff8127000280</CMD><BREAK>たいしたものじゃないけれど<BREAK>コレ…プレゼントする<CMD>ff8127000280</CMD><CMD>4f80</CMD>",
			"\f"
		]
	},
	{
		"Index": 25,
		"JPN": [
			"<CMD>18802700729b27000180</CMD><CMD>17802700729b2700ad802700068027000280</CMD><CMD>16802700729b27005581</CMD>あのチャイム　スキ…<BREAK>とてもよい{音色|ねいろ}<CMD>ff8127000080</CMD><BREAK>{心|こころ}があらわれた<CMD>ff8127000280</CMD>",
			"<CMD>18802700729b27000780</CMD><CMD>17802700729b2700b18027000a8027000180</CMD><CMD>16802700729b27009081</CMD>あのチャイムといっしょで<BREAK>すてきな{性格|せいかく}の{人|ひと}が<BREAK>{作|つく}ったと{思|おも}う<CMD>ff8127000280</CMD>",
			"お{礼|れい}に…これを<BREAK>プレゼントする<CMD>ff8127000280</CMD><CMD>4f80</CMD>",
			"\f"
		]
	},
	{
		"Index": 26,
		"JPN": [
			"<CMD>16802700b08f27006981</CMD><CMD>18802700b08f27000080</CMD>…なんだって？",
			"{住民|じゅうみん}たちがおいらに<BREAK>お{礼|れい}をしたがってるだって？",
			"<CMD>18802700b08f27000180</CMD>ケケ…うそだろ？<BREAK>それは　おいらにイタズラを<BREAK>やめさせたいから{言|い}ってるだろ？",
			"<CMD>16802700b08f27002d81</CMD><CMD>18802700b08f27000080</CMD><CMD>17802700b08f2700868027001480</CMD>そ　そうだ　そうにちがいない<BREAK>{本当|ほんとう}かどうか　たしかめるため<BREAK>{会|あ}いに{行|い}ってやるよ",
			"それじゃあ　おいらを<BREAK>チャイムの{音|おと}が　いいって{言|い}った<BREAK>{住民|じゅうみん}のところに{連|つ}れて{行|い}け！",
			"\f"
		]
	},
	{
		"Index": 27,
		"JPN": [
			"なあ　<CMD>f481</CMD> <BREAK><CMD>028227000080</CMD>は{思|おも}う<CMD>ff8127000280</CMD>",
			"<CMD>18802700729b27000780</CMD><CMD>17802700729b2700aa8027000a8027000280</CMD><CMD>16802700729b27002d81</CMD>あのチャイムを{作|つく}ったヤツは<BREAK>タダ{者|もの}じゃない…って<CMD>4f80</CMD>",
			"\f"
		]
	},
	{
		"Index": 50,
		"JPN": [
			"<CMD>16802700b18f27006981</CMD>あら？　あなたはこの{間|あいだ}の…",
			"<CMD>16802700b18f27005681</CMD>あらヤダ　あたくしったら<BREAK>また{家具|かぐ}をあらしてしまったのね",
			"そんなことより　あなた<BREAK>ちょっと{聞|き}いてくださらない？",
			"<CMD>16802700b18f27005981</CMD><CMD>18802700b18f27000580</CMD>{実|じつ}は　{今度|こんど}のぶとう{会|かい}に<BREAK>つけていくはずのティアラが<BREAK>なくなってしまったんですの！",
			"<CMD>16802700b18f27003081</CMD>とても{大事|だいじ}なものだから<BREAK>なくさないように<BREAK>しまっておいたのに…",
			"<CMD>16802700b18f27005681</CMD><CMD>18802700b18f27000280</CMD>…あっ！<BREAK>ひょっとして　この{前|まえ}みたいに<BREAK>ぬすまれたんじゃないかしら！？",
			"<CMD>16802700b18f27002d81</CMD><CMD>18802700b18f27000080</CMD>ねえ　あなた{前|まえ}みたいに<BREAK>あたくしのティアラを<BREAK>さがしていただけないかしら？",
			"{星|ほし}の{形|かたち}のダイヤが{付|つ}いた<BREAK>プリンセスが{付|つ}けるような<BREAK>{金|きん}の{年代物|ねんだいもの}のティアラよ",
			"{他|ほか}におねがいできる{人|ヒト}が<BREAK>いないの<BREAK>よろしくおねがいしますわ！",
			"\f"
		]
	},
	{
		"Index": 51,
		"JPN": [
			"<CMD>16802700b18f27002d81</CMD>あたくしのティアラは{見|み}つかって？",
			"ねんのために　もう{一度|いちど}<BREAK>ティアラのとくちょうを{言|い}うわね",
			"{星|ほし}の{形|かたち}のダイヤが{付|つ}いた<BREAK>プリンセスが{付|つ}けるような<BREAK>{金|きん}の{年代物|ねんだいもの}のティアラよ",
			"<CMD>16802700b18f27002e81</CMD>ただにてるだけじゃダメ<BREAK>あれはとてもとても<BREAK>{大切|たいせつ}なものなんだから",
			"<CMD>16802700b18f27002f81</CMD>もし　だれかに<BREAK>ぬすまれたんだとしたら<BREAK>そいつのこと…",
			"<CMD>18802700b18f27000280</CMD>…たたってやるわ",
			"\f"
		]
	},
	{
		"Index": 52,
		"JPN": [
			"<CMD>16802700b18f27006981</CMD>あら　どうかしたの？",
			"\f"
		]
	},
	{
		"Index": 53,
		"JPN": [
			"<CMD>16802700b18f27005681</CMD><CMD>18802700b18f27000580</CMD>そ　そのティアラは…！<BREAK>…<BREAK>…ちがうわ",
			"<CMD>16802700b18f27003081</CMD><CMD>18802700b18f27000080</CMD>とってもよくにてるけど<BREAK>あたくしのティアラじゃ<BREAK>ないわ…",
			"このティアラ<BREAK>とても{新|あたら}しいようだけど<BREAK>あなたが{作|つく}ってくれたのかしら？",
			"{心|こころ}づかいはうれしいけれど<BREAK>ふんいきがちがうから<BREAK>あたくしにはすぐわかるの",
			"でも　このティアラ<BREAK>あたくしのティアラと<BREAK>{本当|ホントウ}によくにてる…",
			"<CMD>16802700b18f27005681</CMD>これなら　ほかの{人|ヒト}は<BREAK>まったく{見分|みわ}けが<BREAK>つかないんじゃないかしら！？",
			"\f"
		]
	},
	{
		"Index": 54,
		"JPN": [
			"<CMD>16802700b18f27007f81</CMD>ありがとう　あたくしに<BREAK>{気|き}をつかってくださるのね<BREAK>でも　ざんねんだけど…",
			"{今|いま}はティアラのことで<BREAK>{頭|あたま}がいっぱいだから<BREAK>{何|なに}も{見|み}る{気|き}になれないわ",
			"<CMD>16802700b18f27003081</CMD>{今|いま}じゃ　{家具|かぐ}を{見|み}ても<BREAK>あばれる{気|き}がしない…",
			"ああ…<BREAK>あたくしのティアラ…",
			"{星|ほし}の{形|かたち}のダイヤが{付|つ}いた<BREAK>プリンセスが{付|つ}けるような<BREAK>{金|きん}の{年代物|ねんだいもの}のティアラ…",
			"<CMD>16802700b18f27003081</CMD>{大切|たいせつ}にしていたのに<BREAK>どこに{行|い}ってしまったのかしら？",
			"\f"
		]
	},
	{
		"Index": 55,
		"JPN": [
			"<CMD>16802700b18f27005681</CMD>そ　そのティアラは……！",
			"<CMD>18802700b18f27000180</CMD>まちがいないわ！<BREAK>{確|たし}かにこれは<BREAK>あたくしの{大切|たいせつ}なティアラよ！",
			"\f"
		]
	},
	{
		"Index": 56,
		"JPN": [
			"<CMD>49802700408427000a80</CMD>",
			"\f"
		]
	},
	{
		"Index": 57,
		"JPN": [
			"<CMD>18802700729b27000580</CMD><CMD>17802700729b27000a8027000a8027000180</CMD><CMD>16802700729b27002d81</CMD>げげっ　またお{前|まえ}か！<BREAK>お{前|まえ}が{来|く}ると<BREAK>ろくなことがないぜ…",
			"<CMD>18802700729b27000280</CMD><CMD>17802700729b2700508027000a8027000280</CMD><CMD>16802700729b27007d81</CMD>それで？<BREAK>{今度|こんど}はいったい<BREAK>なんの{用|よう}だってんだ？",
			"…なに　ティアラだと？<BREAK>ふん　{知|し}らねぇな　そんなもん",
			"ティアラなんてそのへんに<BREAK>いくらでもあるじゃねぇか<BREAK>とくちょうを{言|い}ってみな？",
			"<CMD>18802700729b27000580</CMD><CMD>17802700729b27000a8027000a8027000180</CMD><CMD>16802700729b27002d81</CMD>…{星|ほし}の{形|かたち}のダイヤが{付|つ}いた<BREAK>プリンセスが{付|つ}けるような<BREAK>{金|きん}の{年代物|ねんだいもの}…だと？",
			"<CMD>18802700729b27000280</CMD><CMD>17802700729b2700508027000a8027000280</CMD><CMD>16802700729b27007d81</CMD>ふ　ふん<BREAK>そんなせつめいだけじゃ<BREAK>わからねぇな",
			"どうしてもっていうんなら<BREAK>このオレの{前|まえ}にそのティアラを<BREAK>{持|も}ってきて{見|み}せてみろ！",
			"<CMD>18802700729b27000680</CMD><CMD>17802700729b270001802700048027000080</CMD><CMD>16802700729b27007e81</CMD>ま　ぬすまれたんじゃあ<BREAK>そいつもムリな{話|ハナシ}だろうがな",
			"\f"
		]
	},
	{
		"Index": 58,
		"JPN": [
			"<CMD>18802700729b27000280</CMD><CMD>17802700729b2700508027000a8027000280</CMD><CMD>16802700729b27007d81</CMD>ちっ　またお{前|まえ}か！<BREAK>こんどはなんの{用|よう}だ？<BREAK>オレに{見|み}せたいものでもあるのか？",
			"\f"
		]
	},
	{
		"Index": 59,
		"JPN": [
			"<CMD>18802700729b27000580</CMD><CMD>17802700729b270001802700048027000080</CMD><CMD>16802700729b27005681</CMD>げげっ！<BREAK>どうしてそいつを<BREAK>お{前|まえ}が{持|も}ってるんだ！？",
			"ティアラはオレがぬすんで<BREAK>フトコロに{入|い}れてあるはずだ！",
			"\f"
		]
	},
	{
		"Index": 60,
		"JPN": [
			"<CMD>18802700729b27000580</CMD><CMD>17802700729b27000a8027000a8027000180</CMD><CMD>16802700729b27002d81</CMD>ホラ　ここにこうして<BREAK>ちゃーんと{持|も}ってるぜ…",
			"<CMD>18802700729b27000580</CMD><CMD>17802700729b270001802700048027000080</CMD><CMD>16802700729b27005981</CMD>…ハッ　しまった！？",
			"\f"
		]
	},
	{
		"Index": 61,
		"JPN": [
			"<CMD>18802700729b27000280</CMD><CMD>17802700729b2700508027000a8027000280</CMD><CMD>16802700729b27007d81</CMD>クソッ　はめやがったな！<BREAK>こうなったらタダじゃおかねえ！",
			"こないだのうらみも<BREAK>まとめてはらしてやる！<BREAK>さあ　かかってこいっ！",
			"\f"
		]
	},
	{
		"Index": 62,
		"JPN": [
			"なんだそりゃ？<BREAK>ヘッ　そんなもん<BREAK>オレはまったく{知|し}らないぜ？",
			"お{前|まえ}に{付|つ}きあってるほど<BREAK>オレはヒマじゃねぇんだ！<BREAK>さあ　{帰|かえ}れ{帰|かえ}れ！",
			"\f"
		]
	},
	{
		"Index": 63,
		"JPN": [
			"<CMD>18802700729b27000580</CMD><CMD>17802700729b27000a8027000a8027000180</CMD><CMD>16802700729b27002d81</CMD>…ふん　{前|まえ}にも{言|い}ったが<BREAK>オレはティアラなんて<BREAK>まったく{知|し}らないぜ",
			"くやしかったら　このオレの{前|まえ}に<BREAK>そのティアラを{持|も}ってきて<BREAK>はっきり{見|み}せてみるんだな！",
			"<CMD>18802700729b27000680</CMD><CMD>17802700729b270001802700048027000080</CMD><CMD>16802700729b27007e81</CMD>ま　ぬすまれたんじゃあ<BREAK>そいつもムリな{話|ハナシ}だろうがな",
			"\f"
		]
	},
	{
		"Index": 64,
		"JPN": [
			"<CMD>18802700729b27000280</CMD><CMD>17802700729b2700508027000a8027000280</CMD><CMD>16802700729b27007d81</CMD>クソッ！<BREAK>またお{前|まえ}にやられるとは…",
			"<CMD>18802700729b27000580</CMD><CMD>17802700729b2700068027000a8027000280</CMD><CMD>16802700729b27002d81</CMD>うわっ　わかった　わかった！<BREAK>ぬすんだティアラは{返|かえ}す！<BREAK>だからもうカンベンしてくれ！",
			"\f"
		]
	},
	{
		"Index": 65,
		"JPN": [
			"おいおい<BREAK>{荷物|にもつ}が　いっぱいじゃねぇか<BREAK>これじゃティアラをわたせねぇぞ",
			"<CMD>18802700729b27000280</CMD><CMD>17802700729b2700508027000a8027000280</CMD><CMD>16802700729b27007d81</CMD>しかたねぇな<BREAK>{待|も}っててやるから　とっとと<BREAK>{荷物|にもつ}をせいとんしやがれ！",
			"\f"
		]
	},
	{
		"Index": 66,
		"JPN": [
			"<CMD>18802700729b27000280</CMD><CMD>17802700729b2700508027000a8027000280</CMD><CMD>16802700729b27007d81</CMD>{荷物|にもつ}はせいとんしてきたか？<BREAK>なら　さっさとティアラを<BREAK>{持|も}っていきやがれ！",
			"\f"
		]
	},
	{
		"Index": 67,
		"JPN": [
			"そらよ！<BREAK>{確|たし}かに{返|かえ}したからな！",
			"\f"
		]
	},
	{
		"Index": 68,
		"JPN": [
			"<CMD>18802700729b27000280</CMD><CMD>17802700729b27001c802700088027000480</CMD><CMD>16802700729b27007d81</CMD>{覚|おぼ}えてろよーッ！！",
			"\f"
		]
	},
	{
		"Index": 69,
		"JPN": [
			"<CMD>18802700729b27000680</CMD><CMD>17802700729b270001802700048027000080</CMD><CMD>16802700729b27007e81</CMD>ヘッ　{思|おも}い{知|し}ったか！<BREAK>このティアラはオレのもんだぜ！",
			"\f"
		]
	},
	{
		"Index": 70,
		"JPN": [
			"<CMD>18802700729b27000680</CMD><CMD>17802700729b270001802700048027000080</CMD><CMD>16802700729b27007e81</CMD>こりずにまた{来|き}やがったか！<BREAK>{何度|なんど}やっても{同|おな}じだぜ！<BREAK>{返|かえ}りうちにしてやる！",
			"\f"
		]
	},
	{
		"Index": 71,
		"JPN": [
			"<CMD>16802700b18f27004181</CMD><CMD>17802700b18f2700888027000a80</CMD>これはむかし<BREAK>しゅじんが　あたくしに<BREAK>ぶとう{会|かい}のためにと",
			"プレゼントしてくれたもの<BREAK>なんですの",
			"<CMD>17802700b18f2700858027000a80</CMD>だからどうしても<BREAK>ほかのティアラを<BREAK>{付|つ}けていく{気|き}にはなれなくって……",
			"<CMD>16802700b18f27005581</CMD><CMD>17802700b18f2700888027000a80</CMD>あなたには<BREAK>またおせわになりましたわね<BREAK>{本当|ホントウ}にありがとう！",
			"<CMD>17802700b18f2700858027000a80</CMD>じゃ　あたくし{帰|かえ}りますわ<BREAK>さっそくぶとう{会|かい}に{行|い}く<BREAK>じゅんびを{始|はじ}めないと！",
			"\f"
		]
	}
]