[
	{
		"Index": 0,
		"JPN": [
			"<CMD>49802700498427001e80</CMD>",
			"\f"
		]
	},
	{
		"Index": 1,
		"JPN": [
			"<CMD>49802700498427001f80</CMD>",
			"\f"
		]
	},
	{
		"Index": 2,
		"JPN": [
			"<CMD>49802700498427002080</CMD>",
			"\f"
		]
	},
	{
		"Index": 3,
		"JPN": [
			"<CMD>49802700498427002180</CMD>",
			"\f"
		]
	},
	{
		"Index": 4,
		"JPN": [
			"<CMD>16802700c18b27002d81</CMD>こまったな…<BREAK>どこへいけばいいんだろう…",
			"いったい　どこが<BREAK>めいかいなんだろう…",
			"<CMD>16802700c18b27005881</CMD>ちょっと　そこの{君|きみ}<BREAK>めいかいの{場所|ばしょ}を<BREAK>{知|し}らないかい？",
			"めいかいというのは<BREAK>あの{世|よ}のことで…",
			"\f"
		]
	},
	{
		"Index": 5,
		"JPN": [
			"<CMD>18802700729b27000580</CMD><CMD>17802700729b2700af802700088027000180</CMD><CMD>16802700729b27005681</CMD>おお！　{知|し}ってるって！？<BREAK>それは　ありがたい！！",
			"ふむふむ　ふしぎとびらから…<BREAK>なるほど",
			"<CMD>16802700c18b27005581</CMD>ほかの{人|ひと}に{聞|き}いても<BREAK>{知|し}らないって{答|こた}えばかりでね<BREAK>ありがとう　{本当|ほんとう}に{助|たす}かった",
			"…そこで　すまないんだが<BREAK>その　ふしぎとびらへ<BREAK>つれてってもらえるかい？",
			"<CMD>138027004f8f</CMD>",
			"\f"
		]
	},
	{
		"Index": 6,
		"JPN": [
			"<CMD>18802700729b27000180</CMD><CMD>17802700729b2700ad802700068027000280</CMD><CMD>16802700729b27005581</CMD>ありがとう！<BREAK>なんて　しんせつな{人|ひと}なんだ！<BREAK>{本当|ほんとう}に　ありがとう！",
			"\f"
		]
	},
	{
		"Index": 7,
		"JPN": [
			"<CMD>16802700c18b27005881</CMD>めいかいというのは<BREAK>その　ふしぎとびらって<BREAK>いうところから{行|い}くんだろう？",
			"\f"
		]
	},
	{
		"Index": 8,
		"JPN": [
			"<CMD>16802700c18b27007f81</CMD>…すみません<BREAK>はぐれてしまいましたね",
			"めいかいへ　つれてってください<BREAK>よろしくおねがいします",
			"\f"
		]
	},
	{
		"Index": 9,
		"JPN": [
			"<CMD>18802700729b27000580</CMD><CMD>17802700729b2700af802700088027000180</CMD><CMD>16802700729b27005681</CMD>あの　ちょっといいかな？<BREAK>{私|わたし}を　{助|たす}けてくれないか",
			"<CMD>16802700c18b27002d81</CMD>さまよってしまって<BREAK>めいかいの{場所|ばしょ}が<BREAK>わからなくなってしまったんだ",
			"<CMD>16802700c18b27005681</CMD>え？　{場所|ばしょ}を{知|し}ってる！？<BREAK>だったら　つれてってくれると<BREAK>うれしいのだけれど…",
			"<CMD>138027004f8f</CMD>",
			"\f"
		]
	},
	{
		"Index": 10,
		"JPN": [
			"<CMD>16802700ba8f27007d81</CMD>…きさま！！<BREAK>いぜん　ここから<BREAK>にげたやつだな！！<CMD>18802700008027000580</CMD><CMD>1780270000802700af802700088027000180</CMD><CMD>16802700008027005681</CMD>",
			"<CMD>17802700ba8f2700838027001480</CMD>{今度|こんど}は　このめいかいから<BREAK>けして　にがさないぞ！！",
			"\f"
		]
	},
	{
		"Index": 11,
		"JPN": [
			"<CMD>16802700c18b27002d81</CMD>まっ　{待|ま}ってください！<BREAK>この{人|ひと}は　まよっていた{私|わたし}を<BREAK>つれてきてくれたんですよ<CMD>18802700008027000080</CMD><CMD>178027000080270001802700048027000080</CMD>",
			"よかれと{思|おも}ってやってくれたのに<BREAK>それはひどいじゃありませんか！",
			"<CMD>16802700c18b27007d81</CMD>アナタ　とびらの<BREAK>{番人|ばんにん}ですよね？",
			"だったら<BREAK>{私|わたし}たちをみちびくのも<BREAK>{役目|やくめ}なんじゃありませんか？",
			"\f"
		]
	},
	{
		"Index": 12,
		"JPN": [
			"<CMD>16802700ba8f27002d81</CMD>うっ！<BREAK>たしかに　こいつの{言|い}うことも<BREAK>{正|ただ}しいかもしれん…",
			"うむっ　しかたがない<BREAK>{他|ほか}にも　さまよっている<BREAK>たましいがいると{聞|き}いている",
			"<CMD>17802700ba8f2700838027001480</CMD>{今回|こんかい}は{助|たす}けてやるから<BREAK>かわりに　{他|ほか}のたましいを<BREAK>{見|み}つけたら　つれてきてくれ",
			"たのんだぞ！！",
			"\f"
		]
	},
	{
		"Index": 13,
		"JPN": [
			"<CMD>16802700ba8f27006981</CMD>どうした？<BREAK>さまよっている　たましいを<BREAK>ここへつれてくるんだ",
			"\f"
		]
	},
	{
		"Index": 14,
		"JPN": [
			"<CMD>16802700ba8f27005681</CMD><CMD>17802700ba8f2700838027001480</CMD>おう　つれてきたか！<BREAK>よくやったな！！",
			"まだ　さまよっている<BREAK>たましいがいるようだ",
			"<CMD>16802700ba8f27005881</CMD>だが　{今日|きょう}はもう<BREAK>つかれただろう<BREAK>また{明日|あした}たのむぞ",
			"\f"
		]
	},
	{
		"Index": 15,
		"JPN": [
			"<CMD>16802700ba8f27005681</CMD><CMD>17802700ba8f2700838027001480</CMD>おおっ！　つれてきたか<BREAK>よくやったぞ！！",
			"うむ！　どうやら　このへんで<BREAK>さまよっている　たましいは<BREAK>{今|いま}ので　さいごのようだな！！",
			"もう　たましいをつれてくるのは<BREAK>{大丈夫|だいじょうぶ}だぞ",
			"<CMD>16802700ba8f27002d81</CMD>あー…<BREAK>その　なんだ…",
			"お{前|まえ}の{今|いま}までの<BREAK>はたらきぶりに<BREAK>このみやげをやるとしよう<CMD>18802700008027000580</CMD><CMD>1780270000802700af802700088027000180</CMD><CMD>16802700008027005681</CMD>",
			"\f"
		]
	},
	{
		"Index": 16,
		"JPN": [
			"どうした？<BREAK>まよっている　たましいを<BREAK>つれてこられなかったのか？",
			"もう{今日|きょう}は{見|み}つからないだろうな<BREAK>また{明日|あした}たのむぞ",
			"\f"
		]
	},
	{
		"Index": 17,
		"JPN": [
			"<CMD>16802700ba8f27005681</CMD><CMD>17802700ba8f2700838027001480</CMD>…なんだ！？<BREAK>{持|も}ち{物|もの}の　{空|あ}きが<BREAK>{少|すく}ないではないか！",
			"<CMD>16802700ba8f27007f81</CMD>うむ…<BREAK>ざんねんだが",
			"<CMD>18802700008027000380</CMD><CMD>1780270000802700ab8027000a8027000180</CMD><CMD>16802700008027003081</CMD>この２つの　みやげは<BREAK>わたせないな<CMD>18802700008027000080</CMD><CMD>178027000080270001802700048027000080</CMD>",
			"\f"
		]
	},
	{
		"Index": 18,
		"JPN": [
			"<CMD>17802700ba8f2700838027001480</CMD>では　もうここへは<BREAK>{来|く}るのではないぞ！<BREAK>{仕事|しごと}がふえてたまらんからな！！<CMD>18802700008027000080</CMD><CMD>178027000080270001802700048027000080</CMD>",
			"{大体|だいたい}　{本当|ほんとう}ならお{前|まえ}は<BREAK>{今|いま}ごろ　{我|われ}に{食|く}われてだな…",
			"<CMD>16802700ba8f27007d81</CMD><CMD>17802700ba8f2700838027001480</CMD>…な　なんだその{目|め}は！<BREAK>もういい　お{前|まえ}は{帰|かえ}れ！！",
			"\f"
		]
	},
	{
		"Index": 19,
		"JPN": [
			"<CMD>3780</CMD>",
			"はい<CMD>13802700ffff</CMD>",
			"いいえ<CMD>13802700ffff</CMD>",
			"\f"
		]
	},
	{
		"Index": 20,
		"JPN": [
			"はぐれてしまった…",
			"どこにいるんだい？",
			"\f"
		]
	},
	{
		"Index": 21,
		"JPN": [
			"<CMD>16802700c18b27004281</CMD>つれてってくれるのかい？<BREAK>すまないね　どうもありがとう！",
			"\f"
		]
	},
	{
		"Index": 22,
		"JPN": [
			"<CMD>18802700729b27000380</CMD><CMD>17802700729b2700ab8027000a8027000180</CMD><CMD>16802700729b27003081</CMD>そうか…　わかった<BREAK>ムリを{言|い}ってすまなかったね",
			"\f"
		]
	},
	{
		"Index": 50,
		"JPN": [
			"<CMD>18802700729b27000180</CMD><CMD>17802700729b270001802700048027000280</CMD><CMD>16802700729b27005581</CMD>よっ　<CMD>0482</CMD><BREAK>{今|いま}　<CMD>008027000380</CMD>トム<CMD>008027000180</CMD>のヤツが{来|き}てること<BREAK>{知|し}ってっか？",
			"そう　そう<BREAK>そうなんだよ～<BREAK><CMD>008027000380</CMD>{白|しろ}いワニのトム<CMD>008027000180</CMD>だよ",
			"<CMD>18802700729b27000580</CMD><CMD>17802700729b27000a8027000a8027000180</CMD><CMD>16802700729b27002d81</CMD>でもあいつ　またすぐどっか<BREAK>{行|い}っちまうらしいぜ",
			"だからみんなで{送|そう}べつ{会|かい}を<BREAK>してやってよ…",
			"<CMD>18802700729b27000780</CMD><CMD>17802700729b2700088027000a8027000180</CMD>{花|はな}たばをわたす…<BREAK>なんていいだろ？　な？",
			"{実|じつ}は　おれはもう<BREAK>{用意|ようい}してあって　あとは<BREAK>わたすだけなんだけどよ",
			"<CMD>18802700729b27000780</CMD><CMD>17802700729b270001802700048027000180</CMD><CMD>16802700729b27009081</CMD>こういうのって　{１人|ひとり}でやるのは<BREAK>つまんねぇだろ？<BREAK>な？ そうおもうよな？",
			"<CMD>18802700729b27000180</CMD><CMD>17802700729b270001802700048027000280</CMD><CMD>16802700729b27005581</CMD>だから　みんなで<BREAK>やったほうがいいと<BREAK>{思|おも}うんだよ",
			"\f"
		]
	},
	{
		"Index": 51,
		"JPN": [
			"<CMD>18802700729b27000180</CMD><CMD>17802700729b270001802700048027000280</CMD><CMD>16802700729b27005581</CMD>そうかい　そうかい<BREAK>そういうわけで　<CMD>0482</CMD>",
			"みんなと{話|はな}して{用意|ようい}を<BREAK>してくんねぇか？",
			"みんなのわたしたい{花|はな}たばを<BREAK>{聞|き}いて　それを{用意|ようい}してくれ<BREAK>たのんだぜ！　な？",
			"\f"
		]
	},
	{
		"Index": 52,
		"JPN": [
			"<CMD>16802700bb8f27005581</CMD>やぁ　<CMD>0482</CMD><BREAK>ひさしぶりだな！<BREAK>いぜんは{世話|せわ}になった",
			"{実|じつ}は　オレが{住|す}める{村|むら}を<BREAK>{見|み}つけたんで<BREAK>ほうこくに{来|き}たんだ",
			"<CMD>16802700bb8f27004181</CMD>せまいけど<BREAK>りっぱな{下水道|げすいどう}があって<BREAK>いいところだぜ",
			"\f"
		]
	},
	{
		"Index": 55,
		"JPN": [
			"ところで　{旅|たび}のとちゅうに<BREAK>よったんだが",
			"<CMD>16802700bb8f27005581</CMD>これはおみやげだ<BREAK>{受|う}けとってくれ",
			"\f"
		]
	},
	{
		"Index": 56,
		"JPN": [
			"オレはもうちょいこの<CMD>008027000580</CMD>まち<CMD>008027000180</CMD>に<BREAK>いる",
			"{他|ほか}にもあいさつしたい<BREAK>{人|ヒト}がいるからな",
			"\f"
		]
	},
	{
		"Index": 57,
		"JPN": [
			"<CMD>16802700bb8f27006981</CMD>{持|も}ち{物|もの}がいっぱいみたいだな<BREAK>{持|も}ち{物|もの}を{整理|せいり}してから<BREAK>{話|はな}しかけてくれ",
			"\f"
		]
	},
	{
		"Index": 58,
		"JPN": [
			"<CMD>16802700bb8f27006981</CMD>{持|も}ち{物|もの}は{整理|せいり}してきたか？",
			"\f"
		]
	},
	{
		"Index": 59,
		"JPN": [
			"…まだしてないみたいだな",
			"{持|も}ち{物|もの}を{整理|せいり}したら<BREAK>{話|はな}しかけてくれ",
			"\f"
		]
	},
	{
		"Index": 60,
		"JPN": [
			"それじゃおみやげだ<BREAK>{受|う}け{取|と}ってくれ",
			"\f"
		]
	},
	{
		"Index": 61,
		"JPN": [
			"<CMD>16802700bb8f27005581</CMD>この<CMD>008027000580</CMD>まち<CMD>008027000180</CMD>には　あと６{日|にち}ぐらい<BREAK>いる{予定|よてい}だ<BREAK>よろしくな",
			"\f"
		]
	},
	{
		"Index": 62,
		"JPN": [
			"<CMD>16802700bb8f27005581</CMD>この<CMD>008027000580</CMD>まち<CMD>008027000180</CMD>には　あと５{日|にち}ぐらい<BREAK>いる{予定|よてい}だ<BREAK>よろしくな",
			"\f"
		]
	},
	{
		"Index": 63,
		"JPN": [
			"<CMD>16802700bb8f27005581</CMD>この<CMD>008027000580</CMD>まち<CMD>008027000180</CMD>には　あと４{日|にち}ぐらい<BREAK>いる{予定|よてい}だ<BREAK>よろしくな",
			"\f"
		]
	},
	{
		"Index": 64,
		"JPN": [
			"<CMD>16802700bb8f27005581</CMD>この<CMD>008027000580</CMD>まち<CMD>008027000180</CMD>には　あと３{日|にち}ぐらい<BREAK>いる{予定|よてい}だ<BREAK>よろしくな",
			"\f"
		]
	},
	{
		"Index": 65,
		"JPN": [
			"<CMD>16802700bb8f27005581</CMD>この<CMD>008027000580</CMD>まち<CMD>008027000180</CMD>には　{明日|あした}まで<BREAK>いる{予定|よてい}だ<BREAK>よろしくな",
			"\f"
		]
	},
	{
		"Index": 67,
		"JPN": [
			"<CMD>0482</CMD><BREAK>{今日|きょう}でおわかれだな",
			"\f"
		]
	},
	{
		"Index": 68,
		"JPN": [
			"<CMD>16802700bb8f27005581</CMD>たくさんの{人|ヒト}から<BREAK>{花|はな}たばをもらったよ",
			"お{前|まえ}がみんなの{分|ぶん}を<BREAK>{用意|ようい}してくれたんだろ？",
			"{言|い}わなくてもわかる<BREAK>お{前|まえ}はそういうヤツだ",
			"<CMD>16802700bb8f27004181</CMD>ありがとう<BREAK>わかれの{言葉|コトバ}は{言|い}わないよ",
			"\f"
		]
	},
	{
		"Index": 69,
		"JPN": [
			"いろんな{人|ヒト}から<BREAK>{花|はな}たばをもらったよ",
			"<CMD>16802700bb8f27004181</CMD>ありがとう<BREAK>お{前|まえ}のおかげで<BREAK>この{旅|たび}は{楽|たの}しいものになった",
			"\f"
		]
	},
	{
		"Index": 70,
		"JPN": [
			"それじゃあな",
			"\f"
		]
	},
	{
		"Index": 71,
		"JPN": [
			"<CMD>498027004a8427001480</CMD>",
			"\f"
		]
	},
	{
		"Index": 72,
		"JPN": [
			"<CMD>498027004a8427001e80</CMD>",
			"\f"
		]
	}
]