[
	{
		"Index": 50,
		"JPN": [
			"<CMD>498027004e8427001480</CMD>",
			"\f"
		]
	},
	{
		"Index": 51,
		"JPN": [
			"おう　<CMD>f481</CMD>",
			"\f"
		]
	},
	{
		"Index": 52,
		"JPN": [
			"<CMD>16802700bf8f27005581</CMD>おお　きみは<BREAK>いつぞやの{子|コ}ですな<BREAK>おひさしぶり",
			"\f"
		]
	},
	{
		"Index": 53,
		"JPN": [
			"<CMD>16802700bf8f27005581</CMD>きみが　どんなお{店|みせ}を<BREAK>やっているのか<BREAK>{知|し}りたくなってきましたよ",
			"<CMD>16802700bf8f27006981</CMD>もしよければ　{今度|こんど}<BREAK>お{店|みせ}の{商品|しょうひん}を　１つ<BREAK>もってきてくれませんかな？",
			"\f"
		]
	},
	{
		"Index": 54,
		"JPN": [
			"<CMD>16802700bf8f27005581</CMD>ほう　これが<BREAK>きみのお{店|みせ}で　{売|う}っている<BREAK>{商品|しょうひん}ですね？",
			"<CMD>17802700bf8f2700848027000a80</CMD>うん　いい{品物|しなもの}だ<BREAK>よい{物|もの}をあつかっていますね<BREAK>かんしん　かんしん<CMD>17802700bf8f2700018027000a80</CMD>",
			"\f"
		]
	},
	{
		"Index": 55,
		"JPN": [
			"<CMD>17802700bf8f2700848027000a80</CMD><CMD>16802700bf8f27004181</CMD>{勉強|べんきょう}も　お{店|みせ}も<BREAK>{両立|りょうりつ}していて　えらいですぞ<BREAK>これからも　がんばってください<CMD>17802700bf8f2700018027000a80</CMD>",
			"\f"
		]
	},
	{
		"Index": 56,
		"JPN": [
			"<CMD>17802700bf8f2700858027000a80</CMD><CMD>16802700bf8f27002d81</CMD>お{店|みせ}だけでなく<BREAK>{勉強|べんきょう}にも　{力|ちから}を{入|い}れて<BREAK>くれると　もっとうれしいですかな<CMD>17802700bf8f2700018027000a80</CMD>",
			"\f"
		]
	},
	{
		"Index": 57,
		"JPN": [
			"ところで<BREAK>もう{一|ひと}つたのみがあります",
			"<CMD>16802700bf8f27006981</CMD>{今|いま}　そちらで{流行|りゅうこう}している<BREAK>{物|もの}を　{持|も}ってきてくれませんか？",
			"そちらの　{流行|りゅうこう}に<BREAK>きょうみがわきましてね<BREAK>ぜひ　おねがいしたいのですよ",
			"\f"
		]
	},
	{
		"Index": 58,
		"JPN": [
			"<CMD>17802700bf8f2700848027000a80</CMD><CMD>16802700bf8f27005681</CMD>ほう　そちらでは<BREAK>これが{流行|りゅうこう}しておりますか<BREAK>ふむふむ……<CMD>17802700bf8f2700018027000a80</CMD>",
			"\f"
		]
	},
	{
		"Index": 59,
		"JPN": [
			"<CMD>17802700bf8f2700858027000a80</CMD><CMD>16802700bf8f27002d81</CMD>きみは　もう{少|すこ}し　{流行|りゅうこう}に<BREAK>びんかんになった{方|ほう}が<BREAK>よいのではありませんかな？<CMD>17802700bf8f2700018027000a80</CMD>",
			"<CMD>16802700bf8f27007f81</CMD>これが　はやっていると<BREAK>{思|おも}っているのなら<BREAK>ちょっと　{心配|シンパイ}ですぞ",
			"お{店|みせ}や{勉強|べんきょう}も<BREAK>{大事|だいじ}ではありますが",
			"{世|よ}の{中|なか}の{動|うご}きを{知|し}ることも<BREAK>わすれてはいけません",
			"\f"
		]
	},
	{
		"Index": 60,
		"JPN": [
			"<CMD>17802700bf8f2700848027000a80</CMD><CMD>16802700bf8f27006981</CMD>こういう{物|もの}が<BREAK>はやっているのですか？<CMD>17802700bf8f2700018027000a80</CMD>",
			"…いやいや　{悪|わる}い{意味|いみ}で{言|い}って<BREAK>いるのではありませんぞ",
			"<CMD>16802700bf8f27005681</CMD>そうだ　せっかく<BREAK>{持|も}ってきてくれたことですし…",
			"<CMD>16802700bf8f27005581</CMD>わたしの{持|も}ち{物|もの}と<BREAK>こうかんするとしましょう",
			"よかったら<BREAK>{大事|だいじ}に{使|つか}ってください",
			"\f"
		]
	},
	{
		"Index": 61,
		"JPN": [
			"<CMD>16802700bf8f27005581</CMD>これからも　がんばって<BREAK>いろいろ<BREAK>{勉強|べんきょう}していってください",
			"それでは　きみを<BREAK>{元|もと}の{世界|セカイ}に<BREAK>{送|おく}り{返|かえ}しましょう",
			"\f"
		]
	},
	{
		"Index": 62,
		"JPN": [
			"<CMD>16802700bf8f27006981</CMD>おやおや<BREAK>{持|も}ち{物|もの}がいっぱいのようですね？",
			"これでは　こうかんはできません<BREAK>いやはや　ざんねんですな…",
			"\f"
		]
	},
	{
		"Index": 63,
		"JPN": [
			"<CMD>16802700bf8f27002d81</CMD>おやおや…<BREAK>また<BREAK>{来|き}てしまったのですかな？",
			"<CMD>17802700bf8f2700858027000a80</CMD>{何度|なんど}もよびだしてしまった<BREAK>わたしも{悪|わる}いのですが…<CMD>17802700bf8f2700018027000a80</CMD>",
			"<CMD>16802700bf8f27002e81</CMD>もうここには<BREAK>{来|こ}ない{方|ほう}がよいでしょう",
			"では　{勉強|べんきょう}もお{店|みせ}も<BREAK>しっかりがんばってください<BREAK>{期待|きたい}していますよ",
			"\f"
		]
	},
	{
		"Index": 64,
		"JPN": [
			"ふしぎとびらのちょうしが<BREAK>なんだかおかしくてな……",
			"どうも　ヘンなところに<BREAK>とんでしまうみたいだ！",
			"ま　もうすぐ<BREAK>しゅうりの{人|ヒト}が<BREAK>{来|く}るはずだけどよ",
			"だから　それまでは<BREAK>うかつに<BREAK>{使|つか}わないようにな！",
			"\f"
		]
	},
	{
		"Index": 65,
		"JPN": [
			"お{店|みせ}の{商品|しょうひん}を　<BREAK>もってきてくれましたか？",
			"\f"
		]
	},
	{
		"Index": 66,
		"JPN": [
			"ではまた{今度|こんど}<BREAK>お{店|みせ}の{商品|しょうひん}を　<BREAK>もってきてくださいね",
			"\f"
		]
	},
	{
		"Index": 67,
		"JPN": [
			"{流行|りゅうこう}している{物|もの}を<BREAK>{持|も}ってきてくれましたか？",
			"\f"
		]
	},
	{
		"Index": 68,
		"JPN": [
			"ではまた{今度|こんど}<BREAK>{流行|りゅうこう}している{物|もの}を<BREAK>{持|も}ってきてくださいね",
			"\f"
		]
	},
	{
		"Index": 69,
		"JPN": [
			"それでは　きみを<BREAK>そちらの{世界|せかい}へ{帰|かえ}しましょう",
			"\f"
		]
	},
	{
		"Index": 70,
		"JPN": [
			"あれから<BREAK>{元気|げんき}だったですかな？",
			"………………",
			"そうかそうか<BREAK>{楽|たの}しい　{学校生活|がっこうせいかつ}を<BREAK>{送|おく}っているようですね",
			"それに　お{店|みせ}のけいえいも<BREAK>してるなんて<BREAK>がんばっておりますな",
			"\f"
		]
	}
]