[
	{
		"Index": 50,
		"JPN": [
			"<CMD>49802700548427000a8027000180</CMD>",
			"\f"
		]
	},
	{
		"Index": 51,
		"JPN": [
			"<CMD>4980270054842700148027000180</CMD>",
			"\f"
		]
	},
	{
		"Index": 60,
		"JPN": [
			"<CMD>16802700c58f27005581</CMD>やあ　きみは{前|まえ}に<BREAK>ぼくとセッションしてくれた<BREAK>{子|コ}だよね<CMD>18802700c58f27000180</CMD>",
			"<CMD>18802700c58f27000080</CMD><CMD>16802700c58f27006981</CMD>ひさしぶり<BREAK>{元気|げんき}にしていたかい？",
			"\f"
		]
	},
	{
		"Index": 61,
		"JPN": [
			"<CMD>16802700c58f27004181</CMD>この{前|まえ}のえんそう<BREAK>{本当|ホントウ}によかったよ<BREAK>ステキな{思|おも}い{出|で}はまさにピース！<CMD>18802700c58f27000180</CMD>",
			"<CMD>18802700c58f27000080</CMD>それでね　{今度|こんど}はぜひ<BREAK>きみに{歌|うた}ってもらいたいんだ<BREAK>きみは{歌|うた}もうまそうだから",
			"<CMD>16802700c58f27006981</CMD><CMD>008027000480</CMD>なついろのコテージ<CMD>008027000180</CMD>という{曲|きょく}<BREAK>あれがいい<BREAK>きみも{知|し}っているよね？",
			"<CMD>17802700c58f2700828027000a8027000080</CMD><CMD>16802700c58f27005581</CMD>きみが{歌|うた}ってくれたら<BREAK>ぼくが{合|あ}わせてえんそうするよ<BREAK>セッションしてくれるよね？",
			"\f"
		]
	},
	{
		"Index": 62,
		"JPN": [
			"<CMD>16802700c58f27005881</CMD>ふう…<BREAK>とってもいいセッションだったね！",
			"<CMD>17802700c58f2700828027000a8027000080</CMD><CMD>16802700c58f27004181</CMD>ぼくのギターに　きみの{歌声|うたごえ}が<BREAK>{重|かさ}なったしゅんかん<BREAK>{世界|セカイ}はひとつになった<CMD>18802700c58f27000880</CMD><CMD>17802700c58f2700838027000a80</CMD>",
			"<CMD>18802700c58f27000080</CMD>きっときみも　ぼくと{同|おな}じように<BREAK>{感|かん}じてくれたと{思|おも}う<BREAK>シンフォニーはまさにピース！<CMD>18802700c58f27000180</CMD>",
			"\f"
		]
	},
	{
		"Index": 63,
		"JPN": [
			"<CMD>16802700c58f27002d81</CMD>あれれ…？　どうしたんだい？<BREAK>わるくはないけど　でももう{少|すこ}し<BREAK>{歌|うた}の{練習|れんしゅう}がヒツヨウかな？",
			"<CMD>16802700c58f27005581</CMD>ジシンがついたら<BREAK>また　ぼくのところにおいで<BREAK>もう{一度|いちど}　セッションだ！<CMD>17802700c58f2700828027000a8027000080</CMD>",
			"\f"
		]
	},
	{
		"Index": 64,
		"JPN": [
			"<CMD>17802700c58f2700018027000a80</CMD><CMD>18802700c58f27000080</CMD><CMD>16802700c58f27004281</CMD>ぼくは　しばらくいるから<BREAK>またいっしょにセッションしよう<BREAK>{音楽|おんがく}はまさにピース！<CMD>18802700c58f27000180</CMD>",
			"\f"
		]
	},
	{
		"Index": 65,
		"JPN": [
			"<CMD>16802700c58f27005681</CMD>また　セッションしに<BREAK>{来|き}てくれたんだね<CMD>18802700c58f27000180</CMD>",
			"<CMD>18802700c58f27000080</CMD><CMD>16802700c58f27005581</CMD>きみが{歌|うた}ってくれたら<BREAK>ぼくが{合|あ}わせてえんそうするよ",
			"{曲|きょく}は<CMD>008027000480</CMD>なついろのコテージ<CMD>008027000180</CMD><BREAK>じゃあ　{始|はじ}めよう<CMD>17802700c58f2700828027000a8027000080</CMD>",
			"\f"
		]
	}
]