[
	{
		"Index": 0,
		"JPN": [
			"<CMD>49802700558427000a8027000180</CMD>",
			"\f"
		]
	},
	{
		"Index": 1,
		"JPN": [
			"<CMD>4980270055842700148027000180</CMD>",
			"\f"
		]
	},
	{
		"Index": 2,
		"JPN": [
			"<CMD>4980270055842700328027000180</CMD>",
			"\f"
		]
	},
	{
		"Index": 3,
		"JPN": [
			"<CMD>4980270055842700288027000180</CMD>",
			"\f"
		]
	},
	{
		"Index": 7,
		"JPN": [
			"<CMD>18802700c68f27000580</CMD><CMD>16802700c68f27005681</CMD><CMD>16802700c68f27005581</CMD>…よかった<BREAK>わたしのすがたが<BREAK>{見|み}えるのですね",
			"<CMD>18802700c68f27000180</CMD><CMD>16802700c68f27005581</CMD>いぜん　わたしが{来|き}たことで<BREAK>ようせいのすがたは<BREAK>{見|み}えやすくなったはずですが",
			"<CMD>16802700c68f27003081</CMD>まったくしんじていない{人|ヒト}には<BREAK>あいかわらず{見|み}えないままなので<BREAK>とても{悲|かな}しく{思|おも}っていました",
			"<CMD>16802700c68f27006981</CMD>もしよかったら<BREAK>わたしに{少|すこ}し<BREAK>つきあってもらえませんか？",
			"<CMD>16802700c68f27002e81</CMD>ダンスの{練習|れんしゅう}が<BREAK>したいのですが　{音楽|おんがく}がなくて<BREAK>さみしかったのです",
			"<CMD>16802700c68f27005581</CMD>あなたが<BREAK>えんそうしてくれれば<BREAK>{楽|たの}しくおどることができそうです",
			"\f"
		]
	},
	{
		"Index": 8,
		"JPN": [
			"<CMD>18802700c68f27000080</CMD>お{客|きゃく}さんがいれば<BREAK>さらに{楽|たの}しくおどれるので<BREAK>できればお{友|とも}だちを…",
			"<CMD>16802700c68f27002d81</CMD>…そうですね<BREAK>３{人|にん}　つれてきてほしいのですが<BREAK>おねがいできますか？",
			"{町|まち}で<BREAK>{待|ま}っていますので<BREAK>よろしくおねがいします",
			"\f"
		]
	},
	{
		"Index": 10,
		"JPN": [
			"<CMD>16802700c68f27002d81</CMD>どうですか？<BREAK>お{客|きゃく}さんは３{人|にん}<BREAK>{集|あつ}まりそうですか？",
			"\f"
		]
	},
	{
		"Index": 12,
		"JPN": [
			"<CMD>16802700c68f27005581</CMD>お{客|きゃく}さんを３{人|にん}<BREAK>さそってきてくれたんですね",
			"ありがとうございます<BREAK>とても　うれしいです",
			"では{私|わたし}は<CMD>008027000580</CMD>もり<CMD>008027000180</CMD>で<BREAK>{待|ま}っていますから…",
			"<CMD>16802700c68f27004181</CMD>{曲|きょく}のじゅんびが{出来|でき}たら<BREAK>おこしください",
			"\f"
		]
	},
	{
		"Index": 13,
		"JPN": [
			"<CMD>16802700c68f27006981</CMD>えんそうするがっきと{曲|きょく}は<BREAK>{決|き}まりましたか？",
			"{決|き}まったら　{私|わたし}の{前|まえ}で<BREAK>えんそうしてください",
			"\f"
		]
	},
	{
		"Index": 18,
		"JPN": [
			"<CMD>18802700c68f27000180</CMD><CMD>16802700c68f27005581</CMD>なるほど<BREAK>{良|よ}い{組|く}み{合|あ}わせですね",
			"それでは<BREAK>ダンスの{練習|れんしゅう}を<BREAK>{始|はじ}めましょう",
			"\f"
		]
	},
	{
		"Index": 20,
		"JPN": [
			"<CMD>16802700c68f27002e81</CMD>あなたがつれてきた{人|ヒト}の{中|なか}に<BREAK>わたしのすがたが{見|み}えない<BREAK>{人|ヒト}がいたみたいですね",
			"<CMD>16802700c68f27007f81</CMD><CMD>18802700c68f27000380</CMD>わたしのダンスを<BREAK>{見|み}てもらうことができなくて<BREAK>とてもざんねんです…",
			"<CMD>16802700c68f27005581</CMD>でも{楽|たの}しく{練習|れんしゅう}が<BREAK>{出来|でき}たのでうれしかったです<BREAK>",
			"また　いっしょに<BREAK>{練習|れんしゅう}してください",
			"\f"
		]
	},
	{
		"Index": 21,
		"JPN": [
			"<CMD>16802700c68f27005581</CMD>いいダンスができて<BREAK>とても　まんぞくです",
			"あなたにも<BREAK>{楽|たの}しんでいただけたでしょうか？",
			"また　いっしょに<BREAK>{練習|れんしゅう}してください",
			"\f"
		]
	},
	{
		"Index": 22,
		"JPN": [
			"<CMD>16802700c68f27004181</CMD>こんなに　ほめられたのは<BREAK>はじめてです",
			"あなたのおかげで<BREAK>さいこうの<BREAK>ぶたいになりました",
			"<CMD>16802700c68f27005581</CMD>これは　おれいです<BREAK>うけ{取|と}ってください",
			"\f"
		]
	},
	{
		"Index": 25,
		"JPN": [
			"<CMD>16802700c68f27005581</CMD>また　ダンスの{練習|れんしゅう}に<BREAK>つきあっていただけるのですか？",
			"<CMD>128027000180</CMD>",
			"\f"
		]
	},
	{
		"Index": 26,
		"JPN": [
			"<CMD>3780</CMD>",
			"はい<CMD>13802700b091</CMD>",
			"いいえ<CMD>13802700b291</CMD>",
			"\f"
		]
	},
	{
		"Index": 28,
		"JPN": [
			"ありがとうございます",
			"<CMD>16802700c68f27005581</CMD>それでは　また<BREAK>お{客|きゃく}さんを　３{人|にん}<BREAK>つれてきていただけますか？",
			"よろしく<BREAK>おねがいしますね",
			"\f"
		]
	},
	{
		"Index": 30,
		"JPN": [
			"{時間|じかん}のあるときに<BREAK>よろしくおねがいします",
			"<CMD>16802700c68f27004181</CMD>あなたと{練習|れんしゅう}するのは<BREAK>とても{楽|たの}しいのです",
			"\f"
		]
	},
	{
		"Index": 32,
		"JPN": [
			"<CMD>16802700c68f27002d81</CMD><CMD>18802700c68f27000580</CMD>{持|も}ち{物|もの}が<BREAK>いっぱいのようですね<BREAK>ざんねんです",
			"<CMD>16802700c68f27007f81</CMD>とっておきのものを<BREAK>さしあげようと<BREAK>{思|おも}っていたのですが…",
			"しかたがありませんね",
			"\f"
		]
	},
	{
		"Index": 35,
		"JPN": [
			"<CMD>18802700c68f27000180</CMD><CMD>16802700c68f27005881</CMD>わたし<BREAK>しばらく　この{町|まち}にいますから<BREAK>また{声|こえ}をかけてくださいね",
			"\f"
		]
	},
	{
		"Index": 38,
		"JPN": [
			"<CMD>18802700c68f27000380</CMD>お{客|きゃく}さんが　{何人|なんにん}か<BREAK>{来|こ}れなかったようですね",
			"<CMD>16802700c68f27003081</CMD>ざんねんですが<BREAK>こんかいは　{中止|ちゅうし}に<BREAK>しましょう",
			"<CMD>18802700c68f27000080</CMD>{次|つぎ}は　さそったら　{早|はや}めに<BREAK>れんしゅうを<BREAK>{始|はじ}めるようにしましょうか",
			"\f"
		]
	}
]