[
	{
		"Index": 0,
		"JPN": [
			"ぶむっ！？　キミは　{前|まえ}に<BREAK>ボクの　お{腹|なか}を<BREAK>なおしてくれた　{人|ヒト}ぶむね",
			"あの{時|とき}は　お{世話|せわ}になったぶむ！<BREAK>{元気|げんき}にしていたぶむ？",
			"\f"
		]
	},
	{
		"Index": 1,
		"JPN": [
			"ぶむ　{今|いま}は<BREAK>みんなの{悪|わる}い{夢|ゆめ}を<BREAK>{食|た}べて{回|まわ}っているぶむ",
			"あの{時|とき}　みんなのふつうの{夢|ゆめ}を<BREAK>{食|た}べて　こまらせてしまった<BREAK>その　ツミホロボシだぶむ",
			"そうだぶむ<BREAK>{悪|わる}い{夢|ゆめ}の{中|なか}で　こんなものを<BREAK>{見|み}つけたぶむ",
			"{食|た}べられないし　ジャマだから<BREAK>{持|も}ってきたけど<BREAK>ボクが{持|も}っててもショウガナイぶむ",
			"もらってくれるぶむ？",
			"\f"
		]
	},
	{
		"Index": 2,
		"JPN": [
			"まだまだ　{悪|わる}い{夢|ゆめ}を{見|み}る{人|ヒト}が<BREAK>たくさんいるぶむ",
			"だから　ボクもしばらく<BREAK>この{町|まち}にいるつもりぶむ",
			"また{会|あ}った{時|とき}も<BREAK>{見|み}つけたジャマな{物|もの}を<BREAK>もらってくれると　うれしいぶむ",
			"バイバイぶむ！",
			"\f"
		]
	},
	{
		"Index": 3,
		"JPN": [
			"ぶむ？<BREAK>{食|た}べられないものを　もらいに<BREAK>きてくれたぶむ？　たすかるぶむ！",
			"{悪|わる}い{夢|ゆめ}の{中|なか}で　{見|み}つけた<BREAK>{食|た}べられないものは　これだぶむ",
			"\f"
		]
	},
	{
		"Index": 4,
		"JPN": [
			"{持|も}ち{物|もの}が　いっぱいみたいぶむ",
			"ザンネンだけど<BREAK>それじゃあ<BREAK>これは　{渡|わた}せないぶむ",
			"\f"
		]
	},
	{
		"Index": 52,
		"JPN": [
			"<CMD>49802700528427001e8027000180</CMD>",
			"\f"
		]
	},
	{
		"Index": 53,
		"JPN": [
			"<CMD>4980270052842700288027000180</CMD>",
			"\f"
		]
	},
	{
		"Index": 54,
		"JPN": [
			"<CMD>4980270052842700328027000180</CMD>",
			"\f"
		]
	},
	{
		"Index": 56,
		"JPN": [
			"<CMD>18802700729b27000280</CMD><CMD>17802700729b2700508027000a8027000280</CMD><CMD>16802700729b27007d81</CMD>…おい　こら<BREAK>こわがらねぇで　{出|で}てこい<CMD>16802700008027002d81</CMD>",
			"\f"
		]
	},
	{
		"Index": 57,
		"JPN": [
			"おーい　<CMD>f481</CMD><BREAK>いるなら{下|した}に　おりて{来|き}てくれ",
			"\f"
		]
	},
	{
		"Index": 58,
		"JPN": [
			"おう<CMD>f481</CMD><BREAK>いいところに{来|き}たな",
			"その　まぁ　なんだ<BREAK><CMD>f481</CMD>にちょっと<BREAK>たのみたいことがあってよ<CMD>2b8027005a8027000080</CMD>",
			"\f"
		]
	},
	{
		"Index": 59,
		"JPN": [
			"<CMD>3780</CMD>",
			"{大きな声|おおきなこえ}で<CMD>13802700ffff</CMD>",
			"さとすように<CMD>13802700ffff</CMD>",
			"{素直|すなお}に<CMD>13802700ffff</CMD>",
			"\f"
		]
	},
	{
		"Index": 60,
		"JPN": [
			"<CMD>3780</CMD>",
			"{自信|じしん}をもって<CMD>13802700ffff</CMD>",
			"{大目|おおめ}にみて<CMD>13802700ffff</CMD>",
			"ズバリと<CMD>13802700ffff</CMD>",
			"\f"
		]
	},
	{
		"Index": 61,
		"JPN": [
			"<CMD>18802700729b27000080</CMD><CMD>17802700729b2700088027000a8027000180</CMD><CMD>16802700729b27006981</CMD>こいつは<BREAK>ヘルハウンドっていうんだが<BREAK>{知|し}ってるか？",
			"{自分|じぶん}の　おくびょうなせいかくを<BREAK>{直|なお}したいらしくってよ",
			"{前|まえ}に{来|き}たことがある<BREAK>この<CMD>008027000580</CMD>まち<CMD>008027000180</CMD>をえらんだって<BREAK>{言|い}ってるぜ",
			"\f"
		]
	},
	{
		"Index": 62,
		"JPN": [
			"<CMD>18802700729b27000180</CMD><CMD>17802700729b270001802700048027000280</CMD><CMD>16802700729b27005581</CMD>なぁ<CMD>f481</CMD><BREAK>さんぽがてら　こいつをつれてって<BREAK>くれねぇか？<CMD>18802700c38f27000080</CMD>",
			"それでよ　こいつが<BREAK>みんなと{話|はな}せるように<BREAK>ひとはだ　ぬいでやってくれ",
			"<CMD>18802700729b27000580</CMD><CMD>17802700729b27000a8027000a8027000180</CMD><CMD>16802700729b27002d81</CMD>つまりよ　ここの{住人|じゅうにん}は<BREAK>クセのあるヤツが{多|おお}いだろ？",
			"みんなが{好|す}きかってに<BREAK>{話|はな}すと　ヘルハウンドは<BREAK>ビビっちまうわけだ",
			"<CMD>18802700729b27000080</CMD><CMD>17802700729b270001802700048027000080</CMD>だからよ　みんなに<BREAK>{話|はな}し{方|かた}のアドバイスを<BREAK>してやってほしいってことよ",
			"<CMD>f481</CMD>なら<BREAK>{住人|じゅうにん}たちのせいかくも<BREAK>{知|し}ってるだろ？",
			"<CMD>18802700729b27000180</CMD><CMD>17802700729b270001802700048027000280</CMD><CMD>16802700729b27005581</CMD>その　まぁ　なんだ<BREAK>きたいしてるぜ",
			"\f"
		]
	},
	{
		"Index": 63,
		"JPN": [
			"<CMD>18802700729b27000080</CMD><CMD>17802700729b2700088027000a8027000180</CMD><CMD>16802700729b27006981</CMD><CMD>f481</CMD><BREAK>こいつの{友|とも}だち{作|づく}り<BREAK>てつだってくれるか？<CMD>138027001691</CMD>",
			"\f"
		]
	},
	{
		"Index": 64,
		"JPN": [
			"<CMD>18802700729b27000580</CMD><CMD>17802700729b27000a8027000a8027000180</CMD><CMD>16802700729b27002d81</CMD>そうか<BREAK>まぁ　てつだう{気|き}になったら<BREAK>{声|こえ}をかけてくれよ<CMD>18802700c38f27000780</CMD>",
			"\f"
		]
	},
	{
		"Index": 65,
		"JPN": [
			"<CMD>18802700729b27000180</CMD><CMD>17802700729b270001802700048027000280</CMD><CMD>16802700729b27005581</CMD>へっ<BREAK>お{前|まえ}ならそう{言|い}うと<BREAK>{思|おも}ってたぜ<CMD>18802700c38f27000180</CMD>",
			"<CMD>18802700729b27000080</CMD><CMD>17802700729b270001802700048027000080</CMD>{住人|じゅうにん}たちが<BREAK>ヘルハウンドと{話|はな}すときに",
			"{何|なに}に{気|き}をつけて<BREAK>{話|はな}しかけたらいいか<BREAK>アドバイスを　してやってくれ",
			"あと　こいつはこの<CMD>008027000580</CMD>まち<CMD>008027000180</CMD>の{事|こと}を<BREAK>よく{知|し}らねぇから",
			"<CMD>18802700729b27000280</CMD><CMD>17802700729b2700508027000a8027000280</CMD><CMD>16802700729b27007d81</CMD>ヘンなところに<BREAK>つれて{行|い}くんじゃねぇぞ<CMD>16802700008027002d81</CMD>",
			"<CMD>18802700729b27000180</CMD><CMD>17802700729b270001802700048027000280</CMD><CMD>16802700729b27005581</CMD>それじゃあ　たのんだぜ",
			"\f"
		]
	},
	{
		"Index": 66,
		"JPN": [
			"<CMD>6480</CMD>聗聠",
			"\f"
		]
	},
	{
		"Index": 67,
		"JPN": [
			"<CMD>6480</CMD>耆耢聗",
			"\f"
		]
	},
	{
		"Index": 68,
		"JPN": [
			"<CMD>6480</CMD>聠耢",
			"\f"
		]
	},
	{
		"Index": 70,
		"JPN": [
			"<CMD>6480</CMD>聗者",
			"<CMD>6480</CMD>聩肙",
			"\f"
		]
	},
	{
		"Index": 71,
		"JPN": [
			"<CMD>6480</CMD>耢肔耆",
			"<CMD>6480</CMD>耆聩肙",
			"\f"
		]
	},
	{
		"Index": 72,
		"JPN": [
			"<CMD>6480</CMD>耆聩肙",
			"\f"
		]
	},
	{
		"Index": 73,
		"JPN": [
			"<CMD>18802700729b27000180</CMD><CMD>17802700729b270001802700048027000280</CMD><CMD>16802700729b27005581</CMD>よう　<CMD>f481</CMD><BREAK>よくやってくれたじゃねぇか<CMD>18802700c38f27000180</CMD>",
			"おかげで<BREAK>ヘルハウンドも　ビビらなく<BREAK>なったみてぇだ",
			"<CMD>18802700729b27000680</CMD><CMD>17802700729b270001802700048027000080</CMD><CMD>16802700729b27007e81</CMD>おれは　<CMD>f481</CMD>なら<BREAK>やってくれるって<BREAK>しんじてたぜ",
			"<CMD>18802700729b27000180</CMD><CMD>17802700729b270001802700048027000280</CMD><CMD>16802700729b27005581</CMD>その　まぁ　なんだ<BREAK>ありがとな",
			"\f"
		]
	},
	{
		"Index": 74,
		"JPN": [
			"<CMD>3780</CMD>",
			"はい<CMD>13802700ffff</CMD>",
			"いいえ<CMD>13802700ffff</CMD>",
			"\f"
		]
	},
	{
		"Index": 75,
		"JPN": [
			"<CMD>18802700729b27000080</CMD><CMD>17802700729b2700b28027000a8027000180</CMD><CMD>16802700729b27006981</CMD>なんだ？<BREAK>そのいっしょにいる{子|コ}と<BREAK>{話|はな}してほしい<CMD>ff8127000380</CMD>？",
			"でも　なんだか<BREAK>おびえているように<BREAK>{見|み}える<CMD>ff8127000280</CMD>",
			"<CMD>18802700729b27000080</CMD><CMD>17802700729b270001802700048027000080</CMD><CMD>028227000180</CMD>",
			"<CMD>18802700729b27000180</CMD><CMD>17802700729b2700ad802700068027000280</CMD><CMD>16802700729b27005581</CMD>ゆうしゅうな<CMD>028227000080</CMD>は<BREAK>{話|はな}すときに{気|き}をつけること<BREAK>{何|なに}かある<CMD>ff8127000380</CMD>？<CMD>138027000791</CMD>",
			"\f"
		]
	},
	{
		"Index": 76,
		"JPN": [
			"<CMD>18802700729b27000080</CMD><CMD>17802700729b2700b28027000a8027000180</CMD><CMD>16802700729b27006981</CMD>なにっ？<BREAK>そのいっしょにいる{子|コ}と<BREAK>{話|はな}してほしい<CMD>ff8127000380</CMD>？",
			"でも　なんだか<BREAK>おびえているように<BREAK>{見|み}える<CMD>ff8127000280</CMD>",
			"<CMD>18802700729b27000080</CMD><CMD>17802700729b270001802700048027000080</CMD><CMD>028227000180</CMD>",
			"<CMD>18802700729b27000280</CMD><CMD>17802700729b27001c802700088027000480</CMD><CMD>16802700729b27007d81</CMD>{勝|か}ち{気|き}な<CMD>028227000080</CMD>は<BREAK>{話|はな}すときに{気|き}をつけること<BREAK>{何|なに}かある<CMD>ff8127000380</CMD>？<CMD>138027000791</CMD>",
			"\f"
		]
	},
	{
		"Index": 77,
		"JPN": [
			"<CMD>18802700729b27000080</CMD><CMD>17802700729b2700b28027000a8027000180</CMD><CMD>16802700729b27006981</CMD>えっ？<BREAK>そのいっしょにいる{子|コ}と<BREAK>{話|はな}してほしい<CMD>ff8127000380</CMD>？",
			"でも　なんだか<BREAK>おびえているように<BREAK>{見|み}える<CMD>ff8127000280</CMD>",
			"<CMD>18802700729b27000080</CMD><CMD>17802700729b270001802700048027000080</CMD><CMD>028227000180</CMD>",
			"<CMD>18802700729b27000580</CMD><CMD>17802700729b2700aa8027000a8027000180</CMD><CMD>16802700729b27002d81</CMD>おとなしい<CMD>028227000080</CMD>は<BREAK>{話|はな}すときに{気|き}をつけること<BREAK>{何|なに}かある<CMD>ff8127000380</CMD>？<CMD>138027000791</CMD>",
			"\f"
		]
	},
	{
		"Index": 78,
		"JPN": [
			"<CMD>18802700729b27000080</CMD><CMD>17802700729b2700b28027000a8027000180</CMD><CMD>16802700729b27006981</CMD>ん？<BREAK>そのいっしょにいる{子|コ}と<BREAK>{話|はな}してほしい<CMD>ff8127000380</CMD>？",
			"でも　なんだか<BREAK>おびえているように<BREAK>{見|み}える<CMD>ff8127000280</CMD>",
			"<CMD>18802700729b27000080</CMD><CMD>17802700729b270001802700048027000080</CMD><CMD>028227000180</CMD>",
			"<CMD>18802700729b27000680</CMD><CMD>17802700729b2700088027000a8027000180</CMD><CMD>16802700729b27007e81</CMD>{完|かん}ぺきしゅぎな<CMD>028227000080</CMD>は<BREAK>{話|はな}すときに{気|き}をつけること<BREAK>{何|なに}かある<CMD>ff8127000380</CMD>？<CMD>138027000891</CMD>",
			"\f"
		]
	},
	{
		"Index": 79,
		"JPN": [
			"<CMD>18802700729b27000080</CMD><CMD>17802700729b2700b28027000a8027000180</CMD><CMD>16802700729b27006981</CMD>えっ？<BREAK>そのいっしょにいる{子|コ}と<BREAK>{話|はな}してほしい<CMD>ff8127000380</CMD>？",
			"でも　なんだか<BREAK>おびえているように<BREAK>{見|み}える<CMD>ff8127000280</CMD>",
			"<CMD>18802700729b27000080</CMD><CMD>17802700729b270001802700048027000080</CMD><CMD>028227000180</CMD>",
			"<CMD>18802700729b27000080</CMD><CMD>17802700729b2700b28027000a8027000180</CMD><CMD>16802700729b27006981</CMD>{気|き}まぐれな<CMD>028227000080</CMD>は<BREAK>{話|はな}すときに{気|き}をつけること<BREAK>{何|なに}かある<CMD>ff8127000380</CMD>？<CMD>138027000891</CMD>",
			"\f"
		]
	},
	{
		"Index": 80,
		"JPN": [
			"<CMD>18802700729b27000080</CMD><CMD>17802700729b2700b28027000a8027000180</CMD><CMD>16802700729b27006981</CMD>ん？<BREAK>そのいっしょにいる{子|コ}と<BREAK>{話|はな}してほしい<CMD>ff8127000380</CMD>？",
			"でも　なんだか<BREAK>おびえているように<BREAK>{見|み}える<CMD>ff8127000280</CMD>",
			"<CMD>18802700729b27000080</CMD><CMD>17802700729b270001802700048027000080</CMD><CMD>028227000180</CMD>",
			"<CMD>18802700729b27000180</CMD><CMD>17802700729b2700ad802700068027000280</CMD><CMD>16802700729b27005581</CMD>のんびりな<CMD>028227000080</CMD>は<BREAK>{話|はな}すときに{気|き}をつけること<BREAK>{何|なに}かある<CMD>ff8127000380</CMD>？<CMD>138027000891</CMD>",
			"\f"
		]
	},
	{
		"Index": 83,
		"JPN": [
			"<CMD>18802700729b27000580</CMD><CMD>17802700729b2700af802700088027000180</CMD><CMD>16802700729b27005681</CMD>なるほど<BREAK>{大|おお}きな{声|こえ}で{話|はな}すのか",
			"<CMD>f481</CMD>はその{子|コ}と<BREAK>なかが{良|よ}さそうだから<BREAK>{気|き}をつけて{話|はな}してみる<CMD>ff8127000280</CMD>",
			"\f"
		]
	},
	{
		"Index": 84,
		"JPN": [
			"<CMD>18802700729b27000180</CMD><CMD>17802700729b2700ad802700068027000280</CMD><CMD>16802700729b27005581</CMD>そうか<BREAK>{大|おお}きな{声|こえ}で{話|はな}すのか",
			"<CMD>f481</CMD>はその{子|コ}と<BREAK>なかが{良|よ}さそうだから<BREAK>{気|き}をつけて{話|はな}してみる<CMD>ff8127000280</CMD>",
			"\f"
		]
	},
	{
		"Index": 85,
		"JPN": [
			"<CMD>18802700729b27000580</CMD><CMD>17802700729b2700638027000a8027000280</CMD><CMD>16802700729b27002f81</CMD>……うん<BREAK>{大|おお}きな{声|こえ}で{話|はな}す…ね",
			"<CMD>f481</CMD>はその{子|コ}と<BREAK>なかが{良|よ}さそうだから<BREAK>{気|き}をつけて{話|はな}してみる<CMD>ff8127000280</CMD>",
			"\f"
		]
	},
	{
		"Index": 87,
		"JPN": [
			"<CMD>18802700729b27000580</CMD><CMD>17802700729b2700af802700088027000180</CMD><CMD>16802700729b27005681</CMD>なるほど<BREAK>さとすように{話|はな}すのか",
			"<CMD>f481</CMD>はその{子|コ}と<BREAK>なかが{良|よ}さそうだから<BREAK>{気|き}をつけて{話|はな}してみる<CMD>ff8127000280</CMD>",
			"\f"
		]
	},
	{
		"Index": 88,
		"JPN": [
			"<CMD>18802700729b27000180</CMD><CMD>17802700729b2700ad802700068027000280</CMD><CMD>16802700729b27005581</CMD>そうか<BREAK>さとすように{話|はな}すのか",
			"<CMD>f481</CMD>はその{子|コ}と<BREAK>なかが{良|よ}さそうだから<BREAK>{気|き}をつけて{話|はな}してみる<CMD>ff8127000280</CMD>",
			"\f"
		]
	},
	{
		"Index": 89,
		"JPN": [
			"<CMD>18802700729b27000580</CMD><CMD>17802700729b2700638027000a8027000280</CMD><CMD>16802700729b27002f81</CMD>……うん<BREAK>さとすように{話|はな}す…ね",
			"<CMD>f481</CMD>はその{子|コ}と<BREAK>なかが{良|よ}さそうだから<BREAK>{気|き}をつけて{話|はな}してみる<CMD>ff8127000280</CMD>",
			"\f"
		]
	},
	{
		"Index": 91,
		"JPN": [
			"<CMD>18802700729b27000580</CMD><CMD>17802700729b2700af802700088027000180</CMD><CMD>16802700729b27005681</CMD>なるほど<BREAK>すなおに{話|はな}すのか",
			"<CMD>f481</CMD>はその{子|コ}と<BREAK>なかが{良|よ}さそうだから<BREAK>{気|き}をつけて{話|はな}してみる<CMD>ff8127000280</CMD>",
			"\f"
		]
	},
	{
		"Index": 92,
		"JPN": [
			"<CMD>18802700729b27000180</CMD><CMD>17802700729b2700ad802700068027000280</CMD><CMD>16802700729b27005581</CMD>そうか<BREAK>すなおに{話|はな}すのか",
			"<CMD>f481</CMD>はその{子|コ}と<BREAK>なかが{良|よ}さそうだから<BREAK>{気|き}をつけて{話|はな}してみる<CMD>ff8127000280</CMD>",
			"\f"
		]
	},
	{
		"Index": 93,
		"JPN": [
			"<CMD>18802700729b27000580</CMD><CMD>17802700729b2700638027000a8027000280</CMD><CMD>16802700729b27002f81</CMD>……うん<BREAK>すなおに{話|はな}す…ね",
			"<CMD>f481</CMD>はその{子|コ}と<BREAK>なかが{良|よ}さそうだから<BREAK>{気|き}をつけて{話|はな}してみる<CMD>ff8127000280</CMD>",
			"\f"
		]
	}
]