[
	{
		"Index": 0,
		"JPN": [
			"<CMD>3780</CMD>",
			"みどり<CMD>13802700ffff</CMD>",
			"あか<CMD>13802700ffff</CMD>",
			"{前|まえ}にもどる<CMD>13802700ffff</CMD>",
			"\f"
		]
	},
	{
		"Index": 2,
		"JPN": [
			"<CMD>17802700d38f2700018027001480</CMD>ふむ……<CMD>018027003c80</CMD>",
			"<CMD>158027000882</CMD><CMD>16802700d38f27005681</CMD>せいかいだ！<CMD>16802700008027005581</CMD><CMD>18802700008027000180</CMD><CMD>1780270000802700ad8027001480</CMD>",
			"<CMD>17802700d38f2700828027001480</CMD>おめえ　よくわかったな<BREAK>それじゃ　やくそくどおり<BREAK>しょうきんだ<CMD>18802700008027000080</CMD><CMD>1780270000802700018027001480</CMD>",
			"えんりょなく<BREAK>{受|う}け{取|と}っておけよ",
			"\f"
		]
	},
	{
		"Index": 3,
		"JPN": [
			"<CMD>17802700d38f2700018027001480</CMD>ふむ……<CMD>018027003c80</CMD>",
			"<CMD>158027000982</CMD><CMD>17802700d38f2700848027001480</CMD>ざんねん　ふせいかいだ<CMD>16802700008027007f81</CMD><CMD>18802700008027000480</CMD><CMD>1780270000802700ab8027001480</CMD><BREAK>ちゃんと　{全員|ぜんいん}の{話|はなし}を<BREAK>{聞|き}いたのか？<CMD>17802700d38f2700018027001480</CMD>",
			"<CMD>17802700d38f2700838027001480</CMD>よっく{考|かんが}えないと<BREAK>できねえ　{問題|もんだい}だからな<CMD>18802700008027000080</CMD><CMD>1780270000802700018027001480</CMD>",
			"まあ　{次|つぎ}はもっと<BREAK>しんちょうに{答|こた}えるんだな",
			"\f"
		]
	},
	{
		"Index": 4,
		"JPN": [
			"<CMD>17802700d38f2700838027001480</CMD>{明日|あした}　また{来|き}てみな<BREAK>ちがうもんだいを<BREAK>{出|だ}してやっからよ",
			"\f"
		]
	},
	{
		"Index": 5,
		"JPN": [
			"<CMD>16802700d38f27005881</CMD>どうした<BREAK>まだ　{考|かんが}えるのか？<BREAK>それもいいだろう",
			"<CMD>17802700d38f2700838027001480</CMD>ヒントは{何回|なんかい}でも{聞|き}けっから<BREAK>{答|こた}えがわからねえときは<BREAK>また　{聞|き}きに{行|い}くといいぞ！",
			"\f"
		]
	},
	{
		"Index": 6,
		"JPN": [
			"<CMD>16802700d38f27005581</CMD>さーて　{問題|もんだい}の<BREAK>じゅんびができたぞ！",
			"<CMD>17802700d38f2700848027001480</CMD>{前回|ぜんかい}と{同|おな}じく<BREAK>わしをふくめた<BREAK>４{人|にん}のじゅんいを{当|あ}てるんだ",
			"わしら４{人|にん}からのヒントを{聞|き}いて<BREAK>{答|こた}えがわかったら<BREAK>わしのところにもどってこい",
			"\f"
		]
	},
	{
		"Index": 7,
		"JPN": [
			"よし　ヒントを{出|だ}すぞ<BREAK>わしは　あかレプラコーンに<BREAK>{勝|か}った",
			"\f"
		]
	},
	{
		"Index": 8,
		"JPN": [
			"よし　ヒントを{出|だ}すぞ<BREAK>わしは　あおレプラコーンに<BREAK>{勝|か}った",
			"\f"
		]
	},
	{
		"Index": 9,
		"JPN": [
			"よし　ヒントを{出|だ}すぞ<BREAK>わしは　きいろレプラコーンに<BREAK>{勝|か}った",
			"\f"
		]
	},
	{
		"Index": 10,
		"JPN": [
			"ヒントを{聞|き}きたいのか？<BREAK>あかレプラコーンには<BREAK>わしは　{勝|か}った",
			"\f"
		]
	},
	{
		"Index": 11,
		"JPN": [
			"ヒントを{聞|き}きたいのか？<BREAK>あおレプラコーンには<BREAK>わしは　{勝|か}った",
			"\f"
		]
	},
	{
		"Index": 12,
		"JPN": [
			"ヒントを{聞|き}きたいのか？<BREAK>きいろレプラコーンには<BREAK>わしは　{勝|か}った",
			"\f"
		]
	},
	{
		"Index": 13,
		"JPN": [
			"ヒントだ　わしのすぐ{前|まえ}にも<BREAK>すぐ{後|うし}ろにも<BREAK>あかレプラコーンはいないぞ",
			"\f"
		]
	},
	{
		"Index": 14,
		"JPN": [
			"ヒントだ　わしのすぐ{前|まえ}にも<BREAK>すぐ{後|うし}ろにも<BREAK>あおレプラコーンはいないぞ",
			"\f"
		]
	},
	{
		"Index": 15,
		"JPN": [
			"ヒントだ　わしのすぐ{前|まえ}にも<BREAK>すぐ{後|うし}ろにも<BREAK>きいろレプラコーンはいないぞ",
			"\f"
		]
	},
	{
		"Index": 16,
		"JPN": [
			"では　ヒントだ<BREAK>わしは　あかレプラコーンに<BREAK>{負|ま}けた",
			"\f"
		]
	},
	{
		"Index": 17,
		"JPN": [
			"では　ヒントだ<BREAK>わしは　あおレプラコーンに<BREAK>{負|ま}けた",
			"\f"
		]
	},
	{
		"Index": 18,
		"JPN": [
			"では　ヒントだ<BREAK>わしは　きいろレプラコーンに<BREAK>{負|ま}けた",
			"\f"
		]
	},
	{
		"Index": 19,
		"JPN": [
			"ヒント　わしのすぐ{前|まえ}にも<BREAK>すぐ{後|うし}ろにも<BREAK>あかレプラコーンはいないぞ",
			"\f"
		]
	},
	{
		"Index": 20,
		"JPN": [
			"ヒント　わしのすぐ{前|まえ}にも<BREAK>すぐ{後|うし}ろにも<BREAK>あおレプラコーンはいないぞ",
			"\f"
		]
	},
	{
		"Index": 21,
		"JPN": [
			"ヒント　わしのすぐ{前|まえ}にも<BREAK>すぐ{後|うし}ろにも<BREAK>きいろレプラコーンはいないぞ",
			"\f"
		]
	},
	{
		"Index": 22,
		"JPN": [
			"ヒント　わしのすぐ{前|まえ}にも<BREAK>すぐ{後|うし}ろにも<BREAK>あかレプラコーンはいないぞ",
			"\f"
		]
	},
	{
		"Index": 23,
		"JPN": [
			"ヒント　わしのすぐ{前|まえ}にも<BREAK>すぐ{後|うし}ろにも<BREAK>あおレプラコーンはいないぞ",
			"\f"
		]
	},
	{
		"Index": 24,
		"JPN": [
			"ヒント　わしのすぐ{前|まえ}にも<BREAK>すぐ{後|うし}ろにも<BREAK>きいろレプラコーンはいないぞ",
			"\f"
		]
	},
	{
		"Index": 25,
		"JPN": [
			"ヒント　わしは<BREAK>あかレプラコーンに{負|ま}けた",
			"\f"
		]
	},
	{
		"Index": 26,
		"JPN": [
			"ヒント　わしは<BREAK>あおレプラコーンに{負|ま}けた",
			"\f"
		]
	},
	{
		"Index": 27,
		"JPN": [
			"ヒント　わしは<BREAK>きいろレプラコーンに{負|ま}けた",
			"\f"
		]
	},
	{
		"Index": 28,
		"JPN": [
			"<CMD>17802700d38f2700018027001480</CMD>{１位|いちい}は　みどりレプラコーン…",
			"\f"
		]
	},
	{
		"Index": 29,
		"JPN": [
			"<CMD>17802700d38f2700018027001480</CMD>{１位|いちい}は　あかレプラコーン…",
			"\f"
		]
	},
	{
		"Index": 30,
		"JPN": [
			"<CMD>17802700d38f2700018027001480</CMD>{１位|いちい}は　あおレプラコーン…",
			"\f"
		]
	},
	{
		"Index": 31,
		"JPN": [
			"<CMD>17802700d38f2700018027001480</CMD>{１位|いちい}は　きいろレプラコーン…",
			"\f"
		]
	},
	{
		"Index": 32,
		"JPN": [
			"<CMD>17802700d38f2700018027001480</CMD>{２位|にい}は　みどりレプラコーン…",
			"\f"
		]
	},
	{
		"Index": 33,
		"JPN": [
			"<CMD>17802700d38f2700018027001480</CMD>{２位|にい}は　あかレプラコーン…",
			"\f"
		]
	},
	{
		"Index": 34,
		"JPN": [
			"<CMD>17802700d38f2700018027001480</CMD>{２位|にい}は　あおレプラコーン…",
			"\f"
		]
	},
	{
		"Index": 35,
		"JPN": [
			"<CMD>17802700d38f2700018027001480</CMD>{２位|にい}は　きいろレプラコーン…",
			"\f"
		]
	},
	{
		"Index": 36,
		"JPN": [
			"<CMD>17802700d38f2700018027001480</CMD>{３位|さんい}は　みどりレプラコーン…",
			"\f"
		]
	},
	{
		"Index": 37,
		"JPN": [
			"<CMD>17802700d38f2700018027001480</CMD>{３位|さんい}は　あかレプラコーン…",
			"\f"
		]
	},
	{
		"Index": 38,
		"JPN": [
			"<CMD>17802700d38f2700018027001480</CMD>{３位|さんい}は　あおレプラコーン…",
			"\f"
		]
	},
	{
		"Index": 39,
		"JPN": [
			"<CMD>17802700d38f2700018027001480</CMD>{３位|さんい}は　きいろレプラコーン…",
			"\f"
		]
	},
	{
		"Index": 40,
		"JPN": [
			"<CMD>17802700d38f2700018027001480</CMD>{４位|よんい}は　みどりレプラコーン…<BREAK>これでまちがいないな？",
			"<CMD>138027007c94</CMD>",
			"\f"
		]
	},
	{
		"Index": 41,
		"JPN": [
			"<CMD>17802700d38f2700018027001480</CMD>{４位|よんい}は　あかレプラコーン…<BREAK>これでまちがいないな？",
			"<CMD>138027007c94</CMD>",
			"\f"
		]
	},
	{
		"Index": 42,
		"JPN": [
			"<CMD>17802700d38f2700018027001480</CMD>{４位|よんい}は　あおレプラコーン…<BREAK>これでまちがいないな？",
			"<CMD>138027007c94</CMD>",
			"\f"
		]
	},
	{
		"Index": 43,
		"JPN": [
			"<CMD>17802700d38f2700018027001480</CMD>{４位|よんい}は　きいろレプラコーン…<BREAK>これでまちがいないな？",
			"<CMD>138027007c94</CMD>",
			"\f"
		]
	},
	{
		"Index": 44,
		"JPN": [
			"<CMD>3780</CMD>",
			"これでOK<CMD>13802700ffff</CMD>",
			"{考|かんが}えなおす<CMD>13802700ffff</CMD>",
			"{前|まえ}にもどる<CMD>13802700ffff</CMD>",
			"\f"
		]
	},
	{
		"Index": 45,
		"JPN": [
			"<CMD>16802700d38f27005881</CMD><CMD>17802700d38f2700838027001480</CMD>{今回|こんかい}はこれで　おしまいだ<BREAK>また　この{町|まち}に{来|き}たら<BREAK>{話|はな}しかけるんだぞ",
			"\f"
		]
	},
	{
		"Index": 50,
		"JPN": [
			"<CMD>49802700408627002180</CMD>",
			"\f"
		]
	},
	{
		"Index": 51,
		"JPN": [
			"<CMD>6480</CMD>聶肞聎",
			"\f"
		]
	},
	{
		"Index": 52,
		"JPN": [
			"<CMD>6480</CMD>肟聎",
			"\f"
		]
	},
	{
		"Index": 53,
		"JPN": [
			"<CMD>6480</CMD>肠聎",
			"\f"
		]
	}
]