[
	{
		"Index": 50,
		"JPN": [
			"<CMD>098027000180</CMD>",
			"…………<BREAK>…ぁ…",
			"…………<BREAK>…ぇ…",
			"\f"
		]
	},
	{
		"Index": 53,
		"JPN": [
			"おや<BREAK><CMD>f481</CMD>くん<BREAK>どうかしましたか？",
			"ほう…<BREAK><CMD>008027000580</CMD>{森|もり}<CMD>008027000180</CMD>の{中|なか}でフシギな{声|こえ}を<BREAK>{聞|き}いたのですか",
			"{声|こえ}がするのに<BREAK>すがたが{見|み}えないとは…<BREAK>フシギな{話|はなし}ですね",
			"ふむ<BREAK>そういえば…<BREAK>こんな{話|はなし}があります",
			"{遠|とお}いむかしのこと…",
			"<CMD>008027000580</CMD>{森|もり}<CMD>008027000180</CMD>には　とても<BREAK>{小|ちい}さな{人|ひと}たちが<BREAK>おおぜい{住|す}んでいました",
			"その{小|ちい}さな{人|ひと}たちのことを<BREAK><CMD>008027000380</CMD>コロボックル<CMD>008027000180</CMD>と<BREAK>いいました",
			"しかし　<CMD>008027000380</CMD>コロボックル<CMD>008027000180</CMD>たちは<BREAK>いつのまにか　<CMD>008027000580</CMD>{森|もり}<CMD>008027000180</CMD>から<BREAK>いなくなってしまったのです",
			"<CMD>138027002a9b</CMD>",
			"\f"
		]
	},
	{
		"Index": 54,
		"JPN": [
			"わたしが{生|う}まれるよりも<BREAK>ずっと{前|まえ}の{話|はなし}です",
			"<CMD>008027000380</CMD>コロボックル<CMD>008027000180</CMD>について<BREAK>もっと{知|し}りたいのですか？",
			"うーん…　なにしろ<BREAK>ただのでんせつですから<BREAK>くわしいことは…",
			"そうそう<BREAK>ひとつ{思|おも}い{出|だ}しました",
			"たしか<CMD>008027000380</CMD>コロボックル<CMD>008027000180</CMD>は<BREAK>{雨|あめ}が{大|だい}すきだそうです",
			"だから<BREAK>{天気|てんき}のいい{日|ひ}は…",
			"<CMD>008027000380</CMD>コロボックル<CMD>008027000180</CMD>には<BREAK>ぎゃくに<BREAK>つらいのかもしれませんね",
			"\f"
		]
	},
	{
		"Index": 56,
		"JPN": [
			"<CMD>098027000180</CMD>",
			"…………<BREAK>…ぁ…",
			"…め…",
			"…ぁ…め…",
			"…………<BREAK>…あ…め…",
			"\f"
		]
	},
	{
		"Index": 58,
		"JPN": [
			"<CMD>16802700e58f27005581</CMD>ありがとう<BREAK>{大|おお}きな{人|ひと}",
			"{雨|あめ}をふらせてくれて<BREAK>{助|たす}かりました",
			"<CMD>16802700e58f27006981</CMD>ボクは<CMD>008027000380</CMD>コロボックル<CMD>008027000180</CMD>です<BREAK>あなたは？",
			"<CMD>f481</CMD>と<BREAK>いうのですか",
			"ホントに<BREAK>ありがとうございます<BREAK><CMD>f481</CMD>",
			"<CMD>16802700e58f27003081</CMD>{実|じつ}はここに{来|く}るのに<BREAK>ちゃんと{日|ひ}でりのたいさくを<BREAK>してこなかったもので…",
			"{今日|きょう}はこんな{天気|てんき}ですから<BREAK>{体|からだ}のぐあいが{悪|わる}くなって<BREAK>しまったのです",
			"そんなわけで<BREAK><CMD>008027000580</CMD>{森|もり}<CMD>008027000180</CMD>に{来|き}た{大|おお}きな{人|ひと}たちに<BREAK>{助|たす}けをもとめていたのですが",
			"みなさん　ボクの{声|こえ}が<BREAK>よく{聞|き}こえなかったみたいで",
			"<CMD>138027002f9b</CMD>",
			"\f"
		]
	},
	{
		"Index": 59,
		"JPN": [
			"<CMD>16802700e58f27002d81</CMD>ボクの{声|こえ}<BREAK>そんなに{小|ちい}さいですか？",
			"まあ　それにくわえて<BREAK>さらに<BREAK>{弱|よわ}っていましたから…",
			"{聞|き}こえにくかったのかも<BREAK>しれませんね",
			"あ　でも<BREAK>もうダイジョウブです",
			"<CMD>f481</CMD>が<BREAK>ふらせてくれた{雨|あめ}に<BREAK>あたったので",
			"<CMD>16802700e58f27004181</CMD>すっかり{元気|げんき}に<BREAK>なりました<BREAK>ありがとう",
			"\f"
		]
	},
	{
		"Index": 60,
		"JPN": [
			"<CMD>16802700e58f27006981</CMD>え？　{晴|は}れた{日|ひ}に{弱|よわ}いのに<BREAK>どうして<BREAK>この<CMD>008027000580</CMD>{森|もり}<CMD>008027000180</CMD>に{来|き}たのかって？",
			"この<CMD>008027000580</CMD>{森|もり}<CMD>008027000180</CMD>は<BREAK>ボクたち<CMD>008027000380</CMD>コロボックル<CMD>008027000180</CMD>の<BREAK>こきょうなのです",
			"ボクたちは{今|いま}では<BREAK>もっと{雨|あめ}の{多|おお}い<BREAK>べつの{世界|せかい}に{住|す}んでいます",
			"でも　この{世界|せかい}の<BREAK>この<CMD>008027000580</CMD>{森|もり}<CMD>008027000180</CMD>が<BREAK>こきょうなんです",
			"だからときどき<BREAK>こきょうがこいしくなって<BREAK>もどってくるのです",
			"<CMD>16802700e58f27005581</CMD>だって　こきょうの<BREAK>{魚|さかな}の{味|あじ}はサイコウですから",
			"<CMD>16802700e58f27005681</CMD>あ　そうだ<BREAK>{魚|さかな}！",
			"{助|たす}けてもらったのに<BREAK>こんなことをたのむのも<BREAK>{気|き}がひけるのですが…",
			"<CMD>16802700e58f27006981</CMD>{魚|さかな}が{手|て}に{入|はい}らない<BREAK>でしょうか？",
			"こきょうの{魚|さかな}を<BREAK>おみやげにしたいのです",
			"<CMD>f481</CMD><BREAK>おねがいします",
			"どうかボクに<BREAK>{魚|さかな}を{持|も}ってきてください",
			"\f"
		]
	},
	{
		"Index": 61,
		"JPN": [
			"<CMD>49802700c68b27000680</CMD>",
			"\f"
		]
	},
	{
		"Index": 62,
		"JPN": [
			"<CMD>f481</CMD><BREAK>{魚|さかな}を{持|も}ってきてください<BREAK>おねがいします",
			"\f"
		]
	},
	{
		"Index": 63,
		"JPN": [
			"<CMD>16802700e58f27004181</CMD>うわー！　{魚|さかな}だ！<BREAK>とってもおいしそう",
			"<CMD>16802700e58f27005581</CMD>ありがとう！<BREAK>ホントにありがとう<BREAK><CMD>f481</CMD>",
			"{助|たす}けてもらった{上|うえ}に<BREAK>{魚|さかな}までもらって<BREAK>なんてお{礼|れい}を{言|い}ったらいいのか",
			"おかげで　むこうの{世界|せかい}の<BREAK>みんなに　いいおみやげが<BREAK>できました",
			"これはささやかですが<BREAK>お{礼|れい}です<BREAK>どうか{受|う}け{取|と}ってください",
			"\f"
		]
	},
	{
		"Index": 64,
		"JPN": [
			"それでは　ボクは<BREAK>{雨|あめ}の{多|おお}い{世界|せかい}に{帰|かえ}ります",
			"<CMD>16802700e58f27005581</CMD>お{世話|せわ}になりました<BREAK>さようなら<BREAK><CMD>f481</CMD>",
			"\f"
		]
	},
	{
		"Index": 66,
		"JPN": [
			"<CMD>16802700e58f27005681</CMD>あれ　もちものが<BREAK>いっぱいじゃないですか<BREAK>これじゃ　わたせないですね",
			"もちものを{整理|せいり}してから<BREAK>またきてください",
			"\f"
		]
	},
	{
		"Index": 67,
		"JPN": [
			"<CMD>16802700e58f27006981</CMD>もちものは<BREAK>{整理|せいり}してきましたか？",
			"\f"
		]
	},
	{
		"Index": 68,
		"JPN": [
			"<CMD>16802700e58f27005581</CMD>よかった　じゃあこんどこそ<BREAK>お{礼|れい}をおわたしします",
			"\f"
		]
	}
]