[
	{
		"Index": 0,
		"JPN": [
			"<CMD>16802700a28f27005581</CMD>おう　お{前|まえ}はたしか<BREAK>オレがみとめた　おかしフリークの<BREAK><CMD>0482</CMD>じゃないか　へへへ…",
			"<CMD>16802700a28f27006981</CMD>どうだ？　お{前|まえ}のおかしへの<BREAK>アツいジョウネツをかけて<BREAK>オレと{勝負|しょうぶ}してみないか？",
			"\f"
		]
	},
	{
		"Index": 1,
		"JPN": [
			"{真|しん}のおかし{好|ず}きは<BREAK>{自分|ジブン}が{食|た}べるだけじゃなくて<BREAK>{人|ヒト}にあたえることもできるもんだ",
			"ほしがっているヤツを<BREAK>その{目|め}で{見|み}ぬき　すぐさま<BREAK>すくいの{手|て}をさしのべる…",
			"<CMD>16802700a28f27005581</CMD>だれよりも{早|はや}く<BREAK>それができるヤツこそが<BREAK>{真|しん}のおかし{好|ず}きを　{名|な}のれるのさ",
			"<CMD>16802700a28f27007e81</CMD>へへへ…　そう{思|おも}わないか？<BREAK>{思|おも}うなら　オレと{勝負|しょうぶ}だぜ",
			"\f"
		]
	},
	{
		"Index": 2,
		"JPN": [
			"<CMD>16802700a28f27007d81</CMD>なんだ　わからなかったのか<BREAK>しょうがない　もう{一度|いちど}<BREAK>せつめいするぞ…",
			"\f"
		]
	},
	{
		"Index": 3,
		"JPN": [
			"<CMD>16802700a28f27005581</CMD>よし　いいぜそのコンジョウ！",
			"ただし　{勝負|しょうぶ}する{時|とき}は<BREAK>{持|も}ち{物|もの}を１つ<BREAK>あけてくるんだ　いいな？",
			"ジュンビができたら<BREAK>またオレに{話|はな}しかけてくれ<BREAK>そうしたらスタートだぜ",
			"\f"
		]
	},
	{
		"Index": 4,
		"JPN": [
			"<CMD>16802700a28f27007e81</CMD>へへへ　どうやら<BREAK>ジュンビができたようだな？",
			"\f"
		]
	},
	{
		"Index": 5,
		"JPN": [
			"{持|も}ち{物|もの}もあいてるようだし…<BREAK>それじゃあ　<CMD>008027000580</CMD>まち<CMD>008027000180</CMD>のヤツにわたす<BREAK>３つのおかしをわたすぜ",
			"<CMD>16802700a28f27005581</CMD>これが　<CMD>fb8127003b94</CMD>だ<BREAK>ほっぺたがおちるあまさだぜ<BREAK>へへへ…",
			"\f"
		]
	},
	{
		"Index": 6,
		"JPN": [
			"{持|も}ち{物|もの}もあいてるようだし…<BREAK>それじゃあ　<CMD>008027000580</CMD>まち<CMD>008027000180</CMD>のヤツにわたす<BREAK>３つのおかしをわたすぜ",
			"<CMD>16802700a28f27007e81</CMD>これが　<CMD>fb8127003c94</CMD>だ<BREAK>しびれるからさだぜ<BREAK>へへへ…",
			"\f"
		]
	},
	{
		"Index": 7,
		"JPN": [
			"{持|も}ち{物|もの}もあいてるようだし…<BREAK>それじゃあ　<CMD>008027000580</CMD>まち<CMD>008027000180</CMD>のヤツにわたす<BREAK>３つのおかしをわたすぜ",
			"<CMD>16802700a28f27005581</CMD>これが　<CMD>fb8127003d94</CMD>だ<BREAK>クセになるしょっぱさだぜ<BREAK>へへへ…",
			"\f"
		]
	},
	{
		"Index": 8,
		"JPN": [
			"{持|も}ち{物|もの}もあいてるようだし…<BREAK>それじゃあ　<CMD>008027000580</CMD>まち<CMD>008027000180</CMD>のヤツにわたす<BREAK>３つのおかしをわたすぜ",
			"<CMD>16802700a28f27007e81</CMD>これが　<CMD>fb8127003e94</CMD>だ<BREAK>しげきてきなすっぱさだぜ<BREAK>へへへ…",
			"\f"
		]
	},
	{
		"Index": 9,
		"JPN": [
			"<CMD>16802700a28f27005581</CMD>もうあとには　ひけないぜ？<BREAK>オレとお{前|まえ}と　どっちが<BREAK>{真|しん}のおかし{好|ず}きか　{勝負|しょうぶ}だ！",
			"\f"
		]
	},
	{
		"Index": 10,
		"JPN": [
			"<CMD>16802700a28f27002d81</CMD>おいおい…　{持|も}ち{物|もの}に１つ<BREAK>あきを{作|つく}ってきてくれよ<BREAK>これじゃ　おかしをわたせないぜ",
			"{持|も}ち{物|もの}を{整理|せいり}してから<BREAK>また{来|き}てくれよな",
			"\f"
		]
	},
	{
		"Index": 11,
		"JPN": [
			"まだおかしがのこっているのに<BREAK>ずいぶんとヨユウだな",
			"<CMD>16802700a28f27007e81</CMD>さっさとそのおかしを<BREAK>わたしてきたほうが<BREAK>{身|み}のためだと{思|おも}うぜ　へへへ…",
			"\f"
		]
	},
	{
		"Index": 12,
		"JPN": [
			"<CMD>16802700a28f27005981</CMD>なんだって？！<BREAK>お{前|まえ}はもう　３つとも<BREAK>わたし{終|お}わったのか…？！",
			"<CMD>16802700a28f27002f81</CMD>フッ　まさかこのオレが<BREAK>やぶれるとはな<BREAK>くやしいがみとめよう…",
			"ショウリのアカシとして<BREAK>これをお{前|まえ}に　わたしたい…<BREAK>{受|う}け{取|と}ってくれ！",
			"\f"
		]
	},
	{
		"Index": 13,
		"JPN": [
			"ん？　わたし{終|お}わったのか？<BREAK>さすがだなと{言|い}いたいところだが…",
			"<CMD>16802700a28f27007f81</CMD>あいにくオレの{方|ほう}が<BREAK>{先|さき}に　わたし{終|お}わっていたのだ<BREAK>ザンネンだったな",
			"{今回|こんかい}の{勝負|しょうぶ}は<BREAK>オレの{勝|か}ちというわけだ<BREAK>またのチョウセンを{待|ま}っているぜ",
			"\f"
		]
	},
	{
		"Index": 14,
		"JPN": [
			"<CMD>16802700a28f27007d81</CMD>{次|つぎ}こそは…<BREAK>お{前|まえ}に{勝|か}ってみせるとも",
			"そのために　オレは{今|いま}から<BREAK>{真|しん}のおかし{好|ず}きになるための<BREAK>シュギョウに{出|で}る",
			"<CMD>16802700a28f27005681</CMD>{明日|あした}　オレはもっとアツい<BREAK>ジョウネツを{手|て}にしてもどってくる<BREAK>その{時|とき}は{勝負|しょうぶ}だ！",
			"\f"
		]
	},
	{
		"Index": 15,
		"JPN": [
			"<CMD>16802700a28f27005581</CMD>また{勝負|しょうぶ}するんだな？<BREAK>それでこそお{前|まえ}らしいぜ",
			"\f"
		]
	},
	{
		"Index": 16,
		"JPN": [
			"<CMD>16802700a28f27002d81</CMD>なんだよ<BREAK>{持|も}ち{物|もの}がいっぱいなのか…",
			"ザンネンだな<BREAK>{持|も}ち{物|もの}にあきがあれば<BREAK>{良|よ}いものをわたせたのに…",
			"<CMD>16802700a28f27007f81</CMD>まぁ　しかたない",
			"\f"
		]
	},
	{
		"Index": 17,
		"JPN": [
			"まず　お{前|まえ}に<BREAK>３つのおかしをわたそう<BREAK>オレも３つ　おかしを{持|も}つ",
			"<CMD>008027000580</CMD>まち<CMD>008027000180</CMD>を{回|まわ}って　そのおかしを<BREAK>ほしがっているヤツにわたしていく<BREAK>…という{勝負|しょうぶ}だ",
			"おかしには　４しゅるいの<BREAK>{味|あじ}があるが　そのうち<BREAK>１しゅるいだけを　くばってもらう",
			"<CMD>16802700a28f27005581</CMD>わたす{相手|あいて}の{好|この}みにあわないと<BREAK>うけとってくれないこともあるから<BREAK>そこを{見|み}ぬけるかがポイントだな",
			"おかしを{全部|ぜんぶ}わたしたら<BREAK>オレに{話|はな}しかけてくれ",
			"その{時|とき}に　オレとお{前|まえ}<BREAK>どちらがはやく　おかしを<BREAK>わたし{終|お}えたか　{分|わ}かるはずだ",
			"<CMD>16802700a28f27006981</CMD>ルールのせつめいは<BREAK>これでおしまいだ<BREAK>わかったか？",
			"<CMD>13802700429a</CMD>",
			"\f"
		]
	},
	{
		"Index": 18,
		"JPN": [
			"<CMD>49802700318427000a80</CMD>",
			"\f"
		]
	},
	{
		"Index": 19,
		"JPN": [
			"<CMD>49802700318427001480</CMD>",
			"\f"
		]
	},
	{
		"Index": 20,
		"JPN": [
			"<CMD>49802700318427001e80</CMD>",
			"\f"
		]
	},
	{
		"Index": 22,
		"JPN": [
			"<CMD>3780</CMD>",
			"わかった<CMD>13802700ffff</CMD>",
			"わからない<CMD>13802700ffff</CMD>",
			"\f"
		]
	},
	{
		"Index": 23,
		"JPN": [
			"<CMD>18802700729b27000180</CMD><CMD>17802700729b270001802700048027000180</CMD><CMD>16802700729b27004181</CMD>ありがとう！<BREAK>{何|なに}か{食|た}べたいと<BREAK>{思|おも}っていた<CMD>ff8127000280</CMD><CMD>4f80</CMD>",
			"\f"
		]
	},
	{
		"Index": 24,
		"JPN": [
			"<CMD>18802700729b27000080</CMD><CMD>17802700729b2700b28027000a8027000180</CMD><CMD>16802700729b27006981</CMD>さっきもらってるから<BREAK>もういい<CMD>ff8127000280</CMD><BREAK>{他|ほか}の{人|ヒト}にあげて<CMD>4f80</CMD><CMD>ff8127000480</CMD>？",
			"\f"
		]
	},
	{
		"Index": 25,
		"JPN": [
			"<CMD>18802700729b27000580</CMD><CMD>17802700729b2700aa8027000a8027000180</CMD><CMD>16802700729b27002d81</CMD>うーん　その{味|あじ}は<BREAK>このみじゃないから<BREAK>えんりょしておく<CMD>ff8127000280</CMD><CMD>4f80</CMD>",
			"\f"
		]
	},
	{
		"Index": 26,
		"JPN": [
			"<CMD>18802700729b27000180</CMD><CMD>17802700729b2700ad802700068027000280</CMD><CMD>16802700729b27005581</CMD>え？　これくれる<CMD>ff8127000380</CMD>？<BREAK>ありがとう！<CMD>4f80</CMD>",
			"\f"
		]
	},
	{
		"Index": 27,
		"JPN": [
			"<CMD>18802700729b27000580</CMD><CMD>17802700729b2700aa8027000a8027000180</CMD><CMD>16802700729b27002d81</CMD>ごめんなさい<CMD>ff8127000080</CMD><BREAK>{太|ふと}るかもしれないから<BREAK>もういらない<CMD>ff8127000280</CMD><CMD>4f80</CMD>",
			"\f"
		]
	},
	{
		"Index": 28,
		"JPN": [
			"<CMD>18802700729b27000580</CMD><CMD>17802700729b2700aa8027000a8027000180</CMD><CMD>16802700729b27002d81</CMD>あまりそういうおかし<BREAK>すきじゃない<CMD>ff8127000280</CMD><CMD>4f80</CMD>",
			"\f"
		]
	},
	{
		"Index": 30,
		"JPN": [
			"<CMD>16802700a28f27007e81</CMD>おっと　その{前|まえ}に<BREAK>ルールをせつめいしないとな",
			"\f"
		]
	},
	{
		"Index": 32,
		"JPN": [
			"<CMD>18802700729b27000080</CMD><CMD>17802700729b2700b28027000a8027000180</CMD><CMD>16802700729b27006981</CMD>その　おかしを<CMD>028227000080</CMD>に<BREAK>くれる<CMD>ff8127000380</CMD>？",
			"\f"
		]
	},
	{
		"Index": 35,
		"JPN": [
			"<CMD>16802700a28f27007d81</CMD>{次|つぎ}こそは…<BREAK>お{前|まえ}に{勝|か}ってみせるとも",
			"そのために　オレは{今|いま}から<BREAK>{真|しん}のおかし{好|ず}きになるための<BREAK>シュギョウに{出|で}る",
			"<CMD>16802700a28f27005681</CMD>いつか　オレはもっとアツい<BREAK>ジョウネツを{手|て}にしてもどってくる<BREAK>その{時|とき}は{勝負|しょうぶ}だ！",
			"\f"
		]
	},
	{
		"Index": 50,
		"JPN": [
			"<CMD>49802700c28b27000380</CMD>",
			"\f"
		]
	},
	{
		"Index": 51,
		"JPN": [
			"<CMD>16802700e28f27003081</CMD>うう…<BREAK>おなかがへって<BREAK>これいじょう{動|うご}けない…",
			"\f"
		]
	},
	{
		"Index": 52,
		"JPN": [
			"<CMD>49802700c28b27000480</CMD>",
			"\f"
		]
	},
	{
		"Index": 53,
		"JPN": [
			"<CMD>16802700e28f27006981</CMD>やぁ…<BREAK><CMD>f481</CMD>だったね<BREAK>{元気|げんき}にしてる？",
			"<CMD>16802700e28f27002d81</CMD>ボクはおなかがへって<BREAK>ぜんぜん{動|うご}けないんだ",
			"\f"
		]
	},
	{
		"Index": 54,
		"JPN": [
			"<CMD>16802700e28f27005681</CMD>くんくん…　なんだか<BREAK>おいしそうなにおいがする！",
			"<CMD>16802700e28f27005581</CMD>あっ！　それは<CMD>008027000480</CMD>おモチ<CMD>008027000180</CMD>だね！<BREAK>よかったらボクに<BREAK>{一口|ひとくち}くれないかな",
			"\f"
		]
	},
	{
		"Index": 55,
		"JPN": [
			"<CMD>16802700e28f27007f81</CMD>そんな…　ひどいよ…<BREAK>こんないいにおいなのに<BREAK>{食|た}べられないなんてザンコクだよ…",
			"おいしい<CMD>008027000480</CMD>おモチ<CMD>008027000180</CMD>が<BREAK>ほんのちょっとだけでも<BREAK>{食|た}べたいなぁ…",
			"\f"
		]
	},
	{
		"Index": 56,
		"JPN": [
			"<CMD>16802700e28f27004181</CMD>うーん！<BREAK>やっぱり<CMD>008027000480</CMD>おモチ<CMD>008027000180</CMD>は<BREAK>とってもおいしいね",
			"<CMD>16802700e28f27005581</CMD>おかげでボクも<BREAK>{力|ちから}がモリモリ　わいてきたよ<BREAK>ありがとう！",
			"…………　はぁ…　でも…<BREAK>ボクだけ{元気|げんき}になったって<BREAK>しかたないよね",
			"ボクは　みんなを<BREAK>{幸|しあわ}せにしたくて<BREAK>ここに{来|き}たはずなんだし",
			"<CMD>16802700e28f27003081</CMD>それができないなら<BREAK>ボクは{何|なん}のために<BREAK>いることになるんだ…",
			"やけてプックリ<BREAK>ふくらんだ<CMD>008027000480</CMD>おモチ<CMD>008027000180</CMD>が<BREAK>プシュー　って　しぼむみたいに",
			"このままだとボクの{心|こころ}も<BREAK>かたく　{小|ちい}さく<BREAK>パリパリになってくるみたいだ…",
			"ねぇ…　<CMD>f481</CMD><BREAK>もうひとつ<BREAK>おねがいがあるんだけど",
			"<CMD>16802700e28f27006981</CMD>だれかボクに<BREAK>{頭|あたま}をかませてくれる{人|ひと}<BREAK>つれてきてくれないかな",
			"できるだけたくさんの{人|ひと}を<BREAK>{幸|しあわ}せにしたいから<BREAK>{人数|にんずう}は{多|おお}いほうがいいなぁ",
			"\f"
		]
	},
	{
		"Index": 57,
		"JPN": [
			"<CMD>49802700c28b27000580</CMD>",
			"\f"
		]
	},
	{
		"Index": 58,
		"JPN": [
			"<CMD>16802700e28f27006981</CMD><CMD>f481</CMD><BREAK>かませてくれる{人|ひと}は<BREAK>ぜんぜん{見|み}つからないの？",
			"<CMD>16802700e28f27003081</CMD>そっか…<BREAK>みんな　ボクのことが<BREAK>そんなにこわいのかな…",
			"この{大|おお}きな{口|くち}と<BREAK>いばった{鼻|はな}を<BREAK>なんだかうらめしく{思|おも}うよ",
			"<CMD>16802700e28f27002f81</CMD>もっと　ととのった<BREAK>ハンサムな{顔|かお}だったら<BREAK>みんな{近|ちか}づいてくれるのかな…",
			"あぁ…　だれか{頭|あたま}を<BREAK>かませてほしいなぁ…",
			"\f"
		]
	},
	{
		"Index": 59,
		"JPN": [
			"やっぱりボクは<BREAK>だれかをかんであげてこそ<BREAK><CMD>008027000380</CMD>ししまい<CMD>008027000180</CMD>でいられるんだ",
			"<CMD>16802700e28f27005581</CMD>たくさんの{人|ひと}を<BREAK>この{口|くち}で　{幸|しあわ}せにできたら<BREAK>どんなことよりもうれしいなぁ",
			"\f"
		]
	},
	{
		"Index": 60,
		"JPN": [
			"<CMD>16802700e28f27005681</CMD>ありがとう！　ボクのために<BREAK>つれてきてくれたんだね<BREAK>かみがいのありそうな{頭|あたま}だな～",
			"<CMD>16802700e28f27005581</CMD>それじゃ　ふたりともいくよ？<BREAK>{幸|しあわ}せが　{来|き}ますように…！<BREAK>せーのっ！",
			"\f"
		]
	},
	{
		"Index": 61,
		"JPN": [
			"<CMD>16802700e28f27005581</CMD>また{明日来|あしたき}てくれたら<BREAK>ボクがかんであげるね",
			"そのときはもう<BREAK>ボクをヘンなヤツだって<BREAK>{思|おも}わないでくれるよね",
			"\f"
		]
	},
	{
		"Index": 62,
		"JPN": [
			"<CMD>16802700e28f27006981</CMD>あれ？　キミが{連|つ}れている{人|ひと}は<BREAK>たしか　さっきボクが<BREAK>{頭|あたま}をかんだ{人|ひと}だよね？",
			"ごめんね　ボクが{幸|しあわ}せを<BREAK>キミにあげられるのは<BREAK>１{日|にち}に１{回|かい}なんだ",
			"ただしキミが{他|ほか}のだれかを<BREAK>{連|つ}れてきてくれたなら<BREAK>またかんであげるよ",
			"\f"
		]
	},
	{
		"Index": 63,
		"JPN": [
			"<CMD>16802700e28f27005581</CMD><CMD>f481</CMD>と{出会|であ}ってから<BREAK>{今|いま}の{人|ひと}で　もう１０{人|にん}も<BREAK>かませてもらったよ",
			"だれにも　わかってもらえなくて<BREAK>にげまわっていたころを<BREAK>{思|おも}い{出|だ}すと…",
			"ちゃんとみんなに<BREAK>{幸|しあわ}せをあげることができて<BREAK>ホントにうれしいなぁ",
			"<CMD>16802700e28f27004181</CMD>これも{全部|ぜんぶ}<BREAK><CMD>f481</CMD>のおかげだね<BREAK>ありがとう…！",
			"いつかひとりで　できるように<BREAK>もっとセッキョクテキに<BREAK>はりきっていかなきゃ",
			"<CMD>16802700e28f27003081</CMD>やっぱり{弱気|よわき}になると<BREAK>{自分|じぶん}にも　みんなにも<BREAK>いいことがないんだなぁ…",
			"あっ　そういえば<BREAK><CMD>f481</CMD>にボクから<BREAK>プレゼントがあるよ",
			"<CMD>16802700e28f27005681</CMD>ふたりでがんばって<BREAK>みんなを<BREAK>{幸|しあわ}せにしてきたアカシ…！",
			"\f"
		]
	},
	{
		"Index": 64,
		"JPN": [
			"エンリョしないで<BREAK>{使|つか}ってほしいなぁ",
			"\f"
		]
	},
	{
		"Index": 66,
		"JPN": [
			"<CMD>16802700e28f27006981</CMD>あれ…　キミはいったい<BREAK>{何|なに}をしにきたの？<BREAK>{名前|なまえ}は…？",
			"そうか…<BREAK><CMD>f481</CMD>っていうのか…",
			"はぁ…<BREAK>ボクもホントはこんなこと<BREAK>している{場合|ばあい}じゃないのに",
			"…………ところで<BREAK><CMD>f481</CMD>はボクのこと<BREAK>だれだか{知|し}ってる？",
			"ボクは<CMD>008027000380</CMD>ししまい<CMD>008027000180</CMD><BREAK>もともと　{幸|しあわ}せをもたらす<BREAK>エンギモノなんだ",
			"<CMD>16802700e28f27005581</CMD>この{大|おお}きな{口|くち}で<BREAK>{頭|あたま}をかんであげると<BREAK>その{人|ひと}には{幸|しあわ}せが{来|く}るんだよ",
			"でも　みんな<BREAK>そのことを{知|し}らないみたい…",
			"<CMD>16802700e28f27002d81</CMD>かくれたり　にげたり<BREAK>しまいには{追|お}いかけてきたり<BREAK>ボクの{顔|かお}ってそんなにコワイかな…",
			"ボクは　みんなを<BREAK>{幸|しあわ}せにしたいから<BREAK>{頭|あたま}をかませてほしいだけなんだ",
			"<CMD>16802700e28f27003081</CMD>それなのに…<BREAK>はぁ…　こまった…<BREAK>{走|はし}り{回|まわ}って　つかれたし",
			"<CMD>16802700e28f27007f81</CMD>せめて　<CMD>008027000480</CMD>おモチ<CMD>008027000180</CMD>が{食|た}べれたら<BREAK>{少|すこ}しは{元気|げんき}も<BREAK>わいてくるのになぁ…",
			"\f"
		]
	},
	{
		"Index": 67,
		"JPN": [
			"このままここで<BREAK>ほこりをかぶったオキモノにでも<BREAK>なってしまいそうだ",
			"<CMD>16802700e28f27003081</CMD>あぁ…　<CMD>008027000480</CMD>おモチ<CMD>008027000180</CMD>が<BREAK>{食|た}べたいなぁ…",
			"\f"
		]
	},
	{
		"Index": 69,
		"JPN": [
			"<CMD>16802700e28f27005681</CMD>あれ？　<CMD>f481</CMD><BREAK>もちものが<BREAK>いっぱいみたいだよ",
			"もちものを{整理|せいり}してから<BREAK>またボクのところに{来|き}てね<BREAK>{待|ま}ってるよ！",
			"\f"
		]
	},
	{
		"Index": 70,
		"JPN": [
			"<CMD>16802700e28f27006981</CMD><CMD>f481</CMD><BREAK>もちものは<BREAK>{整理|せいり}してあるかな？",
			"\f"
		]
	},
	{
		"Index": 71,
		"JPN": [
			"<CMD>16802700e28f27005581</CMD>じゃあ　これあげるね！<BREAK>ふたりでがんばった<BREAK>アカシだよ！",
			"\f"
		]
	}
]