[
	{
		"Index": 0,
		"JPN": [
			"<CMD>49802700c98b27000380</CMD>",
			"\f"
		]
	},
	{
		"Index": 1,
		"JPN": [
			"<CMD>16802700b78f27005681270088ff</CMD>ん？　あんた　だーれ？<BREAK>あたしに　ひどいこと<BREAK>しないぃ？",
			"よかったぁ<BREAK>りくには　らんぼうな{人|ひと}が<BREAK>{多|おお}いってゆーし",
			"<CMD>16802700b78f27006981270088ff</CMD>ちょーやさしそうな{人|ひと}と<BREAK>{会|あ}えてよかったってゆーか<BREAK>{名前|なまえ}は？",
			"ふーん<BREAK><CMD>f481</CMD>って<BREAK>いうんだぁ？",
			"あたし？<BREAK>あたしは<BREAK><CMD>008027000380</CMD>マーメイド<CMD>008027000180</CMD>よ",
			"<CMD>16802700b78f27006981270088ff</CMD>なーに？<BREAK>この{島|しま}に{泳|およ}いできたのは<BREAK>あたしなのかって？",
			"そーだけど<BREAK>それがどうかしたのぉ？",
			"あたしたち<CMD>008027000380</CMD>マーメイド<CMD>008027000180</CMD>は<BREAK>{海|うみ}にすんでいるから<BREAK>ふつーのことよ？",
			"<CMD>16802700b78f27003081270088ff</CMD>そのかわり　りくの{上|うえ}だと<BREAK>あんまり{動|うご}けないけどー",
			"じゃあ　なんで{今|いま}<BREAK>ここにいるのかって？",
			"<CMD>13802700be9b</CMD>",
			"\f"
		]
	},
	{
		"Index": 2,
		"JPN": [
			"<CMD>16802700b78f27004181270088ff</CMD>{実|じつ}はあたし<BREAK>{花|はな}というものを<BREAK>{見|み}にきたのー！",
			"りくには　お{花|はな}っていう<BREAK>とってもきれいなものが<BREAK>あるんでしょ？",
			"<CMD>16802700b78f27002f81270088ff</CMD>でも　{今言|いまい}ったように<BREAK>あたし　りくでは{遠|とお}くまでは<BREAK>いけないしー",
			"そうだ　<CMD>f481</CMD><BREAK>あたしのおねがいを<BREAK>きいてよ",
			"お{花|はな}をここに<BREAK>{持|も}ってきて<BREAK>{見|み}せてほしいんだー",
			"おねがい<BREAK>きいてくれるー？",
			"<CMD>13802700bf9b</CMD>",
			"\f"
		]
	},
	{
		"Index": 3,
		"JPN": [
			"<CMD>3780</CMD>",
			"はい<CMD>13802700c09b</CMD>",
			"いいえ<CMD>13802700c19b</CMD>",
			"\f"
		]
	},
	{
		"Index": 4,
		"JPN": [
			"<CMD>16802700b78f27004181270088ff</CMD>うれしー！<BREAK>そう{言|い}ってくれると<BREAK>{思|おも}ったー",
			"えーとね<BREAK>どんなお{花|はな}がいいかな…",
			"いろんなお{花|はな}を{見|み}たいけど<BREAK>まずは…<BREAK>{赤|あか}い{花|はな}が{見|み}たいなぁ",
			"<CMD>16802700b78f27005581270088ff</CMD>{赤|あか}いお{花|はな}を{持|も}ってきて",
			"\f"
		]
	},
	{
		"Index": 5,
		"JPN": [
			"<CMD>16802700b78f27003081270088ff</CMD>そんなー<BREAK>そこをなんとか",
			"あたし　もうしばらく<BREAK>ここにいるから　{気|き}が<BREAK>かわったらまた{声|こえ}をかけてよ",
			"\f"
		]
	},
	{
		"Index": 6,
		"JPN": [
			"<CMD>16802700b78f27006981270088ff</CMD><CMD>f481</CMD><BREAK>ひょっとして　{気|き}がかわって<BREAK>おねがいをきいてくれるの？",
			"<CMD>13802700bf9b</CMD>",
			"\f"
		]
	},
	{
		"Index": 7,
		"JPN": [
			"<CMD>49802700c98b27000480</CMD>",
			"\f"
		]
	},
	{
		"Index": 8,
		"JPN": [
			"<CMD>16802700b78f27005681270088ff</CMD>{待|ま}ってたよー！<BREAK><CMD>f481</CMD>",
			"それで　お{花|はな}は<BREAK>{持|も}ってきてくれた？<BREAK>{見|み}せて{見|み}せて！",
			"\f"
		]
	},
	{
		"Index": 9,
		"JPN": [
			"これがお{花|はな}かぁ…<BREAK>とってもきれい<BREAK>だけど…",
			"<CMD>16802700b78f27003081270088ff</CMD>あたしがたのんだ<BREAK>お{花|はな}とはちがうなぁ",
			"あたし<BREAK>{赤|あか}いお{花|はな}を{見|み}たかったの",
			"<CMD>16802700b78f27006981270088ff</CMD>せっかく{持|も}ってきてくれたのに<BREAK>{悪|わる}いんだけどぉ　もう１{回|かい}<BREAK>{行|い}ってきてくんない？",
			"\f"
		]
	},
	{
		"Index": 10,
		"JPN": [
			"<CMD>16802700b78f27006981270088ff</CMD>えー？<BREAK>{持|も}ってきてないの？",
			"なるべく{早|はや}く<BREAK>{赤|あか}いお{花|はな}を<BREAK>{持|も}ってきてね",
			"\f"
		]
	},
	{
		"Index": 11,
		"JPN": [
			"<CMD>16802700b78f27004181270088ff</CMD>きゃー！　ステキー！<BREAK>ちゅうもんどおりの<BREAK>{赤|あか}くてきれいなお{花|はな}！",
			"{思|おも}ったとおり<BREAK>ちょーきれい！<BREAK>カンドー！",
			"このきれいなお{花|はな}を<BREAK>{見|み}ていたら…",
			"<CMD>16802700b78f27005581270088ff</CMD>もっともっと<BREAK>いろいろなお{花|はな}を<BREAK>{見|み}たくなっちゃった",
			"ねー　<CMD>f481</CMD><BREAK>たびたび{悪|わる}いんだけどぉ",
			"べつのお{花|はな}も<BREAK>{持|も}ってきてくれない？",
			"{今度|こんど}は…<BREAK>あまいかおりのする<BREAK>{花|はな}がいいなあ",
			"\f"
		]
	},
	{
		"Index": 12,
		"JPN": [
			"<CMD>49802700c98b27000580</CMD>",
			"\f"
		]
	},
	{
		"Index": 13,
		"JPN": [
			"<CMD>16802700b78f27006981270088ff</CMD><CMD>f481</CMD><BREAK>たのんだお{花|はな}<BREAK>{持|も}ってきてくれたー？",
			"\f"
		]
	},
	{
		"Index": 14,
		"JPN": [
			"これはこれで<BREAK>とってもいいかおりの<BREAK>お{花|はな}だけどぉ…",
			"<CMD>16802700b78f27003081270088ff</CMD>あたしがたのんだ<BREAK>お{花|はな}とはちがうじゃない",
			"あたしは<BREAK>あまいかおりの<BREAK>お{花|はな}がいいの",
			"\f"
		]
	},
	{
		"Index": 15,
		"JPN": [
			"<CMD>16802700b78f27006981270088ff</CMD>{持|も}ってきていないの？",
			"なるべく{早|はや}く<BREAK>あまいかおりのお{花|はな}を<BREAK>{持|も}ってきてね",
			"\f"
		]
	},
	{
		"Index": 16,
		"JPN": [
			"<CMD>16802700b78f27005681270088ff</CMD>なんてあまいかおり…<BREAK>そうぞうどおりってゆーか<BREAK>それいじょう！",
			"<CMD>16802700b78f27004181270088ff</CMD>お{花|はな}ってホントに<BREAK>ステキ！",
			"{地上|ちじょう}はいいなぁ<BREAK>こんなにステキな<BREAK>お{花|はな}があって",
			"<CMD>16802700b78f27005581270088ff</CMD>できれば<BREAK>{地上|ちじょう}のお{花|はな}をぜーんぶ<BREAK>{見|み}たーい！",
			"さすがにそれはムリだろうけど…<BREAK>せめて　たくさんの{花|はな}を<BREAK>{一度|いちど}に{見|み}てみたいなぁ",
			"１りんや　２りんの<BREAK>{花|はな}ではなくて<BREAK>たくさんのお{花|はな}…",
			"ねー　<CMD>f481</CMD><BREAK>これがさいごの<BREAK>おねがい！",
			"あたしに　たくさんの<BREAK>お{花|はな}を{見|み}せて",
			"どうすればそんなことが<BREAK>できるのかって？",
			"それは<BREAK><CMD>f481</CMD>が<BREAK>{考|かんが}えてよ",
			"<CMD>16802700b78f27006981270088ff</CMD>なんか　いいほうほうが<BREAK>あるんじゃない？",
			"\f"
		]
	},
	{
		"Index": 17,
		"JPN": [
			"<CMD>49802700c98b27000680</CMD>",
			"\f"
		]
	},
	{
		"Index": 18,
		"JPN": [
			"{待|ま}っていたわ<BREAK><CMD>f481</CMD>",
			"<CMD>16802700b78f27006981270088ff</CMD>たくさんのお{花|はな}を<BREAK>あたしに{見|み}せるほうほうは<BREAK>{見|み}つかった？",
			"\f"
		]
	},
	{
		"Index": 19,
		"JPN": [
			"<CMD>f481</CMD>が<BREAK>どりょくしていることは<BREAK>わかるんだけどさ…",
			"<CMD>16802700b78f27003081270088ff</CMD>そのやり{方|かた}じゃあ…<BREAK>たくさんのお{花|はな}って<BREAK>わけにはいかないわね",
			"もっとべつのほうほうを<BREAK>{考|かんが}えてみてよ",
			"\f"
		]
	},
	{
		"Index": 20,
		"JPN": [
			"えー？<BREAK><CMD>f481</CMD>でも…",
			"<CMD>16802700b78f27003081270088ff</CMD>たくさんの{花|はな}を<BREAK>{見|み}せてくれることは<BREAK>できないの？",
			"そんなことができる<BREAK>おまじないとか<BREAK>あればいいのに",
			"\f"
		]
	},
	{
		"Index": 21,
		"JPN": [
			"<CMD>16802700b78f27005681270088ff</CMD>うわあ！<BREAK>ちょーステキ！",
			"<CMD>16802700b78f27004181270088ff</CMD>{空|そら}からお{花|はな}が<BREAK>いっぱいふってきた！",
			"<CMD>f481</CMD>が<BREAK>おまじないで<BREAK>ふらせてくれたんだね",
			"<CMD>16802700b78f27005581270088ff</CMD>スゴいスゴい！<BREAK>とってもきれい！<BREAK>ちょーゆめみたい",
			"おかげであたしの<BREAK>のぞみがかなっちゃった<BREAK>ホントにありがとう！",
			"{何度|なんど}も{何度|なんど}も<BREAK>わたしのワガママを<BREAK>{聞|き}いてくれて",
			"ちょーカンシャ<BREAK>しているわよ<BREAK><CMD>f481</CMD>",
			"これ　よかったら<BREAK>{受|う}けとって",
			"\f"
		]
	},
	{
		"Index": 22,
		"JPN": [
			"それじゃ　あたしは<BREAK>{海|うみ}に{帰|かえ}るけど",
			"<CMD>16802700b78f27005581270088ff</CMD><CMD>f481</CMD>のことは<BREAK>わすれないから",
			"さようなら<BREAK><CMD>f481</CMD>",
			"\f"
		]
	},
	{
		"Index": 24,
		"JPN": [
			"なーに？　せっかく{人|ひと}が<BREAK>お{礼|れい}をあげよーとしてんのに<BREAK>もちものいっぱいなのぉ？",
			"<CMD>16802700b78f27003081270088ff</CMD>もう　しょーがないなぁ<BREAK>カバンを{整理|せいり}してから<BREAK>また{来|き}てよね",
			"\f"
		]
	},
	{
		"Index": 25,
		"JPN": [
			"<CMD>16802700b78f27006981270088ff</CMD>カバン　{整理|せいり}してきた？",
			"\f"
		]
	},
	{
		"Index": 26,
		"JPN": [
			"じゃあ{今度|こんど}こそ<BREAK>これ　{受|う}けとってね",
			"\f"
		]
	},
	{
		"Index": 50,
		"JPN": [
			"<CMD>49802700ca8b27000480</CMD>",
			"\f"
		]
	},
	{
		"Index": 51,
		"JPN": [
			"<CMD>16802700e68f27007f81</CMD>メソメソ…<BREAK>メソメソ…",
			"なんだよぉ…　きみたち<BREAK>だれだこいつ　みたいな{目|め}で<BREAK>おいらのこと{見|み}ちゃってさ…",
			"<CMD>16802700e68f27003081</CMD>そうだよ…<BREAK>どうせおいらは<BREAK><CMD>008027000380</CMD>びんぼうがみ<CMD>008027000180</CMD>だよ…",
			"\f"
		]
	},
	{
		"Index": 52,
		"JPN": [
			"<CMD>16802700e68f27007f81</CMD>メソメソ…<BREAK>メソメソ…<BREAK>わかったよ…",
			"<CMD>16802700e68f27006981</CMD>ところで　ここは<BREAK>きみのお{店|みせ}なのかな…？<BREAK>{名前|なまえ}は{何|なん}ていうの？",
			"そっか　<CMD>f481</CMD><BREAK>っていうんだね<BREAK>",
			"あのね　<CMD>f481</CMD><BREAK>もともとおいらは<BREAK>ふくのかみ　といって…",
			"{商売|しょうばい}だいはんじょうの<BREAK>かみさまだったんだよ",
			"<CMD>16802700e68f27003081</CMD>だけど<BREAK>{大事|だいじ}なつりざおを<BREAK>なくしちゃって…",
			"めでたい{魚|さかな}の<BREAK><CMD>008027000480</CMD>タイ<CMD>008027000180</CMD>を<BREAK>つれなくなったんだ",
			"そしたら　みんなのお{店|みせ}も<BREAK>だいはんじょうどころか<BREAK>{売|う}り{上|あ}げが　げきげん",
			"<CMD>16802700e68f27002f81</CMD>しまいには　おいらを<BREAK><CMD>008027000380</CMD>びんぼうがみ<CMD>008027000180</CMD>　なんて<BREAK>よぶ{人|ひと}も{出|で}てきて…",
			"やけくそでおいらも<BREAK>{自分|じぶん}で　そう　{名乗|なの}るように<BREAK>なっちゃったよ…",
			"だって　おいらのいるお{店|みせ}が<BREAK>{本当|ほんとう}にびんぼうに<BREAK>なるんだからさ…",
			"はぁ…　せめて<CMD>008027000480</CMD>タイ<CMD>008027000180</CMD>があれば<BREAK>ふくのかみに<BREAK>もどれるかもしれないのに…",
			"<CMD>16802700e68f27003081</CMD>わざわざそんなこと<BREAK>してくれる{人|ひと}なんて<BREAK>いるわけないよね…",
			"<CMD>16802700e68f27006981</CMD><CMD>f481</CMD>だって<BREAK>そんな{人|ひと}<BREAK>いないと{思|おも}うでしょ…？",
			"<CMD>16802700e68f27007f81</CMD>メソメソ…<BREAK>メソメソ…<BREAK>どうせおいらなんか…",
			"\f"
		]
	},
	{
		"Index": 53,
		"JPN": [
			"<CMD>49802700ca8b27000580</CMD>",
			"\f"
		]
	},
	{
		"Index": 54,
		"JPN": [
			"<CMD>16802700e68f27005681</CMD>わっ<BREAK>これ　ぴっちぴちの<BREAK><CMD>008027000480</CMD>タイ<CMD>008027000180</CMD>だよ…！",
			"<CMD>16802700e68f27006981</CMD>まさか　<CMD>f481</CMD>が<BREAK>おいらのために<BREAK>つってきてくれたの？",
			"ありがとう…　おいらも<BREAK>そんなつもりで<BREAK>{話|はな}したわけじゃないのに…",
			"メソメソ…<BREAK>メソメソ…<BREAK>うれしいなぁ",
			"<CMD>16802700e68f27003081</CMD>でも　さすがに<BREAK>このままじゃ<BREAK>{食|た}べられないから…",
			"<CMD>16802700e68f27005581</CMD>この<CMD>008027000480</CMD>タイ<CMD>008027000180</CMD>が<BREAK>おいしいりょうりになると<BREAK>もっとうれしいな",
			"りょうりなんて<BREAK>めんどくさいし<BREAK>だれもやりたがらないよね…",
			"<CMD>16802700e68f27003081</CMD><CMD>008027000480</CMD>タイ<CMD>008027000180</CMD>を{使|つか}った　おいしい<BREAK>りょうりを{作|つく}れる{人|ひと}がいたら<BREAK>いいのになぁ…",
			"\f"
		]
	},
	{
		"Index": 55,
		"JPN": [
			"<CMD>f481</CMD><BREAK>この{魚|さかな}は<BREAK><CMD>008027000480</CMD>タイ<CMD>008027000180</CMD>じゃないよ",
			"<CMD>008027000480</CMD>タイ<CMD>008027000180</CMD>は{海|うみ}でつれる<BREAK>{赤|あか}くて{大|おお}きな<BREAK>{魚|さかな}なんだよ",
			"<CMD>16802700e68f27003081</CMD>まあ　おいらも<BREAK><CMD>f481</CMD>におねがい<BREAK>してたわけじゃないけど…",
			"<CMD>16802700e68f27007f81</CMD>メソメソ…<BREAK>メソメソ…",
			"\f"
		]
	},
	{
		"Index": 56,
		"JPN": [
			"<CMD>16802700e68f27005681</CMD>あれ…　<CMD>f481</CMD><BREAK>おいら<CMD>008027000480</CMD>タイ<CMD>008027000180</CMD>を<BREAK>つってきてって…",
			"あ　そっか…<BREAK>べつにおいらが<BREAK>たのんでたわけじゃないもんね",
			"<CMD>16802700e68f27003081</CMD>はぁ…　このまま<BREAK>いつまでもお{店|みせ}に<BREAK>お{客|きゃく}さんが{来|こ}なくて…",
			"<CMD>f481</CMD>も<BREAK>びんぼうまっしぐらかな…",
			"<CMD>16802700e68f27006981</CMD>そしていつか<BREAK>おいらを<BREAK>おいだすんでしょ…？",
			"<CMD>16802700e68f27007f81</CMD>メソメソ…<BREAK>どうせおいらなんか…<BREAK><CMD>008027000480</CMD>タイ<CMD>008027000180</CMD>がつれないばかりに…",
			"\f"
		]
	},
	{
		"Index": 57,
		"JPN": [
			"<CMD>49802700ca8b27000680</CMD>",
			"\f"
		]
	},
	{
		"Index": 58,
		"JPN": [
			"<CMD>16802700e68f27005681</CMD>わぁ…！　これが<BREAK>おいらの{食|た}べたかった<BREAK>りょうりだよ…！",
			"<CMD>16802700e68f27005581</CMD><CMD>f481</CMD>が<BREAK>{作|つく}ってくれたなんて<BREAK>うれしいなぁ…",
			"メソメソ…<BREAK>メソメソ…<BREAK>いただきます…！",
			"\f"
		]
	},
	{
		"Index": 59,
		"JPN": [
			"<CMD>16802700e68f27004181</CMD>わっ　とってもおいしい！<BREAK>さすが　<CMD>008027000480</CMD>タイ<CMD>008027000180</CMD>は<BREAK>めでたい{魚|さかな}だね…！",
			"あれ…<BREAK>なんだか　おいら<BREAK>チカラがみなぎってきたみたいだ",
			"<CMD>16802700e68f27006981</CMD>これって…<BREAK>まさか<BREAK>ひょっとして…！？",
			"\f"
		]
	},
	{
		"Index": 60,
		"JPN": [
			"<CMD>16802700e88f27005581</CMD>やっぱりだ…！<BREAK>おいら　ふくのかみに<BREAK>もどれたんだ…！",
			"<CMD>16802700e88f27006981</CMD>ほら　すがたも<BREAK>ぜんぜんちがうし<BREAK>{見|み}ちがえたでしょ？",
			"\f"
		]
	},
	{
		"Index": 61,
		"JPN": [
			"<CMD>16802700e68f27006981</CMD>えっ…<BREAK>これが　<CMD>008027000480</CMD>タイ<CMD>008027000180</CMD>の<BREAK>りょうりなの…？",
			"ホントかなぁ…<BREAK>いっただきまーす",
			"\f"
		]
	},
	{
		"Index": 62,
		"JPN": [
			"うっ…<BREAK>おいしいけど<BREAK>これはちがうよぉ…",
			"<CMD>16802700e68f27007f81</CMD>これじゃあ　おいら<BREAK>ふくのかみに<BREAK>もどれやしないよ…",
			"メソメソ…<BREAK>どうせおいらなんか<BREAK>{食|た}べたいものも{食|た}べられないんだ",
			"おいしい<CMD>008027000480</CMD>タイ<CMD>008027000180</CMD>のりょうりは<BREAK>もう{二度|にど}と<BREAK>{食|た}べられないんだろうなぁ…",
			"\f"
		]
	},
	{
		"Index": 63,
		"JPN": [
			"<CMD>16802700e68f27003081</CMD><CMD>f481</CMD><BREAK>{何|なに}か{大切|たいせつ}なこと<BREAK>わすれてないかな…",
			"あのー　そのー<BREAK>おいら　おいしい<CMD>008027000480</CMD>タイ<CMD>008027000180</CMD>のりょうりが<BREAK>{食|た}べたいって…",
			"<CMD>008027000480</CMD>タイ<CMD>008027000180</CMD>はつってあるんだし…\r<BREAK>…………なんでわかって<BREAK>くれないかな…",
			"<CMD>16802700e68f27007f81</CMD>メソメソ…　やっぱり<BREAK>おいらは　ずっと<BREAK><CMD>008027000380</CMD>びんぼうがみ<CMD>008027000180</CMD>の　ままかも…",
			"\f"
		]
	},
	{
		"Index": 64,
		"JPN": [
			"<CMD>16802700e88f27006981</CMD>ねえ　<CMD>f481</CMD><BREAK>お{店|みせ}の{調子|ちょうし}はどう？",
			"だいはんじょうしてる<BREAK>あいだに　たーくさん<BREAK>{商売|しょうばい}したらいいよ",
			"でも　{気|き}をつけてね<BREAK>おいらのチカラは<BREAK>あくまでも　おてつだいだよ",
			"<CMD>16802700e88f27005681</CMD>ホントにお{店|みせ}を<BREAK>せいこうさせるのは<BREAK><CMD>f481</CMD>のどりょく…！",
			"せっきゃくも<BREAK>{商品|しょうひん}のえらびかたも<BREAK>{気|き}をぬいちゃダメ",
			"<CMD>16802700e88f27005581</CMD>それが{商売|しょうばい}はんじょうの<BREAK>{一番|いちばん}のヒケツだからね",
			"\f"
		]
	},
	{
		"Index": 66,
		"JPN": [
			"<CMD>16802700e68f27002e81</CMD>ほら　おいらのこと<BREAK>ついに{来|き}たか　って<BREAK>{思|おも}ったでしょ…！？",
			"\f"
		]
	},
	{
		"Index": 67,
		"JPN": [
			"<CMD>16802700e68f27003081</CMD>どうせおいらなんか…<BREAK>どこに{行|い}っても<BREAK>いやがられるだけなんだね…",
			"でも　おいらだって<BREAK>ずっと<CMD>008027000380</CMD>びんぼうがみ<CMD>008027000180</CMD>だった<BREAK>わけじゃないんだよ…",
			"<CMD>16802700e68f27007f81</CMD>はぁ…　こんなこと<BREAK>{言|い}ったって　どうせ<BREAK>しんじてくれないよね…",
			"\f"
		]
	},
	{
		"Index": 68,
		"JPN": [
			"<CMD>16802700e88f27004181</CMD>ウルウル…<BREAK>ウルウル…<BREAK>かんげきだよぉ…！",
			"もうこれで<BREAK><CMD>008027000380</CMD>びんぼうがみ<CMD>008027000180</CMD>だなんて<BREAK>いやがられたりしないもんね",
			"<CMD>16802700e88f27005681</CMD>そうだ…！　おいらを<BREAK>たすけてくれた<BREAK>おれいに…",
			"これを<CMD>f481</CMD>に<BREAK>プレゼントするよ…！",
			"\f"
		]
	},
	{
		"Index": 69,
		"JPN": [
			"あれ　どうやら<BREAK>もちものが<BREAK>いっぱいみたいだね",
			"もちものを{整理|せいり}してから<BREAK>おいらがいるあいだに<BREAK>また{話|はな}しかけてよ",
			"\f"
		]
	},
	{
		"Index": 70,
		"JPN": [
			"<CMD>16802700e88f27006981</CMD>やあ　もちものは<BREAK>せいりしてきた？",
			"\f"
		]
	},
	{
		"Index": 71,
		"JPN": [
			"<CMD>16802700e88f27005581</CMD>はい　これが<BREAK>おいらからのプレゼントだよ…！",
			"\f"
		]
	},
	{
		"Index": 72,
		"JPN": [
			"<CMD>49802700ca8b27000680</CMD>",
			"\f"
		]
	},
	{
		"Index": 99,
		"JPN": [
			"<CMD>16802700008027009081</CMD>赤面メッセージテスト<BREAK>プレイヤ",
			"<CMD>16802700e88327009081</CMD>赤面メッセージテスト<BREAK>NPC",
			"\f"
		]
	}
]