[
	{
		"Index": 0,
		"JPN": [
			"<CMD>16802700c78f27005681270060ff</CMD>おっと！<BREAK>{見|み}つかってしまったの",
			"<CMD>16802700c78f27005581270060ff</CMD>ほっほっほっ！<BREAK>{見|み}てのとおり<BREAK>わたしは<CMD>008027000380</CMD>サンタクロース<CMD>008027000180</CMD>だよ",
			"この１{年|ねん}　よい{子|こ}にしていた<BREAK><CMD>f481</CMD>にプレゼントを<BREAK>とどけに{来|き}たのさ",
			"<CMD>16802700c78f27006981270060ff</CMD>なに？<BREAK>{来|く}るのが{少|すこ}し　{早|はや}いのでは<BREAK>ないか　と{言|い}うのかな？",
			"まあ　そうなのだが…<BREAK>この{町|まち}には<BREAK>よい{子|こ}が{多|おお}いのでな",
			"<CMD>16802700c78f27002d81270060ff</CMD>{早|はや}めに{配|くば}りはじめないと<BREAK>クリスマスの{間|あいだ}に<BREAK>{全部配|ぜんぶくば}れないのだよ",
			"では　<CMD>f481</CMD>に<BREAK>プレゼント…",
			"<CMD>16802700c78f27005681270060ff</CMD>おっと！　しまった！<BREAK>わたしとしたことが…",
			"まちがえて　ほかの{子|こ}にわたす<BREAK>プレゼントを{持|も}ってきて<BREAK>しまったようだ",
			"<CMD>008027000380</CMD>サンタクロース<CMD>008027000180</CMD>にあるまじき<BREAK>とんだ{手|て}ちがいをしてしもうた<BREAK>すまないのう",
			"いったん{出直|でなお}して<BREAK><CMD>f481</CMD>への<BREAK>プレゼントを{持|も}ってこよう",
			"<CMD>16802700c78f27006981270060ff</CMD>{悪|わる}いのだが　{明日|あした}でも<BREAK>かまわないかの？",
			"では　{明日|あした}には　かならず<BREAK><CMD>f481</CMD>へのプレゼントを<BREAK>{持|も}ってこよう",
			"<CMD>16802700c78f27005581270060ff</CMD>それではいったん<BREAK>しつれいするよ",
			"\f"
		]
	},
	{
		"Index": 1,
		"JPN": [
			"<CMD>16802700c78f27005581270060ff</CMD>ほっほっほ<BREAK>メリークリスマス！<BREAK><CMD>f481</CMD>",
			"{今度|こんど}こそちゃんと<BREAK>プレゼントを{持|も}ってきたよ",
			"おや　<CMD>008027000380</CMD>テツ<CMD>008027000180</CMD>も<BREAK>いっしょだったか",
			"\f"
		]
	},
	{
		"Index": 2,
		"JPN": [
			"<CMD>16802700c78f27005681270060ff</CMD>ほっ？！<BREAK>これをわたしに？",
			"<CMD>16802700c78f27006981270060ff</CMD>クラスのみんなからの<BREAK>プレゼント？",
			"<CMD>16802700c78f27005581270060ff</CMD>なんとうれしい！<BREAK>こんなにカンゲキしたことはない",
			"わたしはもう{長|なが}いこと<BREAK><CMD>008027000380</CMD>サンタクロース<CMD>008027000180</CMD>として<BREAK>プレゼントを{配|くば}ってきたが…",
			"<CMD>16802700c78f27004181270060ff</CMD>プレゼントをもらうのは<BREAK>はじめてだ！<BREAK>ありがとう！",
			"\f"
		]
	},
	{
		"Index": 3,
		"JPN": [
			"Even from<CMD>008027000380</CMD>Reginald<CMD>008027000180</CMD>?\nThank you!",
			"\f"
		]
	},
	{
		"Index": 4,
		"JPN": [
			"<CMD>16802700c78f27006981270060ff</CMD>ほっほっほ<BREAK><CMD>f481</CMD>が{動|うご}いて<BREAK>{集|あつ}めてくれたのだろう？",
			"<CMD>16802700c78f27005581270060ff</CMD>それだけでもう{十分|じゅうぶん}だよ",
			"\f"
		]
	},
	{
		"Index": 5,
		"JPN": [
			"そうか　そこまで<BREAK>{言|い}うのなら…",
			"<CMD>16802700c78f27005581270060ff</CMD>そうだ　それなら{歌|うた}を<BREAK>プレゼントしてくれないかな？",
			"できれば　クリスマスに<BREAK>ふさわしい{歌|うた}がいいな<BREAK>{歌|うた}ってくれるかな？",
			"\f"
		]
	},
	{
		"Index": 6,
		"JPN": [
			"ああ　べつに<BREAK>{気|き}にしなくてよいぞ",
			"\f"
		]
	},
	{
		"Index": 7,
		"JPN": [
			"<CMD>16802700c78f27004181270060ff</CMD>すばらしい！<BREAK>すばらしい{歌|うた}のプレゼントだ！<BREAK><CMD>f481</CMD>",
			"わたしは{今日|きょう}は{本当|ほんとう}に<BREAK>カンゲキしたよ",
			"おかげでこれからも<BREAK>がんばる{気力|きりょく}がわいてきた",
			"<CMD>16802700c78f27005581270060ff</CMD>ありがとう！<BREAK><CMD>f481</CMD>",
			"\f"
		]
	},
	{
		"Index": 8,
		"JPN": [
			"<CMD>16802700c78f27005581270060ff</CMD>{歌|うた}のプレゼント<BREAK>ありがとう<BREAK><CMD>f481</CMD>",
			"\f"
		]
	},
	{
		"Index": 9,
		"JPN": [
			"ほっほ　{急|きゅう}に{歌|うた}えというのは<BREAK>ちょっと<BREAK>ムチャというものだったかの",
			"<CMD>16802700c78f27005581270060ff</CMD>いや{気|き}にしなくてよい<BREAK>わたしへのプレゼントは<BREAK>もう{十分|じゅうぶん}だから",
			"\f"
		]
	},
	{
		"Index": 10,
		"JPN": [
			"おっと　うれしくてつい<BREAK>わすれるところだったわい",
			"<CMD>16802700c78f27005581270060ff</CMD>ほっほっほ<BREAK><CMD>f481</CMD>への<BREAK>プレゼントだ",
			"\f"
		]
	},
	{
		"Index": 11,
		"JPN": [
			"では　わたしはそろそろ<BREAK>ほかの{家|いえ}にもプレゼントを<BREAK>とどけに{行|い}かないと…",
			"これからも<BREAK>よい{子|こ}でいるのだよ",
			"\f"
		]
	},
	{
		"Index": 13,
		"JPN": [
			"<CMD>16802700c78f27005681270060ff</CMD>ほっほっほ<BREAK><CMD>f481</CMD>はもちものが<BREAK>いっぱいのようだね",
			"まっているから<BREAK>いったんもちものを<BREAK>{整理|せいり}するといい",
			"\f"
		]
	},
	{
		"Index": 14,
		"JPN": [
			"<CMD>16802700c78f27006981270060ff</CMD>ほっほっほ<BREAK>もちものは{整理|せいり}したかな？",
			"\f"
		]
	},
	{
		"Index": 15,
		"JPN": [
			"<CMD>16802700c78f27005581270060ff</CMD>ほっほっほ<BREAK>ではあらためて<CMD>f481</CMD>に<BREAK>プレゼントじゃ",
			"\f"
		]
	},
	{
		"Index": 16,
		"JPN": [
			"<CMD>49802700cd8b27000880</CMD>",
			"\f"
		]
	}
]