[
	{
		"Index": 50,
		"JPN": [
			"<CMD>49802700cc8b27000380</CMD>",
			"\f"
		]
	},
	{
		"Index": 51,
		"JPN": [
			"<CMD>16802700e78f27005681</CMD>ん？<BREAK>オレに{用|よう}かい？",
			"<CMD>16802700e78f27006981</CMD>オレは<CMD>008027000380</CMD>マミー<CMD>008027000180</CMD>だ<BREAK>{君|きみ}は？",
			"そうか<BREAK><CMD>f481</CMD>というのか",
			"え？<BREAK>オレがなぜこんなところに<BREAK>いるのかって？",
			"それはオレが<CMD>008027000380</CMD>マミー<CMD>008027000180</CMD><BREAK>…つまりミイラ{男|おとこ}だから",
			"<CMD>16802700e78f27005581</CMD>おはかのある<BREAK>こういう{場所|ばしょ}が<BREAK>おちつくんだ",
			"<CMD>16802700e78f27003081</CMD>みんながオレのこと<BREAK>{気味悪|きみわる}がっているって？<BREAK>ひどいなあ",
			"べつに{何|なに}も{悪|わる}いことは<BREAK>していないのに",
			"<CMD>16802700e78f27006981</CMD>{今|いま}　{何|なに}をしていたのかって？<BREAK>ほうたいを<BREAK>まきなおしていたんだ",
			"いや　べつにケガとか<BREAK>やけどとかはしてないよ",
			"<CMD>13802700549c</CMD>",
			"\f"
		]
	},
	{
		"Index": 52,
		"JPN": [
			"<CMD>16802700e78f27005581</CMD><CMD>f481</CMD>たちが{服|ふく}を<BREAK>{着|き}るように　<CMD>008027000380</CMD>マミー<CMD>008027000180</CMD>は<BREAK>ほうたいを{体|からだ}にまくのさ",
			"そういえば<BREAK><CMD>f481</CMD>の{着|き}ている<BREAK>その{服|ふく}　センスがいいね",
			"<CMD>16802700e78f27004181</CMD>オレも　そんなおしゃれな<BREAK>ぬのでできたほうたいを<BREAK>まきたいな",
			"そうすれば　オレのこと<BREAK>あやしい{人|ひと}だなんていう<BREAK>ゴカイもなくなる",
			"そうだ<BREAK><CMD>f481</CMD><BREAK>たのみがある",
			"オレが{町|まち}に{行|い}くと<BREAK>みんな{気味悪|きみわる}がるだろうから<BREAK>オレの{代|か}わりに…",
			"<CMD>16802700e78f27002d81</CMD><CMD>008027000480</CMD>クローバーのぬの<CMD>008027000180</CMD>を<BREAK>{手|て}に{入|い}れてきてほしいんだ",
			"クローバーは<BREAK>こううんをもたらすっていうからね",
			"<CMD>16802700e78f27005681</CMD>たのんだよ<BREAK><CMD>f481</CMD>",
			"\f"
		]
	},
	{
		"Index": 53,
		"JPN": [
			"<CMD>49802700cc8b27000480</CMD>",
			"\f"
		]
	},
	{
		"Index": 54,
		"JPN": [
			"<CMD>16802700e78f27006981</CMD><CMD>f481</CMD><BREAK><CMD>008027000480</CMD>クローバーのぬの<CMD>008027000180</CMD>を<BREAK>{持|も}ってきてくれた？",
			"\f"
		]
	},
	{
		"Index": 55,
		"JPN": [
			"<CMD>16802700e78f27006981</CMD>え？<BREAK>{持|も}ってきていないの？",
			"<CMD>16802700e78f27003081</CMD>たのむよ<BREAK><CMD>f481</CMD>だけが<BREAK>たよりなんだから",
			"\f"
		]
	},
	{
		"Index": 56,
		"JPN": [
			"<CMD>16802700e78f27006981</CMD><CMD>f481</CMD><BREAK>これが　そのぬの…？",
			"せっかく{持|も}ってきてくれたのに<BREAK>こんなこと{言|い}うのも<BREAK>{悪|わる}いんだけどさ",
			"<CMD>16802700e78f27003081</CMD>これってなんか<BREAK>{違|ちが}うんじゃない？",
			"オレがほしいのは<BREAK><CMD>008027000480</CMD>クローバーのぬの<CMD>008027000180</CMD><BREAK>なんだ",
			"{悪|わる}いけど　また{行|い}って<BREAK>{今度|こんど}こそ　<CMD>008027000480</CMD>クローバーのぬの<CMD>008027000180</CMD>を<BREAK>{持|も}ってきてよ",
			"\f"
		]
	},
	{
		"Index": 57,
		"JPN": [
			"<CMD>16802700e78f27005581</CMD>ありがとう！<BREAK><CMD>f481</CMD>！",
			"これだよ　これ！<BREAK>こういうぬのが<BREAK>ほしかったんだ",
			"<CMD>16802700e78f27004181</CMD>これでほうたいを{作|つく}れば<BREAK>とってもおしゃれな<BREAK>ほうたいができる",
			"\f"
		]
	},
	{
		"Index": 58,
		"JPN": [
			"<CMD>16802700e78f27004181</CMD>よーし　これでオレも<BREAK>おしゃれで<BREAK>こううんな<CMD>008027000380</CMD>マミー<CMD>008027000180</CMD>だ",
			"じゃあ　これはお{礼|れい}だよ<BREAK>よかったら{使|つか}ってくれ",
			"\f"
		]
	},
	{
		"Index": 59,
		"JPN": [
			"じゃ　オレは<BREAK>ほうたいを{作|つく}るために<BREAK>{帰|かえ}るよ",
			"<CMD>16802700e78f27005581</CMD>{世話|せわ}になったね<BREAK><CMD>f481</CMD><BREAK>それじゃ",
			"\f"
		]
	},
	{
		"Index": 67,
		"JPN": [
			"<CMD>16802700e78f27006981</CMD>おっと…<BREAK>どうやら　もちものが<BREAK>いっぱいのようじゃないか",
			"では　もちものを<BREAK>{整理|せいり}してくるといい",
			"\f"
		]
	},
	{
		"Index": 68,
		"JPN": [
			"<CMD>16802700e78f27006981</CMD>もちものは{整理|せいり}したかい？",
			"\f"
		]
	},
	{
		"Index": 69,
		"JPN": [
			"よし　これがこの{間|あいだ}<BREAK>わたしそびれたお{礼|れい}だ<BREAK>{受|う}けとってくれ",
			"\f"
		]
	},
	{
		"Index": 71,
		"JPN": [
			"<CMD>49802700cc8b27000480</CMD>",
			"\f"
		]
	}
]