[
	{
		"Index": 0,
		"JPN": [
			"りゅうがくの{手続|てつづ}きがあるから<BREAK>また　{今度|こんど}<CMD>ff8127000080</CMD>",
			"\f"
		]
	},
	{
		"Index": 1,
		"JPN": [
			"<CMD>f481</CMD><BREAK>{遊|あそ}びに{行|い}くのやめた<CMD>ff8127000380</CMD>？",
			"<CMD>028227000080</CMD>も　りゅうがくするの<BREAK>やっぱり　やめた<CMD>ff8127000280</CMD>",
			"\f"
		]
	},
	{
		"Index": 2,
		"JPN": [
			"<CMD>028227000080</CMD>を　りゅうがくに<BREAK>つれて{行|い}ってくれる<CMD>ff8127000380</CMD>？",
			"<CMD>138027006780</CMD>",
			"\f"
		]
	},
	{
		"Index": 3,
		"JPN": [
			"<CMD>3780</CMD>",
			"うん　いいよ<CMD>138027006880</CMD>",
			"ダメ<CMD>138027006980</CMD>",
			"\f"
		]
	},
	{
		"Index": 4,
		"JPN": [
			"じゃあ　さっそく{行|い}く<CMD>ff8127000280</CMD>",
			"\f"
		]
	},
	{
		"Index": 5,
		"JPN": [
			"そうか…<BREAK>ざんねん<CMD>ff8127000080</CMD><BREAK>またこんど　つれて{行|い}って<CMD>ff8127000480</CMD>",
			"\f"
		]
	},
	{
		"Index": 6,
		"JPN": [
			"ごめん　<CMD>f481</CMD><BREAK><CMD>028227000080</CMD>この{町|まち}でやらなきゃ<BREAK>いけないことがある<CMD>ff8127000280</CMD>",
			"だから　りゅうがくは<BREAK>できない<CMD>ff8127000280</CMD>",
			"わるいけど　ここにのこる<CMD>ff8127000280</CMD>",
			"\f"
		]
	},
	{
		"Index": 50,
		"JPN": [
			"<CMD>16802700008027005681</CMD><CMD>16802700909f27005681</CMD>うわっ！？<BREAK>このクッキー　{口|くち}の{中|なか}で<BREAK>バチバチはじけてる<CMD>ff8127000280</CMD>！",
			"<CMD>028227000080</CMD>の{口|くち}の{中|なか}が<BREAK>パーティータイム<CMD>ff8127000080</CMD>",
			"\f"
		]
	},
	{
		"Index": 51,
		"JPN": [
			"このクッキー　ヘンだけど<BREAK>クールな{味|あじ}<CMD>ff8127000080</CMD>！",
			"\f"
		]
	},
	{
		"Index": 52,
		"JPN": [
			"…こうして<CMD>f481</CMD>と<BREAK>すごせることができて<BREAK><CMD>028227000080</CMD>　うれしい<CMD>ff8127000280</CMD>",
			"<CMD>18802700909f27000380</CMD><CMD>16802700909f27002d81</CMD>さいきんの<CMD>028227000080</CMD>と<BREAK><CMD>f481</CMD>のカンケイって<BREAK>なんか{気|き}まずかったし…",
			"\f"
		]
	},
	{
		"Index": 53,
		"JPN": [
			"<CMD>18802700909f27000080</CMD>でも<CMD>f481</CMD>が<BREAK>いつもと{同|おな}じたいどで<BREAK>{安心|あんしん}した<CMD>ff8127000280</CMD>",
			"\f"
		]
	},
	{
		"Index": 57,
		"JPN": [
			"<CMD>16802700909f27006981</CMD>もし…またこんなことが<BREAK>あったとしたら　その{時|とき}も<BREAK>さそってくれる<CMD>ff8127000380</CMD>？",
			"<CMD>128027000180</CMD>",
			"\f"
		]
	},
	{
		"Index": 58,
		"JPN": [
			"<CMD>3780</CMD>",
			"もちろん<CMD>128027000180</CMD>",
			"じしんがない<CMD>128027000280</CMD>",
			"\f"
		]
	},
	{
		"Index": 59,
		"JPN": [
			"<CMD>18802700909f27000180</CMD><CMD>16802700909f27005581</CMD>ありがとう　<CMD>f481</CMD>！<BREAK><CMD>028227000080</CMD>　うれしい<CMD>ff8127000280</CMD>",
			"\f"
		]
	},
	{
		"Index": 60,
		"JPN": [
			"<CMD>18802700909f27000180</CMD><CMD>16802700909f27005681</CMD>そう…でもだいじょうぶ<BREAK>こんなことにならないよう<BREAK><CMD>028227000080</CMD>も{気|き}をつける<CMD>ff8127000280</CMD>",
			"\f"
		]
	},
	{
		"Index": 61,
		"JPN": [
			"<CMD>f481</CMD><BREAK>{今日|きょう}はいっしょにいれて<BREAK>{楽|たの}しかった<CMD>ff8127000280</CMD>",
			"ごちそうしてくれた<BREAK>クッキーもおいしかったし<BREAK>ありがとう　<CMD>f481</CMD>",
			"\f"
		]
	},
	{
		"Index": 63,
		"JPN": [
			"<CMD>16802700909f27006981</CMD>あはは　<CMD>f481</CMD>の{口|くち}<BREAK>まるでばくはつしてる<BREAK>みたい<CMD>ff8127000080</CMD>！",
			"<CMD>18802700909f27000180</CMD><CMD>16802700008027004281</CMD><CMD>16802700909f27004281</CMD>ほっぺたが{動|うご}いちゃって…<BREAK>あ　ケムリまで<BREAK>{出|で}てきた<CMD>ff8127000280</CMD>",
			"\f"
		]
	},
	{
		"Index": 64,
		"JPN": [
			"あはは　<CMD>f481</CMD><BREAK>ヘンな{顔|かお}<CMD>ff8127000080</CMD>！",
			"\f"
		]
	},
	{
		"Index": 65,
		"JPN": [
			"ヘンなクッキー<CMD>ff8127000080</CMD><BREAK><CMD>f481</CMD>といっしょだと<BREAK>こういうの{楽|たの}しい<CMD>ff8127000280</CMD>",
			"\f"
		]
	},
	{
		"Index": 66,
		"JPN": [
			"ヘイ！　<CMD>f481</CMD><BREAK>これからも<CMD>028227000080</CMD>と<BREAK>いっしょにいて<CMD>ff8127000480</CMD>",
			"<CMD>128027000180</CMD>",
			"\f"
		]
	},
	{
		"Index": 67,
		"JPN": [
			"<CMD>3780</CMD>",
			"もちろん<CMD>128027000180</CMD>",
			"じしんがない<CMD>128027000280</CMD>",
			"\f"
		]
	},
	{
		"Index": 68,
		"JPN": [
			"<CMD>18802700909f27000180</CMD><CMD>16802700909f27005581</CMD>ありがとう<CMD>f481</CMD>！<BREAK>これからも２{人|り}で<BREAK>{楽|たの}しくやろう<CMD>ff8127000580</CMD>！",
			"\f"
		]
	},
	{
		"Index": 69,
		"JPN": [
			"<CMD>16802700909f27006981</CMD>ヘッ？？<BREAK>ジョークで{言|い}ってるなら<BREAK>まあ　ゆるすけど",
			"<CMD>18802700909f27000480</CMD><CMD>16802700909f27003081</CMD>それともまさか<BREAK>{本気|ほんき}だったりする<CMD>ff8127000380</CMD>？",
			"\f"
		]
	},
	{
		"Index": 70,
		"JPN": [
			"<CMD>18802700909f27000680</CMD><CMD>16802700909f27007e81</CMD>でもだいじょうぶ<BREAK><CMD>028227000080</CMD>が{楽|たの}しく<BREAK>させてあげる<CMD>ff8127000280</CMD>！",
			"\f"
		]
	},
	{
		"Index": 71,
		"JPN": [
			"<CMD>f481</CMD><BREAK>{今日|きょう}はいっしょにいれて<BREAK>{楽|たの}しかった<CMD>ff8127000280</CMD>",
			"<CMD>18802700729b27000180</CMD><CMD>17802700729b2700ad802700068027000280</CMD><CMD>16802700729b27005581</CMD>ごちそうしてくれた<BREAK>クッキーもおいしかったし<BREAK>ありがとう　<CMD>f481</CMD>",
			"\f"
		]
	},
	{
		"Index": 74,
		"JPN": [
			"…このクッキー<BREAK>ふんわりやわらかくて<BREAK>みたされる<CMD>ff8127000280</CMD>",
			"<CMD>16802700909f27005581</CMD>つつみこむような<BREAK>すごくいいニオイで…<BREAK>{幸|しあわ}せって{気分|きぶん}<CMD>ff8127000080</CMD>",
			"\f"
		]
	},
	{
		"Index": 75,
		"JPN": [
			"\f"
		]
	},
	{
		"Index": 76,
		"JPN": [
			"<CMD>f481</CMD>が<BREAK>{今|いま}　<CMD>028227000080</CMD>を<BREAK>{幸|しあわ}せにしてくれたから",
			"<CMD>16802700909f27006981</CMD>お{返|かえ}しに<CMD>f481</CMD>を<BREAK>{幸|しあわ}せにしたい<CMD>ff8127000280</CMD><BREAK>どうしてほしい？",
			"<CMD>128027000180</CMD>",
			"\f"
		]
	},
	{
		"Index": 77,
		"JPN": [
			"<CMD>3780</CMD>",
			"なんにもいらない<CMD>128027000180</CMD>",
			"なんかちょうだい<CMD>128027000380</CMD>",
			"\f"
		]
	},
	{
		"Index": 78,
		"JPN": [
			"いらない<CMD>ff8127000380</CMD>？<BREAK>いいや　そういうわけには<BREAK>いかない<CMD>ff8127000280</CMD>",
			"\f"
		]
	},
	{
		"Index": 79,
		"JPN": [
			"うーん　それじゃ<BREAK>この{幸|しあわ}せのお{返|かえ}しは<BREAK>この{次|つぎ}までとっておく<CMD>ff8127000280</CMD>",
			"\f"
		]
	},
	{
		"Index": 80,
		"JPN": [
			"<CMD>16802700909f27007e81</CMD>よし　それじゃ<BREAK>ちょっと{目|め}をつぶって…",
			"ほら　あ～ん…",
			"\f"
		]
	},
	{
		"Index": 81,
		"JPN": [
			"<CMD>16802700909f27006981</CMD>なんだよ<CMD>f481</CMD>が<BREAK>ちょうだいって{言|い}った<CMD>ff8127000280</CMD>",
			"<CMD>16802700909f27005881</CMD>なんかちょうだいって{言|い}ったの<BREAK><CMD>f481</CMD>だよ？",
			"もっとちがうものが<BREAK>よかった<CMD>ff8127000380</CMD>？",
			"{幸|しあわ}せになるようにって<BREAK>ねがいをこめてあげるから<BREAK>…テレないで<CMD>ff8127000480</CMD>",
			"\f"
		]
	},
	{
		"Index": 82,
		"JPN": [
			"<CMD>028227000080</CMD>をここまで<BREAK>{幸|しあわ}せにしてくれるのは<BREAK><CMD>f481</CMD>だけ<CMD>ff8127000080</CMD>",
			"<CMD>18802700729b27000180</CMD><CMD>17802700729b2700ad802700068027000280</CMD><CMD>16802700729b27005581</CMD>{今日|きょう}はありがとう<BREAK>{楽|たの}しかった<CMD>ff8127000280</CMD>",
			"\f"
		]
	},
	{
		"Index": 84,
		"JPN": [
			"…うん　<CMD>f481</CMD>が<BREAK>{心配|しんぱい}してる{通|とお}り…さいきん<BREAK>ちょっと　なやんでた<CMD>ff8127000280</CMD>",
			"\f"
		]
	},
	{
		"Index": 88,
		"JPN": [
			"{自分|じぶん}で{言|い}うのもアレだけど<BREAK><CMD>028227000080</CMD>はわりと<BREAK>なんでもできるタイプ<CMD>ff8127000080</CMD>",
			"でもまわりのだれかが<BREAK><CMD>028227000080</CMD>よりスゴかったり<BREAK>することもあって…",
			"そういうことがあると<BREAK>{自分|じぶん}はダメだなって<BREAK>{落|お}ちこんでしまう<CMD>ff8127000280</CMD>",
			"\f"
		]
	},
	{
		"Index": 89,
		"JPN": [
			"でも　みんなそれぞれ<BREAK>よいところがあって<BREAK>がんばってるのに",
			"{自分|じぶん}とだれかを<BREAK>くらべて{落|お}ちこむなんて<BREAK>{意味|いみ}がない<CMD>ff8127000280</CMD>",
			"できないことがあったら<BREAK><CMD>028227000080</CMD>もできるように<BREAK>がんばればいい<CMD>ff8127000280</CMD>",
			"\f"
		]
	},
	{
		"Index": 90,
		"JPN": [
			"しょうらいの{自分|じぶん}は<BREAK>どうなってるだろう<BREAK>って{考|かんが}えてる<CMD>ff8127000280</CMD>",
			"{早|はや}い{人|ひと}はもう<BREAK>しょうらいのユメを<BREAK>{持|も}ってるのに…",
			"\f"
		]
	},
	{
		"Index": 91,
		"JPN": [
			"でも　ユメって<BREAK>あわてたりあせったりして<BREAK>{決|き}めるものじゃない<CMD>ff8127000280</CMD>",
			"もっとちゃんと{考|かんが}えて<BREAK>とびきりクールなユメを<BREAK>{見|み}つけるつもり<CMD>ff8127000080</CMD>",
			"\f"
		]
	},
	{
		"Index": 92,
		"JPN": [
			"つまらないことで<BREAK>{友|とも}だちとのカンケイが<BREAK>{悪|わる}くなった<CMD>ff8127000280</CMD>",
			"<CMD>028227000080</CMD>は{悪|わる}くないって<BREAK>あやまらないでいたら<BREAK>ぜんぜん{話|はなし}さなくなって…",
			"だけど…そんなカンタンに<BREAK>{友|とも}だちとのカンケイを<BREAK>あきらめてもいい<CMD>ff8127000380</CMD>？",
			"\f"
		]
	},
	{
		"Index": 93,
		"JPN": [
			"でも　こんなになやんでるのは<BREAK><CMD>028227000080</CMD>　まだ{友|とも}だちで<BREAK>いたいから<CMD>ff8127000180</CMD>？",
			"よく{考|かんが}えてみたら<BREAK><CMD>028227000080</CMD>もわるかったし<BREAK>あやまることにした<CMD>ff8127000280</CMD>",
			"きっと{向|む}こうも{同|おな}じ<BREAK>{気持|きも}ちだと{思|おも}うから<BREAK>すぐに　なかなおり<CMD>ff8127000080</CMD>",
			"\f"
		]
	},
	{
		"Index": 94,
		"JPN": [
			"{自分|じぶん}で{言|い}うのもなんだけど<BREAK><CMD>028227000080</CMD>はけっこう<BREAK>なんでもできるタイプ<CMD>ff8127000080</CMD>",
			"<CMD>028227000080</CMD>　みんなの{期待|きたい}を<BREAK>うらぎりたくないから<BREAK>がんばるんだけど…",
			"なんだか…がんばっても<BREAK>{終|お}わりが{見|み}えないって<BREAK>{気|き}がしてつかれた<CMD>ff8127000280</CMD>",
			"\f"
		]
	},
	{
		"Index": 95,
		"JPN": [
			"でも　<CMD>028227000080</CMD>は{少|すこ}し<BREAK>つかれてたのかも<BREAK>しれない<CMD>ff8127000280</CMD>",
			"がんばりすぎで<BREAK>たおれたりしたら<BREAK>{心配|しんぱい}させるだけ<CMD>ff8127000080</CMD>",
			"\f"
		]
	},
	{
		"Index": 96,
		"JPN": [
			" <CMD>f481</CMD>が<BREAK>よいカオリのお{茶|ちゃ}を<BREAK>ごちそうしてくれて",
			"{心|こころ}が{少|すこ}し{落|お}ち{着|つ}いたら<BREAK>なやむことないのかも<BREAK>って{気|き}になってきた<CMD>ff8127000280</CMD>",
			"<CMD>f481</CMD><BREAK>ありがとう<CMD>ff8127000080</CMD>！",
			"\f"
		]
	}
]