[
	{
		"Index": 0,
		"JPN": [
			"<CMD>18802700729b27000180</CMD><CMD>17802700729b2700ad802700068027000280</CMD><CMD>16802700729b27005581</CMD><CMD>f481</CMD>！<BREAK>{誕生日|たんじょうび}おめでとう！",
			"<CMD>18802700729b27000780</CMD><CMD>17802700729b2700b18027000a8027000180</CMD>プレゼント<CMD>ff8127000080</CMD>！<BREAK>お{礼|れい}だなんて<BREAK>みずくさい<CMD>ff8127000280</CMD>！",
			"<CMD>18802700729b27000180</CMD><CMD>17802700729b2700ad802700068027000280</CMD><CMD>16802700729b27005581</CMD><CMD>028227000080</CMD>と<BREAK><CMD>f481</CMD> の　{仲|なか}じゃないか<BREAK>これからも　よろしく<CMD>ff8127000080</CMD>！",
			"\f"
		]
	},
	{
		"Index": 1,
		"JPN": [
			"<CMD>18802700729b27000580</CMD><CMD>17802700729b2700af802700088027000180</CMD><CMD>16802700729b27005681</CMD>ん？　これはもしかして<BREAK>{誕生日|たんじょうび}プレゼントって<BREAK>ヤツ<CMD>ff8127000180</CMD>？",
			"<CMD>18802700729b27000780</CMD><CMD>17802700729b2700b18027000a8027000180</CMD>クーッ　ありがとう<CMD>f481</CMD>！<BREAK>だいじにする<CMD>ff8127000280</CMD>！",
			"\f"
		]
	},
	{
		"Index": 2,
		"JPN": [
			"<CMD>18802700729b27000180</CMD><CMD>17802700729b2700ad802700068027000280</CMD><CMD>16802700729b27005581</CMD><CMD>f481</CMD>！<BREAK>{誕生日|たんじょうび}おめでとう！",
			"<CMD>18802700729b27000780</CMD><CMD>17802700729b2700b18027000a8027000180</CMD>プレゼント<CMD>ff8127000080</CMD>！<BREAK>お{礼|れい}だなんて<BREAK>みずくさい<CMD>ff8127000280</CMD>！",
			"<CMD>18802700729b27000180</CMD><CMD>17802700729b2700ad802700068027000280</CMD><CMD>16802700729b27005581</CMD><CMD>028227000080</CMD>と<BREAK><CMD>f481</CMD> の　{仲|なか}じゃないか<BREAK>これからも　よろしく<CMD>ff8127000080</CMD>！",
			"\f"
		]
	},
	{
		"Index": 20,
		"JPN": [
			"おじゃまする<CMD>ff8127000280</CMD>",
			"どれどれ…<CMD>f481</CMD>の<BREAK>へやをハイケンさせて<BREAK>もらう<CMD>ff8127000280</CMD>",
			"\f"
		]
	},
	{
		"Index": 21,
		"JPN": [
			"<CMD>18802700729b27000580</CMD><CMD>17802700729b2700af802700088027000180</CMD><CMD>16802700729b27005681</CMD>ちらかっている<CMD>ff8127000280</CMD>…<BREAK>へやにつれてくるんだったら<BREAK>キレイにしてて<CMD>ff8127000480</CMD>…",
			"\f"
		]
	},
	{
		"Index": 22,
		"JPN": [
			"なんというか…<BREAK>ビミョーなへや<CMD>ff8127000080</CMD>…<BREAK>あ　ごめん　つい{本音|ほんね}が…",
			"\f"
		]
	},
	{
		"Index": 23,
		"JPN": [
			"{悪|わる}くない<CMD>ff8127000580</CMD><BREAK>すごくいいってワケじゃないけど<BREAK>これはこれでいいと{思|おも}う<CMD>ff8127000280</CMD>",
			"\f"
		]
	},
	{
		"Index": 24,
		"JPN": [
			"<CMD>18802700729b27000180</CMD><CMD>17802700729b2700ad802700068027000280</CMD><CMD>16802700729b27005581</CMD><CMD>f481</CMD>って<BREAK>なかなかシュミがいい<CMD>ff8127000280</CMD><BREAK>へやにセンスがあふれてる<CMD>ff8127000280</CMD>",
			"\f"
		]
	},
	{
		"Index": 25,
		"JPN": [
			"<CMD>18802700729b27000180</CMD><CMD>17802700729b2700ad802700068027000280</CMD><CMD>16802700729b27005581</CMD>めずらしい{家具|かぐ}が<BREAK>センスよくおかれてる<CMD>ff8127000280</CMD><BREAK><CMD>f481</CMD>ってスゴイ<CMD>ff8127000280</CMD>！",
			"\f"
		]
	},
	{
		"Index": 26,
		"JPN": [
			"<CMD>18802700729b27000180</CMD><CMD>17802700729b2700ad802700068027000280</CMD><CMD>16802700729b27005581</CMD>それにしても<CMD>f481</CMD>って<BREAK>この{色|いろ}が{好|す}き<CMD>ff8127000180</CMD><BREAK>そろえてるんだろう？",
			"\f"
		]
	},
	{
		"Index": 27,
		"JPN": [
			"<CMD>18802700729b27000180</CMD><CMD>17802700729b2700ad802700068027000280</CMD><CMD>16802700729b27005581</CMD>それにしてもバッチリ<BREAK>へやのフンイキが<BREAK>そろってる<CMD>ff8127000280</CMD>！",
			"\f"
		]
	},
	{
		"Index": 28,
		"JPN": [
			"<CMD>18802700729b27000180</CMD><CMD>17802700729b2700ad802700068027000280</CMD><CMD>16802700729b27005581</CMD>それにしても　へやのフンイキが<BREAK>おもしろい<CMD>ff8127000280</CMD>！",
			"\f"
		]
	},
	{
		"Index": 29,
		"JPN": [
			"<CMD>18802700729b27000180</CMD><CMD>17802700729b2700ad802700068027000280</CMD><CMD>16802700729b27005581</CMD>それにしても<BREAK><CMD>f481</CMD>はコレクター<CMD>ff8127000080</CMD><BREAK>あつめるのタイヘン<CMD>ff8127000080</CMD>",
			"\f"
		]
	},
	{
		"Index": 30,
		"JPN": [
			"<CMD>18802700729b27000180</CMD><CMD>17802700729b2700ad802700068027000280</CMD><CMD>16802700729b27005581</CMD><CMD>f481</CMD>のへやって<BREAK>すげーカッコイイ<BREAK>へや<CMD>ff8127000080</CMD>！",
			"いいなあ　こんなへやだったら<BREAK><CMD>028227000080</CMD>も<BREAK>すんでみたい<CMD>ff8127000280</CMD>！",
			"\f"
		]
	},
	{
		"Index": 31,
		"JPN": [
			"おもしろかった<CMD>ff8127000280</CMD><BREAK>また<CMD>028227000080</CMD>をさそって<CMD>ff8127000480</CMD>！",
			"\f"
		]
	},
	{
		"Index": 40,
		"JPN": [
			"せっかく <CMD>008027000580</CMD>おんしつ<CMD>008027000180</CMD>に{来|き}たんだし<BREAK>お{茶|ちゃ}でも{飲|の}もう<CMD>ff8127000580</CMD>？",
			"\f"
		]
	},
	{
		"Index": 41,
		"JPN": [
			"<CMD>18802700729b27000380</CMD><CMD>17802700729b2700ab8027000a8027000180</CMD><CMD>16802700729b27003081</CMD>…こうちらかってると<BREAK>せっかくのうまいお{茶|ちゃ}も<BREAK>だいなし<CMD>ff8127000080</CMD>…",
			"\f"
		]
	},
	{
		"Index": 42,
		"JPN": [
			"お{茶|ちゃ}を{飲|の}むにしても<BREAK>もうすこし<BREAK>クールに{決|き}めてほしい<CMD>ff8127000280</CMD>",
			"\f"
		]
	},
	{
		"Index": 43,
		"JPN": [
			"ふう お{茶|ちゃ}がうまい<CMD>ff8127000280</CMD>…<BREAK>いい{時間|じかん}<CMD>ff8127000080</CMD>…",
			"\f"
		]
	},
	{
		"Index": 44,
		"JPN": [
			"<CMD>18802700729b27000780</CMD><CMD>17802700729b2700b18027000a8027000180</CMD>しふくの{時間|じかん}<CMD>ff8127000080</CMD>…<BREAK>{落|お}ち{着|つ}く<CMD>ff8127000280</CMD><BREAK>お{茶|ちゃ}もすごくうまい…",
			"\f"
		]
	},
	{
		"Index": 45,
		"JPN": [
			"<CMD>18802700729b27000180</CMD><CMD>17802700729b2700ad802700068027000280</CMD><CMD>16802700729b27005581</CMD><CMD>f481</CMD><BREAK><CMD>028227000080</CMD>はしあわせ<CMD>ff8127000080</CMD>…",
			"カンペキな<BREAK>もてなしだった<CMD>ff8127000280</CMD>",
			"\f"
		]
	},
	{
		"Index": 46,
		"JPN": [
			"<CMD>18802700729b27000180</CMD><CMD>17802700729b2700ad802700068027000280</CMD><CMD>16802700729b27005581</CMD>それに　こいつは<BREAK><CMD>028227000080</CMD>の{大好物|だいこうぶつ}<CMD>ff8127000080</CMD><BREAK>うまい<CMD>ff8127000280</CMD>",
			"\f"
		]
	},
	{
		"Index": 47,
		"JPN": [
			"<CMD>18802700729b27000180</CMD><CMD>17802700729b2700ad802700068027000280</CMD><CMD>16802700729b27005581</CMD>こんど お{茶会|ちゃかい}をやる{時|とき}も<BREAK><CMD>028227000080</CMD>をさそって<CMD>ff8127000480</CMD><BREAK>ヤクソクだぜ？",
			"\f"
		]
	},
	{
		"Index": 48,
		"JPN": [
			"ふぅ　やっとついた<CMD>ff8127000280</CMD>",
			"\f"
		]
	},
	{
		"Index": 50,
		"JPN": [
			"でさ…<BREAK><CMD>028227000080</CMD>って　さいきん<BREAK>すごく　じゅうじつしてる<CMD>ff8127000280</CMD>",
			"\f"
		]
	},
	{
		"Index": 51,
		"JPN": [
			"でさ…　<CMD>028227000080</CMD><BREAK><CMD>f481</CMD>といっしょにいると<BREAK>すごく{楽|たの}しい<CMD>ff8127000280</CMD>",
			"\f"
		]
	},
	{
		"Index": 52,
		"JPN": [
			"でね…　<CMD>028227000080</CMD><BREAK><CMD>f481</CMD>ともっといっしょに<BREAK>{遊び|あそび}たいって{思|おも}う<CMD>ff8127000280</CMD>",
			"\f"
		]
	},
	{
		"Index": 53,
		"JPN": [
			"でも…　さいきん<CMD>028227000080</CMD>は<BREAK>すごくさみしい{思|おも}いを<BREAK>してる<CMD>ff8127000280</CMD>",
			"\f"
		]
	},
	{
		"Index": 54,
		"JPN": [
			"でもさ…　<CMD>f481</CMD>は<BREAK><CMD>028227000080</CMD>のこと<BREAK>どう{思|おも}ってる<CMD>ff8127000380</CMD>？",
			"<CMD>028227000080</CMD>は　{正直|しょうじき}に{言|い}うと<BREAK>{今|いま}は　<CMD>f481</CMD>のこと<BREAK>あんまり{良く思|よくおも}ってない<CMD>ff8127000280</CMD>",
			"\f"
		]
	},
	{
		"Index": 55,
		"JPN": [
			"でもさ…　<CMD>f481</CMD>…<BREAK>なんで<CMD>028227000080</CMD>を　おちゃかいに<BREAK>さそってくれた<CMD>ff8127000380</CMD>？",
			"ホントは　<CMD>028227000080</CMD><BREAK>しばらくひとりに<BREAK>なりたかった<CMD>ff8127000280</CMD>",
			"\f"
		]
	},
	{
		"Index": 56,
		"JPN": [
			"それでさ…　<CMD>028227000080</CMD>は<BREAK><CMD>f481</CMD>のこと<BREAK>ライバルだって{思|おも}ってる<CMD>ff8127000280</CMD>",
			"<CMD>f481</CMD> と　きそいあうと<BREAK><CMD>028227000080</CMD>は　いろいろ<BREAK>がんばれる<CMD>ff8127000280</CMD>",
			"\f"
		]
	},
	{
		"Index": 57,
		"JPN": [
			"さいきん　ストレスがたまって<BREAK>イライラしてた<CMD>ff8127000280</CMD>",
			"でも　<CMD>f481</CMD>の<BREAK>おかげで{少|すこ}し　イライラが<BREAK>おさまった<CMD>ff8127000280</CMD>",
			"\f"
		]
	},
	{
		"Index": 58,
		"JPN": [
			"ふぅ<BREAK>なんだかリフレッシュできた<BREAK>{気|き}がする<CMD>ff8127000280</CMD>",
			"\f"
		]
	},
	{
		"Index": 80,
		"JPN": [
			"おーい！ <CMD>f481</CMD>！",
			"\f"
		]
	},
	{
		"Index": 81,
		"JPN": [
			"<CMD>18802700729b27000580</CMD><CMD>17802700729b2700638027000a8027000280</CMD><CMD>16802700729b27002f81</CMD>{知|し}り{合|あ}いから<BREAK>こんなものが<BREAK>{送|おく}られてきた<CMD>ff8127000280</CMD>",
			"<CMD>18802700729b27000780</CMD><CMD>17802700729b2700b18027000a8027000180</CMD>でも こんなにいっぱいあっても<BREAK>しかたがないから<BREAK><CMD>f481</CMD>にあげる<CMD>ff8127000280</CMD>",
			"<CMD>18802700729b27000580</CMD><CMD>17802700729b2700aa8027000a8027000180</CMD><CMD>16802700729b27002d81</CMD>お{礼|れい}なんか{別|べつ}にいいって！<BREAK>こっちもいっぱいありすぎて<BREAK>{困|こま}ってたし",
			"\f"
		]
	},
	{
		"Index": 82,
		"JPN": [
			"\f"
		]
	},
	{
		"Index": 83,
		"JPN": [
			"\f"
		]
	},
	{
		"Index": 84,
		"JPN": [
			"\f"
		]
	},
	{
		"Index": 85,
		"JPN": [
			"　",
			"\f"
		]
	},
	{
		"Index": 86,
		"JPN": [
			"<CMD>18802700729b27000180</CMD><CMD>17802700729b2700ad802700068027000280</CMD><CMD>16802700729b27005581</CMD>おう <CMD>f481</CMD>！<BREAK>{元気|げんき}か？ {久|ひさ}しぶり<CMD>ff8127000080</CMD>！",
			"<CMD>18802700729b27000380</CMD><CMD>17802700729b2700ab8027000a8027000180</CMD><CMD>16802700729b27003081</CMD>さいきん なかなか{見|み}なかったから<BREAK>シンパイしてた<CMD>ff8127000280</CMD>",
			"<CMD>18802700729b27000080</CMD><CMD>17802700729b270001802700048027000080</CMD>でも {見|み}たかんじ<BREAK>{元気|げんき}そう<CMD>ff8127000080</CMD>",
			"<CMD>18802700729b27000180</CMD><CMD>17802700729b2700ad802700068027000280</CMD><CMD>16802700729b27005581</CMD>こんどは あそびにさそうから<BREAK>その{時|とき}はまたあそぶ<CMD>ff8127000280</CMD>",
			"\f"
		]
	},
	{
		"Index": 87,
		"JPN": [
			"\f"
		]
	},
	{
		"Index": 88,
		"JPN": [
			"\f"
		]
	},
	{
		"Index": 89,
		"JPN": [
			"\f"
		]
	},
	{
		"Index": 90,
		"JPN": [
			"　",
			"\f"
		]
	},
	{
		"Index": 91,
		"JPN": [
			"<CMD>18802700729b27000180</CMD><CMD>17802700729b2700ad802700068027000280</CMD><CMD>16802700729b27005581</CMD>おう　<CMD>f481</CMD>！<BREAK>いっしょにあそぶ<CMD>ff8127000280</CMD>！",
			"<CMD>128027000180</CMD>",
			"\f"
		]
	},
	{
		"Index": 92,
		"JPN": [
			"<CMD>3780</CMD>",
			"いいよ<CMD>13802700ffff</CMD>",
			"ごめんね<CMD>13802700ffff</CMD>",
			"\f"
		]
	},
	{
		"Index": 93,
		"JPN": [
			"<CMD>18802700729b27000180</CMD><CMD>17802700729b2700ad802700068027000280</CMD><CMD>16802700729b27005581</CMD>よーし！　それじゃ<BREAK>どこに{行|い}くんだ？<BREAK><CMD>f481</CMD>についていく<CMD>ff8127000280</CMD>",
			"\f"
		]
	},
	{
		"Index": 94,
		"JPN": [
			"<CMD>18802700729b27000480</CMD><CMD>17802700729b2700ab8027000a8027000180</CMD><CMD>16802700729b27007f81</CMD>そっか　それじゃしかたないな<BREAK>こんどはいっしょに<BREAK>あそぶ<CMD>ff8127000280</CMD>！",
			"\f"
		]
	},
	{
		"Index": 95,
		"JPN": [
			"<CMD>18802700729b27000780</CMD><CMD>17802700729b2700aa8027000a8027000280</CMD><CMD>16802700729b27002d81</CMD>おう　<CMD>f481</CMD>！<BREAK>じつは　わからないことが<BREAK>あってさ…",
			"\f"
		]
	},
	{
		"Index": 96,
		"JPN": [
			"<CMD>18802700729b27000080</CMD><CMD>17802700729b2700b28027000a8027000180</CMD><CMD>16802700729b27006981</CMD><CMD>008027000480</CMD>にじをかけるおまじない<CMD>008027000180</CMD>って<BREAK><CMD>18802700729b27000080</CMD><CMD>17802700729b2700b28027000a8027000180</CMD><CMD>16802700729b27006981</CMD><CMD>008027000480</CMD><CMD>fb8127008a83</CMD><CMD>008027000180</CMD>を{使|つか}うので<BREAK>{合|あ}ってる<CMD>ff8127000380</CMD>？",
			"<CMD>128027000180</CMD>",
			"\f"
		]
	},
	{
		"Index": 97,
		"JPN": [
			"<CMD>3780</CMD>",
			"{合|あ}ってるよ<CMD>13802700ffff</CMD>",
			"ちがうよ<CMD>13802700ffff</CMD>",
			"\f"
		]
	},
	{
		"Index": 98,
		"JPN": [
			"<CMD>18802700729b27000080</CMD><CMD>17802700729b270001802700048027000080</CMD>そうか<BREAK>ということは　まほう{語|ご}が<BREAK>まちがってたみたい<CMD>ff8127000080</CMD>",
			"<CMD>18802700729b27000580</CMD><CMD>17802700729b2700aa8027000a8027000180</CMD><CMD>16802700729b27002d81</CMD>うん　{次|つぎ}からは<BREAK>しっかりとやる<CMD>ff8127000280</CMD>",
			"<CMD>18802700729b27000580</CMD><CMD>17802700729b2700638027000a8027000280</CMD><CMD>16802700729b27002f81</CMD>ごめんな　<CMD>f481</CMD>",
			"\f"
		]
	},
	{
		"Index": 99,
		"JPN": [
			"<CMD>18802700729b27000080</CMD><CMD>17802700729b2700b28027000a8027000180</CMD><CMD>16802700729b27006981</CMD>あれ？　そうだった<CMD>ff8127000380</CMD>？",
			"<CMD>18802700729b27000580</CMD><CMD>17802700729b2700aa8027000a8027000180</CMD><CMD>16802700729b27002d81</CMD>うーん　{仕方|しかた}がない<BREAK>もういちど　{勉強|べんきょう}<BREAK>しなおす<CMD>ff8127000280</CMD>",
			"\f"
		]
	}
]