[
	{
		"Index": 0,
		"JPN": [
			"<CMD>18802700729b27000180</CMD><CMD>17802700729b2700ad802700068027000280</CMD><CMD>16802700729b27005581</CMD>やあ　<CMD>f481</CMD><BREAK>このケーキをクールな<CMD>028227000080</CMD>に<BREAK>くれる<CMD>ff8127000380</CMD>？",
			"<CMD>18802700729b27000180</CMD><CMD>17802700729b270001802700048027000180</CMD><CMD>16802700729b27004181</CMD>なんてあまくていいにおい…<BREAK>{今|いま}ここで　{一口|ひとくち}だけ<BREAK>{食|た}べさせて<CMD>ff8127000480</CMD>",
			"\f"
		]
	},
	{
		"Index": 1,
		"JPN": [
			"<CMD>18802700729b27000180</CMD><CMD>17802700729b2700ad802700068027000280</CMD><CMD>16802700729b27005581</CMD>やあ　<CMD>f481</CMD><BREAK>このケーキをクールな<CMD>028227000080</CMD>に<BREAK>くれる<CMD>ff8127000380</CMD>？",
			"<CMD>18802700729b27000780</CMD><CMD>17802700729b2700b18027000a8027000180</CMD>あぁ　{悪|わる}いけど<BREAK>{今|いま}は　おなかいっぱいだから<BREAK>また{今度|こんど}　いただく<CMD>ff8127000280</CMD>",
			"\f"
		]
	},
	{
		"Index": 2,
		"JPN": [
			"<CMD>18802700729b27000180</CMD><CMD>17802700729b2700ad802700068027000280</CMD><CMD>16802700729b27005581</CMD>やあ　<CMD>f481</CMD><BREAK>このクッキーをクールな<CMD>028227000080</CMD>に<BREAK>くれる<CMD>ff8127000380</CMD>？",
			"<CMD>18802700729b27000780</CMD><CMD>17802700729b2700b18027000a8027000180</CMD>あぁ　{悪|わる}いけど<BREAK>{今|いま}は　おなかいっぱいだから<BREAK>また{今度|こんど}　いただく<CMD>ff8127000280</CMD>",
			"\f"
		]
	},
	{
		"Index": 4,
		"JPN": [
			"<CMD>18802700729b27000580</CMD><CMD>17802700729b2700af802700088027000180</CMD><CMD>16802700729b27005681</CMD>…！？　このケーキ！<BREAK>すごくクール<CMD>ff8127000080</CMD>！",
			"それにケーキにこめられた<BREAK>{想|おも}いが　<CMD>028227000080</CMD>のハートに<BREAK>ドーンと{来|く}る<CMD>ff8127000280</CMD>",
			"\f"
		]
	},
	{
		"Index": 5,
		"JPN": [
			"<CMD>18802700729b27000780</CMD><CMD>17802700729b2700b18027000a8027000180</CMD><CMD>16802700729b27009081</CMD><CMD>028227000080</CMD>にたいする<BREAK>この{深|ふか}いラブ…<BREAK>{男|おとこ}として　こたえたい<CMD>ff8127000280</CMD>",
			"<CMD>13802700ce80</CMD>",
			"\f"
		]
	},
	{
		"Index": 6,
		"JPN": [
			"<CMD>3780</CMD>",
			"うれしい<CMD>13802700cf80</CMD>",
			"それはわるいよ<CMD>13802700d080</CMD>",
			"\f"
		]
	},
	{
		"Index": 7,
		"JPN": [
			"<CMD>18802700729b27000180</CMD><CMD>17802700729b270001802700048027000180</CMD><CMD>16802700729b27004181</CMD>よし　さっそくジュンビ<CMD>ff8127000080</CMD>！<BREAK><CMD>f481</CMD>　いっしょに<BREAK>{来|き}て<CMD>ff8127000480</CMD>！<CMD>4f80</CMD>",
			"\f"
		]
	},
	{
		"Index": 8,
		"JPN": [
			"<CMD>18802700729b27000080</CMD><CMD>17802700729b2700b28027000a8027000180</CMD><CMD>16802700729b27006981</CMD>え？　{本当|ホントウ}にいい<CMD>ff8127000380</CMD>？<BREAK>…じゃあ　しかたないから<BREAK>{気持|きも}ちだけもらっておく<CMD>ff8127000280</CMD><CMD>4f80</CMD>",
			"\f"
		]
	},
	{
		"Index": 11,
		"JPN": [
			"レディースアンド<BREAK>ジェントルメン！",
			"<CMD>18802700729b27000180</CMD><CMD>17802700729b2700ad802700068027000280</CMD><CMD>16802700729b27005581</CMD><CMD>028227000080</CMD>の<BREAK>ために{集|あつ}まってくれて<BREAK>サンキュー　サンキュー<CMD>ff8127000080</CMD>",
			"\f"
		]
	},
	{
		"Index": 12,
		"JPN": [
			"<CMD>18802700729b27000180</CMD><CMD>17802700729b270001802700048027000180</CMD><CMD>16802700729b27004181</CMD>ここにいる<CMD>f481</CMD>が<BREAK><CMD>028227000080</CMD>にくれたもの…<BREAK>それは　ラブ…",
			"<CMD>028227000080</CMD>は<CMD>f481</CMD>の<BREAK>{想|おも}いにこたえるため…",
			"<CMD>18802700729b27000580</CMD><CMD>17802700729b2700af802700088027000180</CMD><CMD>16802700729b27005681</CMD>これからしばらくの{間|あいだ}<BREAK><CMD>f481</CMD>といっしょに<BREAK>すごすことにした<CMD>ff8127000280</CMD>！",
			"\f"
		]
	},
	{
		"Index": 13,
		"JPN": [
			"<CMD>18802700729b27000180</CMD><CMD>17802700729b270001802700048027000180</CMD><CMD>16802700729b27004181</CMD>サンキュー　エブリバディ！<BREAK><CMD>028227000080</CMD>は{今|いま}　とても<BREAK>ハッピー<CMD>ff8127000080</CMD>！<CMD>4f80</CMD>",
			"\f"
		]
	},
	{
		"Index": 15,
		"JPN": [
			"さて…　これからしばらく<BREAK><CMD>028227000080</CMD>はこの{部屋|へや}に<BREAK>{通|かよ}うことになるワケ<CMD>ff8127000080</CMD>",
			"<CMD>18802700729b27000180</CMD><CMD>17802700729b2700ad802700068027000280</CMD><CMD>16802700729b27005581</CMD><CMD>f481</CMD><BREAK>えんりょはいらない<CMD>ff8127000280</CMD><BREAK>{楽|たの}しくすごして<CMD>ff8127000480</CMD><CMD>4f80</CMD>",
			"\f"
		]
	},
	{
		"Index": 16,
		"JPN": [
			"<CMD>18802700729b27000580</CMD><CMD>17802700729b2700aa8027000a8027000180</CMD><CMD>16802700729b27002d81</CMD>あ！　<CMD>f481</CMD><BREAK>やっと{帰|かえ}って{来|き}た<CMD>ff8127000380</CMD><BREAK>{待|ま}ちくたびれた<CMD>ff8127000280</CMD>！",
			"{何|なん}て{言|い}うか…<BREAK><CMD>028227000080</CMD>すごく<BREAK>カンゲキしたけど…",
			"そろそろ{自分|じぶん}の{部屋|へや}に<BREAK>{帰|かえ}る<CMD>ff8127000280</CMD>",
			"<CMD>18802700729b27000180</CMD><CMD>17802700729b270001802700048027000180</CMD><CMD>16802700729b27004181</CMD>あのラブのこもったケーキ<BREAK>{今度|こんど}また{食|た}べさせて<CMD>ff8127000480</CMD>",
			"それじゃ　<CMD>f481</CMD><BREAK>さよなら！<CMD>4f80</CMD>",
			"\f"
		]
	},
	{
		"Index": 17,
		"JPN": [
			"あのさ　<CMD>f481</CMD><BREAK>{楽|たの}しいひと{時|とき}を<BREAK>ありがとう",
			"{何|なん}て{言|い}うか…<BREAK><CMD>028227000080</CMD>すごく<BREAK>カンゲキしたけど…",
			"そろそろ{自分|じぶん}の{部屋|へや}に<BREAK>{帰|かえ}る<CMD>ff8127000280</CMD>",
			"<CMD>18802700729b27000180</CMD><CMD>17802700729b270001802700048027000180</CMD><CMD>16802700729b27004181</CMD>あのラブのこもったケーキ<BREAK>{今度|こんど}また{食|た}べさせて<CMD>ff8127000480</CMD>",
			"それじゃ　<CMD>f481</CMD><BREAK>さよなら！<CMD>4f80</CMD>",
			"\f"
		]
	},
	{
		"Index": 20,
		"JPN": [
			"<CMD>18802700729b27000580</CMD><CMD>17802700729b2700af802700088027000180</CMD><CMD>16802700729b27005681</CMD>あっ！<BREAK><CMD>f481</CMD>が{持|も}ってるのって<BREAK>まほうのクッキー<CMD>ff8127000180</CMD>？",
			"もしかして…<BREAK>それ　<CMD>028227000080</CMD>に<BREAK>くれる<CMD>ff8127000380</CMD>？",
			"<CMD>128027000180</CMD>",
			"\f"
		]
	},
	{
		"Index": 21,
		"JPN": [
			"<CMD>3780</CMD>",
			"いいよ<CMD>128027000180</CMD>",
			"やっぱりだめ<CMD>128027000580</CMD>",
			"\f"
		]
	},
	{
		"Index": 22,
		"JPN": [
			"<CMD>18802700729b27000180</CMD><CMD>17802700729b2700ad802700068027000280</CMD><CMD>16802700729b27005581</CMD>ほんとに！？　ありがとう！",
			"\f"
		]
	},
	{
		"Index": 23,
		"JPN": [
			"じゃ　<CMD>028227000080</CMD>といっしょに<BREAK>どこかへ{食|た}べに{行|い}こう<CMD>ff8127000580</CMD>！",
			"こういうのって<BREAK>１{人|り}より　２{人|り}のほうが<BREAK>ゼッタイおいしい<CMD>ff8127000280</CMD>！",
			"<CMD>128027000180</CMD>",
			"\f"
		]
	},
	{
		"Index": 24,
		"JPN": [
			"<CMD>3780</CMD>",
			"そうしよう！<CMD>128027000180</CMD>",
			"えんりょする<CMD>128027000380</CMD>",
			"\f"
		]
	},
	{
		"Index": 25,
		"JPN": [
			"<CMD>18802700729b27000180</CMD><CMD>17802700729b2700ad802700068027000280</CMD><CMD>16802700729b27005581</CMD>それなら<CMD>028227000080</CMD>は<BREAK>おくじょうていえんが<BREAK>いいと{思|おも}う<CMD>ff8127000280</CMD>！",
			"\f"
		]
	},
	{
		"Index": 26,
		"JPN": [
			"えーっ　ざんねん<CMD>ff8127000080</CMD>…<BREAK>それじゃ　また{今度|こんど}！",
			"\f"
		]
	},
	{
		"Index": 27,
		"JPN": [
			"えーっ　ざんねん<CMD>ff8127000080</CMD>…<BREAK>それじゃ　また{今度|こんど}！",
			"\f"
		]
	},
	{
		"Index": 28,
		"JPN": [
			"<CMD>18802700909f27000780</CMD>あれ…？　なぜだか<BREAK><CMD>028227000080</CMD>のハートが<BREAK>ドキドキしてきた<CMD>ff8127000280</CMD>",
			"なぜかわからないけど…<BREAK>{今日|きょう}の<CMD>f481</CMD>は<BREAK>ひときわカッコよく{見|み}える…",
			"<CMD>16802700909f27006981</CMD>おかしいな…いつもはこんな<BREAK>{感|かん}じじゃないのに…<BREAK>ごめんねヘンな<CMD>028227000080</CMD>で",
			"\f"
		]
	},
	{
		"Index": 29,
		"JPN": [
			"<CMD>3780</CMD>",
			"いいよ<CMD>13802700ffff</CMD>",
			"だめ<CMD>13802700ffff</CMD>",
			"\f"
		]
	},
	{
		"Index": 30,
		"JPN": [
			"<CMD>18802700909f27000180</CMD><CMD>16802700909f27005581</CMD>うわー　いいにおい！<BREAK>それにとってもおいしそうだね！<BREAK>いただきまーす！",
			"\f"
		]
	},
	{
		"Index": 31,
		"JPN": [
			"<CMD>18802700909f27000780</CMD>な　なんだかちょっと<BREAK>ドキドキしてきた…",
			"どうしてだろう…？<BREAK>{今日|きょう}はキミが{一段|いちだん}と<BREAK>キレイに{見|み}えるよ…",
			"<CMD>16802700909f27006981</CMD>おかしいな…いつもはこんな<BREAK>{感|かん}じじゃないのに…<BREAK>ごめんねヘンな<CMD>028227000080</CMD>で",
			"\f"
		]
	},
	{
		"Index": 32,
		"JPN": [
			"ええと…<BREAK><CMD>028227000080</CMD>と{手|て}をつないで<CMD>ff8127000480</CMD>",
			"<CMD>13802700e580</CMD>",
			"\f"
		]
	},
	{
		"Index": 33,
		"JPN": [
			"<CMD>18802700909f27000780</CMD><CMD>16802700909f27004181</CMD>ああ…なんて{言|い}うか…<BREAK>すごくうれしい<CMD>ff8127000280</CMD>",
			"<CMD>128027000180</CMD>",
			"\f"
		]
	},
	{
		"Index": 34,
		"JPN": [
			"<CMD>3780</CMD>",
			"じゃあ・・・<CMD>128027000280</CMD>",
			"もうおしまい<CMD>128027000380</CMD>",
			"\f"
		]
	},
	{
		"Index": 36,
		"JPN": [
			"えっ　いやあの…<BREAK>この{場合|ばあい}　<CMD>028227000080</CMD>は<BREAK>どうしたらいい<CMD>ff8127000380</CMD>？",
			"うう…むねが<BREAK>{苦|くる}しいくらい<BREAK>ドキドキする<CMD>ff8127000280</CMD>",
			"あ…<CMD>f481</CMD><BREAK>あわてる<CMD>028227000080</CMD>を{見|み}て<BREAK>{楽|たの}しんでる<CMD>ff8127000380</CMD>？",
			"<CMD>18802700909f27000180</CMD>こんなおいしいクッキー<BREAK>ごちそうしてくれて<BREAK><CMD>f481</CMD>　ありがとう！",
			"\f"
		]
	},
	{
		"Index": 37,
		"JPN": [
			"<CMD>16802700909f27006981</CMD>え　もうおしまい？<BREAK>{本当|ほんとう}に…？",
			"<CMD>18802700909f27000580</CMD><CMD>16802700909f27005681</CMD>いや　べつに　それいじょう<BREAK>なにかあるとか{思|おも}ってないし<BREAK>…しんじて<CMD>ff8127000480</CMD>！",
			"<CMD>18802700909f27000180</CMD><CMD>16802700909f27005581</CMD>あー…ほらほら！<BREAK>このクッキー！<BREAK>すごくおいしい<CMD>ff8127000280</CMD>！",
			"<CMD>f481</CMD>　ありがとう！",
			"\f"
		]
	},
	{
		"Index": 39,
		"JPN": [
			"はぁ…<BREAK>なんか　どっとつかれた<CMD>ff8127000280</CMD>",
			"<CMD>f481</CMD>と<BREAK>なかよくなれて",
			"よかったような<BREAK>よくなかったような<BREAK>フシギな{気分|きぶん}<CMD>ff8127000080</CMD>",
			"\f"
		]
	},
	{
		"Index": 40,
		"JPN": [
			"それじゃ　{出|で}かけよう<CMD>ff8127000580</CMD><BREAK><CMD>f481</CMD>の{行|い}くところなら<BREAK>どこでもついて{行|い}く<CMD>ff8127000280</CMD>！",
			"\f"
		]
	},
	{
		"Index": 41,
		"JPN": [
			"<CMD>16802700909f27003081</CMD>そ　そう…<BREAK>いきなりこんなこと<BREAK>{言|い}われてもイヤ<CMD>ff8127000180</CMD>？",
			"ヘンなこと{言|い}ったりして<BREAK>ゴメン…<CMD>f481</CMD>",
			"どうしてあんなこと<BREAK>{言|い}ったりした<CMD>ff8127000380</CMD>？<BREAK><CMD>028227000080</CMD>は…",
			"\f"
		]
	},
	{
		"Index": 42,
		"JPN": [
			"ふぅ　まんぞく　まんぞく<BREAK><CMD>f481</CMD>　{今日|きょう}は<BREAK>{本当|ほんとう}にありがとう<CMD>ff8127000080</CMD>",
			"<CMD>f481</CMD>さえ　よかったら<BREAK>またごちそうして<CMD>ff8127000480</CMD>！",
			"\f"
		]
	},
	{
		"Index": 43,
		"JPN": [
			"やあ　<CMD>f481</CMD><BREAK>{何|なに}をもってる<CMD>ff8127000380</CMD>？",
			"<CMD>16802700739b27005881</CMD>えっ　お{茶|ちゃ}？<BREAK>{言|い}われてみれば<BREAK>スゴクいいかおり<CMD>ff8127000080</CMD>…",
			"…あっ！<BREAK>ピンと{来|き}た<CMD>ff8127000280</CMD>！",
			"<CMD>16802700739b27006981</CMD>もしかして　<CMD>f481</CMD>…<BREAK><CMD>028227000080</CMD>に　そのお{茶|ちゃ}を<BREAK>{飲|の}ませてくれるつもり<CMD>ff8127000080</CMD>！",
			"<CMD>128027000180</CMD>",
			"\f"
		]
	},
	{
		"Index": 44,
		"JPN": [
			"<CMD>3780</CMD>",
			"そのとおり！<CMD>128027000180</CMD>",
			"じつはちがう<CMD>128027000280</CMD>",
			"\f"
		]
	},
	{
		"Index": 45,
		"JPN": [
			"さっすが　<CMD>f481</CMD>！<BREAK>それじゃさっそく　お{茶会|ちゃかい}の<BREAK>じゅんびをする<CMD>ff8127000280</CMD>！",
			"\f"
		]
	},
	{
		"Index": 46,
		"JPN": [
			"そ　そうだった<CMD>ff8127000380</CMD>？<BREAK>がっくり…",
			"\f"
		]
	},
	{
		"Index": 49,
		"JPN": [
			"<CMD>16802700909f27005581</CMD>うーん　いいかおり<CMD>ff8127000080</CMD>…<BREAK><CMD>f481</CMD>には　こんな<BREAK>さいのうもあった<CMD>ff8127000380</CMD>",
			"それでは　さめないうちに…<BREAK>いただきまーす！",
			"\f"
		]
	},
	{
		"Index": 50,
		"JPN": [
			"ふう…なんだか<BREAK>{幸|しあわ}せを{感|かん}じるような<BREAK>そんな{気分|きぶん}になる<CMD>ff8127000280</CMD>",
			"あまいカオリに<BREAK>やわらかくつつまれる<BREAK>{心地|ここち}よさ<CMD>ff8127000080</CMD>",
			"\f"
		]
	},
	{
		"Index": 51,
		"JPN": [
			"ふう…なんだか<BREAK>{心|こころ}がすきとおるような<BREAK>そんな{気分|きぶん}になる<CMD>ff8127000280</CMD>",
			"さわやかなカオリに<BREAK>スーッとあらわれる<BREAK>{心地|ここち}よさ<CMD>ff8127000080</CMD>",
			"\f"
		]
	},
	{
		"Index": 52,
		"JPN": [
			"ふう…なんだか<BREAK>{心|こころ}がいやされるような<BREAK>そんな{気分|きぶん}になる<CMD>ff8127000280</CMD>",
			"おだやかなカオリに<BREAK>ゆったりとつつまれる<BREAK>{心地|ここち}よさ<CMD>ff8127000080</CMD>",
			"\f"
		]
	},
	{
		"Index": 53,
		"JPN": [
			"ふう…なんだか<BREAK>{目|め}のさめるような<BREAK>そんな{気分|きぶん}になる<CMD>ff8127000280</CMD>",
			"しげきてきなカオリに<BREAK>{心|こころ}もとぎすまされる<BREAK>{心地|ここち}よさ<CMD>ff8127000080</CMD>",
			"\f"
		]
	},
	{
		"Index": 54,
		"JPN": [
			"もしかして　<CMD>f481</CMD><BREAK><CMD>028227000080</CMD>のことを<BREAK>{心配|しんぱい}してくれた<CMD>ff8127000380</CMD>？",
			"<CMD>028227000080</CMD>　<CMD>f481</CMD>を<BREAK>そんなふうに{心配|しんぱい}させる<BREAK>つもりはなかったけど",
			"ありがとう<CMD>f481</CMD><BREAK><CMD>028227000080</CMD>を{元気|げんき}づけようと<BREAK>してくれてうれしい<CMD>ff8127000280</CMD>",
			"\f"
		]
	},
	{
		"Index": 57,
		"JPN": [
			"<CMD>18802700729b27000580</CMD><CMD>17802700729b2700af802700088027000180</CMD><CMD>16802700729b27005681</CMD><CMD>f481</CMD>　それ…<BREAK><CMD>028227000080</CMD>にくれる<CMD>ff8127000380</CMD>？<BREAK>ありがとう　うれしい<CMD>ff8127000280</CMD><CMD>4f80</CMD>",
			"\f"
		]
	},
	{
		"Index": 59,
		"JPN": [
			"<CMD>18802700729b27000080</CMD><CMD>17802700729b2700b28027000a8027000180</CMD><CMD>16802700729b27006981</CMD>この{言葉|ことば}…<BREAK><CMD>028227000080</CMD>をはげまして<BREAK>くれる<CMD>ff8127000380</CMD>？",
			"ありがとう　<CMD>f481</CMD><BREAK>そんなに{心配|シンパイ}してくれて<BREAK><CMD>028227000080</CMD>はうれしい<CMD>ff8127000280</CMD>",
			"<CMD>18802700729b27000180</CMD><CMD>17802700729b2700ad802700068027000280</CMD><CMD>16802700729b27005581</CMD>おかげで{元気|ゲンキ}も{出|で}たし<BREAK>これからいっしょに<BREAK>{遊|あそ}びに{行|い}こう<CMD>ff8127000580</CMD><CMD>4f80</CMD>",
			"\f"
		]
	},
	{
		"Index": 60,
		"JPN": [
			"<CMD>18802700729b27000080</CMD><CMD>17802700729b2700b28027000a8027000180</CMD><CMD>16802700729b27006981</CMD>ん？<BREAK>どうしてあやまる<CMD>ff8127000380</CMD>？",
			"<CMD>028227000080</CMD>たちは<BREAK>いつも{仲良し|なかよし}じゃないか<BREAK>へんな<CMD>f481</CMD><CMD>ff8127000080</CMD>",
			"\f"
		]
	},
	{
		"Index": 61,
		"JPN": [
			"<CMD>18802700729b27000580</CMD><CMD>17802700729b2700af802700088027000180</CMD><CMD>16802700729b27005681</CMD>ブッ…　<CMD>f481</CMD><BREAK>このラブなメッセージを<BREAK><CMD>028227000080</CMD>に？",
			"そうか…<BREAK><CMD>028227000080</CMD>に{対|たい}する<BREAK><CMD>f481</CMD>の{気持|きも}ち…",
			"<CMD>18802700729b27000180</CMD><CMD>17802700729b2700ad802700068027000280</CMD><CMD>16802700729b27005581</CMD>しかと{受|う}けとめた<CMD>ff8127000280</CMD>",
			"<CMD>18802700729b27000180</CMD><CMD>17802700729b270001802700048027000180</CMD><CMD>16802700729b27004181</CMD>よし　いっしょにいたい<BREAK>{気分|きぶん}だから…これから<BREAK>{遊|あそ}びに{行|い}こう<CMD>ff8127000580</CMD><CMD>4f80</CMD>",
			"\f"
		]
	},
	{
		"Index": 62,
		"JPN": [
			"<CMD>18802700729b27000580</CMD><CMD>17802700729b2700af802700088027000280</CMD><CMD>16802700729b27005981</CMD>ブッ…　<CMD>f481</CMD>…！<BREAK>よくもこんな{言葉|ことば}を<BREAK><CMD>028227000080</CMD>に…！",
			"<CMD>18802700729b27000280</CMD><CMD>17802700729b27001c802700088027000480</CMD><CMD>16802700729b27007d81</CMD>うう…こんなぶじょく<BREAK>ゆるせない<CMD>ff8127000280</CMD>！！",
			"カクゴはできてる<CMD>ff8127000380</CMD>？<BREAK>イタズラまほうで<BREAK>{仕返|しかえ}ししてやる<CMD>ff8127000280</CMD>！<CMD>4f80</CMD>",
			"\f"
		]
	},
	{
		"Index": 63,
		"JPN": [
			"<CMD>18802700729b27000580</CMD><CMD>17802700729b2700aa8027000a8027000180</CMD><CMD>16802700729b27002d81</CMD>…て　<CMD>f481</CMD><BREAK>{他|ほか}の{友|とも}だちと<BREAK>{遊|あそ}んでるとちゅう<CMD>ff8127000180</CMD>？",
			"それじゃ　<CMD>028227000080</CMD>とは<BREAK>いっしょに{遊|あそ}べない<CMD>ff8127000280</CMD><BREAK>じゃ　また{今度|こんど}<CMD>ff8127000080</CMD><CMD>4f80</CMD>",
			"\f"
		]
	},
	{
		"Index": 64,
		"JPN": [
			"<CMD>18802700729b27000580</CMD><CMD>17802700729b2700aa8027000a8027000180</CMD><CMD>16802700729b27002d81</CMD>それじゃ　<CMD>028227000080</CMD>といっしょに<BREAK>どこかへ{食|た}べに{行|い}こう<CMD>ff8127000580</CMD>…",
			"と　{思|おも}ったら　{他|ほか}の{友|とも}だちと<BREAK>いっしょだった<CMD>ff8127000380</CMD><BREAK>また{今度|こんど}　さそって<CMD>ff8127000480</CMD>！",
			"\f"
		]
	},
	{
		"Index": 66,
		"JPN": [
			"<CMD>18802700729b27000180</CMD><CMD>17802700729b2700ad802700068027000280</CMD><CMD>16802700729b27005581</CMD>ありがとう<CMD>ff8127000080</CMD><BREAK>うれしい<CMD>ff8127000280</CMD>",
			"<CMD>18802700729b27000380</CMD><CMD>17802700729b2700ab8027000a8027000180</CMD><CMD>16802700729b27003081</CMD>でも…<CMD>f481</CMD>…<BREAK>たぶん{少|すこ}しだけ<BREAK>まちがっている<CMD>ff8127000280</CMD>",
			"<CMD>18802700729b27000080</CMD><CMD>17802700729b2700b28027000a8027000180</CMD><CMD>16802700729b27006981</CMD>いや　もしかしたら<BREAK>{何|なに}か{深|ふか}いメッセージが<BREAK>こめられて…いる<CMD>ff8127000380</CMD>？",
			"<CMD>18802700729b27000380</CMD><CMD>17802700729b2700ab8027000a8027000180</CMD><CMD>16802700729b27003081</CMD>うーん…やっぱり<BREAK><CMD>028227000080</CMD>には<BREAK>わからない<CMD>ff8127000280</CMD><CMD>4f80</CMD>",
			"\f"
		]
	},
	{
		"Index": 69,
		"JPN": [
			"え？　<CMD>f481</CMD><BREAK><CMD>028227000080</CMD>と　{親友|シンユウ}に<BREAK>なりたい<CMD>ff8127000380</CMD>？",
			"{親友|シンユウ}…<CMD>ff8127000180</CMD>？<CMD>4f80</CMD>",
			"\f"
		]
	},
	{
		"Index": 70,
		"JPN": [
			"ブッ…　え？　<CMD>f481</CMD>が<BREAK><CMD>028227000080</CMD>の{恋人|こいびと}に<BREAK>なりたい<CMD>ff8127000380</CMD>？",
			"んー…<CMD>f481</CMD>の<BREAK>ことは　<CMD>028227000080</CMD><BREAK>キライじゃないし",
			"\f"
		]
	},
	{
		"Index": 71,
		"JPN": [
			"{楽|たの}しく{話|はな}すのとか<BREAK>いっしょに{遊|あそ}ぶのとか<BREAK>{好|す}きだけど…",
			"\f"
		]
	},
	{
		"Index": 72,
		"JPN": [
			"{恋人|こいびと}…<CMD>ff8127000180</CMD>？<CMD>4f80</CMD>",
			"\f"
		]
	},
	{
		"Index": 73,
		"JPN": [
			"うん　わかった<CMD>ff8127000280</CMD><BREAK><CMD>028227000080</CMD>たち　これからは<BREAK>{恋人|こいびと}<CMD>ff8127000080</CMD>！<CMD>4f80</CMD>",
			"\f"
		]
	},
	{
		"Index": 74,
		"JPN": [
			"これからのことは<BREAK>このクールな<CMD>028227000080</CMD>に<BREAK>まかせておいて<CMD>ff8127000480</CMD><CMD>4f80</CMD>",
			"\f"
		]
	},
	{
		"Index": 75,
		"JPN": [
			"<CMD>18802700729b27000080</CMD><CMD>17802700729b2700b28027000a8027000180</CMD><CMD>16802700729b27006981</CMD>うん？　ここ…<BREAK><CMD>008027000580</CMD>こいびとみさき<CMD>008027000180</CMD><CMD>ff8127000180</CMD>？",
			"\f"
		]
	},
	{
		"Index": 76,
		"JPN": [
			"なんでここにいるのか<BREAK>わからないけど…<BREAK>{遊|あそ}んで{行|い}こう<CMD>ff8127000580</CMD><CMD>4f80</CMD>",
			"\f"
		]
	},
	{
		"Index": 78,
		"JPN": [
			"んー　{悪|わる}いけど…<BREAK>ノーサンキュー<CMD>ff8127000080</CMD><CMD>4f80</CMD>",
			"\f"
		]
	},
	{
		"Index": 79,
		"JPN": [
			"んー　{悪|わる}いけど…<BREAK>ノーサンキュー<CMD>ff8127000080</CMD><CMD>4f80</CMD>",
			"\f"
		]
	},
	{
		"Index": 81,
		"JPN": [
			"うん　わかった<CMD>ff8127000280</CMD><BREAK><CMD>028227000080</CMD>たち　これからは<BREAK>{親友|シンユウ}<CMD>ff8127000080</CMD>！<CMD>4f80</CMD>",
			"\f"
		]
	},
	{
		"Index": 82,
		"JPN": [
			"<CMD>f481</CMD>　これからも<BREAK>ずっと　<CMD>028227000080</CMD>と<BREAK>{親友|シンユウ}でいて<CMD>ff8127000480</CMD>！<CMD>4f80</CMD>",
			"\f"
		]
	},
	{
		"Index": 84,
		"JPN": [
			"あれ？　でも…<BREAK><CMD>f481</CMD>にはすでに<BREAK>{恋人|こいびと}がいる<CMD>ff8127000280</CMD>",
			"そういうのはダメ<BREAK>ノーサンキュー<CMD>ff8127000080</CMD><CMD>4f80</CMD>",
			"\f"
		]
	},
	{
		"Index": 85,
		"JPN": [
			"でも…<CMD>f481</CMD><BREAK><CMD>028227000080</CMD>たち　どっちも<BREAK>せいべつは{男|おとこ}<CMD>ff8127000180</CMD>？",
			"これはやはり<BREAK>ノーサンキュー<CMD>ff8127000080</CMD><CMD>4f80</CMD>",
			"\f"
		]
	},
	{
		"Index": 86,
		"JPN": [
			"だけど　<CMD>f481</CMD><BREAK>{親友|シンユウ}なら　すでに<BREAK>いるみたいだけど…",
			"かなり{仲|なか}がいいって{聞|き}いてるし<BREAK>{２人|ふたり}のじゃまは<BREAK>したくない<CMD>ff8127000280</CMD>",
			"んー　{悪|わる}いけど…<BREAK>ノーサンキュー<CMD>ff8127000080</CMD><CMD>4f80</CMD>",
			"\f"
		]
	},
	{
		"Index": 88,
		"JPN": [
			"うん？　<CMD>f481</CMD><BREAK>これを<CMD>028227000080</CMD>に<BREAK>くれる<CMD>ff8127000480</CMD>？",
			"そんなに{何度|なんど}も<BREAK>たしかめなくても<BREAK>だいじょうぶ<CMD>ff8127000080</CMD>",
			"\f"
		]
	},
	{
		"Index": 89,
		"JPN": [
			"<CMD>028227000080</CMD>はわかってるから<BREAK>これから{先|サキ}もずっと<BREAK>なかよくする<CMD>ff8127000280</CMD><CMD>4f80</CMD>",
			"\f"
		]
	},
	{
		"Index": 90,
		"JPN": [
			"<CMD>f481</CMD>　これからも<BREAK>ずっと　<CMD>028227000080</CMD>と<BREAK>{親友|シンユウ}でいて<CMD>ff8127000480</CMD>！<CMD>4f80</CMD>",
			"\f"
		]
	},
	{
		"Index": 92,
		"JPN": [
			"<CMD>f481</CMD>の{気持|きも}ちは<BREAK>すごくうれしいけど…",
			"<CMD>028227000080</CMD>は{遠|とお}い<CMD>008027000580</CMD>まち<CMD>008027000180</CMD>に<BREAK>{住|す}んでるから　そんなに<BREAK>{遊|あそ}べないと{思|おも}う<CMD>ff8127000280</CMD>",
			"だから　{悪|わる}いけど…<BREAK>ノーサンキュー<CMD>ff8127000080</CMD><CMD>4f80</CMD>",
			"\f"
		]
	}
]