[
	{
		"Index": 0,
		"JPN": [
			"<CMD>18802700729b27000780</CMD><CMD>17802700729b2700b18027000a8027000180</CMD>キミたちについて　おもしろい<BREAK>{話|はなし}が　{広|ひろ}まってる<CMD>ff8127000280</CMD>！",
			"\f"
		]
	},
	{
		"Index": 1,
		"JPN": [
			"{恋人|コイビト}を{取|と}り{合|あ}って　しょうぶ<BREAK>してるって　ホント<CMD>ff8127000180</CMD>！？",
			"\f"
		]
	},
	{
		"Index": 2,
		"JPN": [
			"{恋人|コイビト}を{取|と}り{合|あ}って　あらそう<BREAK>なんて　なんだかかっこいい！<BREAK><CMD>028227000080</CMD>も　やってみたい<CMD>ff8127000280</CMD>",
			"\f"
		]
	},
	{
		"Index": 5,
		"JPN": [
			"<CMD>18802700729b27000780</CMD><CMD>17802700729b2700b18027000a8027000180</CMD>キミたちについて　おもしろい<BREAK>{話|はなし}が　{広|ひろ}まってる<CMD>ff8127000280</CMD>！",
			"\f"
		]
	},
	{
		"Index": 6,
		"JPN": [
			"{実|じつ}は　いいなずけどうし<BREAK>なんだろ！？",
			"\f"
		]
	},
	{
		"Index": 7,
		"JPN": [
			"<CMD>18802700729b27000080</CMD><CMD>17802700729b2700b28027000a8027000180</CMD><CMD>16802700729b27006981</CMD>このまま　ケッコンするつもり？<BREAK>いろいろたいへんだな",
			"このクールな<CMD>028227000080</CMD>でよければ<BREAK>いつでも　{相談|そうだん}にのる<CMD>ff8127000280</CMD>",
			"\f"
		]
	},
	{
		"Index": 10,
		"JPN": [
			"<CMD>18802700729b27000780</CMD><CMD>17802700729b2700b18027000a8027000180</CMD>キミたちについて　おもしろい<BREAK>{話|はなし}が　{広|ひろ}まってる<CMD>ff8127000280</CMD>！",
			"\f"
		]
	},
	{
		"Index": 11,
		"JPN": [
			"さいきん　{虫取|ムシと}りで<BREAK>プライドをかけて　しょうぶを<BREAK>してる<CMD>ff8127000380</CMD>？",
			"\f"
		]
	},
	{
		"Index": 12,
		"JPN": [
			"プライドをかけた　しょうぶ…<BREAK>なんだか　かっこいいけど<BREAK>{負|ま}けたほうは{何|なに}をする<CMD>ff8127000380</CMD>？",
			"\f"
		]
	},
	{
		"Index": 15,
		"JPN": [
			"<CMD>18802700729b27000780</CMD><CMD>17802700729b2700b18027000a8027000180</CMD>キミたちについて　おもしろい<BREAK>{話|はなし}が　{広|ひろ}まってる<CMD>ff8127000280</CMD>！",
			"\f"
		]
	},
	{
		"Index": 16,
		"JPN": [
			"さいきん　つりで<BREAK>プライドをかけて　しょうぶを<BREAK>してる<CMD>ff8127000380</CMD>？",
			"\f"
		]
	},
	{
		"Index": 17,
		"JPN": [
			"プライドをかけた　しょうぶ…<BREAK>なんだかかっこいいけど<BREAK>{負|ま}けたほうは{何|なに}をするんだ？",
			"\f"
		]
	},
	{
		"Index": 20,
		"JPN": [
			"<CMD>18802700729b27000780</CMD><CMD>17802700729b2700b18027000a8027000180</CMD>キミたちについて　おもしろい<BREAK>{話|はなし}が　{広|ひろ}まってる<CMD>ff8127000280</CMD>！",
			"\f"
		]
	},
	{
		"Index": 21,
		"JPN": [
			"{仲|なか}がよすぎて　まんざいコンビを<BREAK>けっせいするんじゃないかって<BREAK>{話|はなし}になってる<CMD>ff8127000280</CMD>！",
			"\f"
		]
	},
	{
		"Index": 22,
		"JPN": [
			"<CMD>18802700729b27000780</CMD><CMD>17802700729b2700b18027000a8027000180</CMD>おうえんするから！<BREAK>がんばって　ゆうめいになって<BREAK><CMD>028227000080</CMD>に　サインをくれ！",
			"\f"
		]
	},
	{
		"Index": 25,
		"JPN": [
			"<CMD>18802700729b27000780</CMD><CMD>17802700729b2700b18027000a8027000180</CMD>キミたちについて　おもしろい<BREAK>{話|はなし}が　{広|ひろ}まってる<CMD>ff8127000280</CMD>！",
			"\f"
		]
	},
	{
		"Index": 26,
		"JPN": [
			"さいきん　キミたちなかいいよね<BREAK>{実|じつ}は　いきわかれの<BREAK>きょうだい　なんじゃないかって…",
			"\f"
		]
	},
	{
		"Index": 27,
		"JPN": [
			"<CMD>18802700729b27000780</CMD><CMD>17802700729b2700b18027000a8027000180</CMD>いきわかれの　きょうだいでも<BREAK>きょうだいが　いるって<BREAK>いいこと<CMD>ff8127000080</CMD>",
			"\f"
		]
	},
	{
		"Index": 30,
		"JPN": [
			"<CMD>18802700729b27000780</CMD><CMD>17802700729b2700b18027000a8027000180</CMD>キミたちについて　おもしろい<BREAK>{話|はなし}が　{広|ひろ}まってる<CMD>ff8127000280</CMD>！",
			"\f"
		]
	},
	{
		"Index": 31,
		"JPN": [
			"いつも　いっしょにいるから<BREAK>いっしょに　{住|す}んじゃうんじゃ<BREAK>ないかって　ウワサ<CMD>ff8127000080</CMD>！",
			"\f"
		]
	},
	{
		"Index": 32,
		"JPN": [
			"<CMD>18802700729b27000180</CMD><CMD>17802700729b2700ad802700068027000280</CMD><CMD>16802700729b27005581</CMD>いっしょに　{住|す}むって　きっと<BREAK>{楽|たの}しいだろうな",
			"\f"
		]
	},
	{
		"Index": 35,
		"JPN": [
			"<CMD>18802700729b27000780</CMD><CMD>17802700729b2700b18027000a8027000180</CMD>キミたちについて　おもしろい<BREAK>{話|はなし}が　{広|ひろ}まってる<CMD>ff8127000280</CMD>！",
			"\f"
		]
	},
	{
		"Index": 36,
		"JPN": [
			"{仲|なか}がいいのは　いいんだけど",
			"ヘンに<BREAK>{仲|なか}よすぎるんじゃないかって<BREAK>ウワサになってる<CMD>ff8127000280</CMD>！",
			"\f"
		]
	},
	{
		"Index": 37,
		"JPN": [
			"<CMD>18802700729b27000780</CMD><CMD>17802700729b2700b18027000a8027000180</CMD>ちょっと　おもしろそう<CMD>ff8127000080</CMD>",
			"こんど<CMD>028227000080</CMD>も<BREAK>{呼|よ}んでほしい<CMD>ff8127000280</CMD>",
			"\f"
		]
	},
	{
		"Index": 40,
		"JPN": [
			"<CMD>18802700729b27000780</CMD><CMD>17802700729b2700b18027000a8027000180</CMD>キミたちについて　おもしろい<BREAK>{話|はなし}が　{広|ひろ}まってる<CMD>ff8127000280</CMD>！",
			"\f"
		]
	},
	{
		"Index": 41,
		"JPN": [
			"キミ　<CMD>f7812700839f</CMD>としか<BREAK>{遊|あそ}ばないんじゃないかって<BREAK>ウワサが　{流|なが}れてる<CMD>ff8127000280</CMD>！",
			"\f"
		]
	},
	{
		"Index": 42,
		"JPN": [
			"<CMD>18802700729b27000780</CMD><CMD>17802700729b2700b18027000a8027000180</CMD>いくら<BREAK>{大好|だいす}きだからって　たまには<BREAK>ほかの{子|こ}とも　{遊|あそ}んだほうがいい",
			"なにごとも<BREAK>バランスが{大事|だいじ}<CMD>ff8127000080</CMD>",
			"\f"
		]
	},
	{
		"Index": 45,
		"JPN": [
			"<CMD>18802700729b27000780</CMD><CMD>17802700729b2700b18027000a8027000180</CMD>まえからあやしいと<BREAK>{思|おも}ってたんだが…",
			"\f"
		]
	},
	{
		"Index": 46,
		"JPN": [
			"ふうふゲンカのすえに<BREAK>ふられた<CMD>ff8127000380</CMD>！？",
			"\f"
		]
	},
	{
		"Index": 47,
		"JPN": [
			"<CMD>028227000080</CMD>でよければ<BREAK>{相談|そうだん}にのる<CMD>ff8127000280</CMD><BREAK>にがいコーヒーでも　のみながら…",
			"\f"
		]
	},
	{
		"Index": 50,
		"JPN": [
			"<CMD>18802700729b27000780</CMD><CMD>17802700729b2700b18027000a8027000180</CMD>まえからあやしいと<BREAK>{思|おも}ってたんだが…",
			"\f"
		]
	},
	{
		"Index": 51,
		"JPN": [
			"しつれんのすえに",
			"しょうしんりょこうにでも<BREAK>{出|で}るんじゃないかって<BREAK>{話|はなし}になってる<CMD>ff8127000280</CMD>！",
			"\f"
		]
	},
	{
		"Index": 52,
		"JPN": [
			"このクールな<CMD>028227000080</CMD>で<BREAK>よければ<BREAK>いつでも　{相談|そうだん}にのる<CMD>ff8127000280</CMD>",
			"\f"
		]
	},
	{
		"Index": 55,
		"JPN": [
			"<CMD>18802700729b27000780</CMD><CMD>17802700729b2700b18027000a8027000180</CMD>まえからあやしいと<BREAK>{思|おも}ってたんだが…",
			"\f"
		]
	},
	{
		"Index": 56,
		"JPN": [
			"キミが　{今度|こんど}<BREAK>{転校|てんこう}するんじゃないかって<BREAK>{話|はなし}になってる<CMD>ff8127000280</CMD>",
			"\f"
		]
	},
	{
		"Index": 57,
		"JPN": [
			"<CMD>18802700729b27000480</CMD><CMD>17802700729b2700ab8027000a8027000180</CMD><CMD>16802700729b27007f81</CMD>{友|とも}だちが<BREAK>いなくなるなんて<BREAK>さみしい<CMD>ff8127000280</CMD>",
			"どうしても　{行|い}くのか？",
			"\f"
		]
	},
	{
		"Index": 60,
		"JPN": [
			"<CMD>18802700729b27000780</CMD><CMD>17802700729b2700b18027000a8027000180</CMD>まえからあやしいと<BREAK>{思|おも}ってたんだが…",
			"\f"
		]
	},
	{
		"Index": 61,
		"JPN": [
			"{世界|せかい}せいふくの　おまじないを<BREAK>しているって　ウワサが<BREAK>{流|なが}れてる<CMD>ff8127000280</CMD>！",
			"\f"
		]
	},
	{
		"Index": 62,
		"JPN": [
			"<CMD>18802700729b27000780</CMD><CMD>17802700729b2700b18027000a8027000180</CMD>いちど　あたまを<BREAK>{冷|ひ}やしたほうがいい<CMD>ff8127000280</CMD>",
			"\f"
		]
	},
	{
		"Index": 65,
		"JPN": [
			"<CMD>18802700729b27000780</CMD><CMD>17802700729b2700b18027000a8027000180</CMD>まえからあやしいと<BREAK>{思|おも}ってたんだが…",
			"\f"
		]
	},
	{
		"Index": 66,
		"JPN": [
			"<CMD>18802700729b27000780</CMD><CMD>17802700729b2700b18027000a8027000180</CMD>{実|じつ}は　キミが<BREAK>うちゅう{人|じん}って　いう<BREAK>ウワサが　{流|なが}れてる<CMD>ff8127000280</CMD>",
			"\f"
		]
	},
	{
		"Index": 67,
		"JPN": [
			"<CMD>18802700729b27000680</CMD><CMD>17802700729b2700088027000a8027000180</CMD><CMD>16802700729b27007e81</CMD>じつに　クール<CMD>ff8127000080</CMD><BREAK>キミの　{星|ほし}のことを<BREAK>おしえてほしい<CMD>ff8127000280</CMD>",
			"\f"
		]
	},
	{
		"Index": 70,
		"JPN": [
			"<CMD>18802700729b27000780</CMD><CMD>17802700729b2700b18027000a8027000180</CMD>まえからあやしいと<BREAK>{思|おも}ってたんだが…",
			"\f"
		]
	},
	{
		"Index": 71,
		"JPN": [
			"{今|いま}キミに　オバケが<BREAK>のりうつっているって<BREAK>{話|はなし}が　{流|なが}れてる<CMD>ff8127000280</CMD>",
			"\f"
		]
	},
	{
		"Index": 72,
		"JPN": [
			"<CMD>18802700729b27000680</CMD><CMD>17802700729b2700088027000a8027000180</CMD><CMD>16802700729b27007e81</CMD>じつに　クール<CMD>ff8127000080</CMD><BREAK>キミの　{世界|せかい}のことを<BREAK>おしえてほしい<CMD>ff8127000280</CMD>",
			"\f"
		]
	},
	{
		"Index": 75,
		"JPN": [
			"<CMD>18802700729b27000080</CMD><CMD>17802700729b2700b28027000a8027000180</CMD><CMD>16802700729b27006981</CMD>キミ…　{何|なに}か<BREAK>かくしごとしてる<CMD>ff8127000380</CMD>？",
			"\f"
		]
	},
	{
		"Index": 76,
		"JPN": [
			"{実|じつ}はキミが　せいぎのヒーロー<BREAK>なんじゃないかって　<BREAK>ウワサが　{流|なが}れてる<CMD>ff8127000280</CMD>！",
			"\f"
		]
	},
	{
		"Index": 77,
		"JPN": [
			"<CMD>18802700729b27000680</CMD><CMD>17802700729b2700088027000a8027000180</CMD><CMD>16802700729b27007e81</CMD>じつに　クール<CMD>ff8127000080</CMD><BREAK>{変身|ヘンシン}のしかたを<BREAK>おしえてほしい<CMD>ff8127000280</CMD>",
			"\f"
		]
	},
	{
		"Index": 80,
		"JPN": [
			"<CMD>18802700729b27000080</CMD><CMD>17802700729b2700b28027000a8027000180</CMD><CMD>16802700729b27006981</CMD>キミ…　{何|なに}か<BREAK>かくしごとしてる<CMD>ff8127000380</CMD>？",
			"\f"
		]
	},
	{
		"Index": 81,
		"JPN": [
			"{実|じつ}はキミが　{学校|がっこう}の<BREAK>{先生|せんせい}に　{恋|こい}してるって<BREAK>ウワサが　{流|なが}れてる<CMD>ff8127000280</CMD>",
			"\f"
		]
	},
	{
		"Index": 82,
		"JPN": [
			"<CMD>18802700729b27000780</CMD><CMD>17802700729b2700b18027000a8027000180</CMD>{年|とし}のさなんて<BREAK>かんけいない<CMD>ff8127000280</CMD>",
			"<CMD>028227000080</CMD>は<BREAK>おうえんする<CMD>ff8127000280</CMD>！",
			"\f"
		]
	},
	{
		"Index": 85,
		"JPN": [
			"<CMD>18802700729b27000080</CMD><CMD>17802700729b2700b28027000a8027000180</CMD><CMD>16802700729b27006981</CMD>キミ…　{何|なに}か<BREAK>かくしごとしてる<CMD>ff8127000380</CMD>？",
			"\f"
		]
	},
	{
		"Index": 86,
		"JPN": [
			"キミ　{実|じつ}は<BREAK>{虫|ムシ}なんじゃないかって<BREAK>ウワサが　{流|なが}れてる<CMD>ff8127000280</CMD>！",
			"\f"
		]
	},
	{
		"Index": 87,
		"JPN": [
			"べつにキミが　{虫|ムシ}だろうと<BREAK>{魚|サカナ}だろうと　<CMD>028227000080</CMD>と<BREAK>キミは　{友|とも}だち<CMD>ff8127000080</CMD>！",
			"\f"
		]
	},
	{
		"Index": 90,
		"JPN": [
			"<CMD>18802700729b27000080</CMD><CMD>17802700729b2700b28027000a8027000180</CMD><CMD>16802700729b27006981</CMD>キミ…　{何|なに}か<BREAK>かくしごとしてる<CMD>ff8127000380</CMD>？",
			"\f"
		]
	},
	{
		"Index": 91,
		"JPN": [
			"<CMD>18802700729b27000780</CMD><CMD>17802700729b2700b18027000a8027000180</CMD>{実|じつ}はキミが　ねぼけたまま<BREAK>ウロウロして　{川|かわ}に{落|お}ちたって<BREAK>ウワサが　{流|なが}れてる<CMD>ff8127000280</CMD>",
			"\f"
		]
	},
	{
		"Index": 92,
		"JPN": [
			"<CMD>18802700729b27000680</CMD><CMD>17802700729b2700088027000a8027000180</CMD><CMD>16802700729b27007e81</CMD>じつに　クール<CMD>ff8127000080</CMD><BREAK>ぜひキミを<BREAK>{調|しら}べてみたい<CMD>ff8127000280</CMD>",
			"\f"
		]
	},
	{
		"Index": 95,
		"JPN": [
			"<CMD>18802700729b27000080</CMD><CMD>17802700729b2700b28027000a8027000180</CMD><CMD>16802700729b27006981</CMD>キミ…　{何|なに}か<BREAK>かくしごとしてる<CMD>ff8127000380</CMD>？",
			"\f"
		]
	},
	{
		"Index": 96,
		"JPN": [
			"{実|じつ}はキミ<BREAK>すっごいむっつりスケベだって<BREAK>{話|はなし}になってる<CMD>ff8127000280</CMD>！",
			"\f"
		]
	},
	{
		"Index": 97,
		"JPN": [
			"<CMD>18802700729b27000780</CMD><CMD>17802700729b2700b18027000a8027000180</CMD>みんなが　キミをスケベ<BREAK>よばわりしても　<CMD>028227000080</CMD>は<BREAK>{信|しん}じてあげる<CMD>ff8127000280</CMD>",
			"\f"
		]
	}
]