[
	{
		"Index": 0,
		"JPN": [
			"<CMD>18802700729b27000780</CMD><CMD>17802700729b2700b18027000a8027000180</CMD>なぁ<BREAK>なんか<CMD>128227000080</CMD>の<BREAK>すっごいウワサを{聞|き}いた<CMD>ff8127000280</CMD>",
			"<CMD>128227000080</CMD>がさ<BREAK>どうやら…<BREAK><CMD>1582</CMD>って…",
			"<CMD>18802700729b27000080</CMD><CMD>17802700729b2700b28027000a8027000180</CMD><CMD>16802700729b27006981</CMD>ウワサになってんだけど<BREAK>ホント<CMD>ff8127000180</CMD>？<CMD>128027000180</CMD>",
			"\f"
		]
	},
	{
		"Index": 1,
		"JPN": [
			"<CMD>3780</CMD>",
			"うんそう<CMD>128027000180</CMD>",
			"ちがうかな<CMD>128027000280</CMD>",
			"\f"
		]
	},
	{
		"Index": 2,
		"JPN": [
			"<CMD>18802700729b27000580</CMD><CMD>17802700729b2700af802700088027000180</CMD><CMD>16802700729b27005681</CMD>そうか<BREAK>まんざら　デタラメでもないんだ…",
			"なんかわけがあるなら<BREAK>{話|はな}してみろよ",
			"\f"
		]
	},
	{
		"Index": 3,
		"JPN": [
			"なんだ　ちがう<CMD>ff8127000380</CMD>",
			"びっくりさせやがるぜ！<CMD>2180</CMD>",
			"\f"
		]
	},
	{
		"Index": 4,
		"JPN": [
			"<CMD>18802700729b27000780</CMD><CMD>17802700729b2700b18027000a8027000180</CMD>なぁ<BREAK>なんか<CMD>128227000080</CMD>の<BREAK>すっごいウワサを{聞|き}いた<CMD>ff8127000280</CMD>",
			"<CMD>128227000080</CMD>なんだけど<BREAK>ヘンなことして<BREAK><CMD>1582</CMD>って…",
			"<CMD>18802700729b27000080</CMD><CMD>17802700729b2700b28027000a8027000180</CMD><CMD>16802700729b27006981</CMD>ウワサになってんだけど<BREAK>ホント<CMD>ff8127000180</CMD>？<CMD>128027000180</CMD>",
			"\f"
		]
	},
	{
		"Index": 5,
		"JPN": [
			"<CMD>3780</CMD>",
			"うんそう<CMD>128027000180</CMD>",
			"ちがうかな<CMD>128027000280</CMD>",
			"\f"
		]
	},
	{
		"Index": 6,
		"JPN": [
			"<CMD>18802700729b27000580</CMD><CMD>17802700729b2700af802700088027000180</CMD><CMD>16802700729b27005681</CMD>そうか<BREAK>まんざら　デタラメでもないんだな",
			"クールなことなら<BREAK><CMD>028227000080</CMD>にも{教|おし}えろよ",
			"\f"
		]
	},
	{
		"Index": 7,
		"JPN": [
			"なんだ　ちがう<CMD>ff8127000380</CMD>",
			"びっくりさせやがるぜ！<CMD>2180</CMD>",
			"\f"
		]
	},
	{
		"Index": 8,
		"JPN": [
			"<CMD>18802700729b27000780</CMD><CMD>17802700729b2700b18027000a8027000180</CMD>なぁ<BREAK>なんか<CMD>128227000080</CMD>の<BREAK>すっごいウワサを{聞|き}いた<CMD>ff8127000280</CMD>",
			"<CMD>128227000080</CMD>がさ<BREAK>みんながいうにはどうやら…<BREAK><CMD>1582</CMD>って…",
			"<CMD>18802700729b27000080</CMD><CMD>17802700729b2700b28027000a8027000180</CMD><CMD>16802700729b27006981</CMD>ウワサになってんだけど<BREAK>ホント<CMD>ff8127000180</CMD>？<CMD>128027000180</CMD>",
			"\f"
		]
	},
	{
		"Index": 9,
		"JPN": [
			"<CMD>3780</CMD>",
			"うんそう<CMD>128027000180</CMD>",
			"ちがうかな<CMD>128027000280</CMD>",
			"\f"
		]
	},
	{
		"Index": 10,
		"JPN": [
			"<CMD>18802700729b27000580</CMD><CMD>17802700729b2700af802700088027000180</CMD><CMD>16802700729b27005681</CMD>そうか<BREAK>まんざら　デタラメでもないんだな",
			"もし　よかったら<BREAK><CMD>028227000080</CMD>にだけ　くわしく<BREAK>おしえてほしい<CMD>ff8127000280</CMD>",
			"\f"
		]
	},
	{
		"Index": 11,
		"JPN": [
			"なんだ　ちがう<CMD>ff8127000380</CMD>",
			"びっくりさせやがるぜ！<CMD>2180</CMD>",
			"\f"
		]
	},
	{
		"Index": 12,
		"JPN": [
			"<CMD>18802700729b27000780</CMD><CMD>17802700729b2700b18027000a8027000180</CMD>なぁ<BREAK>なんか<CMD>128227000080</CMD>の<BREAK>すっごいウワサを{聞|き}いた<CMD>ff8127000280</CMD>",
			"<CMD>128227000080</CMD>には<BREAK>どうやら…<BREAK><CMD>1582</CMD>があるって",
			"<CMD>18802700729b27000080</CMD><CMD>17802700729b2700b28027000a8027000180</CMD><CMD>16802700729b27006981</CMD>ウワサになってんだけど<BREAK>ホント<CMD>ff8127000180</CMD>？<CMD>128027000180</CMD>",
			"\f"
		]
	},
	{
		"Index": 13,
		"JPN": [
			"<CMD>3780</CMD>",
			"うんそう<CMD>128027000180</CMD>",
			"ちがうかな<CMD>128027000280</CMD>",
			"\f"
		]
	},
	{
		"Index": 14,
		"JPN": [
			"<CMD>18802700729b27000580</CMD><CMD>17802700729b2700af802700088027000180</CMD><CMD>16802700729b27005681</CMD>そうか<BREAK>まんざら　デタラメでもないんだな",
			"なんか{困|こま}ってるなら<BREAK><CMD>028227000080</CMD>にそうだんしろよな！",
			"\f"
		]
	},
	{
		"Index": 15,
		"JPN": [
			"なんだ　ちがう<CMD>ff8127000380</CMD>",
			"びっくりさせやがるぜ！<CMD>2180</CMD>",
			"\f"
		]
	},
	{
		"Index": 16,
		"JPN": [
			"<CMD>18802700729b27000780</CMD><CMD>17802700729b2700b18027000a8027000180</CMD>なぁ<BREAK>なんか<CMD>128227000080</CMD>の<BREAK>すっごいウワサを{聞|き}いた<CMD>ff8127000280</CMD>",
			"<CMD>128227000080</CMD>がさ<BREAK>みんながいうにはどうやら…<BREAK><CMD>1582</CMD>って…",
			"<CMD>18802700729b27000080</CMD><CMD>17802700729b2700b28027000a8027000180</CMD><CMD>16802700729b27006981</CMD>ウワサになってんだけど<BREAK>ホント<CMD>ff8127000180</CMD>？<CMD>128027000180</CMD>",
			"\f"
		]
	},
	{
		"Index": 17,
		"JPN": [
			"<CMD>3780</CMD>",
			"うんそう<CMD>128027000180</CMD>",
			"ちがうかな<CMD>128027000280</CMD>",
			"\f"
		]
	},
	{
		"Index": 18,
		"JPN": [
			"<CMD>18802700729b27000580</CMD><CMD>17802700729b2700af802700088027000180</CMD><CMD>16802700729b27005681</CMD>そうか<BREAK>まんざら　デタラメでもないんだな",
			"もし　よかったら<BREAK><CMD>028227000080</CMD>にだけ　くわしく<BREAK>おしえてほしい<CMD>ff8127000280</CMD>",
			"\f"
		]
	},
	{
		"Index": 19,
		"JPN": [
			"なんだ　ちがう<CMD>ff8127000380</CMD>",
			"びっくりさせやがるぜ！<CMD>2180</CMD>",
			"\f"
		]
	},
	{
		"Index": 20,
		"JPN": [
			"<CMD>18802700729b27000780</CMD><CMD>17802700729b2700b18027000a8027000180</CMD>なぁ<BREAK>なんか<CMD>128227000080</CMD>の<BREAK>すっごいウワサを{聞|き}いた<CMD>ff8127000280</CMD>",
			"<CMD>128227000080</CMD>がさ<BREAK>{勉強|べんきょう}をがんばって<BREAK><CMD>1582</CMD>になるって",
			"<CMD>18802700729b27000080</CMD><CMD>17802700729b2700b28027000a8027000180</CMD><CMD>16802700729b27006981</CMD>ウワサになってんだけど<BREAK>ホント<CMD>ff8127000180</CMD>？<CMD>128027000180</CMD>",
			"\f"
		]
	},
	{
		"Index": 21,
		"JPN": [
			"<CMD>3780</CMD>",
			"うんそう<CMD>128027000180</CMD>",
			"ちがうかな<CMD>128027000280</CMD>",
			"\f"
		]
	},
	{
		"Index": 22,
		"JPN": [
			"<CMD>18802700729b27000580</CMD><CMD>17802700729b2700af802700088027000180</CMD><CMD>16802700729b27005681</CMD>そうか<BREAK>まんざら　デタラメでもないんだな",
			"しかし　スゲーな<BREAK>おうえんしてやるよ",
			"\f"
		]
	},
	{
		"Index": 23,
		"JPN": [
			"なんだ　ちがう<CMD>ff8127000380</CMD>",
			"びっくりさせやがるぜ！<CMD>2180</CMD>",
			"\f"
		]
	},
	{
		"Index": 24,
		"JPN": [
			"<CMD>18802700729b27000780</CMD><CMD>17802700729b2700b18027000a8027000180</CMD>なぁ<BREAK>なんか<CMD>128227000080</CMD>の<BREAK>すっごいウワサを{聞|き}いた<CMD>ff8127000280</CMD>",
			"<CMD>128227000080</CMD>がさ<BREAK>どうやら…<BREAK><CMD>1582</CMD>って…",
			"<CMD>18802700729b27000080</CMD><CMD>17802700729b2700b28027000a8027000180</CMD><CMD>16802700729b27006981</CMD>ウワサになってんだけど<BREAK>ホント<CMD>ff8127000180</CMD>？<CMD>128027000180</CMD>",
			"\f"
		]
	},
	{
		"Index": 25,
		"JPN": [
			"<CMD>3780</CMD>",
			"うんそう<CMD>128027000180</CMD>",
			"ちがうかな<CMD>128027000280</CMD>",
			"\f"
		]
	},
	{
		"Index": 26,
		"JPN": [
			"<CMD>18802700729b27000580</CMD><CMD>17802700729b2700af802700088027000180</CMD><CMD>16802700729b27005681</CMD>そうか<BREAK>まんざら　デタラメでもないんだな",
			"まったく<BREAK>{困|こま}ったヤツだぜ！<BREAK>ほどほどにしとけよ",
			"\f"
		]
	},
	{
		"Index": 27,
		"JPN": [
			"なんだ　ちがう<CMD>ff8127000380</CMD>",
			"びっくりさせやがるぜ！<CMD>2180</CMD>",
			"\f"
		]
	},
	{
		"Index": 80,
		"JPN": [
			"<CMD>18802700729b27000780</CMD><CMD>17802700729b2700b18027000a8027000180</CMD>よう…　ちょっと<CMD>f481</CMD>の<BREAK>{気|き}になるウワサを{聞|き}いた<CMD>ff8127000280</CMD>",
			"<CMD>f481</CMD>が<CMD>128227000180</CMD>と<BREAK>ラブラブだったって{話|はなし}<CMD>ff8127000080</CMD>",
			"…でも　まさかな<BREAK>どうせ<CMD>028227000080</CMD>のかんちがいだぜ<BREAK>{気|き}にしないで<CMD>ff8127000480</CMD>",
			"<CMD>f481</CMD>のこと<BREAK>{信|しん}じてるからよ…",
			"\f"
		]
	},
	{
		"Index": 84,
		"JPN": [
			"<CMD>18802700729b27000780</CMD><CMD>17802700729b2700b18027000a8027000180</CMD>よう…　ちょっと<CMD>f481</CMD>の<BREAK>{気|き}になるウワサを{聞|き}いた<CMD>ff8127000280</CMD>",
			"<CMD>f481</CMD>が<CMD>128227000180</CMD>と<BREAK>すっごく　{仲|なか}がいいって<BREAK>{話|はなし}<CMD>ff8127000080</CMD>！",
			"ちょっとヤキモチだけどよ<BREAK>{仲|なか}のいい{相手|あいて}が<BREAK>たくさんいるのはいいこと<CMD>ff8127000080</CMD>",
			"でも　ちょっとさみしいからよ<BREAK><CMD>028227000080</CMD>とも<BREAK>もっと{遊|あそ}んで<CMD>ff8127000480</CMD>！",
			"\f"
		]
	},
	{
		"Index": 88,
		"JPN": [
			"<CMD>18802700729b27000780</CMD><CMD>17802700729b2700b18027000a8027000180</CMD>よう…　ちょっと<CMD>f481</CMD>の<BREAK>{気|き}になるウワサを{聞|き}いた<CMD>ff8127000280</CMD>",
			"<CMD>f481</CMD>が<CMD>128227000180</CMD>に<BREAK>フラれたってウワサ<CMD>ff8127000080</CMD><BREAK>それって　おかしいよな？",
			"<CMD>f481</CMD>と<CMD>028227000080</CMD>とは<BREAK>{恋人同士|こいびとどうし}なわけだから…<BREAK>そんなハズない<CMD>ff8127000580</CMD>！",
			"まあウワサだしな<BREAK>{気|き}にしないことにする<CMD>ff8127000580</CMD>！",
			"\f"
		]
	}
]