[
	{
		"Index": 0,
		"JPN": [
			"<CMD>18802700729b27000080</CMD><CMD>17802700729b2700b28027000a8027000180</CMD><CMD>16802700729b27006981</CMD>キミ…　{何|なに}か<BREAK>かくしごとしてる<CMD>ff8127000380</CMD>？",
			"\f"
		]
	},
	{
		"Index": 1,
		"JPN": [
			"<CMD>18802700729b27000080</CMD><CMD>17802700729b2700b28027000a8027000180</CMD><CMD>16802700729b27006981</CMD>{実|じつ}は　キミ<BREAK>くすぐられるとダメなの？",
			"\f"
		]
	},
	{
		"Index": 2,
		"JPN": [
			"<CMD>18802700729b27000680</CMD><CMD>17802700729b2700088027000a8027000180</CMD><CMD>16802700729b27007e81</CMD>じつに　クール<CMD>ff8127000080</CMD><BREAK>ぜひキミを<BREAK>{調|しら}べてみたい<CMD>ff8127000280</CMD>",
			"\f"
		]
	},
	{
		"Index": 5,
		"JPN": [
			"<CMD>18802700729b27000080</CMD><CMD>17802700729b2700b28027000a8027000180</CMD><CMD>16802700729b27006981</CMD>キミ…　{何|なに}か<BREAK>かくしごとしてる<CMD>ff8127000380</CMD>？",
			"\f"
		]
	},
	{
		"Index": 6,
		"JPN": [
			"ばくだいなお{金|かね}を　もっていて<BREAK>{夜|よる}にそれを<BREAK>{数|かぞ}えてる<CMD>ff8127000380</CMD>？",
			"\f"
		]
	},
	{
		"Index": 7,
		"JPN": [
			"<CMD>18802700729b27000180</CMD><CMD>17802700729b2700ad802700068027000280</CMD><CMD>16802700729b27005581</CMD>そんなに　もってるなら<BREAK>クールな<CMD>028227000080</CMD>に<BREAK>とうししてほしい<CMD>ff8127000280</CMD>",
			"\f"
		]
	},
	{
		"Index": 10,
		"JPN": [
			"<CMD>18802700729b27000080</CMD><CMD>17802700729b2700b28027000a8027000180</CMD><CMD>16802700729b27006981</CMD>キミ…　{何|なに}か<BREAK>かくしごとしてる<CMD>ff8127000380</CMD>？",
			"\f"
		]
	},
	{
		"Index": 11,
		"JPN": [
			"かいぞくになって<BREAK>{宝|たから}を{集|あつ}めてるって<BREAK>ウワサが{流|なが}れてる<CMD>ff8127000280</CMD>！",
			"\f"
		]
	},
	{
		"Index": 12,
		"JPN": [
			"<CMD>18802700729b27000780</CMD><CMD>17802700729b2700b18027000a8027000180</CMD>いちど　あたまを<BREAK>{冷|ひ}やしたほうがいい<CMD>ff8127000280</CMD>",
			"\f"
		]
	},
	{
		"Index": 15,
		"JPN": [
			"<CMD>18802700729b27000080</CMD><CMD>17802700729b2700b28027000a8027000180</CMD><CMD>16802700729b27006981</CMD>キミ…　{何|なに}か<BREAK>かくしごとしてる<CMD>ff8127000380</CMD>？",
			"\f"
		]
	},
	{
		"Index": 16,
		"JPN": [
			"{森|もり}で{穴|あな}ほって<BREAK>{泣|な}いてた…<BREAK>ってウワサになってる<CMD>ff8127000280</CMD>",
			"\f"
		]
	},
	{
		"Index": 17,
		"JPN": [
			"このクールな<CMD>028227000080</CMD>でよければ<BREAK>いつでも<BREAK>{相談|そうだん}にのる<CMD>ff8127000280</CMD>",
			"\f"
		]
	},
	{
		"Index": 20,
		"JPN": [
			"<CMD>18802700729b27000780</CMD><CMD>17802700729b2700b18027000a8027000180</CMD>あの…　キミのひょうばん<BREAK>{聞|き}いた<CMD>ff8127000280</CMD>",
			"\f"
		]
	},
	{
		"Index": 21,
		"JPN": [
			"またじけんを　かいけつ<BREAK>した<CMD>ff8127000380</CMD>！？",
			"\f"
		]
	},
	{
		"Index": 22,
		"JPN": [
			"<CMD>18802700729b27000680</CMD><CMD>17802700729b2700088027000a8027000180</CMD><CMD>16802700729b27007e81</CMD>じつに　クール<CMD>ff8127000080</CMD><BREAK>キミがいれば　この{町|まち}の<BREAK>じけんは　すべてかいけつ<CMD>ff8127000080</CMD>",
			"\f"
		]
	},
	{
		"Index": 25,
		"JPN": [
			"<CMD>18802700729b27000780</CMD><CMD>17802700729b2700b18027000a8027000180</CMD>あの…　キミのひょうばん<BREAK>{聞|き}いた<CMD>ff8127000280</CMD>",
			"\f"
		]
	},
	{
		"Index": 26,
		"JPN": [
			"<CMD>18802700729b27000080</CMD><CMD>17802700729b2700b28027000a8027000180</CMD><CMD>16802700729b27006981</CMD>{勉強|べんきょう}<BREAK>がんばってる<CMD>ff8127000380</CMD>？",
			"\f"
		]
	},
	{
		"Index": 27,
		"JPN": [
			"<CMD>18802700729b27000180</CMD><CMD>17802700729b2700ad802700068027000280</CMD><CMD>16802700729b27005581</CMD><CMD>028227000080</CMD>も<BREAK>まけてらんない<CMD>ff8127000280</CMD>",
			"\f"
		]
	},
	{
		"Index": 30,
		"JPN": [
			"<CMD>18802700729b27000780</CMD><CMD>17802700729b2700b18027000a8027000180</CMD>あの…　キミのひょうばん<BREAK>{聞|き}いた<CMD>ff8127000280</CMD>",
			"\f"
		]
	},
	{
		"Index": 31,
		"JPN": [
			"すっごい　いい{子|こ}なんだって？",
			"\f"
		]
	},
	{
		"Index": 32,
		"JPN": [
			"<CMD>18802700729b27000180</CMD><CMD>17802700729b2700ad802700068027000280</CMD><CMD>16802700729b27005581</CMD><CMD>028227000080</CMD>も<BREAK>まけてらんない<CMD>ff8127000280</CMD>",
			"\f"
		]
	},
	{
		"Index": 35,
		"JPN": [
			"<CMD>18802700729b27000780</CMD><CMD>17802700729b2700b18027000a8027000180</CMD>あの…　キミのひょうばん<BREAK>{聞|き}いた<CMD>ff8127000280</CMD>",
			"\f"
		]
	},
	{
		"Index": 36,
		"JPN": [
			"<CMD>18802700729b27000080</CMD><CMD>17802700729b2700b28027000a8027000180</CMD><CMD>16802700729b27006981</CMD>ふりょうに<BREAK>なっちゃった<CMD>ff8127000380</CMD>！？",
			"\f"
		]
	},
	{
		"Index": 37,
		"JPN": [
			"まったく<BREAK>{困|こま}ったヤツだぜ！<BREAK>ほどほどにしとけよ",
			"\f"
		]
	}
]