[
	{
		"Index": 0,
		"JPN": [
			"りゅうがくの{手続|てつづ}きがあるから<BREAK>また{今度|こんど}<CMD>ff8127000080</CMD>",
			"\f"
		]
	},
	{
		"Index": 1,
		"JPN": [
			"<CMD>f481</CMD><BREAK>{遊|あそ}びに{行|い}くのやめた<CMD>ff8127000380</CMD>？",
			"<CMD>028227000080</CMD>も　りゅうがくするの<BREAK>やっぱり　やめた<CMD>ff8127000280</CMD>",
			"\f"
		]
	},
	{
		"Index": 2,
		"JPN": [
			"<CMD>028227000080</CMD>を　りゅうがくに<BREAK>つれて{行|い}って<CMD>ff8127000480</CMD>",
			"<CMD>138027006780</CMD>",
			"\f"
		]
	},
	{
		"Index": 3,
		"JPN": [
			"<CMD>3780</CMD>",
			"うん　いいよ<CMD>138027006880</CMD>",
			"ダメ<CMD>138027006980</CMD>",
			"\f"
		]
	},
	{
		"Index": 4,
		"JPN": [
			"じゃあ　さっそく{行|い}く<CMD>ff8127000280</CMD>",
			"\f"
		]
	},
	{
		"Index": 5,
		"JPN": [
			"そうか…<BREAK>ざんねん<CMD>ff8127000080</CMD><BREAK>また{今度|こんど}　つれて{行|い}って<CMD>ff8127000480</CMD>",
			"\f"
		]
	},
	{
		"Index": 6,
		"JPN": [
			"ごめん　<CMD>f481</CMD><BREAK><CMD>028227000080</CMD>この{町|まち}でやらなきゃ<BREAK>いけないことがある<CMD>ff8127000280</CMD>",
			"だから　りゅうがくは<BREAK>できない<CMD>ff8127000280</CMD>",
			"わるいけど　ここにのこる<CMD>ff8127000280</CMD>",
			"\f"
		]
	},
	{
		"Index": 50,
		"JPN": [
			"<CMD>16802700008027005681</CMD><CMD>16802700909f27005681</CMD>おぉっ！<BREAK>{口|くち}に{入|い}れたとたん<BREAK>クッキーがスッと　とけて",
			"やわらかな{空気|くうき}が<BREAK>{全身|ぜんしん}に{広|ひろ}がっていく！",
			"\f"
		]
	},
	{
		"Index": 51,
		"JPN": [
			"なんだかこれ…<BREAK>{気持|きも}ちがフワフワと<BREAK>ラクになるクッキー<CMD>ff8127000080</CMD>！",
			"\f"
		]
	},
	{
		"Index": 52,
		"JPN": [
			"ハクジョウするけど…",
			"<CMD>f481</CMD>と<BREAK>うまくいってないかもって<BREAK>{気|き}にかかってて",
			"<CMD>18802700909f27000380</CMD><CMD>16802700909f27002d81</CMD>さいきんずっと<BREAK>{気|き}が{重|おも}かった<CMD>ff8127000280</CMD>",
			"\f"
		]
	},
	{
		"Index": 53,
		"JPN": [
			"でも<CMD>f481</CMD>と<BREAK>こうやって{楽|たの}しくすごせて<BREAK>{安心|あんしん}した<CMD>ff8127000280</CMD>！",
			"\f"
		]
	},
	{
		"Index": 57,
		"JPN": [
			"<CMD>16802700909f27006981</CMD>これからも<CMD>028227000080</CMD>と<BREAK>ワイワイできる<BREAK>{友|とも}だちでいて<CMD>ff8127000480</CMD>！",
			"<CMD>128027000180</CMD>",
			"\f"
		]
	},
	{
		"Index": 58,
		"JPN": [
			"<CMD>3780</CMD>",
			"もちろん<CMD>128027000180</CMD>",
			"じしんがない<CMD>128027000280</CMD>",
			"\f"
		]
	},
	{
		"Index": 59,
		"JPN": [
			"<CMD>18802700909f27000180</CMD><CMD>16802700909f27005581</CMD>そのノリのよさが<BREAK><CMD>028227000080</CMD>と<CMD>f481</CMD>の<BREAK>いつもどおり<CMD>ff8127000080</CMD>！",
			"\f"
		]
	},
	{
		"Index": 60,
		"JPN": [
			"<CMD>18802700909f27000180</CMD><CMD>16802700909f27005681</CMD>だったら{今度|こんど}は<BREAK><CMD>028227000080</CMD>が<CMD>f481</CMD>を<BREAK>{引|ひ}っぱってやるよ！",
			"\f"
		]
	},
	{
		"Index": 61,
		"JPN": [
			"あー　スッキリした！<BREAK>やっぱりなやんでるのは<BREAK><CMD>028227000080</CMD>に　にあわない<CMD>ff8127000280</CMD>",
			"これも<CMD>f481</CMD>の<BREAK>おかげ<CMD>ff8127000080</CMD>！<BREAK>{本当|ほんとう}に{助|たす}かった<CMD>ff8127000280</CMD>！",
			"\f"
		]
	},
	{
		"Index": 63,
		"JPN": [
			"<CMD>16802700909f27006981</CMD>うはっ！<BREAK>なんだこりゃ！？",
			"\f"
		]
	},
	{
		"Index": 64,
		"JPN": [
			"<CMD>18802700909f27000180</CMD>ははははーっ<BREAK>ケムリが{出|で}てきた",
			"\f"
		]
	},
	{
		"Index": 65,
		"JPN": [
			"おい<CMD>f481</CMD>！<BREAK>{笑|わら}わせないで<CMD>ff8127000480</CMD>",
			"\f"
		]
	},
	{
		"Index": 66,
		"JPN": [
			"これからもいろいろ<BREAK>{食|た}べて{遊|あそ}んで<BREAK>{楽|たの}しくやっていこう<CMD>ff8127000580</CMD>！",
			"<CMD>128027000180</CMD>",
			"\f"
		]
	},
	{
		"Index": 67,
		"JPN": [
			"<CMD>3780</CMD>",
			"もちろん<CMD>128027000180</CMD>",
			"じしんがない<CMD>128027000280</CMD>",
			"\f"
		]
	},
	{
		"Index": 68,
		"JPN": [
			"そうこなくっちゃ<BREAK><CMD>028227000080</CMD>も<BREAK>はり{合|あ}いがない<CMD>ff8127000280</CMD>！",
			"\f"
		]
	},
	{
		"Index": 69,
		"JPN": [
			"なんだか<BREAK><CMD>f481</CMD>らしく<BREAK>ないんじゃない<CMD>ff8127000380</CMD>？",
			"\f"
		]
	},
	{
		"Index": 70,
		"JPN": [
			"<CMD>18802700909f27000680</CMD>エンリョなんか<BREAK>しなくていい<CMD>ff8127000280</CMD>",
			"\f"
		]
	},
	{
		"Index": 71,
		"JPN": [
			"そうだ　{今日|きょう}のクッキーの<BREAK>お{礼|れい}をちゃんと<BREAK>{言|い}っておかないと…",
			"<CMD>18802700729b27000180</CMD><CMD>17802700729b2700ad802700068027000280</CMD><CMD>16802700729b27005581</CMD>ありがとう！<BREAK>またいっしょに<BREAK>{遊|あそ}んで<CMD>ff8127000480</CMD>！",
			"\f"
		]
	},
	{
		"Index": 74,
		"JPN": [
			"いいにおいのクッキー<CMD>ff8127000080</CMD>",
			"なんだか{心|こころ}が<BREAK>{安|やす}らいでくる<CMD>ff8127000280</CMD>",
			"ん？　<CMD>f481</CMD>も<BREAK>{幸|しあわ}せそうな{顔|かお}を<BREAK>している<CMD>ff8127000280</CMD>",
			"\f"
		]
	},
	{
		"Index": 75,
		"JPN": [
			"\f"
		]
	},
	{
		"Index": 76,
		"JPN": [
			"なあ<BREAK>もし<CMD>028227000080</CMD>が",
			"<CMD>f481</CMD>のアニキだったら<BREAK>{何|なに}をしてもらいたい<CMD>ff8127000380</CMD>？",
			"<CMD>128027000180</CMD>",
			"\f"
		]
	},
	{
		"Index": 77,
		"JPN": [
			"<CMD>3780</CMD>",
			"なんにもいらない<CMD>128027000180</CMD>",
			"なんかちょうだい<CMD>128027000380</CMD>",
			"\f"
		]
	},
	{
		"Index": 78,
		"JPN": [
			"そこでエンリョされちゃ<BREAK><CMD>028227000080</CMD>が{弟|おとうと}みたい<CMD>ff8127000080</CMD>",
			"\f"
		]
	},
	{
		"Index": 79,
		"JPN": [
			"なおさら<CMD>028227000080</CMD>は<BREAK>たよりがいのある{男|おとこ}に<BREAK>ならないと！",
			"\f"
		]
	},
	{
		"Index": 80,
		"JPN": [
			"<CMD>16802700909f27007e81</CMD>しょうがない",
			"ほら　あ～ん…",
			"\f"
		]
	},
	{
		"Index": 81,
		"JPN": [
			"なんだよ<CMD>f481</CMD>が<BREAK>ちょうだいって{言|い}った<CMD>ff8127000280</CMD>",
			"それとも{何|なに}か<BREAK>{他|ほか}のものがほしい<CMD>ff8127000380</CMD>？",
			"<CMD>028227000080</CMD>にできることなら<BREAK>ドンと{来|こ}い<CMD>ff8127000080</CMD>！",
			"\f"
		]
	},
	{
		"Index": 82,
		"JPN": [
			"そうだ　{今日|きょう}のクッキーの<BREAK>お{礼|れい}をちゃんと<BREAK>{言|い}っておかないと…",
			"ありがとう！<BREAK>またいっしょに<BREAK>{遊|あそ}んで<CMD>ff8127000480</CMD>！",
			"\f"
		]
	},
	{
		"Index": 84,
		"JPN": [
			"…うん　<CMD>f481</CMD>が<BREAK>{心配|しんぱい}してる{通|とお}り…さいきん<BREAK>ちょっと　なやんでた<CMD>ff8127000280</CMD>",
			"\f"
		]
	},
	{
		"Index": 88,
		"JPN": [
			"{自分|じぶん}で{言|い}うのもアレだけど<BREAK><CMD>028227000080</CMD>はわりと<BREAK>なんでもできるタイプ<CMD>ff8127000080</CMD>",
			"でもまわりのだれかが<BREAK><CMD>028227000080</CMD>よりスゴかったり<BREAK>することもあって…",
			"そういうことがあると<BREAK>{自分|じぶん}はダメだなって<BREAK>{落|お}ちこんでしまう<CMD>ff8127000280</CMD>",
			"\f"
		]
	},
	{
		"Index": 89,
		"JPN": [
			"でも　みんなそれぞれ<BREAK>よいところがあって<BREAK>がんばってるのに",
			"{自分|じぶん}とだれかを<BREAK>くらべて{落|お}ちこむなんて<BREAK>{意味|いみ}がない<CMD>ff8127000280</CMD>",
			"できないことがあったら<BREAK><CMD>028227000080</CMD>もできるように<BREAK>がんばればいい<CMD>ff8127000280</CMD>",
			"\f"
		]
	},
	{
		"Index": 90,
		"JPN": [
			"しょうらいの{自分|じぶん}は<BREAK>どうなってるだろう<BREAK>って{考|かんが}えてる<CMD>ff8127000280</CMD>",
			"{早|はや}い{人|ひと}はもう<BREAK>しょうらいのユメを<BREAK>{持|も}ってるのに…",
			"\f"
		]
	},
	{
		"Index": 91,
		"JPN": [
			"でも　ユメって<BREAK>あわてたりあせったりして<BREAK>{決|き}めるものじゃない<CMD>ff8127000280</CMD>",
			"もっとちゃんと{考|かんが}えて<BREAK>とびきりクールなユメを<BREAK>{見|み}つけるつもり<CMD>ff8127000080</CMD>",
			"\f"
		]
	},
	{
		"Index": 92,
		"JPN": [
			"つまらないことで<BREAK>{友|とも}だちとのカンケイが<BREAK>{悪|わる}くなった<CMD>ff8127000280</CMD>",
			"<CMD>028227000080</CMD>は{悪|わる}くないって<BREAK>あやまらないでいたら<BREAK>ぜんぜん{話|はなし}さなくなって…",
			"だけど…そんなカンタンに<BREAK>{友|とも}だちとのカンケイを<BREAK>あきらめてもいい<CMD>ff8127000380</CMD>？",
			"\f"
		]
	},
	{
		"Index": 93,
		"JPN": [
			"でも　こんなになやんでるのは<BREAK><CMD>028227000080</CMD>　まだ{友|とも}だちで<BREAK>いたいから<CMD>ff8127000180</CMD>？",
			"よく{考|かんが}えてみたら<BREAK><CMD>028227000080</CMD>もわるかったし<BREAK>あやまることにした<CMD>ff8127000280</CMD>",
			"きっと{向|む}こうも{同|おな}じ<BREAK>{気持|きも}ちだと{思|おも}うから<BREAK>すぐに　なかなおり<CMD>ff8127000080</CMD>",
			"\f"
		]
	},
	{
		"Index": 94,
		"JPN": [
			"{自分|じぶん}で{言|い}うのもなんだけど<BREAK><CMD>028227000080</CMD>はけっこう<BREAK>なんでもできるタイプ<CMD>ff8127000080</CMD>",
			"<CMD>028227000080</CMD>　みんなの{期待|きたい}を<BREAK>うらぎりたくないから<BREAK>がんばるんだけど…",
			"なんだか…がんばっても<BREAK>{終|お}わりが{見|み}えないって<BREAK>{気|き}がしてつかれた<CMD>ff8127000280</CMD>",
			"\f"
		]
	},
	{
		"Index": 95,
		"JPN": [
			"でも　<CMD>028227000080</CMD>は{少|すこ}し<BREAK>つかれてたのかも<BREAK>しれない<CMD>ff8127000280</CMD>",
			"がんばりすぎで<BREAK>たおれたりしたら<BREAK>{心配|しんぱい}させるだけ<CMD>ff8127000080</CMD>",
			"\f"
		]
	},
	{
		"Index": 96,
		"JPN": [
			" <CMD>f481</CMD>が<BREAK>よいカオリのお{茶|ちゃ}を<BREAK>ごちそうしてくれて",
			"{心|こころ}が{少|すこ}し{落|お}ち{着|つ}いたら<BREAK>なやむことないのかも<BREAK>って{気|き}になってきた<CMD>ff8127000280</CMD>",
			"<CMD>f481</CMD><BREAK>ありがとう<CMD>ff8127000080</CMD>！",
			"\f"
		]
	}
]