[
	{
		"Index": 0,
		"JPN": [
			"{実|じつ}はな　<CMD>f481</CMD>に<BREAK>{聞|き}いてもらいたい<BREAK>{話|はなし}がある<CMD>ff8127000280</CMD>",
			"<CMD>18802700729b27000480</CMD><CMD>17802700729b2700ab8027000a8027000180</CMD><CMD>16802700729b27007f81</CMD><CMD>028227000080</CMD><BREAK>{転校|てんこう}することに<BREAK>なった<CMD>ff8127000280</CMD>",
			"<CMD>18802700729b27000080</CMD><CMD>17802700729b2700b28027000a8027000180</CMD><CMD>16802700729b27006981</CMD>あたらしい{場所|ばしょ}でも<BREAK>かつやくしまくるつもり<CMD>ff8127000080</CMD><BREAK>{応援|おうえん}　してくれるか？",
			"<CMD>138027005982</CMD>",
			"\f"
		]
	},
	{
		"Index": 1,
		"JPN": [
			"<CMD>3780</CMD>",
			"いっちゃダメ！<CMD>13802700ffff</CMD>",
			"オウエンするよ！<CMD>13802700ffff</CMD>",
			"\f"
		]
	},
	{
		"Index": 2,
		"JPN": [
			"<CMD>18802700729b27000080</CMD><CMD>17802700729b2700b28027000a8027000180</CMD><CMD>16802700729b27006981</CMD><CMD>f481</CMD><BREAK>さみしがって<BREAK>くれてる<CMD>ff8127000380</CMD>？",
			"<CMD>18802700729b27000780</CMD><CMD>17802700729b2700b18027000a8027000180</CMD>しかたない…<BREAK>{親友|しんゆう}をさみしがらせる<BREAK>わけには　いかない<CMD>ff8127000280</CMD>",
			"<CMD>f481</CMD>のために　ちょっと<BREAK>{考|かんが}え{直|なお}してみる<CMD>ff8127000580</CMD>",
			"\f"
		]
	},
	{
		"Index": 3,
		"JPN": [
			"<CMD>18802700729b27000180</CMD><CMD>17802700729b2700ad802700068027000280</CMD><CMD>16802700729b27005581</CMD>ありがとう！<BREAK>さすが<BREAK><CMD>028227000080</CMD>が{見込|みこ}んだヤツ<CMD>ff8127000080</CMD>！",
			"<CMD>18802700729b27000480</CMD><CMD>17802700729b2700ab8027000a8027000180</CMD><CMD>16802700729b27007f81</CMD>とは{言|い}ったけど…<BREAK><CMD>f481</CMD>に{会|あ}えなくなるなんて<BREAK>なんだかさみしい<CMD>ff8127000280</CMD>",
			"<CMD>18802700729b27000080</CMD><CMD>17802700729b270001802700048027000080</CMD>もっと<CMD>f481</CMD>と<BREAK>いっしょに　いたい{気|き}もするし…",
			"<CMD>18802700729b27000780</CMD><CMD>17802700729b2700b18027000a8027000180</CMD>やっぱり　もう{一度|いちど}<BREAK>{考|かんが}えてみる<CMD>ff8127000580</CMD><CMD>4f80</CMD>",
			"\f"
		]
	},
	{
		"Index": 5,
		"JPN": [
			"<CMD>18802700729b27000480</CMD><CMD>17802700729b2700ab8027000a8027000180</CMD><CMD>16802700729b27007f81</CMD>というわけで<BREAK>お{別|わか}れすることになった<CMD>ff8127000280</CMD><BREAK>とつぜんで　{悪|わる}いと{思|おも}ってる",
			"{転校先|てんこうさき}でも<BREAK>かつやくするから",
			"みんなも　ここで{今|いま}までどおりに<BREAK>{元気|げんき}でやって<CMD>ff8127000480</CMD>",
			"<CMD>18802700729b27000180</CMD><CMD>17802700729b2700ad802700068027000280</CMD><CMD>16802700729b27005581</CMD>また{会|あ}うこともあるだろう<BREAK>そのときは　よろしく<CMD>ff8127000080</CMD><BREAK>じゃあ　またな！",
			"\f"
		]
	},
	{
		"Index": 6,
		"JPN": [
			"<CMD>18802700729b27000780</CMD><CMD>17802700729b2700b18027000a8027000180</CMD><CMD>f481</CMD><BREAK>さみしがって<BREAK>くれてる<CMD>ff8127000380</CMD>？",
			"でも　<CMD>028227000080</CMD>は<BREAK>もっと　{大|おお}きくなりたいんだ<BREAK>おわかれは　つらいけど…",
			"<CMD>18802700729b27000180</CMD><CMD>17802700729b2700ad802700068027000280</CMD><CMD>16802700729b27005581</CMD>だから　<CMD>f481</CMD>！<BREAK>わらって　さよなら<CMD>ff8127000080</CMD>！<BREAK>げんきでな！",
			"\f"
		]
	},
	{
		"Index": 7,
		"JPN": [
			"<CMD>18802700729b27000680</CMD><CMD>17802700729b2700088027000a8027000180</CMD><CMD>16802700729b27007e81</CMD>みんなと　いっしょに<BREAK>{勉強|べんきょう}を　することになった<BREAK><CMD>f78127007e9f</CMD><CMD>ff8127000080</CMD>",
			"<CMD>18802700729b27000780</CMD><CMD>17802700729b2700b18027000a8027000180</CMD>{勉強|べんきょう}は　にがてだが<BREAK>あそぶことなら　まかせて<CMD>ff8127000480</CMD><BREAK>というわけで　よろしく！",
			"\f"
		]
	},
	{
		"Index": 10,
		"JPN": [
			"とっても　なかよしの<BREAK><CMD>f481</CMD>がいる{町|まち}は　すごく<BREAK>みりょくてきに{見|み}える<CMD>ff8127000280</CMD>",
			"ひっこしを{考|かんが}えているんだけど<BREAK>この{町|まち}って<CMD>028227000080</CMD>に<BREAK>あってると{思|おも}う<CMD>ff8127000380</CMD>？",
			"<CMD>128027000180</CMD>",
			"\f"
		]
	},
	{
		"Index": 11,
		"JPN": [
			"<CMD>3780</CMD>",
			"オススメ<CMD>128027000180</CMD>",
			"あわないかも<CMD>128027000280</CMD>",
			"\f"
		]
	},
	{
		"Index": 12,
		"JPN": [
			"{本当|ほんとう}！<BREAK>じゃあ　ひっこして<BREAK>{来|こ}ようかな？",
			"\f"
		]
	},
	{
		"Index": 13,
		"JPN": [
			"そっか…<BREAK><CMD>f481</CMD>のいる{町|まち}に<BREAK>すんでみたかったんだけどね…",
			"\f"
		]
	},
	{
		"Index": 50,
		"JPN": [
			"<CMD>18802700729b27000680</CMD><CMD>17802700729b2700088027000a8027000180</CMD><CMD>16802700729b27007e81</CMD>お？　お{目|め}がたかいな？<BREAK>さすがは　<CMD>f481</CMD>！",
			"<CMD>18802700729b27000080</CMD><CMD>17802700729b270001802700048027000080</CMD><CMD>028227000180</CMD>",
			"<CMD>18802700729b27000080</CMD><CMD>17802700729b2700b28027000a8027000180</CMD><CMD>16802700729b27006981</CMD>その<CMD>1c8227000480</CMD>と<BREAK>こうかんしたい<CMD>ff8127000380</CMD>？",
			"<CMD>138027008b82</CMD>",
			"\f"
		]
	},
	{
		"Index": 51,
		"JPN": [
			"<CMD>3780</CMD>",
			"こうかんする<CMD>138027008c82</CMD>",
			"やめる<CMD>138027008d82</CMD>",
			"\f"
		]
	},
	{
		"Index": 52,
		"JPN": [
			"<CMD>18802700729b27000080</CMD><CMD>17802700729b2700b28027000a8027000180</CMD><CMD>16802700729b27006981</CMD>おう！　わかった！<BREAK>じゃあー　なにと<BREAK>こうかん　してくれるんだ？",
			"\f"
		]
	},
	{
		"Index": 53,
		"JPN": [
			"おや？　やめちゃう<CMD>ff8127000380</CMD>？<BREAK>また　なにかあったら<BREAK>いってくれよな？",
			"\f"
		]
	},
	{
		"Index": 54,
		"JPN": [
			"<CMD>18802700729b27000080</CMD><CMD>17802700729b2700b28027000a8027000180</CMD><CMD>16802700729b27006981</CMD>おし！<BREAK>それと　こうかん<CMD>ff8127000180</CMD>？",
			"もちろん　オーケー<CMD>ff8127000080</CMD>！<BREAK>こうかんしよう！",
			"<CMD>18802700729b27000180</CMD><CMD>17802700729b2700ad802700068027000280</CMD><CMD>16802700729b27005581</CMD><CMD>028227000080</CMD>には<BREAK>もう　いらなくなったけど<BREAK>よろこんでもらえてよかった",
			"\f"
		]
	},
	{
		"Index": 55,
		"JPN": [
			"<CMD>18802700729b27000580</CMD><CMD>17802700729b2700af802700088027000180</CMD><CMD>16802700729b27005681</CMD>おいおい　<CMD>f481</CMD><BREAK>それは　ちょっと<BREAK>こうかんできないぞ？",
			"<CMD>028227000080</CMD>が　ほしいのは<BREAK>{家具|かぐ}だけ<CMD>ff8127000080</CMD>",
			"まってるからさ<BREAK>{家具|かぐ}もって　またこいよ",
			"\f"
		]
	},
	{
		"Index": 56,
		"JPN": [
			"<CMD>18802700729b27000780</CMD><CMD>17802700729b2700b18027000a8027000180</CMD>{同|おな}じサイズの{家具|かぐ}ないのか？<BREAK>できれば　そうしたいんだ",
			"わざわざ　メンドウな<BREAK>もようがえとか<BREAK>しなくてすむからな",
			"\f"
		]
	},
	{
		"Index": 57,
		"JPN": [
			"<CMD>18802700729b27000580</CMD><CMD>17802700729b2700af802700088027000180</CMD><CMD>16802700729b27005681</CMD>そりゃ　ないだろ？<BREAK><CMD>028227000080</CMD>のは　もうちょっと<BREAK>こうきゅうだぜ！",
			"もうちょっと<BREAK>いいヤツもってこいよ",
			"\f"
		]
	},
	{
		"Index": 58,
		"JPN": [
			"こうかんするなら<BREAK>{同|おな}じしゅるいの<BREAK>{家具|かぐ}が　いいんだ",
			"<CMD>18802700729b27000780</CMD><CMD>17802700729b2700b18027000a8027000180</CMD>わるいんだけど<BREAK>それとは　こうかん<BREAK>できないな",
			"\f"
		]
	},
	{
		"Index": 59,
		"JPN": [
			"<CMD>18802700729b27000580</CMD><CMD>17802700729b2700af802700088027000180</CMD><CMD>16802700729b27005681</CMD>それは　{同|おな}じ{家具|かぐ}じゃない？",
			"ちがう{家具|かぐ}と<BREAK>こうかんしようよ！",
			"\f"
		]
	},
	{
		"Index": 60,
		"JPN": [
			"<CMD>028227000080</CMD>の<BREAK>ガレージセール<BREAK>みてってくれ<CMD>ff8127000080</CMD>！",
			"\f"
		]
	},
	{
		"Index": 61,
		"JPN": [
			"<CMD>18802700729b27000580</CMD><CMD>17802700729b2700af802700088027000180</CMD><CMD>16802700729b27005681</CMD><CMD>f481</CMD><BREAK>{持|も}ち{物|もの}が　いっぱいで<BREAK>こうかんできないぞ？",
			"<CMD>18802700729b27000080</CMD><CMD>17802700729b270001802700048027000080</CMD>{持|も}ち{物|もの}を<BREAK>{整理|せいり}して　きてくれよな！",
			"\f"
		]
	}
]