[
	{
		"Index": 0,
		"JPN": [
			"<CMD>49802700a78427001e8027000180</CMD>",
			"\f"
		]
	},
	{
		"Index": 1,
		"JPN": [
			"<CMD>4980270060892700048027000180</CMD>",
			"\f"
		]
	},
	{
		"Index": 10,
		"JPN": [
			"あのさ…　<CMD>028227000080</CMD><BREAK><CMD>f481</CMD>のことが<BREAK>スキ<CMD>ff8127000080</CMD>！",
			"もし　よかったら…<BREAK><CMD>028227000080</CMD>と<BREAK>つきあって<CMD>ff8127000480</CMD>？",
			"<CMD>128027000780</CMD>",
			"\f"
		]
	},
	{
		"Index": 11,
		"JPN": [
			"あのさ…　<CMD>028227000080</CMD><BREAK><CMD>f481</CMD>のことが<BREAK>スキ<CMD>ff8127000080</CMD>！",
			"もし　よかったら…<BREAK><CMD>028227000080</CMD>と<BREAK>つきあって<CMD>ff8127000480</CMD>？",
			"<CMD>128027000680</CMD>",
			"\f"
		]
	},
	{
		"Index": 12,
		"JPN": [
			"あのさ…　<CMD>028227000080</CMD><BREAK><CMD>f481</CMD>のことが<BREAK>スキ<CMD>ff8127000080</CMD>！",
			"もし　よかったら…<BREAK><CMD>028227000080</CMD>と<BREAK>つきあって<CMD>ff8127000480</CMD>？",
			"<CMD>128027000580</CMD>",
			"\f"
		]
	},
	{
		"Index": 13,
		"JPN": [
			"あのさ…　<CMD>028227000080</CMD><BREAK><CMD>f481</CMD>のことが<BREAK>スキ<CMD>ff8127000080</CMD>！",
			"もし　よかったら…<BREAK><CMD>028227000080</CMD>と<BREAK>つきあって<CMD>ff8127000480</CMD>？",
			"<CMD>128027000480</CMD>",
			"\f"
		]
	},
	{
		"Index": 14,
		"JPN": [
			"あのさ…　<CMD>028227000080</CMD><BREAK><CMD>f481</CMD>のことが<BREAK>スキ<CMD>ff8127000080</CMD>！",
			"もし　よかったら…<BREAK><CMD>028227000080</CMD>と<BREAK>つきあって<CMD>ff8127000480</CMD>？",
			"<CMD>128027000380</CMD>",
			"\f"
		]
	},
	{
		"Index": 15,
		"JPN": [
			"あのさ…　<CMD>028227000080</CMD><BREAK><CMD>f481</CMD>のことが<BREAK>スキ<CMD>ff8127000080</CMD>！",
			"もし　よかったら…<BREAK><CMD>028227000080</CMD>と<BREAK>つきあって<CMD>ff8127000480</CMD>？",
			"<CMD>128027000280</CMD>",
			"\f"
		]
	},
	{
		"Index": 16,
		"JPN": [
			"あのさ…　<CMD>028227000080</CMD><BREAK><CMD>f481</CMD>のことが<BREAK>スキ<CMD>ff8127000080</CMD>！",
			"もし　よかったら…<BREAK><CMD>028227000080</CMD>と<BREAK>つきあって<CMD>ff8127000480</CMD>？",
			"<CMD>128027000180</CMD>",
			"\f"
		]
	},
	{
		"Index": 17,
		"JPN": [
			"<CMD>3780</CMD>",
			"いいよ<CMD>128027000180</CMD>",
			"ごめんなさい<CMD>128027000280</CMD>",
			"\f"
		]
	},
	{
		"Index": 18,
		"JPN": [
			"ほ　ホントか！？<BREAK>やったぜ！",
			"<CMD>f481</CMD>と　つきあえるなんて<BREAK><CMD>028227000080</CMD>は　しあわせ<CMD>ff8127000080</CMD><CMD>4f80</CMD>",
			"\f"
		]
	},
	{
		"Index": 19,
		"JPN": [
			"そ　そうか…<BREAK>へんなこと{聞|き}いて<BREAK>わるかった<CMD>ff8127000280</CMD><CMD>4f80</CMD>",
			"\f"
		]
	},
	{
		"Index": 20,
		"JPN": [
			"<CMD>18802700729b27000280</CMD><CMD>17802700729b27001c802700088027000480</CMD><CMD>16802700729b27007d81</CMD><CMD>f481</CMD><CMD>ff8127000180</CMD>！？<BREAK>こんな{声|こえ}はずかしいから<BREAK>とにかく{早|はや}くもどして<CMD>ff8127000480</CMD>！<CMD>498027000a8527000a8027000180</CMD>",
			"\f"
		]
	},
	{
		"Index": 21,
		"JPN": [
			"<CMD>18802700729b27000380</CMD><CMD>17802700729b2700ab8027000a8027000180</CMD><CMD>16802700729b27003081</CMD>もういい<BREAK>ゆるしてやる<CMD>ff8127000280</CMD><CMD>498027000a8527000a8027000180</CMD><CMD>4f80</CMD>",
			"\f"
		]
	},
	{
		"Index": 22,
		"JPN": [
			"<CMD>18802700729b27000280</CMD><CMD>17802700729b27001c802700088027000480</CMD><CMD>16802700729b27007d81</CMD>ぬぉ～！！<BREAK><CMD>f481</CMD>！<BREAK>おぼえてろよ！<CMD>4f80</CMD>",
			"\f"
		]
	},
	{
		"Index": 23,
		"JPN": [
			"<CMD>18802700729b27000780</CMD><CMD>17802700729b2700aa8027000a8027000280</CMD><CMD>16802700729b27002d81</CMD>うわ～　<CMD>f481</CMD><BREAK>ぐるぐる{目|め}が{回|まわ}る<CMD>ff8127000280</CMD><BREAK>まったくもう…<CMD>4f80</CMD>",
			"\f"
		]
	},
	{
		"Index": 24,
		"JPN": [
			"<CMD>18802700729b27000580</CMD><CMD>17802700729b2700af802700088027000180</CMD><CMD>16802700729b27005681</CMD>ビ　ビックリした<CMD>ff8127000280</CMD>！<BREAK>こら！　<CMD>f481</CMD><BREAK>おどかさないで<CMD>ff8127000480</CMD><CMD>4f80</CMD>",
			"\f"
		]
	},
	{
		"Index": 25,
		"JPN": [
			"<CMD>18802700729b27000580</CMD><CMD>17802700729b2700af802700088027000280</CMD><CMD>16802700729b27005981</CMD>ヒェ～<BREAK>ハナが{取|と}れそう<CMD>ff8127000080</CMD><BREAK>なんとかして<CMD>ff8127000480</CMD><CMD>4f80</CMD>",
			"\f"
		]
	},
	{
		"Index": 26,
		"JPN": [
			"……",
			"\f"
		]
	},
	{
		"Index": 27,
		"JPN": [
			"……",
			"\f"
		]
	},
	{
		"Index": 28,
		"JPN": [
			"……",
			"\f"
		]
	},
	{
		"Index": 29,
		"JPN": [
			"……",
			"\f"
		]
	},
	{
		"Index": 30,
		"JPN": [
			"<CMD>18802700729b27000280</CMD><CMD>17802700729b27001c802700088027000480</CMD><CMD>16802700729b27007d81</CMD>なんだか{自分|じぶん}でもよく<BREAK>わからないけど<BREAK>むしゃくしゃする<CMD>ff8127000280</CMD>！",
			"\f"
		]
	},
	{
		"Index": 31,
		"JPN": [
			"うーん　<CMD>f481</CMD>か…<BREAK>なんて{言|い}ったらいいのか<BREAK>…まぁ　しょうがない<CMD>ff8127000280</CMD>",
			"\f"
		]
	},
	{
		"Index": 32,
		"JPN": [
			"ん？<BREAK><CMD>f481</CMD>を{見|み}てたら",
			"<CMD>18802700729b27000780</CMD><CMD>17802700729b2700b18027000a8027000180</CMD><CMD>16802700729b27004181</CMD>なんだか{急|きゅう}にむねが<BREAK>ときめいてきた<CMD>ff8127000280</CMD>",
			"\f"
		]
	},
	{
		"Index": 33,
		"JPN": [
			"<CMD>18802700729b27000280</CMD><CMD>17802700729b27001c802700088027000480</CMD><CMD>16802700729b27007d81</CMD>なんだか{自分|じぶん}でもよく<BREAK>わからないけど<BREAK>むしゃくしゃする<CMD>ff8127000280</CMD>！",
			"\f"
		]
	},
	{
		"Index": 34,
		"JPN": [
			"<CMD>18802700729b27000280</CMD><CMD>17802700729b27001c802700088027000480</CMD><CMD>16802700729b27007d81</CMD>なんだか{自分|じぶん}でもよく<BREAK>わからないけど<BREAK>むしゃくしゃする<CMD>ff8127000280</CMD>！",
			"\f"
		]
	},
	{
		"Index": 35,
		"JPN": [
			"<CMD>18802700729b27000280</CMD><CMD>17802700729b27001c802700088027000480</CMD><CMD>16802700729b27007d81</CMD>なんだか{自分|じぶん}でもよく<BREAK>わからないけど<BREAK>むしゃくしゃする<CMD>ff8127000280</CMD>！",
			"\f"
		]
	},
	{
		"Index": 36,
		"JPN": [
			"<CMD>18802700729b27000280</CMD><CMD>17802700729b27001c802700088027000480</CMD><CMD>16802700729b27007d81</CMD>なんだか{自分|じぶん}でもよく<BREAK>わからないけど<BREAK>むしゃくしゃする<CMD>ff8127000280</CMD>！",
			"\f"
		]
	},
	{
		"Index": 37,
		"JPN": [
			"<CMD>18802700729b27000280</CMD><CMD>17802700729b27001c802700088027000480</CMD><CMD>16802700729b27007d81</CMD>なんだか{自分|じぶん}でもよく<BREAK>わからないけど<BREAK>むしゃくしゃする<CMD>ff8127000280</CMD>！",
			"\f"
		]
	},
	{
		"Index": 38,
		"JPN": [
			"<CMD>18802700729b27000280</CMD><CMD>17802700729b27001c802700088027000480</CMD><CMD>16802700729b27007d81</CMD>なんだか{自分|じぶん}でもよく<BREAK>わからないけど<BREAK>むしゃくしゃする<CMD>ff8127000280</CMD>！",
			"\f"
		]
	},
	{
		"Index": 39,
		"JPN": [
			"<CMD>18802700729b27000280</CMD><CMD>17802700729b27001c802700088027000480</CMD><CMD>16802700729b27007d81</CMD>なんだか{自分|じぶん}でもよく<BREAK>わからないけど<BREAK>むしゃくしゃする<CMD>ff8127000280</CMD>！",
			"\f"
		]
	},
	{
		"Index": 40,
		"JPN": [
			"<CMD>18802700729b27000180</CMD><CMD>17802700729b270001802700048027000180</CMD><CMD>16802700729b27004181</CMD>おかえり　<CMD>f481</CMD><BREAK><CMD>f481</CMD>がいないと<BREAK>{元気|げんき}が{出|で}ない<CMD>ff8127000280</CMD>",
			"\f"
		]
	},
	{
		"Index": 41,
		"JPN": [
			"<CMD>18802700729b27000280</CMD><CMD>17802700729b27001c802700088027000480</CMD><CMD>16802700729b27007d81</CMD>うう…いったいだれが<BREAK>こんなことした<CMD>ff8127000380</CMD>！？<BREAK>ぜったいゆるせない<CMD>ff8127000280</CMD>！",
			"\f"
		]
	},
	{
		"Index": 42,
		"JPN": [
			"<CMD>18802700729b27000580</CMD><CMD>17802700729b2700af802700088027000180</CMD><CMD>16802700729b27005681</CMD>わっ　<CMD>f481</CMD>！<BREAK>なんでそこにいる<CMD>ff8127000380</CMD>？<BREAK>とにかくあっち{行|い}って<CMD>ff8127000480</CMD>！",
			"\f"
		]
	},
	{
		"Index": 43,
		"JPN": [
			"<CMD>f481</CMD>　その{服|ふく}<BREAK>ちょっとかわってる<CMD>ff8127000280</CMD><BREAK>いつものほうがスキ<CMD>ff8127000080</CMD>",
			"\f"
		]
	},
	{
		"Index": 44,
		"JPN": [
			"<CMD>18802700729b27000280</CMD><CMD>17802700729b27001c802700088027000480</CMD><CMD>16802700729b27007d81</CMD>こんなビラ　せなかに<BREAK>はられちゃうなんて…<BREAK>ク～くやしい<CMD>ff8127000280</CMD>！",
			"\f"
		]
	},
	{
		"Index": 45,
		"JPN": [
			"<CMD>18802700729b27000280</CMD><CMD>17802700729b27001c802700088027000480</CMD><CMD>16802700729b27007d81</CMD>こんなイタズラするなんて<BREAK>ぜったい{仕返|しかえ}し<BREAK>してやる<CMD>ff8127000280</CMD>！",
			"\f"
		]
	},
	{
		"Index": 46,
		"JPN": [
			"<CMD>18802700729b27000080</CMD><CMD>17802700729b2700b28027000a8027000180</CMD><CMD>16802700729b27006981</CMD>うん？　{今|いま}なんか…<BREAK>へんな{感|かん}じがしたような<BREAK>…{気|き}のせい<CMD>ff8127000180</CMD>？",
			"\f"
		]
	},
	{
		"Index": 47,
		"JPN": [
			"<CMD>18802700729b27000180</CMD><CMD>17802700729b2700ad802700068027000280</CMD><CMD>16802700729b27005581</CMD>{花火|はなび}って{音|おと}もスゴイけど<BREAK>{見|み}た{目|め}もスゴイ<CMD>ff8127000280</CMD>！",
			"\f"
		]
	},
	{
		"Index": 48,
		"JPN": [
			"<CMD>18802700729b27000180</CMD><CMD>17802700729b2700ad802700068027000280</CMD><CMD>16802700729b27005581</CMD>たくさんのおかしが<BREAK>{空|そら}からふってくるなんて<BREAK>ユメみたい<CMD>ff8127000080</CMD>！",
			"\f"
		]
	},
	{
		"Index": 49,
		"JPN": [
			"<CMD>18802700729b27000180</CMD><CMD>17802700729b2700ad802700068027000280</CMD><CMD>16802700729b27005581</CMD>こんなにチラシが{空|そら}から<BREAK>ふってくるなんて<BREAK>ハデなせんでん<CMD>ff8127000080</CMD>！",
			"\f"
		]
	},
	{
		"Index": 50,
		"JPN": [
			"<CMD>18802700729b27000180</CMD><CMD>17802700729b2700ad802700068027000280</CMD><CMD>16802700729b27005581</CMD><CMD>f481</CMD>！<BREAK>{今|いま}から<CMD>028227000080</CMD>といっしょに<BREAK>どこか{遊|あそ}びに{行|い}こう<CMD>ff8127000580</CMD>！",
			"<CMD>128027000780</CMD>",
			"\f"
		]
	},
	{
		"Index": 51,
		"JPN": [
			"<CMD>18802700729b27000180</CMD><CMD>17802700729b2700ad802700068027000280</CMD><CMD>16802700729b27005581</CMD><CMD>f481</CMD>！<BREAK>{今|いま}から<CMD>028227000080</CMD>といっしょに<BREAK>どこか{遊|あそ}びに{行|い}こう<CMD>ff8127000580</CMD>！",
			"<CMD>128027000680</CMD>",
			"\f"
		]
	},
	{
		"Index": 52,
		"JPN": [
			"<CMD>18802700729b27000180</CMD><CMD>17802700729b2700ad802700068027000280</CMD><CMD>16802700729b27005581</CMD><CMD>f481</CMD>！<BREAK>{今|いま}から<CMD>028227000080</CMD>といっしょに<BREAK>どこか{遊|あそ}びに{行|い}こう<CMD>ff8127000580</CMD>！",
			"<CMD>128027000580</CMD>",
			"\f"
		]
	},
	{
		"Index": 53,
		"JPN": [
			"<CMD>18802700729b27000180</CMD><CMD>17802700729b2700ad802700068027000280</CMD><CMD>16802700729b27005581</CMD><CMD>f481</CMD>！<BREAK>{今|いま}から<CMD>028227000080</CMD>といっしょに<BREAK>どこか{遊|あそ}びに{行|い}こう<CMD>ff8127000580</CMD>！",
			"<CMD>128027000480</CMD>",
			"\f"
		]
	},
	{
		"Index": 54,
		"JPN": [
			"<CMD>18802700729b27000180</CMD><CMD>17802700729b2700ad802700068027000280</CMD><CMD>16802700729b27005581</CMD><CMD>f481</CMD>！<BREAK>{今|いま}から<CMD>028227000080</CMD>といっしょに<BREAK>どこか{遊|あそ}びに{行|い}こう<CMD>ff8127000580</CMD>！",
			"<CMD>128027000380</CMD>",
			"\f"
		]
	},
	{
		"Index": 55,
		"JPN": [
			"<CMD>18802700729b27000180</CMD><CMD>17802700729b2700ad802700068027000280</CMD><CMD>16802700729b27005581</CMD><CMD>f481</CMD>！<BREAK>{今|いま}から<CMD>028227000080</CMD>といっしょに<BREAK>どこか{遊|あそ}びに{行|い}こう<CMD>ff8127000580</CMD>！",
			"<CMD>128027000280</CMD>",
			"\f"
		]
	},
	{
		"Index": 56,
		"JPN": [
			"<CMD>18802700729b27000180</CMD><CMD>17802700729b2700ad802700068027000280</CMD><CMD>16802700729b27005581</CMD><CMD>f481</CMD>！<BREAK>{今|いま}から<CMD>028227000080</CMD>といっしょに<BREAK>どこか{遊|あそ}びに{行|い}こう<CMD>ff8127000580</CMD>！",
			"<CMD>128027000180</CMD>",
			"\f"
		]
	},
	{
		"Index": 57,
		"JPN": [
			"<CMD>3780</CMD>",
			"いいよ<CMD>128027000180</CMD>",
			"ごめんなさい<CMD>128027000280</CMD>",
			"\f"
		]
	},
	{
		"Index": 58,
		"JPN": [
			"<CMD>18802700729b27000180</CMD><CMD>17802700729b2700ad802700068027000280</CMD><CMD>16802700729b27005581</CMD>{本当|ほんとう}に？　やった<CMD>ff8127000280</CMD><BREAK>それじゃさっそく<BREAK>どこ{行|い}くか{決|き}めよう<CMD>ff8127000580</CMD><CMD>4a80</CMD>",
			"\f"
		]
	},
	{
		"Index": 59,
		"JPN": [
			"<CMD>18802700729b27000380</CMD><CMD>17802700729b2700ab8027000a8027000180</CMD><CMD>16802700729b27003081</CMD>そう…<BREAK>いそがしいなら<BREAK>しかたない<CMD>ff8127000280</CMD>",
			"\f"
		]
	},
	{
		"Index": 60,
		"JPN": [
			"{路上|ろじょう}で{歌|うた}っててスカウト<BREAK>された　ってよく{聞|き}く<CMD>ff8127000280</CMD><BREAK>だから<CMD>028227000080</CMD>も…って",
			"\f"
		]
	},
	{
		"Index": 61,
		"JPN": [
			"これから　どこに{行|い}こうか<BREAK>{少|すこ}しきゅうけいしながら<BREAK>いろいろ{考|かんが}えてる<CMD>ff8127000280</CMD>",
			"\f"
		]
	},
	{
		"Index": 62,
		"JPN": [
			"<CMD>18802700729b27000080</CMD><CMD>17802700729b2700b28027000a8027000180</CMD><CMD>16802700729b27006981</CMD>あれ　<CMD>f481</CMD><BREAK><CMD>028227000080</CMD>がにげた{理由|りゆう}？<BREAK>あいつ…ニガテだから<CMD>ff8127000080</CMD>",
			"\f"
		]
	},
	{
		"Index": 63,
		"JPN": [
			"<CMD>18802700729b27000680</CMD><CMD>17802700729b2700088027000a8027000180</CMD><CMD>16802700729b27007e81</CMD>イタズラがせいこうした{時|とき}って<BREAK>サイコーの{気分|きぶん}<CMD>ff8127000080</CMD><BREAK><CMD>f481</CMD>もいっしょにどうだ？",
			"\f"
		]
	},
	{
		"Index": 64,
		"JPN": [
			"やぁ<CMD>f481</CMD>か…",
			"<CMD>18802700729b27000380</CMD><CMD>17802700729b2700ab8027000a8027000180</CMD><CMD>16802700729b27002e81</CMD>トホホ…ってヤツ<CMD>ff8127000080</CMD>",
			"\f"
		]
	},
	{
		"Index": 65,
		"JPN": [
			"{路上|ろじょう}で{歌|うた}っててスカウト<BREAK>された　ってよく{聞|き}く<CMD>ff8127000280</CMD><BREAK>だから<CMD>028227000080</CMD>も…って",
			"\f"
		]
	},
	{
		"Index": 66,
		"JPN": [
			"{路上|ろじょう}で{歌|うた}っててスカウト<BREAK>された　ってよく{聞|き}く<CMD>ff8127000280</CMD><BREAK>だから<CMD>028227000080</CMD>も…って",
			"\f"
		]
	},
	{
		"Index": 67,
		"JPN": [
			"{路上|ろじょう}で{歌|うた}っててスカウト<BREAK>された　ってよく{聞|き}く<CMD>ff8127000280</CMD><BREAK>だから<CMD>028227000080</CMD>も…って",
			"\f"
		]
	},
	{
		"Index": 68,
		"JPN": [
			"{路上|ろじょう}で{歌|うた}っててスカウト<BREAK>された　ってよく{聞|き}く<CMD>ff8127000280</CMD><BREAK>だから<CMD>028227000080</CMD>も…って",
			"\f"
		]
	},
	{
		"Index": 69,
		"JPN": [
			"{路上|ろじょう}で{歌|うた}っててスカウト<BREAK>された　ってよく{聞|き}く<CMD>ff8127000280</CMD><BREAK>だから<CMD>028227000080</CMD>も…って",
			"\f"
		]
	},
	{
		"Index": 70,
		"JPN": [
			"<CMD>4980270062822700038027000080</CMD>",
			"\f"
		]
	},
	{
		"Index": 71,
		"JPN": [
			"<CMD>4980270062822700038027000080</CMD>",
			"\f"
		]
	},
	{
		"Index": 72,
		"JPN": [
			"<CMD>4980270062822700038027000080</CMD>",
			"\f"
		]
	},
	{
		"Index": 73,
		"JPN": [
			"<CMD>4980270062822700038027000080</CMD>",
			"\f"
		]
	},
	{
		"Index": 74,
		"JPN": [
			"<CMD>4980270062822700038027000080</CMD>",
			"\f"
		]
	},
	{
		"Index": 75,
		"JPN": [
			"<CMD>4980270062822700048027000080</CMD>",
			"\f"
		]
	},
	{
		"Index": 76,
		"JPN": [
			"<CMD>4980270062822700048027000080</CMD>",
			"\f"
		]
	},
	{
		"Index": 77,
		"JPN": [
			"<CMD>4980270062822700048027000080</CMD>",
			"\f"
		]
	},
	{
		"Index": 78,
		"JPN": [
			"<CMD>4980270062822700048027000080</CMD>",
			"\f"
		]
	},
	{
		"Index": 79,
		"JPN": [
			"<CMD>4980270062822700048027000080</CMD>",
			"\f"
		]
	},
	{
		"Index": 80,
		"JPN": [
			"<CMD>4f80</CMD>",
			"<CMD>11802700189f2700359f</CMD>",
			"\f"
		]
	},
	{
		"Index": 81,
		"JPN": [
			"<CMD>4f80</CMD>",
			"<CMD>11802700189f2700359f</CMD>",
			"\f"
		]
	},
	{
		"Index": 82,
		"JPN": [
			"<CMD>4f80</CMD>",
			"<CMD>11802700189f2700359f</CMD>",
			"\f"
		]
	},
	{
		"Index": 83,
		"JPN": [
			"<CMD>4f80</CMD>",
			"<CMD>11802700189f2700359f</CMD>",
			"\f"
		]
	},
	{
		"Index": 84,
		"JPN": [
			"<CMD>4f80</CMD>",
			"<CMD>11802700189f2700359f</CMD>",
			"\f"
		]
	},
	{
		"Index": 85,
		"JPN": [
			"<CMD>4f80</CMD>",
			"<CMD>11802700189f2700359f</CMD>",
			"\f"
		]
	},
	{
		"Index": 86,
		"JPN": [
			"<CMD>4f80</CMD>",
			"<CMD>11802700189f2700359f</CMD>",
			"\f"
		]
	},
	{
		"Index": 87,
		"JPN": [
			"<CMD>4f80</CMD>",
			"<CMD>11802700189f2700359f</CMD>",
			"\f"
		]
	},
	{
		"Index": 88,
		"JPN": [
			"<CMD>4f80</CMD>",
			"<CMD>11802700189f2700359f</CMD>",
			"\f"
		]
	},
	{
		"Index": 89,
		"JPN": [
			"<CMD>4f80</CMD>",
			"<CMD>11802700189f2700359f</CMD>",
			"\f"
		]
	},
	{
		"Index": 90,
		"JPN": [
			"<CMD>18802700729b27000780</CMD><CMD>17802700729b2700aa8027000a8027000280</CMD><CMD>16802700729b27002d81</CMD>どうも　さいきん<BREAK>{落|お}ち{着|つ}かない<CMD>ff8127000280</CMD>",
			"<CMD>18802700729b27000080</CMD><CMD>17802700729b270001802700048027000080</CMD><CMD>028227000180</CMD>",
			"<CMD>18802700729b27000180</CMD><CMD>17802700729b2700ad802700068027000280</CMD><CMD>16802700729b27005581</CMD><CMD>008027000480</CMD>おだやかなかおりのお{茶|ちゃ}<CMD>008027000180</CMD>で<BREAK>リフレッシュしたくなる<CMD>ff8127000280</CMD><CMD>4f80</CMD>",
			"\f"
		]
	},
	{
		"Index": 91,
		"JPN": [
			"<CMD>498027001c842700018027000180</CMD>",
			"\f"
		]
	},
	{
		"Index": 92,
		"JPN": [
			"<CMD>18802700729b27000780</CMD><CMD>17802700729b2700aa8027000a8027000280</CMD><CMD>16802700729b27002d81</CMD>どうも　さいきん<BREAK>{落|お}ち{着|つ}かない<CMD>ff8127000280</CMD>",
			"<CMD>18802700729b27000080</CMD><CMD>17802700729b270001802700048027000080</CMD><CMD>028227000180</CMD>",
			"<CMD>18802700729b27000180</CMD><CMD>17802700729b2700ad802700068027000280</CMD><CMD>16802700729b27005581</CMD><CMD>008027000480</CMD>おだやかなかおりのお{茶|ちゃ}<CMD>008027000180</CMD>で<BREAK>リフレッシュしたくなる<CMD>ff8127000280</CMD><CMD>4f80</CMD>",
			"\f"
		]
	},
	{
		"Index": 93,
		"JPN": [
			"<CMD>18802700729b27000780</CMD><CMD>17802700729b2700aa8027000a8027000280</CMD><CMD>16802700729b27002d81</CMD>どうも　さいきん<BREAK>{落|お}ち{着|つ}かない<CMD>ff8127000280</CMD>",
			"<CMD>18802700729b27000080</CMD><CMD>17802700729b270001802700048027000080</CMD><CMD>028227000180</CMD>",
			"<CMD>18802700729b27000180</CMD><CMD>17802700729b2700ad802700068027000280</CMD><CMD>16802700729b27005581</CMD><CMD>008027000480</CMD>おだやかなかおりのお{茶|ちゃ}<CMD>008027000180</CMD>で<BREAK>リフレッシュしたくなる<CMD>ff8127000280</CMD><CMD>4f80</CMD>",
			"\f"
		]
	},
	{
		"Index": 94,
		"JPN": [
			"<CMD>18802700729b27000580</CMD><CMD>17802700729b2700aa8027000a8027000180</CMD><CMD>16802700729b27002d81</CMD>{悪|わる}いけど　{今|いま}ちょっと<BREAK>イライラしてる<CMD>ff8127000280</CMD>",
			"<CMD>18802700729b27000080</CMD><CMD>17802700729b2700b28027000a8027000180</CMD><CMD>16802700729b27006981</CMD>{用|よう}があるなら<BREAK>{手短|てみじか}にたのむ<CMD>ff8127000280</CMD><BREAK>で　なんだい？",
			"<CMD>128027000180</CMD>",
			"\f"
		]
	},
	{
		"Index": 95,
		"JPN": [
			"<CMD>3780</CMD>",
			"どうしたの？<CMD>128027000180</CMD>",
			"なんでもない<CMD>13802700ffff</CMD>",
			"\f"
		]
	},
	{
		"Index": 96,
		"JPN": [
			"<CMD>18802700729b27000580</CMD><CMD>17802700729b2700aa8027000a8027000180</CMD><CMD>16802700729b27002d81</CMD>なんでもない<CMD>ff8127000280</CMD><BREAK>{今|いま}はだれとも{話|はな}したくないだけ<CMD>498027001a842700048027000180</CMD>",
			"\f"
		]
	},
	{
		"Index": 97,
		"JPN": [
			"このクッキーを<BREAK>いっしょに{食|た}べようって？",
			"\f"
		]
	},
	{
		"Index": 98,
		"JPN": [
			"<CMD>18802700729b27000580</CMD><CMD>17802700729b2700aa8027000a8027000180</CMD><CMD>16802700729b27002d81</CMD>{悪|わる}いけど<BREAK>あまり{大人数|おおにんずう}で<BREAK>さわぐ{気|き}にはなれない<CMD>ff8127000280</CMD>",
			"\f"
		]
	},
	{
		"Index": 99,
		"JPN": [
			"それなら…<BREAK>ちょっとだけ<BREAK>{付き合|つきあ}ってもいい<CMD>ff8127000280</CMD>",
			"\f"
		]
	}
]