[
	{
		"Index": 20,
		"JPN": [
			"なあなあ　これ{本当|ほんとう}かよ！？",
			"<CMD>178227000080</CMD>が<CMD>1382</CMD>で<BREAK>なんかすごく<BREAK><CMD>1a82</CMD>だって…",
			"<CMD>18802700729b27000080</CMD><CMD>17802700729b2700b28027000a8027000180</CMD><CMD>16802700729b27006981</CMD>ウワサになってんだけど<BREAK>ホント<CMD>ff8127000180</CMD>？<CMD>128027000180</CMD>",
			"\f"
		]
	},
	{
		"Index": 21,
		"JPN": [
			"<CMD>3780</CMD>",
			"{本当|ほんとう}かも<CMD>128027000180</CMD>",
			"ちがうと{思|おも}う<CMD>128027000280</CMD>",
			"\f"
		]
	},
	{
		"Index": 22,
		"JPN": [
			"<CMD>18802700729b27000580</CMD><CMD>17802700729b2700af802700088027000180</CMD><CMD>16802700729b27005681</CMD>そうなのか！<BREAK>ただのウワサだと<BREAK>{思|おも}ってた<CMD>ff8127000280</CMD>",
			"なんか　{困|こま}ってるなら<BREAK><CMD>028227000080</CMD>に　{相談|そうだん}しろって<BREAK>{言|い}っといてくれよな<CMD>2080</CMD>",
			"\f"
		]
	},
	{
		"Index": 23,
		"JPN": [
			"なんだ　ちがう<CMD>ff8127000380</CMD>",
			"びっくりさせやがるぜ！",
			"\f"
		]
	},
	{
		"Index": 24,
		"JPN": [
			"なあなあ　これ{本当|ほんとう}かよ！？",
			"<CMD>178227000080</CMD>が<CMD>1382</CMD>で<BREAK>すごくあやしげな<BREAK><CMD>1a82</CMD>って",
			"<CMD>18802700729b27000080</CMD><CMD>17802700729b2700b28027000a8027000180</CMD><CMD>16802700729b27006981</CMD>ウワサになってんだけど<BREAK>ホント<CMD>ff8127000180</CMD>？<CMD>128027000180</CMD>",
			"\f"
		]
	},
	{
		"Index": 25,
		"JPN": [
			"<CMD>3780</CMD>",
			"{本当|ほんとう}かも<CMD>128027000180</CMD>",
			"ちがうと{思|おも}う<CMD>128027000280</CMD>",
			"\f"
		]
	},
	{
		"Index": 26,
		"JPN": [
			"<CMD>18802700729b27000580</CMD><CMD>17802700729b2700af802700088027000180</CMD><CMD>16802700729b27005681</CMD>そうなのか！<BREAK>ただのウワサだと<BREAK>{思|おも}ってた<CMD>ff8127000280</CMD>",
			"おもしろいことなら<BREAK><CMD>028227000080</CMD>も<BREAK>まぜてほしい<CMD>ff8127000280</CMD><CMD>2080</CMD>",
			"\f"
		]
	},
	{
		"Index": 27,
		"JPN": [
			"なんだ　ちがう<CMD>ff8127000380</CMD>",
			"びっくりさせやがるぜ！",
			"\f"
		]
	},
	{
		"Index": 28,
		"JPN": [
			"なあなあ　これ{本当|ほんとう}かよ！？",
			"<CMD>178227000080</CMD>が<CMD>1382</CMD>で<BREAK>すごくあやしげな<BREAK><CMD>1a82</CMD>って",
			"<CMD>18802700729b27000080</CMD><CMD>17802700729b2700b28027000a8027000180</CMD><CMD>16802700729b27006981</CMD>ウワサになってんだけど<BREAK>ホント<CMD>ff8127000180</CMD>？<CMD>128027000180</CMD>",
			"\f"
		]
	},
	{
		"Index": 29,
		"JPN": [
			"<CMD>3780</CMD>",
			"{本当|ほんとう}かも<CMD>128027000180</CMD>",
			"ちがうと{思|おも}う<CMD>128027000280</CMD>",
			"\f"
		]
	},
	{
		"Index": 30,
		"JPN": [
			"<CMD>18802700729b27000580</CMD><CMD>17802700729b2700af802700088027000180</CMD><CMD>16802700729b27005681</CMD>そうなのか！<BREAK>ただのウワサだと<BREAK>{思|おも}ってた<CMD>ff8127000280</CMD>",
			"おもしろいことなら<BREAK><CMD>028227000080</CMD>も<BREAK>まぜてほしい<CMD>ff8127000280</CMD><CMD>2080</CMD>",
			"\f"
		]
	},
	{
		"Index": 31,
		"JPN": [
			"なんだ　ちがう<CMD>ff8127000380</CMD>",
			"びっくりさせやがるぜ！",
			"\f"
		]
	},
	{
		"Index": 32,
		"JPN": [
			"なあなあ　これ{本当|ほんとう}かよ！？",
			"<CMD>178227000080</CMD>が<CMD>1382</CMD>で<BREAK>なにかをていねいに<BREAK><CMD>1a82</CMD>って",
			"<CMD>18802700729b27000080</CMD><CMD>17802700729b2700b28027000a8027000180</CMD><CMD>16802700729b27006981</CMD>ウワサになってんだけど<BREAK>ホント<CMD>ff8127000180</CMD>？<CMD>128027000180</CMD>",
			"\f"
		]
	},
	{
		"Index": 33,
		"JPN": [
			"<CMD>3780</CMD>",
			"{本当|ほんとう}かも<CMD>128027000180</CMD>",
			"ちがうと{思|おも}う<CMD>128027000280</CMD>",
			"\f"
		]
	},
	{
		"Index": 34,
		"JPN": [
			"<CMD>18802700729b27000580</CMD><CMD>17802700729b2700af802700088027000180</CMD><CMD>16802700729b27005681</CMD>そうなのか！<BREAK>ただのウワサだと<BREAK>{思|おも}ってた<CMD>ff8127000280</CMD>",
			"おもしろいことなら<BREAK><CMD>028227000080</CMD>も<BREAK>まぜてほしい<CMD>ff8127000280</CMD><CMD>2080</CMD>",
			"\f"
		]
	},
	{
		"Index": 35,
		"JPN": [
			"なんだ　ちがう<CMD>ff8127000380</CMD>",
			"びっくりさせやがるぜ！",
			"\f"
		]
	},
	{
		"Index": 60,
		"JPN": [
			"なあなあ　これ{本当|ほんとう}かよ！？",
			"<CMD>178227000080</CMD>がさ<BREAK>すごくかっこいいって<BREAK><CMD>1a82</CMD>って…",
			"<CMD>18802700729b27000080</CMD><CMD>17802700729b2700b28027000a8027000180</CMD><CMD>16802700729b27006981</CMD>{聞|き}いてるか？<CMD>128027000180</CMD>",
			"\f"
		]
	},
	{
		"Index": 61,
		"JPN": [
			"<CMD>3780</CMD>",
			"きいてる<CMD>128027000180</CMD>",
			"しらない<CMD>128027000280</CMD>",
			"\f"
		]
	},
	{
		"Index": 62,
		"JPN": [
			"なんだ　{知|し}ってたのか<BREAK>そんなウワサがでるなんて<BREAK>ちょっとうらやましいぜ<CMD>2080</CMD>",
			"\f"
		]
	},
	{
		"Index": 63,
		"JPN": [
			"なんだ　しらない<CMD>ff8127000380</CMD>",
			"まぁ　しょせんウワサだけどな",
			"\f"
		]
	},
	{
		"Index": 64,
		"JPN": [
			"なあなあ　これ{本当|ほんとう}かよ！？",
			"<CMD>178227000080</CMD>がさ<BREAK>すごくこまやかで<BREAK><CMD>1a82</CMD>って…",
			"<CMD>18802700729b27000080</CMD><CMD>17802700729b2700b28027000a8027000180</CMD><CMD>16802700729b27006981</CMD>{聞|き}いてるか？<CMD>128027000180</CMD>",
			"\f"
		]
	},
	{
		"Index": 65,
		"JPN": [
			"<CMD>3780</CMD>",
			"きいてる<CMD>128027000180</CMD>",
			"しらない<CMD>128027000280</CMD>",
			"\f"
		]
	},
	{
		"Index": 66,
		"JPN": [
			"なんだ　{知|し}ってたのか<BREAK>そんなウワサがでるなんて<BREAK>そうとうなもんだな<CMD>2080</CMD>",
			"\f"
		]
	},
	{
		"Index": 67,
		"JPN": [
			"なんだ　しらない<CMD>ff8127000380</CMD>",
			"まぁ　しょせんウワサだけどな",
			"\f"
		]
	},
	{
		"Index": 68,
		"JPN": [
			"なあなあ　これ{本当|ほんとう}かよ！？",
			"<CMD>178227000080</CMD>がさ<BREAK>すごくイタズラばかりで<BREAK><CMD>1a82</CMD>って…",
			"<CMD>18802700729b27000080</CMD><CMD>17802700729b2700b28027000a8027000180</CMD><CMD>16802700729b27006981</CMD>ウワサになってんだけど<BREAK>ホント<CMD>ff8127000180</CMD>？<CMD>128027000180</CMD>",
			"\f"
		]
	},
	{
		"Index": 69,
		"JPN": [
			"<CMD>3780</CMD>",
			"{本当|ほんとう}かも<CMD>128027000180</CMD>",
			"ちがうと{思|おも}う<CMD>128027000280</CMD>",
			"\f"
		]
	},
	{
		"Index": 70,
		"JPN": [
			"そうなのか！<BREAK>そんなウワサがながれてるなんてな",
			"まったくダメなヤツだぜ！<CMD>2080</CMD>",
			"\f"
		]
	},
	{
		"Index": 71,
		"JPN": [
			"なんだ　しらない<CMD>ff8127000380</CMD>",
			"つまんないぜ！",
			"\f"
		]
	}
]