{
	"Args": "000a000038503020",
	"Strings": [
		{
			"Offset": 12,
			"Text": "Ralph"
		},
		{
			"Offset": 32,
			"Text": "I"
		},
		{
			"Offset": 44,
			"Text": "I hate to say..."
		},
		{
			"Offset": 80,
			"Text": ""
		},
		{
			"Offset": 92,
			"Text": ""
		},
		{
			"Offset": 104,
			"Text": ""
		},
		{
			"Offset": 116,
			"Text": ""
		},
		{
			"Offset": 128,
			"Text": "よ"
		},
		{
			"Offset": 140,
			"Text": "よ"
		}
	],
	"Arg2": "660e000466abffef030a1e2d344c63020001061b00261920"
}